Time;Day_of_week;Sex_of_driver;Educational_level;Vehicle_driver_relation;Driving_experience;Type_of_vehicle;Owner_of_vehicle;Service_year_of_vehicle;Defect_of_vehicle;Area_accident_occured;Lanes_or_Medians;Road_allignment;Types_of_Junction;Road_surface_type;Road_surface_conditions;Light_conditions;Weather_conditions;Type_of_collision;Number_of_vehicles_involved;Number_of_casualties;Vehicle_movement;Age_band_of_casualty;Pedestrian_movement;Cause_of_accident;Accident_severity
15:50:00;Monday;Male;Elementary school;Owner;Above 10yr;Lorry (41?100Q);Owner;Above 10yr;No defect;Residential areas;Two-way (divided with broken lines road marking);Tangent road with flat terrain;No junction;Asphalt roads;Dry;Daylight;Normal;Vehicle with vehicle collision;2;1;Moving Backward;na;Not a Pedestrian;No distancing;Slight Injury
09:45:00;Sunday;Male;Junior high school;Employee;1-2yr;Automobile;Owner;Unknown;unknown; Church areas;Two-way (divided with broken lines road marking);Tangent road with flat terrain;Crossing;Asphalt roads;Dry;Daylight;Normal;Collision with roadside objects;2;1;Going straight;18-30;Not a Pedestrian;No distancing;Slight Injury
09:45:00;Sunday;Male;Junior high school;Employee;5-10yr;Pick up upto 10Q;Governmental;Unknown;No defect; Church areas;Double carriageway (median);Tangent road with flat terrain;Crossing;Asphalt roads;Dry;Daylight;Normal;Vehicle with vehicle collision;2;1;Going straight;na;Not a Pedestrian;No priority to pedestrian;Slight Injury
17:35:00;Thursday;Male;Junior high school;Employee;2-5yr;Lorry (41?100Q);Owner;2-5yrs;No defect;Residential areas;Double carriageway (median);Tangent road with flat terrain;Y Shape;Other;Dry;Daylight;Normal;Vehicle with vehicle collision;3;1;Going straight;na;Not a Pedestrian;Driving carelessly;Slight Injury
17:35:00;Thursday;Male;Junior high school;Employee;2-5yr;Public (13?45 seats);Owner;unknown;No defect;Office areas;Two-way (divided with broken lines road marking);Tangent road with mild grade and flat terrain;Y Shape;Gravel roads;Dry;Daylight;Normal;Vehicle with vehicle collision;3;1;Going straight;na;Not a Pedestrian;Changing lane to the right;Slight Injury
17:35:00;Thursday;Male;Junior high school;Employee;2-5yr;Long lorry;Owner;5-10yrs;No defect;Office areas;Two-way (divided with broken lines road marking);Tangent road with mild grade and flat terrain;Y Shape;Gravel roads;Dry;Daylight;Normal;Vehicle with vehicle collision;3;1;Going straight;18-30;Not a Pedestrian;Changing lane to the left;Slight Injury
20:50:00;Sunday;Unknown;Junior high school;Employee;2-5yr;Automobile;Owner;2-5yrs;unknown;Residential areas;Two-way (divided with broken lines road marking);Tangent road with flat terrain;No junction;Asphalt roads;Dry;Darkness - lights lit;Normal;Collision with pedestrians;2;1;Going straight;31-50;Not a Pedestrian;Driving carelessly;Slight Injury
20:50:00;Sunday;Male;Junior high school;Employee;Above 10yr;Automobile;Owner;5-10yrs;unknown; Church areas;other;Tangent road with flat terrain;No junction;Asphalt roads;Dry;Darkness - lights lit;Normal;Vehicle with vehicle collision;2;1;Going straight;Over 51;Not a Pedestrian;Driving carelessly;Slight Injury
21:32:00;Thursday;Male;Junior high school;Employee;Above 10yr;Other;Owner;unknown;unknown;Other;Two-way (divided with broken lines road marking);Tangent road with flat terrain;Y Shape;Earth roads;Dry;Darkness - lights lit;Normal;Vehicle with vehicle collision;2;2;Going straight;31-50;Not a Pedestrian;No distancing;Slight Injury
21:32:00;Thursday;Male;Elementary school;Employee;5-10yr;unknown;Owner;unknown;unknown;Office areas;Two-way (divided with broken lines road marking);Tangent road with flat terrain;Y Shape;Asphalt roads;Dry;Darkness - lights lit;Normal;Vehicle with vehicle collision;2;2;Going straight;na;Not a Pedestrian;Other;Slight Injury
19:55:00;Monday;Male;unknown;Employee;unknown;Long lorry;Owner;unknown;unknown;Other;Two-way (divided with broken lines road marking);Tangent road with flat terrain;Y Shape;Asphalt roads;Dry;Darkness - lights lit;Normal;Vehicle with vehicle collision;2;1;Going straight;na;Not a Pedestrian;Changing lane to the right;Slight Injury
19:55:00;Monday;Male;unknown;Employee;2-5yr;Public (12 seats);Owner;unknown;unknown;Other;Two-way (divided with broken lines road marking);Tangent road with flat terrain;Y Shape;Asphalt roads;Dry;Darkness - lights lit;Normal;Vehicle with vehicle collision;2;1;Going straight;31-50;Not a Pedestrian;Changing lane to the right;Slight Injury
16:10:00;Monday;Male;Elementary school;Employee;5-10yr;Public (12 seats);Owner;unknown;unknown;unknown;unknown;Tangent road with flat terrain;Crossing;Asphalt roads;Dry;Daylight;Normal;Vehicle with vehicle collision;2;1;Parked;18-30;Not a Pedestrian;No distancing;Slight Injury
16:10:00;Monday;Male;Junior high school;Employee;5-10yr;Other;Governmental;2-5yrs;unknown;Residential areas;Two-way (divided with broken lines road marking);unknown;Crossing;Earth roads;Dry;Daylight;Normal;Collision with roadside objects;2;1;Going straight;na;Not a Pedestrian;No distancing;Slight Injury
15:25:00;Monday;Unknown;Junior high school;Employee;Above 10yr;Other;Owner;Below 1yr;unknown; Church areas;Undivided Two way;Tangent road with flat terrain;Crossing;Asphalt roads;Dry;Daylight;Normal;Vehicle with vehicle collision;1;1;Going straight;18-30;Not a Pedestrian;Overturning;Slight Injury
23:36:00;Thursday;Male;Junior high school;Employee;5-10yr;Other;unknown;unknown;unknown;Other;Undivided Two way;Tangent road with flat terrain;No junction;Asphalt roads;Dry;Darkness - no lighting;Normal;Vehicle with vehicle collision;1;4;Going straight;na;Not a Pedestrian;Driving at high speed;Serious Injury
23:36:00;Thursday;Male;Junior high school;Employee;Above 10yr;Public (12 seats);Owner;Unknown;unknown;Other;One way;Tangent road with flat terrain;No junction;Asphalt roads;Dry;Darkness - no lighting;Normal;Vehicle with vehicle collision;1;4;Going straight;31-50;Not a Pedestrian;No priority to vehicle;Serious Injury
23:36:00;Thursday;Male;Elementary school;Employee;Below 1yr;Lorry (41?100Q);Owner;Unknown;No defect;Residential areas;Two-way (divided with broken lines road marking);Tangent road with flat terrain;No junction;Asphalt roads;Dry;Darkness - no lighting;Normal;Vehicle with vehicle collision;1;4;Going straight;na;Not a Pedestrian;No priority to pedestrian;Serious Injury
23:36:00;Thursday;Male;Elementary school;Employee;5-10yr;Other;Owner;Unknown;unknown;Office areas;One way;Tangent road with flat terrain;No junction;Asphalt roads;Dry;Darkness - no lighting;Normal;Vehicle with vehicle collision;1;4;Going straight;na;Not a Pedestrian;No priority to vehicle;Serious Injury
20:00:00;Monday;Male;Elementary school;Employee;1-2yr;Public (12 seats);Owner;Unknown;No defect; Industrial areas;Two-way (divided with broken lines road marking);Tangent road with flat terrain;Y Shape;Asphalt roads;Dry;Darkness - lights unlit;Normal;Vehicle with vehicle collision;3;1;Turnover;na;Not a Pedestrian;Other;Slight Injury
20:00:00;Monday;Unknown;Elementary school;Employee;5-10yr;Other;Governmental;unknown;No defect;Residential areas;Double carriageway (median);Tangent road with flat terrain;Y Shape;Asphalt roads;Dry;Darkness - lights unlit;Normal;Vehicle with vehicle collision;3;1;Going straight;18-30;Not a Pedestrian;Other;Slight Injury
20:00:00;Monday;Male;Elementary school;Employee;5-10yr;Lorry (11?40Q);Owner;unknown;No defect;Office areas;Unknown;Tangent road with flat terrain;Y Shape;Asphalt roads;Dry;Darkness - lights unlit;Normal;Vehicle with vehicle collision;3;1;Going straight;na;Not a Pedestrian;Moving Backward;Slight Injury
17:54:00;Friday;Male;Elementary school;Employee;2-5yr;Other;Owner;2-5yrs;unknown;Other;unknown;Tangent road with flat terrain;Crossing;Asphalt roads;Dry;Daylight;Normal;Rollover;2;1;Unknown;na;Not a Pedestrian;No distancing;Slight Injury
17:54:00;Friday;Male;Elementary school;Employee;5-10yr;Other;Owner;Unknown;unknown; Church areas;other;Tangent road with flat terrain;Crossing;Asphalt roads;Dry;Daylight;Normal;Vehicle with vehicle collision;2;1;Moving Backward;18-30;Not a Pedestrian;Moving Backward;Slight Injury
18:04:00;Monday;Unknown;unknown;Unknown;5-10yr;Other;Owner;Above 10yr;unknown; Industrial areas;unknown;Tangent road with flat terrain;Crossing;Earth roads;Dry;Daylight;Normal;Vehicle with vehicle collision;1;1;Going straight;Under 18;Not a Pedestrian;No priority to vehicle;Slight Injury
17:00:00;Friday;Male;Junior high school;Employee;Above 10yr;Pick up upto 10Q;Owner;Unknown;No defect;  Recreational areas;One way;Tangent road with flat terrain;No junction;Asphalt roads;Dry;Daylight;Normal;Vehicle with vehicle collision;1;1;Moving Backward;18-30;Not a Pedestrian;Driving carelessly;Slight Injury
01:15:00;Saturday;Female;Junior high school;Employee;Above 10yr;Automobile;Owner;Unknown;No defect;  Market areas;Undivided Two way;Tangent road with flat terrain;Crossing;Asphalt roads;Dry;Darkness - lights lit;Normal;Collision with roadside objects;2;3;Turnover;na;Not a Pedestrian;No distancing;Slight Injury
01:15:00;Saturday;Unknown;Elementary school;Employee;Below 1yr;Other;Owner;Unknown;No defect;Other;Two-way (divided with broken lines road marking);Tangent road with flat terrain;Crossing;Asphalt roads;Dry;Darkness - lights lit;Normal;Vehicle with vehicle collision;2;3;Going straight;na;Not a Pedestrian;Other;Slight Injury
01:15:00;Saturday;Male;Elementary school;Employee;5-10yr;Lorry (41?100Q);Owner;Unknown;unknown;Other;Two-way (divided with broken lines road marking);Tangent road with flat terrain;Crossing;Asphalt roads;Dry;Darkness - lights lit;Normal;Vehicle with vehicle collision;2;3;Going straight;18-30;Not a Pedestrian;Changing lane to the right;Slight Injury
01:15:00;Saturday;Male;Elementary school;Owner;5-10yr;Public (13?45 seats);Owner;Unknown;No defect; Industrial areas;Two-way (divided with broken lines road marking);unknown;Crossing;Earth roads;Dry;Darkness - lights lit;Normal;Vehicle with vehicle collision;2;3;Unknown;na;Not a Pedestrian;No distancing;Slight Injury
18:30:00;Wednesday;Male;Elementary school;Employee;2-5yr;Automobile;Governmental;2-5yrs;unknown;Other;Two-way (divided with broken lines road marking);Tangent road with flat terrain;No junction;Asphalt roads;Wet or damp;Darkness - lights lit;Raining;Collision with roadside objects;2;1;Going straight;18-30;Not a Pedestrian;Driving carelessly;Slight Injury
18:30:00;Wednesday;Male;Elementary school;Employee;Above 10yr;Pick up upto 10Q;Governmental;unknown;unknown;Office areas;other;Tangent road with flat terrain;No junction;Asphalt roads;Wet or damp;Darkness - lights lit;Raining;Vehicle with vehicle collision;2;1;Going straight;na;Not a Pedestrian;No distancing;Slight Injury
15:52:00;Friday;Male;Elementary school;Employee;2-5yr;Lorry (41?100Q);Owner;Unknown;unknown;unknown;other;Tangent road with flat terrain;Y Shape;Asphalt roads;Dry;Daylight;Normal;Vehicle with vehicle collision;3;1;Going straight;Over 51;Not a Pedestrian;No priority to vehicle;Slight Injury
15:52:00;Friday;Male;Junior high school;Employee;Above 10yr;Public (12 seats);Owner;unknown;unknown;Office areas;Two-way (divided with broken lines road marking);Tangent road with flat terrain;Y Shape;Asphalt roads;Dry;Daylight;Normal;Vehicle with vehicle collision;3;1;Going straight;na;Not a Pedestrian;Changing lane to the right;Slight Injury
15:52:00;Friday;Male;Junior high school;Employee;Below 1yr;Other;Owner;unknown;unknown;Office areas;Undivided Two way;Tangent road with flat terrain;Y Shape;Asphalt roads;Dry;Daylight;Normal;Vehicle with vehicle collision;3;1;Reversing;18-30;Not a Pedestrian;No priority to pedestrian;Slight Injury
12:33:00;Tuesday;Male;Junior high school;Employee;2-5yr;Lorry (41?100Q);Organization;Unknown;unknown;Other;other;Tangent road with flat terrain;Other;Asphalt roads;Dry;Daylight;Normal;Collision with roadside objects;1;1;Going straight;18-30;Not a Pedestrian;No priority to vehicle;Serious Injury
08:59:00;Monday;Unknown;Elementary school;Employee;5-10yr;Pick up upto 10Q;Governmental;2-5yrs;unknown;Other;other;Tangent road with flat terrain;Crossing;Asphalt roads;Dry;Daylight;Normal;Vehicle with vehicle collision;2;1;Going straight;Over 51;Not a Pedestrian;Changing lane to the left;Slight Injury
08:59:00;Monday;Male;Elementary school;Employee;5-10yr;Other;Owner;Unknown;No defect;Other;Undivided Two way;Tangent road with flat terrain;Crossing;Asphalt roads;Dry;Daylight;Normal;Vehicle with vehicle collision;2;1;Going straight;na;Not a Pedestrian;Turnover;Slight Injury
17:25:00;Saturday;Male;Elementary school;Employee;1-2yr;Lorry (41?100Q);Owner;Above 10yr;unknown;Other;other;Tangent road with flat terrain;No junction;Other;Wet or damp;Daylight;Normal;Vehicle with vehicle collision;1;1;Turnover;Under 18;Not a Pedestrian;Driving to the left;Slight Injury
00:53:00;Sunday;Male;Elementary school;Employee;unknown;Ridden horse;unknown;unknown;unknown;Residential areas;Undivided Two way;Tangent road with flat terrain;No junction;Asphalt roads;Dry;Darkness - lights lit;Normal;Vehicle with vehicle collision;1;3;Reversing;na;Not a Pedestrian;Driving carelessly;Slight Injury
00:53:00;Sunday;Male;Junior high school;Employee;1-2yr;Automobile;Owner;2-5yrs;No defect; Church areas;Undivided Two way;Tangent road with flat terrain;No junction;Asphalt roads;Dry;Darkness - lights lit;Normal;Vehicle with vehicle collision;1;3;Going straight;18-30;Not a Pedestrian;Driving to the left;Slight Injury
00:53:00;Sunday;Male;unknown;Employee;5-10yr;Automobile;Owner;2-5yrs;unknown;Office areas;Double carriageway (median);Tangent road with flat terrain;No junction;Asphalt roads;Dry;Darkness - lights lit;Normal;Collision with pedestrians;1;3;Going straight;Under 18;Not a Pedestrian;Driving carelessly;Slight Injury
15:20:00;Wednesday;Male;Elementary school;Owner;1-2yr;Stationwagen;Owner;2-5yrs;unknown; Church areas;other;Tangent road with flat terrain;Crossing;Asphalt roads;Dry;Daylight;Normal;Vehicle with vehicle collision;1;1;Turnover;na;Not a Pedestrian;No priority to pedestrian;Slight Injury
18:23:00;Saturday;Male;Junior high school;Employee;5-10yr;Other;Owner;2-5yrs;unknown;Other;Two-way (divided with broken lines road marking);Tangent road with flat terrain;Y Shape;Asphalt roads;Wet or damp;Darkness - lights lit;Raining;Vehicle with vehicle collision;2;1;Moving Backward;Over 51;Not a Pedestrian;Driving carelessly;Slight Injury
18:23:00;Saturday;Male;Junior high school;Employee;2-5yr;Lorry (41?100Q);Owner;unknown;unknown;unknown;other;Tangent road with flat terrain;Y Shape;Asphalt roads;Wet or damp;Darkness - lights lit;Raining;Collision with roadside objects;2;1;Going straight;31-50;Not a Pedestrian;Changing lane to the right;Slight Injury
05:24:00;Friday;Male;Junior high school;Employee;2-5yr;Lorry (41?100Q);Owner;1-2yr;unknown;School areas;other;Steep grade downward with mountainous terrain;No junction;Asphalt roads;Wet or damp;Darkness - no lighting;Normal;Vehicle with vehicle collision;1;1;Going straight;Over 51;Not a Pedestrian;Moving Backward;Serious Injury
12:15:00;Saturday;Unknown;Junior high school;Employee;5-10yr;Long lorry;Owner;5-10yrs;unknown;Office areas;Two-way (divided with broken lines road marking);Tangent road with mild grade and flat terrain;Crossing;Earth roads;Dry;Daylight;Normal;Vehicle with vehicle collision;1;1;Going straight;Over 51;Not a Pedestrian;Driving carelessly;Slight Injury
22:15:00;Friday;Male;Junior high school;Owner;Below 1yr;Stationwagen;Owner;Below 1yr;unknown;Other;other;Steep grade downward with mountainous terrain;No junction;Asphalt roads;Dry;Darkness - lights lit;Normal;Collision with pedestrians;1;1;Reversing;na;Not a Pedestrian;Changing lane to the right;Slight Injury
06:35:00;Friday;Male;High school;Employee;Below 1yr;Public (12 seats);Owner;Unknown;unknown;Office areas;Undivided Two way;Tangent road with flat terrain;Crossing;Asphalt roads;Wet or damp;Darkness - lights lit;Raining;Vehicle with vehicle collision;2;1;Going straight;18-30;Not a Pedestrian;Driving carelessly;Serious Injury
06:35:00;Friday;Male;Junior high school;Employee;unknown;Automobile;Owner;unknown;unknown;Other;Undivided Two way;Tangent road with flat terrain;Crossing;Asphalt roads;Wet or damp;Darkness - lights lit;Raining;Vehicle with vehicle collision;2;1;Going straight;Under 18;Not a Pedestrian;Driving carelessly;Serious Injury
17:34:00;Thursday;Male;Junior high school;Employee;Below 1yr;Public (12 seats);Owner;2-5yrs;unknown;Other;Two-way (divided with broken lines road marking);Tangent road with flat terrain;No junction;Asphalt roads;Wet or damp;Darkness - lights lit;Normal;Collision with pedestrians;1;2;Going straight;31-50;Not a Pedestrian;Driving carelessly;Serious Injury
17:34:00;Thursday;Male;Junior high school;Employee;2-5yr;Lorry (41?100Q);Owner;unknown;unknown;Office areas;Undivided Two way;Tangent road with flat terrain;No junction;Asphalt roads;Wet or damp;Darkness - lights lit;Normal;Collision with pedestrians;1;2;Parked;na;Not a Pedestrian;Changing lane to the right;Serious Injury
04:00:00;Friday;Unknown;Junior high school;Employee;2-5yr;Automobile;Owner;unknown;No defect;Other;Double carriageway (median);Tangent road with flat terrain;Y Shape;Asphalt roads;Wet or damp;Darkness - lights lit;Raining;Collision with pedestrians;1;4;Going straight;na;Not a Pedestrian;Changing lane to the right;Slight Injury
04:00:00;Friday;Male;Junior high school;Employee;5-10yr;Lorry (41?100Q);Owner;unknown;unknown; Church areas;other;Tangent road with flat terrain;Y Shape;Asphalt roads;Wet or damp;Darkness - lights lit;Raining;Collision with roadside objects;1;4;Going straight;31-50;Not a Pedestrian;Driving carelessly;Slight Injury
04:00:00;Friday;Male;Elementary school;Employee;5-10yr;Lorry (41?100Q);Owner;unknown;No defect;Office areas;Two-way (divided with broken lines road marking);Tangent road with flat terrain;Y Shape;Asphalt roads;Wet or damp;Darkness - lights lit;Raining;Vehicle with vehicle collision;1;4;Unknown;18-30;Not a Pedestrian;Overtaking;Slight Injury
04:00:00;Friday;Unknown;unknown;Owner;5-10yr;Pick up upto 10Q;Owner;Above 10yr;No defect;Office areas;Two-way (divided with broken lines road marking);Tangent road with flat terrain;Y Shape;Asphalt roads;Wet or damp;Darkness - lights lit;Raining;Vehicle with vehicle collision;1;4;Going straight;Over 51;Not a Pedestrian;Changing lane to the right;Slight Injury
15:50:00;Saturday;Male;Junior high school;Employee;5-10yr;Other;Owner;2-5yrs;unknown;Other;Undivided Two way;Tangent road with mountainous terrain and;Y Shape;Asphalt roads;Dry;Daylight;Normal;Vehicle with vehicle collision;1;1;Going straight;Under 18;Not a Pedestrian;No distancing;Slight Injury
08:50:00;Friday;Male;Junior high school;Owner;5-10yr;Automobile;Owner;2-5yrs;unknown;Residential areas;Undivided Two way;Tangent road with flat terrain;Crossing;Asphalt roads;Wet or damp;Daylight;Raining;Vehicle with vehicle collision;1;1;Stopping;18-30;Not a Pedestrian;Other;Slight Injury
00:25:00;Sunday;Male;Illiterate;Employee;2-5yr;Automobile;Owner;Unknown;No defect;Residential areas;Undivided Two way;Tangent road with flat terrain;Y Shape;Asphalt roads;Dry;Darkness - lights lit;Normal;Vehicle with vehicle collision;2;2;Going straight;na;Not a Pedestrian;Changing lane to the right;Slight Injury
00:25:00;Sunday;Male;Junior high school;Employee;5-10yr;Lorry (11?40Q);Owner;5-10yrs;7;unknown;Two-way (divided with broken lines road marking);Tangent road with flat terrain;Y Shape;Asphalt roads;Dry;Darkness - lights lit;Normal;Vehicle with vehicle collision;2;2;Overtaking;18-30;Not a Pedestrian;Changing lane to the right;Slight Injury
00:25:00;Sunday;Male;Junior high school;Employee;Below 1yr;Bajaj;Owner;Unknown;7;Other;other;Tangent road with flat terrain;Y Shape;Asphalt roads;Dry;Darkness - lights lit;Normal;Collision with pedestrians;2;2;Going straight;Over 51;Not a Pedestrian;Overtaking;Slight Injury
00:10:00;Sunday;Male;Junior high school;Employee;1-2yr;Automobile;Owner;Unknown;No defect;Office areas;unknown;Steep grade downward with mountainous terrain;No junction;Asphalt roads;Wet or damp;Darkness - lights lit;Raining and Windy;Collision with roadside objects;2;1;Reversing;na;Not a Pedestrian;Other;Slight Injury
00:10:00;Sunday;Male;Elementary school;Employee;2-5yr;Lorry (41?100Q);Governmental;Unknown;No defect;School areas;Double carriageway (median);Tangent road with flat terrain;No junction;Earth roads;Wet or damp;Darkness - lights lit;Raining and Windy;Vehicle with vehicle collision;2;1;Going straight;31-50;Not a Pedestrian;Driving to the left;Slight Injury
15:20:00;Saturday;Female;Elementary school;Employee;2-5yr;Lorry (11?40Q);Owner;Unknown;No defect;Other;Two-way (divided with broken lines road marking);Steep grade downward with mountainous terrain;Y Shape;Asphalt roads;Dry;Daylight;Cloudy;Vehicle with vehicle collision;2;2;Going straight;Over 51;Not a Pedestrian;Overtaking;Slight Injury
15:20:00;Saturday;Male;Elementary school;Employee;5-10yr;Lorry (11?40Q);Owner;5-10yrs;No defect;Other;Two-way (divided with broken lines road marking);Tangent road with rolling terrain;Y Shape;unknown;Dry;Daylight;Cloudy;Vehicle with vehicle collision;2;2;Unknown;Over 51;Not a Pedestrian;No priority to vehicle;Slight Injury
15:20:00;Saturday;Male;Junior high school;Employee;5-10yr;Automobile;Governmental;Unknown;No defect; Church areas;Two-way (divided with broken lines road marking);Tangent road with flat terrain;Y Shape;Asphalt roads;Dry;Daylight;Cloudy;Vehicle with vehicle collision;2;2;Going straight;na;Not a Pedestrian;Moving Backward;Slight Injury
16:30:00;Saturday;Male;unknown;Unknown;unknown;unknown;unknown;unknown;unknown;Office areas;unknown;Tangent road with mild grade and flat terrain;Y Shape;Asphalt roads;Wet or damp;Darkness - lights lit;Raining;With Train;2;1;Moving Backward;Over 51;Not a Pedestrian;Other;Slight Injury
16:30:00;Saturday;Male;Junior high school;Employee;Above 10yr;Automobile;Owner;unknown;unknown;Other;Two-way (divided with broken lines road marking);Tangent road with mild grade and flat terrain;Y Shape;Asphalt roads;Wet or damp;Darkness - lights lit;Raining;Vehicle with vehicle collision;2;1;Going straight;na;Not a Pedestrian;No priority to vehicle;Slight Injury
01:05:00;Friday;Male;Junior high school;Employee;Above 10yr;Public (13?45 seats);Governmental;unknown;No defect;Residential areas;Double carriageway (median);Tangent road with flat terrain;Y Shape;Asphalt roads;Dry;Darkness - lights lit;Normal;Vehicle with vehicle collision;2;2;Moving Backward;18-30;Not a Pedestrian;No priority to pedestrian;Slight Injury
01:05:00;Friday;Male;Junior high school;Owner;Above 10yr;Public (12 seats);Owner;unknown;unknown;Office areas;Two-way (divided with broken lines road marking);Tangent road with flat terrain;Y Shape;Asphalt roads;Dry;Darkness - lights lit;Normal;Vehicle with vehicle collision;2;2;Going straight;18-30;Not a Pedestrian;Changing lane to the right;Slight Injury
19:40:00;Monday;Male;Junior high school;Employee;unknown;Other;Owner;unknown;unknown;Office areas;Undivided Two way;Tangent road with flat terrain;Crossing;Asphalt roads;Wet or damp;Darkness - no lighting;Normal;Vehicle with vehicle collision;2;3;Going straight;31-50;Not a Pedestrian;Changing lane to the right;Slight Injury
19:40:00;Monday;Male;Junior high school;Employee;5-10yr;Automobile;Owner;Below 1yr;unknown;Office areas;Two-way (divided with broken lines road marking);Tangent road with flat terrain;Crossing;Asphalt roads;Wet or damp;Darkness - no lighting;Normal;Vehicle with vehicle collision;2;3;Unknown;na;Not a Pedestrian;Changing lane to the right;Slight Injury
19:40:00;Monday;Male;Junior high school;Employee;2-5yr;Automobile;Organization;1-2yr;unknown; Church areas;unknown;Tangent road with flat terrain;Crossing;Asphalt roads;Wet or damp;Darkness - no lighting;Normal;Vehicle with vehicle collision;2;3;Going straight;Under 18;Not a Pedestrian;Driving to the left;Slight Injury
19:08:00;Tuesday;Male;Elementary school;Employee;5-10yr;Public (13?45 seats);Owner;unknown;unknown;Office areas;Two-way (divided with broken lines road marking);Tangent road with flat terrain;Crossing;Asphalt roads;Wet or damp;Darkness - lights lit;Normal;Vehicle with vehicle collision;2;1;Going straight;na;Not a Pedestrian;Changing lane to the left;Slight Injury
19:08:00;Tuesday;Male;Junior high school;Employee;2-5yr;Public (13?45 seats);Owner;1-2yr;unknown;Office areas;Two-way (divided with broken lines road marking);Tangent road with mild grade and flat terrain;Crossing;Gravel roads;Wet or damp;Darkness - lights lit;Normal;Vehicle with vehicle collision;2;1;Going straight;Under 18;Unknown or other;Moving Backward;Slight Injury
17:50:00;Saturday;Male;High school;Owner;5-10yr;Automobile;Owner;unknown;unknown;Office areas;Two-way (divided with broken lines road marking);Tangent road with mild grade and flat terrain;No junction;Asphalt roads;Wet or damp;Darkness - lights lit;Raining;Vehicle with vehicle collision;2;1;Turnover;na;Not a Pedestrian;Driving at high speed;Slight Injury
17:50:00;Saturday;Male;Junior high school;Employee;Above 10yr;Other;Owner;5-10yrs;No defect;Office areas;Two-way (divided with broken lines road marking);Tangent road with flat terrain;No junction;Asphalt roads;Wet or damp;Darkness - lights lit;Raining;Collision with pedestrians;2;1;Going straight;31-50;Not a Pedestrian;Moving Backward;Slight Injury
21:30:00;Sunday;Male;Junior high school;Employee;2-5yr;Pick up upto 10Q;Owner;unknown;No defect;Other;Two-way (divided with broken lines road marking);Tangent road with flat terrain;Y Shape;Asphalt roads;Dry;Darkness - lights lit;Normal;Collision with roadside objects;2;1;Going straight;na;Not a Pedestrian;No distancing;Slight Injury
21:30:00;Sunday;Unknown;Elementary school;Employee;2-5yr;Lorry (41?100Q);Owner;unknown;No defect;Residential areas;Double carriageway (median);Tangent road with flat terrain;Y Shape;Asphalt roads;Dry;Darkness - lights lit;Normal;Collision with roadside objects;2;1;Going straight;18-30;Not a Pedestrian;Other;Slight Injury
14:49:00;Monday;Male;High school;Owner;Above 10yr;Automobile;Owner;unknown;No defect; Church areas;Undivided Two way;Tangent road with flat terrain;Y Shape;Asphalt roads;Dry;Daylight;Normal;Vehicle with vehicle collision;2;2;Reversing;18-30;Not a Pedestrian;No priority to vehicle;Slight Injury
14:49:00;Monday;Male;Elementary school;Employee;1-2yr;Automobile;Owner;unknown;No defect;Other;Two-way (divided with broken lines road marking);Tangent road with flat terrain;Y Shape;Asphalt roads;Dry;Daylight;Normal;Vehicle with vehicle collision;2;2;Getting off;na;Not a Pedestrian;Changing lane to the right;Slight Injury
14:49:00;Monday;Unknown;Junior high school;Employee;Above 10yr;Lorry (41?100Q);Owner;unknown;No defect;  Recreational areas;Two-way (divided with broken lines road marking);Tangent road with flat terrain;Y Shape;Asphalt roads;Dry;Daylight;Normal;Vehicle with vehicle collision;2;2;Going straight;na;Not a Pedestrian;Other;Slight Injury
17:40:00;Sunday;Male;unknown;Unknown;unknown;unknown;unknown;unknown;unknown;unknown;unknown;Tangent road with flat terrain;Crossing;Asphalt roads;Wet or damp;Darkness - lights lit;Normal;Vehicle with vehicle collision;2;1;Getting off;18-30;Not a Pedestrian;No distancing;Slight Injury
17:40:00;Sunday;Male;Junior high school;Owner;5-10yr;Other;Owner;Unknown;No defect; Industrial areas;Undivided Two way;Tangent road with mild grade and flat terrain;Crossing;Asphalt roads;Wet or damp;Darkness - lights lit;Normal;Vehicle with vehicle collision;2;1;Going straight;na;Not a Pedestrian;Driving carelessly;Slight Injury
21:55:00;Saturday;Male;Above high school;Employee;5-10yr;Automobile;Owner;unknown;No defect;Other;Two-way (divided with broken lines road marking);Tangent road with flat terrain;Crossing;Asphalt roads;Wet or damp;Darkness - lights lit;Raining;Collision with roadside objects;2;1;Going straight;31-50;Not a Pedestrian;No distancing;Slight Injury
21:55:00;Saturday;Male;Junior high school;Employee;5-10yr;Automobile;Owner;Unknown;unknown;Other;other;Tangent road with flat terrain;Crossing;Asphalt roads;Wet or damp;Darkness - lights lit;Raining;Vehicle with vehicle collision;2;1;Going straight;18-30;Not a Pedestrian;Moving Backward;Slight Injury
07:30:00;Tuesday;Male;Junior high school;Employee;Above 10yr;Automobile;Owner;5-10yrs;No defect; Church areas;other;Tangent road with flat terrain;Y Shape;Asphalt roads;Wet or damp;Daylight;Normal;Vehicle with vehicle collision;2;1;Going straight;na;Not a Pedestrian;No distancing;Slight Injury
07:30:00;Tuesday;Male;Junior high school;Employee;1-2yr;Automobile;Owner;5-10yrs;No defect; Church areas;Undivided Two way;Tangent road with flat terrain;Y Shape;Asphalt roads;Wet or damp;Daylight;Normal;Vehicle with vehicle collision;2;1;Going straight;Under 18;Not a Pedestrian;Moving Backward;Slight Injury