Time;Day_of_week;Sex_of_driver;Educational_level;Vehicle_driver_relation;Driving_experience;Type_of_vehicle;Owner_of_vehicle;Service_year_of_vehicle;Defect_of_vehicle;Area_accident_occured;Lanes_or_Medians;Road_allignment;Types_of_Junction;Road_surface_type;Road_surface_conditions;Light_conditions;Weather_conditions;Type_of_collision;Number_of_vehicles_involved;Number_of_casualties;Vehicle_movement;Age_band_of_casualty;Pedestrian_movement;Cause_of_accident;Accident_severity
10:41:00;Wednesday;Male;Junior high school;Employee;2-5yr;Lorry (41?100Q);Owner;unknown;No defect;Other;Two-way (divided with broken lines road marking);Tangent road with flat terrain;No junction;Asphalt roads;Wet or damp;Daylight;Other;Vehicle with vehicle collision;1;1;Going straight;31-50;Not a Pedestrian;No priority to pedestrian;Slight Injury
13:16:00;Wednesday;Male;Junior high school;Employee;Below 1yr;Other;Owner;unknown;No defect;Other;One way;Tangent road with flat terrain;No junction;Asphalt roads;Wet or damp;Daylight;Raining;Vehicle with vehicle collision;2;3;Going straight;18-30;Not a Pedestrian;Changing lane to the left;Slight Injury
13:16:00;Wednesday;Male;Junior high school;Employee;Above 10yr;Pick up upto 10Q;Governmental;2-5yrs;unknown;  Recreational areas;Two-way (divided with broken lines road marking);Tangent road with flat terrain;No junction;Asphalt roads;Wet or damp;Daylight;Raining;Vehicle with vehicle collision;2;3;Going straight;na;Not a Pedestrian;No distancing;Slight Injury
13:16:00;Wednesday;Male;Junior high school;Employee;1-2yr;Stationwagen;Owner;2-5yrs;unknown;Other;Undivided Two way;Tangent road with flat terrain;No junction;Asphalt roads;Wet or damp;Daylight;Raining;Collision with pedestrians;2;3;Going straight;na;Not a Pedestrian;Other;Slight Injury
11:30:00;Thursday;Male;Above high school;Employee;5-10yr;Other;Owner;5-10yrs;unknown;Office areas;Undivided Two way;Tangent road with flat terrain;Y Shape;Other;Dry;Daylight;Normal;Collision with pedestrians;2;1;Moving Backward;Under 18;Not a Pedestrian;No distancing;Slight Injury
11:30:00;Thursday;Male;Junior high school;Employee;5-10yr;Pick up upto 10Q;Owner;5-10yrs;No defect; Church areas;Two-way (divided with broken lines road marking);Tangent road with flat terrain;Y Shape;Asphalt roads;Dry;Daylight;Normal;Collision with roadside objects;2;1;Going straight;18-30;Not a Pedestrian;No priority to pedestrian;Slight Injury
16:20:00;Friday;Female;Elementary school;Owner;Below 1yr;Stationwagen;Owner;2-5yrs;unknown;Office areas;Two-way (divided with broken lines road marking);Tangent road with flat terrain;Y Shape;Asphalt roads;Wet or damp;Darkness - lights lit;Normal;Collision with pedestrians;3;1;Going straight;na;Not a Pedestrian;Moving Backward;Slight Injury
16:20:00;Friday;Male;unknown;Unknown;unknown;Lorry (41?100Q);unknown;unknown;No defect;Office areas;Undivided Two way;Tangent road with mountainous terrain and;Y Shape;Asphalt roads;Wet or damp;Darkness - lights lit;Normal;Vehicle with vehicle collision;3;1;Going straight;na;Not a Pedestrian;No priority to pedestrian;Slight Injury
16:20:00;Friday;Unknown;Junior high school;Employee;Above 10yr;Automobile;Owner;2-5yrs;No defect;Other;Undivided Two way;Tangent road with flat terrain;Y Shape;Asphalt roads;Wet or damp;Darkness - lights lit;Normal;Vehicle with vehicle collision;3;1;Going straight;18-30;Not a Pedestrian;No distancing;Slight Injury
01:10:00;Friday;Male;Junior high school;Unknown;unknown;unknown;Governmental;unknown;unknown;Residential areas;Two-way (divided with broken lines road marking);Tangent road with flat terrain;No junction;Asphalt roads;Wet or damp;Darkness - lights lit;Normal;Vehicle with vehicle collision;1;1;Going straight;18-30;Not a Pedestrian;No priority to pedestrian;Serious Injury
20:40:00;Monday;Male;Junior high school;Employee;1-2yr;Automobile;Owner;2-5yrs;No defect;Office areas;Two-way (divided with broken lines road marking);Tangent road with mild grade and flat terrain;No junction;Asphalt roads;Wet or damp;Darkness - lights lit;Raining;Collision with roadside objects;2;1;Going straight;18-30;Not a Pedestrian;Driving carelessly;Serious Injury
20:40:00;Monday;Male;Junior high school;Owner;2-5yr;Automobile;Owner;2-5yrs;unknown;Residential areas;other;Tangent road with flat terrain;No junction;Asphalt roads;Wet or damp;Darkness - lights lit;Raining;Collision with roadside objects;2;1;Going straight;18-30;Not a Pedestrian;Getting off the vehicle improperly;Serious Injury
17:50:00;Wednesday;Male;unknown;Employee;unknown;Turbo;Owner;Unknown;No defect;Residential areas;Two-way (divided with broken lines road marking);Tangent road with flat terrain;No junction;Other;Wet or damp;Darkness - no lighting;Windy;Vehicle with vehicle collision;2;3;Going straight;18-30;Not a Pedestrian;Driving carelessly;Slight Injury
17:50:00;Wednesday;Unknown;Junior high school;Employee;Above 10yr;unknown;Owner;unknown;No defect;Other;Double carriageway (median);Tangent road with flat terrain;No junction;Asphalt roads;Wet or damp;Darkness - no lighting;Windy;Vehicle with vehicle collision;2;3;Going straight;na;Not a Pedestrian;Changing lane to the left;Slight Injury
17:50:00;Wednesday;Male;Junior high school;Owner;2-5yr;Stationwagen;Owner;unknown;No defect; Hospital areas;One way;Tangent road with flat terrain;No junction;Asphalt roads;Wet or damp;Darkness - no lighting;Windy;Vehicle with vehicle collision;2;3;Going straight;18-30;Not a Pedestrian;No priority to vehicle;Slight Injury
17:11:00;Wednesday;Male;Junior high school;Employee;5-10yr;Automobile;Governmental;unknown;No defect;Other;Undivided Two way;Tangent road with flat terrain;Y Shape;Asphalt roads;Wet or damp;Darkness - lights lit;Raining;Vehicle with vehicle collision;1;1;Going straight;na;Not a Pedestrian;Changing lane to the right;Slight Injury
21:03:00;Monday;Male;Junior high school;Employee;2-5yr;Automobile;Owner;unknown;No defect;Other;Undivided Two way;Tangent road with flat terrain;O Shape;Asphalt roads;Wet or damp;Darkness - lights lit;Raining;Vehicle with vehicle collision;1;1;Going straight;Under 18;Not a Pedestrian;Changing lane to the right;Serious Injury
15:20:00;Monday;Male;Junior high school;Employee;1-2yr;Automobile;Owner;unknown;No defect;  Recreational areas;One way;Tangent road with mild grade and flat terrain;Y Shape;Asphalt roads;Dry;Daylight;Normal;Vehicle with vehicle collision;1;1;Going straight;18-30;Not a Pedestrian;No distancing;Slight Injury
18:30:00;Monday;Female;Junior high school;Employee;5-10yr;Pick up upto 10Q;Owner;unknown;No defect;Other;Undivided Two way;Tangent road with flat terrain;Y Shape;Asphalt roads;Wet or damp;Darkness - lights lit;Raining;Vehicle with vehicle collision;1;1;Going straight;na;Not a Pedestrian;No distancing;Slight Injury
08:15:00;Wednesday;Male;Junior high school;Employee;2-5yr;Lorry (41?100Q);Owner;unknown;No defect;Other;Undivided Two way;Tangent road with flat terrain;No junction;Asphalt roads;Dry;Daylight;Normal;Vehicle with vehicle collision;1;1;Going straight;na;Not a Pedestrian;Changing lane to the left;Slight Injury
15:20:00;Tuesday;Female;Elementary school;Employee;5-10yr;Lorry (41?100Q);Owner;unknown;No defect;Other;Undivided Two way;Tangent road with flat terrain;Crossing;Asphalt roads;Wet or damp;Darkness - no lighting;Normal;Vehicle with vehicle collision;1;1;Going straight;18-30;Not a Pedestrian;Changing lane to the right;Slight Injury
18:17:00;Friday;Unknown;Above high school;Owner;5-10yr;Automobile;Owner;Below 1yr;No defect;Office areas;Two-way (divided with broken lines road marking);Tangent road with flat terrain;Crossing;unknown;Wet or damp;Darkness - lights lit;Raining;Collision with roadside objects;2;1;Going straight;18-30;Not a Pedestrian;No priority to vehicle;Slight Injury
18:17:00;Friday;Male;Junior high school;Employee;2-5yr;Lorry (41?100Q);Owner;2-5yrs;No defect;Other;Two-way (divided with broken lines road marking);Tangent road with mild grade and flat terrain;Crossing;Other;Wet or damp;Darkness - lights lit;Raining;Collision with roadside objects;2;1;Reversing;Under 18;Unknown or other;Changing lane to the left;Slight Injury
19:31:00;Wednesday;Male;Junior high school;Employee;2-5yr;Lorry (41?100Q);Owner;unknown;No defect;Residential areas;Two-way (divided with broken lines road marking);Tangent road with flat terrain;Crossing;Asphalt roads;Wet or damp;Darkness - no lighting;Raining;Collision with pedestrians;2;1;Going straight;Over 51;Crossing from driver's nearside;No priority to vehicle;Slight Injury
19:31:00;Wednesday;Male;Junior high school;Employee;2-5yr;Lorry (41?100Q);Owner;5-10yrs;No defect;Other;Undivided Two way;Tangent road with flat terrain;Crossing;Asphalt roads;Wet or damp;Darkness - no lighting;Raining;Vehicle with vehicle collision;2;1;Going straight;Under 18;Not a Pedestrian;Moving Backward;Slight Injury
09:25:00;Friday;Unknown;Junior high school;Employee;5-10yr;Lorry (41?100Q);Owner;Unknown;No defect;Other;Undivided Two way;Tangent road with flat terrain;No junction;Asphalt roads;Wet or damp;Daylight;Normal;Vehicle with vehicle collision;2;1;Going straight;na;Not a Pedestrian;Turnover;Serious Injury
09:25:00;Friday;Male;Junior high school;Employee;1-2yr;Automobile;Owner;unknown;unknown; Church areas;Undivided Two way;Tangent road with flat terrain;No junction;Asphalt roads;Wet or damp;Daylight;Normal;Vehicle with vehicle collision;2;1;Unknown;Under 18;Crossing from driver's nearside;No distancing;Serious Injury
14:10:00;Wednesday;Male;Junior high school;Owner;2-5yr;Automobile;Owner;1-2yr;5;Office areas;Undivided Two way;Tangent road with flat terrain;No junction;Asphalt roads with some distress;Dry;Daylight;Normal;Vehicle with vehicle collision;2;1;Going straight;na;Not a Pedestrian;No distancing;Slight Injury
14:10:00;Wednesday;Male;High school;Owner;2-5yr;Automobile;Owner;Above 10yr;No defect;School areas;other;Tangent road with flat terrain;No junction;unknown;Dry;Daylight;Normal;Vehicle with vehicle collision;2;1;Going straight;Over 51;Not a Pedestrian;No distancing;Slight Injury
14:00:00;Friday;Male;unknown;Employee;unknown;Public (13?45 seats);Owner;2-5yrs;No defect;Other;Undivided Two way;Tangent road with flat terrain;Y Shape;Asphalt roads;Wet or damp;Daylight;Normal;Vehicle with vehicle collision;2;1;Going straight;31-50;Not a Pedestrian;Changing lane to the left;Slight Injury
14:00:00;Friday;Male;Junior high school;Owner;1-2yr;Automobile;Owner;1-2yr;No defect;Office areas;Undivided Two way;Tangent road with flat terrain;Y Shape;Asphalt roads;Wet or damp;Daylight;Normal;Vehicle with vehicle collision;2;1;Going straight;Over 51;Not a Pedestrian;No priority to vehicle;Slight Injury
22:05:00;Tuesday;Female;Junior high school;Unknown;Below 1yr;Public (13?45 seats);Owner;1-2yr;No defect;Residential areas;other;Steep grade downward with mountainous terrain;Crossing;Asphalt roads;Wet or damp;Darkness - lights lit;Normal;Vehicle with vehicle collision;2;1;Going straight;31-50;Not a Pedestrian;Driving at high speed;Slight Injury
22:05:00;Tuesday;Male;High school;Employee;1-2yr;Public (13?45 seats);Owner;1-2yr;No defect; Industrial areas;One way;Tangent road with flat terrain;Crossing;Asphalt roads;Wet or damp;Darkness - lights lit;Normal;Vehicle with vehicle collision;2;1;Going straight;Over 51;Not a Pedestrian;Overtaking;Slight Injury
07:00:00;Thursday;Male;Above high school;Employee;1-2yr;Automobile;Owner;2-5yrs;No defect;Other;Undivided Two way;Tangent road with flat terrain;Y Shape;Earth roads;Wet or damp;Darkness - lights lit;Windy;Collision with pedestrians;2;1;Unknown;18-30;Not a Pedestrian;Other;Slight Injury
07:00:00;Thursday;Male;Junior high school;Employee;Above 10yr;Lorry (11?40Q);Owner;1-2yr;No defect;Residential areas;Undivided Two way;Tangent road with flat terrain;Y Shape;Asphalt roads;Wet or damp;Darkness - lights lit;Windy;Collision with pedestrians;2;1;Moving Backward;18-30;Not a Pedestrian;Changing lane to the left;Slight Injury
07:35:00;Thursday;Male;High school;Employee;1-2yr;Automobile;Owner;1-2yr;No defect;  Recreational areas;Two-way (divided with broken lines road marking);Tangent road with flat terrain;Y Shape;Asphalt roads;Wet or damp;Darkness - lights lit;Raining;Vehicle with vehicle collision;2;1;Going straight;31-50;Not a Pedestrian;No priority to pedestrian;Slight Injury
07:35:00;Thursday;Unknown;Junior high school;Employee;2-5yr;Lorry (41?100Q);Owner;Unknown;7;Office areas;other;Tangent road with flat terrain;Y Shape;Asphalt roads;Wet or damp;Darkness - lights lit;Raining;Vehicle with vehicle collision;2;1;Turnover;31-50;Not a Pedestrian;Changing lane to the left;Slight Injury
08:43:00;Wednesday;Male;Above high school;Other;2-5yr;Other;Owner;unknown;No defect; Outside rural areas;Two-way (divided with broken lines road marking);Tangent road with flat terrain;Y Shape;Asphalt roads;Wet or damp;Daylight;Raining;Vehicle with vehicle collision;2;2;Turnover;na;Not a Pedestrian;No distancing;Slight Injury
08:43:00;Wednesday;Male;High school;Employee;Above 10yr;Pick up upto 10Q;Owner;1-2yr;No defect; Outside rural areas;Two-way (divided with broken lines road marking);Tangent road with flat terrain;Y Shape;Asphalt roads;Wet or damp;Daylight;Raining;Vehicle with vehicle collision;2;2;Reversing;Over 51;Not a Pedestrian;Moving Backward;Slight Injury
16:05:00;Tuesday;Male;Elementary school;Employee;5-10yr;Lorry (11?40Q);Owner;1-2yr;No defect; Outside rural areas;Undivided Two way;Tangent road with flat terrain;Y Shape;Asphalt roads;Wet or damp;Daylight;Normal;Vehicle with vehicle collision;1;1;Reversing;18-30;Not a Pedestrian;Changing lane to the left;Serious Injury
22:05:00;Friday;Male;High school;Employee;1-2yr;Motorcycle;Governmental;Below 1yr;No defect; Outside rural areas;Undivided Two way;Tangent road with flat terrain;Y Shape;Asphalt roads;Wet or damp;Darkness - lights lit;Raining;Vehicle with vehicle collision;2;3;Reversing;18-30;Not a Pedestrian;Other;Serious Injury
22:05:00;Friday;Male;High school;Employee;5-10yr;Pick up upto 10Q;Owner;unknown;No defect; Outside rural areas;other;Steep grade downward with mountainous terrain;Y Shape;Asphalt roads;Wet or damp;Darkness - lights lit;Raining;Vehicle with vehicle collision;2;3;Moving Backward;na;Not a Pedestrian;No distancing;Serious Injury
22:05:00;Friday;Male;High school;Employee;2-5yr;Lorry (11?40Q);Owner;unknown;No defect;School areas;other;Steep grade downward with mountainous terrain;Y Shape;Asphalt roads;Wet or damp;Darkness - lights lit;Raining;Vehicle with vehicle collision;2;3;Going straight;31-50;Not a Pedestrian;Moving Backward;Serious Injury
22:05:00;Friday;Male;Junior high school;Employee;1-2yr;Lorry (11?40Q);Owner;Above 10yr;No defect; Outside rural areas;Two-way (divided with broken lines road marking);Tangent road with flat terrain;Y Shape;Asphalt roads;Wet or damp;Darkness - lights lit;Raining;Vehicle with vehicle collision;2;3;Going straight;18-30;Not a Pedestrian;No distancing;Serious Injury
03:40:00;Saturday;Male;Above high school;Employee;Above 10yr;Automobile;Owner;unknown;No defect; Outside rural areas;Undivided Two way;Tangent road with flat terrain;Y Shape;Asphalt roads;Wet or damp;Darkness - lights lit;Windy;Vehicle with vehicle collision;1;1;Going straight;na;Not a Pedestrian;Changing lane to the left;Slight Injury
09:25:00;Tuesday;Male;Above high school;Employee;2-5yr;Automobile;Owner;unknown;No defect; Outside rural areas;Two-way (divided with broken lines road marking);Escarpments;Crossing;Gravel roads;Dry;Daylight;Normal;Vehicle with vehicle collision;6;1;Going straight;Over 51;Not a Pedestrian;Changing lane to the left;Slight Injury
09:25:00;Tuesday;Female;Elementary school;Employee;5-10yr;Other;Owner;2-5yrs;No defect; Outside rural areas;Two-way (divided with broken lines road marking);Tangent road with mountainous terrain and;Crossing;Asphalt roads;Dry;Daylight;Normal;Vehicle with vehicle collision;6;1;Going straight;na;Not a Pedestrian;No priority to pedestrian;Slight Injury
09:25:00;Tuesday;Female;Elementary school;Employee;1-2yr;Other;Owner;2-5yrs;No defect;Office areas;Undivided Two way;Tangent road with mountainous terrain and;Crossing;Asphalt roads;Dry;Daylight;Normal;Vehicle with vehicle collision;6;1;Going straight;31-50;Not a Pedestrian;Changing lane to the left;Slight Injury
09:25:00;Tuesday;Female;Junior high school;Employee;unknown;Automobile;Owner;2-5yrs;No defect; Outside rural areas;Undivided Two way;Tangent road with mountainous terrain and;Crossing;Asphalt roads;Dry;Daylight;Normal;Vehicle with vehicle collision;6;1;Going straight;18-30;Not a Pedestrian;Driving carelessly;Slight Injury
09:25:00;Tuesday;Female;unknown;unknown;unknown;Taxi;Owner;unknown;No defect; Outside rural areas;Undivided Two way;Tangent road with mountainous terrain and;Crossing;Asphalt roads;Dry;Daylight;Normal;Vehicle with vehicle collision;6;1;Going straight;na;Not a Pedestrian;Driving carelessly;Slight Injury
09:25:00;Tuesday;Female;Elementary school;Employee;5-10yr;Other;Owner;2-5yrs;No defect; Outside rural areas;Undivided Two way;Tangent road with flat terrain;Crossing;Asphalt roads;Dry;Daylight;Normal;Vehicle with vehicle collision;6;1;Going straight;Under 18;Crossing from driver's nearside;No priority to pedestrian;Slight Injury
07:58:00;Thursday;Male;Junior high school;Employee;2-5yr;Taxi;Owner;unknown;No defect;Office areas;Undivided Two way;Tangent road with flat terrain;Y Shape;Asphalt roads;Wet or damp;Daylight;Raining;Vehicle with vehicle collision;2;2;Going straight;18-30;Unknown or other;Getting off the vehicle improperly;Slight Injury
07:58:00;Thursday;Male;Junior high school;Employee;5-10yr;Lorry (11?40Q);Owner;unknown;No defect;  Recreational areas;Undivided Two way;Tangent road with flat terrain;Y Shape;Asphalt roads;Wet or damp;Daylight;Raining;Vehicle with vehicle collision;2;2;Going straight;na;Not a Pedestrian;No distancing;Slight Injury
20:15:00;Tuesday;Unknown;High school;Employee;2-5yr;Automobile;Owner;Above 10yr;No defect;Office areas;Undivided Two way;Tangent road with flat terrain;O Shape;Asphalt roads;Wet or damp;Darkness - no lighting;Raining;Vehicle with vehicle collision;2;1;Going straight;18-30;Not a Pedestrian;Changing lane to the left;Slight Injury
20:15:00;Tuesday;Male;Junior high school;Employee;1-2yr;Other;Owner;2-5yrs;No defect;Other;Two-way (divided with broken lines road marking);Tangent road with mild grade and flat terrain;O Shape;Asphalt roads;Wet or damp;Darkness - no lighting;Raining;Vehicle with vehicle collision;2;1;Going straight;31-50;Not a Pedestrian;No priority to vehicle;Slight Injury
17:10:00;Tuesday;Male;Junior high school;Employee;1-2yr;Automobile;Owner;Above 10yr;No defect;Residential areas;Two-way (divided with broken lines road marking);Tangent road with flat terrain;Y Shape;Asphalt roads;Wet or damp;Darkness - lights lit;Normal;Vehicle with vehicle collision;2;2;Going straight;na;Not a Pedestrian;No distancing;Slight Injury
17:10:00;Tuesday;Unknown;Junior high school;Employee;5-10yr;Automobile;Owner;Above 10yr;No defect;Residential areas;other;Tangent road with flat terrain;Y Shape;Asphalt roads;Wet or damp;Darkness - lights lit;Normal;Collision with roadside objects;2;2;Going straight;Over 51;Not a Pedestrian;No priority to pedestrian;Slight Injury
17:10:00;Tuesday;Male;Illiterate;Employee;unknown;Automobile;Owner;unknown;No defect;Residential areas;Undivided Two way;Tangent road with flat terrain;Y Shape;Asphalt roads;Wet or damp;Darkness - lights lit;Normal;Collision with roadside objects;2;2;Going straight;na;Not a Pedestrian;No priority to pedestrian;Slight Injury
15:30:00;Saturday;Female;Junior high school;Employee;5-10yr;Automobile;Owner;Above 10yr;No defect;Other;Undivided Two way;Tangent road with flat terrain;Y Shape;Asphalt roads;Wet or damp;Daylight;Normal;Vehicle with vehicle collision;2;2;Going straight;31-50;Crossing from nearside - masked by parked or statioNot a Pedestrianry vehicle;No priority to vehicle;Slight Injury
15:30:00;Saturday;Male;Junior high school;Employee;1-2yr;Lorry (41?100Q);Owner;unknown;No defect;Office areas;Two-way (divided with broken lines road marking);Tangent road with flat terrain;Y Shape;Asphalt roads;Wet or damp;Daylight;Normal;Vehicle with vehicle collision;2;2;Going straight;na;Not a Pedestrian;Driving carelessly;Slight Injury
09:47:00;Saturday;Male;Junior high school;Employee;2-5yr;Other;Owner;unknown;unknown;Other;Two-way (divided with broken lines road marking);Tangent road with flat terrain;Crossing;Asphalt roads;Wet or damp;Daylight;Raining;Vehicle with vehicle collision;3;1;Going straight;18-30;Not a Pedestrian;Changing lane to the right;Slight Injury
09:47:00;Saturday;Male;Junior high school;Employee;Above 10yr;Pick up upto 10Q;Owner;Above 10yr;unknown;Other;other;Tangent road with flat terrain;Crossing;Asphalt roads;Wet or damp;Daylight;Raining;Vehicle with vehicle collision;3;1;Going straight;na;Not a Pedestrian;Changing lane to the left;Slight Injury
09:47:00;Saturday;Male;Junior high school;Owner;5-10yr;Pick up upto 10Q;Owner;5-10yrs;unknown;Office areas;Two-way (divided with broken lines road marking);Tangent road with flat terrain;Crossing;Asphalt roads;Wet or damp;Daylight;Raining;Collision with roadside objects;3;1;Going straight;18-30;Not a Pedestrian;Moving Backward;Slight Injury
11:19:00;Monday;Female;High school;Employee;1-2yr;Automobile;Owner;Below 1yr;unknown; Church areas;other;Tangent road with flat terrain;No junction;Asphalt roads;Dry;Daylight;Normal;Vehicle with vehicle collision;2;1;Turnover;18-30;Not a Pedestrian;Driving carelessly;Serious Injury
11:19:00;Monday;Female;Junior high school;Employee;Above 10yr;Long lorry;Owner;Unknown;No defect;Other;Two-way (divided with broken lines road marking);Tangent road with flat terrain;No junction;Asphalt roads;Dry;Daylight;Normal;Collision with roadside objects;2;1;Reversing;na;Not a Pedestrian;Driving to the left;Serious Injury
13:13:00;Friday;Female;Junior high school;Employee;1-2yr;Automobile;Owner;unknown;unknown;Other;One way;Tangent road with flat terrain;No junction;Asphalt roads;Dry;Daylight;Normal;Collision with roadside objects;2;1;Moving Backward;18-30;Not a Pedestrian;Driving to the left;Slight Injury
13:13:00;Friday;Male;Junior high school;Employee;2-5yr;Public (13?45 seats);Owner;unknown;unknown;Office areas;Double carriageway (median);Tangent road with flat terrain;No junction;Asphalt roads;Dry;Daylight;Normal;Collision with pedestrians;2;1;Going straight;na;Not a Pedestrian;No priority to pedestrian;Slight Injury
15:55:00;Thursday;Male;Junior high school;Employee;Above 10yr;Lorry (41?100Q);Owner;unknown;unknown;Office areas;One way;Tangent road with mild grade and flat terrain;Y Shape;Other;Wet or damp;Daylight;Raining;Vehicle with vehicle collision;2;3;Moving Backward;Over 51;Not a Pedestrian;Changing lane to the left;Slight Injury
15:55:00;Thursday;Male;Junior high school;Employee;2-5yr;Public (13?45 seats);Owner;unknown;unknown;Office areas;Undivided Two way;Tangent road with flat terrain;Y Shape;unknown;Wet or damp;Daylight;Raining;Collision with roadside objects;2;3;Going straight;Over 51;Not a Pedestrian;Changing lane to the right;Slight Injury
15:55:00;Thursday;Unknown;Elementary school;Employee;5-10yr;Other;Owner;unknown;No defect;Office areas;Double carriageway (median);Tangent road with flat terrain;Y Shape;Asphalt roads;Wet or damp;Daylight;Raining;Vehicle with vehicle collision;2;3;Going straight;Over 51;Not a Pedestrian;Driving carelessly;Slight Injury
10:47:00;Thursday;Male;unknown;unknown;unknown;Lorry (41?100Q);Owner;Unknown;unknown;unknown;Two-way (divided with broken lines road marking);Tangent road with flat terrain;Y Shape;Asphalt roads;Wet or damp;Daylight;Normal;Vehicle with vehicle collision;2;2;Going straight;31-50;Not a Pedestrian;No distancing;Slight Injury
10:47:00;Thursday;Male;Elementary school;Employee;1-2yr;Lorry (41?100Q);Owner;Below 1yr;unknown;Office areas;Undivided Two way;Tangent road with flat terrain;Y Shape;Asphalt roads;Wet or damp;Daylight;Normal;Vehicle with vehicle collision;2;2;Going straight;Under 18;Not a Pedestrian;Getting off the vehicle improperly;Slight Injury
15:00:00;Thursday;Male;Elementary school;Employee;5-10yr;Long lorry;Owner;Unknown;unknown;Other;unknown;Tangent road with flat terrain;No junction;Asphalt roads;Dry;Daylight;Normal;Vehicle with vehicle collision;2;1;Going straight;18-30;Not a Pedestrian;Driving under the influence of drugs;Slight Injury
15:00:00;Thursday;Male;Elementary school;Employee;5-10yr;Pick up upto 10Q;Owner;unknown;unknown;Other;Double carriageway (median);Tangent road with flat terrain;No junction;Asphalt roads;Dry;Daylight;Normal;Vehicle with vehicle collision;2;1;Unknown;18-30;Not a Pedestrian;Changing lane to the right;Slight Injury
18:40:00;Thursday;Male;Junior high school;Employee;1-2yr;Pick up upto 10Q;Governmental;Unknown;unknown;Other;Two-way (divided with broken lines road marking);Tangent road with flat terrain;Y Shape;Asphalt roads;Wet or damp;Darkness - lights lit;Raining;Vehicle with vehicle collision;1;1;Going straight;na;Not a Pedestrian;Driving carelessly;Slight Injury
03:55:00;Monday;Male;Junior high school;Employee;5-10yr;Lorry (41?100Q);Owner;unknown;unknown;Office areas;unknown;Tangent road with flat terrain;No junction;Asphalt roads;Wet or damp;Darkness - lights lit;Raining and Windy;Collision with roadside objects;2;2;Unknown;31-50;Not a Pedestrian;Moving Backward;Slight Injury
03:55:00;Monday;Male;Junior high school;Employee;5-10yr;Lorry (41?100Q);Owner;unknown;unknown;Office areas;unknown;Tangent road with flat terrain;No junction;Asphalt roads;Wet or damp;Darkness - lights lit;Raining and Windy;Vehicle with vehicle collision;2;2;Going straight;na;Not a Pedestrian;Turnover;Slight Injury
03:55:00;Monday;Unknown;Junior high school;Employee;2-5yr;Automobile;Owner;unknown;unknown;Office areas;Two-way (divided with broken lines road marking);Tangent road with flat terrain;No junction;Asphalt roads;Wet or damp;Darkness - lights lit;Raining and Windy;Collision with roadside objects;2;2;Moving Backward;18-30;Not a Pedestrian;Changing lane to the right;Slight Injury
17:45:00;Sunday;Male;Junior high school;Employee;1-2yr;Other;Governmental;unknown;No defect;Office areas;Two-way (divided with broken lines road marking);Tangent road with flat terrain;Crossing;Asphalt roads;Dry;Darkness - lights lit;Normal;Vehicle with vehicle collision;2;3;Going straight;na;Not a Pedestrian;Driving carelessly;Slight Injury
17:45:00;Sunday;Male;Junior high school;Employee;5-10yr;unknown;Owner;2-5yrs;unknown; Church areas;Undivided Two way;Tangent road with flat terrain;Crossing;Asphalt roads;Dry;Darkness - lights lit;Normal;Vehicle with vehicle collision;2;3;Going straight;na;Not a Pedestrian;No priority to vehicle;Slight Injury
17:45:00;Sunday;Male;Junior high school;Employee;Below 1yr;Other;Governmental;unknown;unknown;Office areas;Two-way (divided with broken lines road marking);Tangent road with flat terrain;Crossing;Asphalt roads;Dry;Darkness - lights lit;Normal;Vehicle with vehicle collision;2;3;Moving Backward;18-30;Not a Pedestrian;Moving Backward;Slight Injury
17:45:00;Sunday;Male;Junior high school;Employee;5-10yr;Automobile;Governmental;Unknown;unknown;Residential areas;Two-way (divided with broken lines road marking);Tangent road with flat terrain;Crossing;Other;Dry;Darkness - lights lit;Normal;Collision with roadside objects;2;3;Going straight;Under 18;Not a Pedestrian;Changing lane to the left;Slight Injury
19:10:00;Friday;Male;Junior high school;Owner;5-10yr;Pick up upto 10Q;Owner;unknown;unknown;School areas;Two-way (divided with broken lines road marking);Tangent road with flat terrain;Crossing;Asphalt roads;Wet or damp;Darkness - lights lit;Raining;Collision with roadside objects;1;1;Turnover;Under 18;Crossing from nearside - masked by parked or statioNot a Pedestrianry vehicle;Overturning;Slight Injury
10:13:00;Thursday;Male;unknown;Owner;5-10yr;Automobile;Owner;Unknown;unknown;Office areas;Undivided Two way;Tangent road with flat terrain;Y Shape;Asphalt roads;Dry;Daylight;Normal;Vehicle with vehicle collision;2;1;Going straight;Under 18;Not a Pedestrian;No distancing;Serious Injury
10:13:00;Thursday;Male;Junior high school;Employee;5-10yr;Public (12 seats);Owner;5-10yrs;unknown;Other;Undivided Two way;Tangent road with flat terrain;Y Shape;Asphalt roads;Dry;Daylight;Normal;Vehicle with vehicle collision;2;1;Going straight;na;Not a Pedestrian;Driving carelessly;Serious Injury
09:48:00;Friday;Male;High school;Employee;2-5yr;Automobile;Owner;unknown;unknown;Other;Double carriageway (median);Tangent road with flat terrain;Crossing;Asphalt roads;Dry;Daylight;Normal;Vehicle with vehicle collision;2;1;Unknown;31-50;Not a Pedestrian;No distancing;Slight Injury