Time;Day_of_week;Sex_of_driver;Educational_level;Vehicle_driver_relation;Driving_experience;Type_of_vehicle;Owner_of_vehicle;Service_year_of_vehicle;Defect_of_vehicle;Area_accident_occured;Lanes_or_Medians;Road_allignment;Types_of_Junction;Road_surface_type;Road_surface_conditions;Light_conditions;Weather_conditions;Type_of_collision;Number_of_vehicles_involved;Number_of_casualties;Vehicle_movement;Age_band_of_casualty;Pedestrian_movement;Cause_of_accident;Accident_severity
09:48:00;Friday;Male;Above high school;Employee;5-10yr;Other;Governmental;unknown;No defect;Other;Double carriageway (median);Tangent road with flat terrain;Crossing;Asphalt roads;Dry;Daylight;Normal;Vehicle with vehicle collision;2;1;Going straight;18-30;Not a Pedestrian;Changing lane to the left;Slight Injury
16:20:00;Monday;Male;Junior high school;Employee;Above 10yr;Public (12 seats);Owner;5-10yrs;No defect;Other;Two-way (divided with broken lines road marking);Tangent road with flat terrain;Y Shape;Asphalt roads;Wet or damp;Darkness - lights lit;Normal;Vehicle with vehicle collision;2;1;Going straight;31-50;Not a Pedestrian;No priority to pedestrian;Slight Injury
16:20:00;Monday;Unknown;Junior high school;Employee;Below 1yr;Stationwagen;Owner;Unknown;No defect;Office areas;Double carriageway (median);Tangent road with mild grade and flat terrain;Y Shape;Asphalt roads;Wet or damp;Darkness - lights lit;Normal;Vehicle with vehicle collision;2;1;Going straight;31-50;Not a Pedestrian;No distancing;Slight Injury
19:40:00;Thursday;Male;Elementary school;Employee;5-10yr;Lorry (41?100Q);Owner;unknown;unknown;Office areas;Two-way (divided with broken lines road marking);Tangent road with flat terrain;Y Shape;Asphalt roads;Dry;Darkness - lights lit;Normal;Vehicle with vehicle collision;1;1;Going straight;Under 18;Not a Pedestrian;No distancing;Slight Injury
16:53:00;Wednesday;Male;Elementary school;Employee;2-5yr;Lorry (41?100Q);Owner;unknown;unknown;Office areas;unknown;Tangent road with mild grade and flat terrain;Y Shape;Asphalt roads;Dry;Darkness - lights lit;Normal;Collision with roadside objects;1;1;Reversing;Over 51;Not a Pedestrian;Changing lane to the left;Slight Injury
12:55:00;Wednesday;Male;Junior high school;Employee;2-5yr;Lorry (41?100Q);Owner;unknown;unknown;Office areas;unknown;Tangent road with mild grade and flat terrain;No junction;Other;Dry;Daylight;Normal;Collision with roadside objects;1;1;Going straight;na;Not a Pedestrian;No distancing;Slight Injury
19:32:00;Friday;Unknown;Junior high school;Employee;1-2yr;Automobile;Owner;unknown;unknown;Office areas;One way;Tangent road with flat terrain;Y Shape;Asphalt roads;Wet or damp;Darkness - lights lit;Raining;Collision with roadside objects;2;2;Moving Backward;31-50;Not a Pedestrian;Changing lane to the left;Slight Injury
19:32:00;Friday;Male;Junior high school;Employee;2-5yr;Lorry (41?100Q);unknown;unknown;unknown;Office areas;Two-way (divided with broken lines road marking);Tangent road with flat terrain;Y Shape;Asphalt roads;Wet or damp;Darkness - lights lit;Raining;Vehicle with vehicle collision;2;2;Going straight;na;Not a Pedestrian;No distancing;Slight Injury
17:35:00;Saturday;Male;Junior high school;Employee;2-5yr;unknown;Owner;unknown;unknown;Office areas;unknown;Tangent road with flat terrain;Crossing;unknown;Wet or damp;Darkness - lights lit;Raining;Vehicle with vehicle collision;2;2;Going straight;18-30;Not a Pedestrian;No distancing;Slight Injury
17:35:00;Saturday;Male;Junior high school;Employee;Above 10yr;Public (12 seats);Owner;5-10yrs;unknown;Other;Undivided Two way;Tangent road with flat terrain;Crossing;Asphalt roads;Wet or damp;Darkness - lights lit;Raining;Vehicle with vehicle collision;2;2;Going straight;Over 51;Not a Pedestrian;No distancing;Slight Injury
17:35:00;Saturday;Male;High school;Employee;Below 1yr;Automobile;Owner;unknown;No defect;Other;Two-way (divided with broken lines road marking);Tangent road with flat terrain;Crossing;Asphalt roads;Wet or damp;Darkness - lights lit;Raining;Vehicle with vehicle collision;2;2;Going straight;31-50;Not a Pedestrian;Changing lane to the left;Slight Injury
18:40:00;Tuesday;Male;Junior high school;Employee;2-5yr;Stationwagen;unknown;2-5yrs;No defect;Residential areas;Two-way (divided with broken lines road marking);Tangent road with flat terrain;Crossing;Asphalt roads;Dry;Darkness - lights lit;Normal;Collision with pedestrians;2;1;Going straight;Under 18;Not a Pedestrian;Changing lane to the right;Slight Injury
18:40:00;Tuesday;Male;High school;Employee;Above 10yr;Automobile;Owner;unknown;No defect;Other;Two-way (divided with broken lines road marking);Tangent road with flat terrain;Crossing;Earth roads;Dry;Darkness - lights lit;Normal;Collision with pedestrians;2;1;Turnover;na;Not a Pedestrian;Moving Backward;Slight Injury
15:47:00;Thursday;Male;Junior high school;Employee;Above 10yr;Lorry (41?100Q);Owner;5-10yrs;No defect;Other;Two-way (divided with broken lines road marking);Tangent road with flat terrain;Y Shape;Asphalt roads;Wet or damp;Daylight;Normal;Vehicle with vehicle collision;1;1;Going straight;18-30;Not a Pedestrian;Changing lane to the right;Slight Injury
14:57:00;Sunday;Male;High school;Employee;5-10yr;Other;Governmental;unknown;No defect;Other;Two-way (divided with broken lines road marking);Tangent road with flat terrain;No junction;Asphalt roads;Dry;Daylight;Normal;Vehicle with vehicle collision;1;1;Going straight;na;Not a Pedestrian;No distancing;Slight Injury
17:25:00;Friday;Male;Junior high school;Employee;Above 10yr;Pick up upto 10Q;Owner;5-10yrs;unknown;Other;Undivided Two way;Tangent road with flat terrain;Y Shape;Asphalt roads;Wet or damp;Darkness - no lighting;Normal;Vehicle with vehicle collision;2;2;Moving Backward;Under 18;Not a Pedestrian;Overtaking;Serious Injury
17:25:00;Friday;Male;Junior high school;Employee;1-2yr;unknown;Owner;unknown;unknown; Industrial areas;Undivided Two way;Tangent road with flat terrain;Y Shape;Asphalt roads;Wet or damp;Darkness - no lighting;Normal;Vehicle with vehicle collision;2;2;Going straight;na;Not a Pedestrian;Other;Serious Injury
17:25:00;Friday;Male;Junior high school;Employee;2-5yr;Lorry (41?100Q);Owner;5-10yrs;unknown; Industrial areas;Undivided Two way;Tangent road with flat terrain;Y Shape;Asphalt roads;Wet or damp;Darkness - no lighting;Normal;Vehicle with vehicle collision;2;2;Going straight;na;Not a Pedestrian;Other;Serious Injury
17:22:00;Sunday;Male;Elementary school;Employee;2-5yr;Automobile;Owner;unknown;No defect; Church areas;Double carriageway (median);Tangent road with flat terrain;Crossing;Asphalt roads;Wet or damp;Darkness - lights lit;Normal;Vehicle with vehicle collision;2;2;Going straight;31-50;Not a Pedestrian;Changing lane to the right;Serious Injury
17:22:00;Sunday;Male;Elementary school;Other;5-10yr;Public (13?45 seats);Owner;unknown;No defect;Other;Undivided Two way;Tangent road with flat terrain;Crossing;Asphalt roads;Wet or damp;Darkness - lights lit;Normal;Vehicle with vehicle collision;2;2;Other;Under 18;Not a Pedestrian;No priority to pedestrian;Serious Injury
16:05:00;Monday;Male;Junior high school;Employee;5-10yr;Automobile;Owner;Above 10yr;unknown;Other;Undivided Two way;Tangent road with flat terrain;Y Shape;Asphalt roads;Dry;Daylight;Normal;Vehicle with vehicle collision;3;1;Going straight;na;Not a Pedestrian;No priority to vehicle;Slight Injury
16:05:00;Monday;Male;High school;Owner;5-10yr;Lorry (41?100Q);Owner;Unknown;No defect;Office areas;Undivided Two way;Tangent road with flat terrain;Y Shape;Asphalt roads;Dry;Daylight;Normal;Vehicle with vehicle collision;3;1;Going straight;na;Not a Pedestrian;Changing lane to the left;Slight Injury
16:05:00;Monday;Male;Junior high school;Employee;Above 10yr;Public (12 seats);Owner;Unknown;No defect;Office areas;Undivided Two way;Tangent road with flat terrain;Y Shape;Asphalt roads;Dry;Daylight;Normal;Vehicle with vehicle collision;3;1;Turnover;18-30;Not a Pedestrian;Changing lane to the left;Slight Injury
09:00:00;Thursday;Male;Junior high school;Employee;Below 1yr;Motorcycle;Governmental;Below 1yr;unknown;Residential areas;Two-way (divided with broken lines road marking);Tangent road with flat terrain;Crossing;Asphalt roads;Wet or damp;Daylight;Other;Collision with roadside objects;2;1;Moving Backward;na;Not a Pedestrian;Overtaking;Slight Injury
09:00:00;Thursday;Male;Junior high school;Other;Below 1yr;Public (12 seats);Owner;Unknown;No defect; Industrial areas;Undivided Two way;Tangent road with flat terrain;Crossing;Asphalt roads;Wet or damp;Daylight;Other;Rollover;2;1;Going straight;31-50;Not a Pedestrian;No distancing;Slight Injury
08:55:00;Saturday;Male;Junior high school;Employee;Above 10yr;Lorry (41?100Q);Owner;unknown;No defect;Office areas;Undivided Two way;Tangent road with flat terrain;Y Shape;Asphalt roads;Dry;Daylight;Normal;Vehicle with vehicle collision;1;1;Going straight;na;Not a Pedestrian;No priority to vehicle;Slight Injury
10:44:00;Friday;Male;High school;Owner;5-10yr;Automobile;Owner;unknown;No defect;Other;Undivided Two way;Tangent road with flat terrain;No junction;Asphalt roads;Dry;Daylight;Normal;Vehicle with vehicle collision;1;1;Going straight;Over 51;Not a Pedestrian;Changing lane to the right;Slight Injury
16:18:00;Wednesday;Male;Elementary school;Owner;5-10yr;Lorry (41?100Q);Owner;unknown;unknown;Other;Two-way (divided with broken lines road marking);Tangent road with flat terrain;Unknown;Asphalt roads;Wet or damp;Darkness - lights lit;Normal;Vehicle with vehicle collision;1;1;Reversing;na;Not a Pedestrian;Changing lane to the left;Slight Injury
17:21:00;Thursday;Male;Junior high school;Employee;2-5yr;Stationwagen;Owner;unknown;No defect;Residential areas;Undivided Two way;Tangent road with flat terrain;No junction;Asphalt roads;Wet or damp;Darkness - lights lit;Normal;Vehicle with vehicle collision;4;2;Going straight;Over 51;Not a Pedestrian;No distancing;Slight Injury
17:21:00;Thursday;Male;Junior high school;Employee;2-5yr;Pick up upto 10Q;Owner;unknown;unknown;Office areas;Two-way (divided with broken lines road marking);Tangent road with flat terrain;No junction;Asphalt roads;Wet or damp;Darkness - lights lit;Normal;Vehicle with vehicle collision;4;2;Going straight;na;Not a Pedestrian;Driving carelessly;Slight Injury
17:21:00;Thursday;Male;Above high school;Employee;5-10yr;Automobile;Organization;unknown;unknown;Residential areas;other;Tangent road with flat terrain;No junction;Earth roads;Wet or damp;Darkness - lights lit;Normal;Collision with roadside objects;4;2;Going straight;18-30;Not a Pedestrian;No priority to pedestrian;Slight Injury
17:21:00;Thursday;Male;Junior high school;Owner;2-5yr;Automobile;Owner;unknown;unknown;Office areas;Two-way (divided with broken lines road marking);Tangent road with flat terrain;No junction;Asphalt roads;Wet or damp;Darkness - lights lit;Normal;Collision with roadside objects;4;2;Parked;na;Not a Pedestrian;Driving carelessly;Slight Injury
15:40:00;Monday;Male;unknown;unknown;unknown;unknown;unknown;unknown;unknown; Church areas;Two-way (divided with broken lines road marking);Tangent road with flat terrain;Y Shape;Asphalt roads;Dry;Daylight;Normal;Vehicle with vehicle collision;4;1;Going straight;Under 18;Unknown or other;Moving Backward;Slight Injury
15:40:00;Monday;Male;Junior high school;Employee;2-5yr;Other;Organization;5-10yrs;unknown;Residential areas;Two-way (divided with broken lines road marking);Tangent road with flat terrain;Y Shape;Asphalt roads;Dry;Daylight;Normal;Collision with roadside objects;4;1;Going straight;18-30;Not a Pedestrian;No distancing;Slight Injury
15:40:00;Monday;Male;Junior high school;Employee;5-10yr;Automobile;Owner;Above 10yr;unknown;School areas;other;Tangent road with flat terrain;Y Shape;Asphalt roads;Dry;Daylight;Normal;Vehicle with vehicle collision;4;1;Unknown;na;Not a Pedestrian;No distancing;Slight Injury
15:40:00;Monday;Female;Junior high school;Employee;2-5yr;Public (13?45 seats);Owner;5-10yrs;unknown; Hospital areas;other;Steep grade downward with mountainous terrain;Y Shape;Asphalt roads;Dry;Daylight;Normal;Vehicle with vehicle collision;4;1;Going straight;na;Not a Pedestrian;No distancing;Slight Injury
16:46:00;Thursday;Male;Elementary school;Employee;1-2yr;Public (13?45 seats);Owner;2-5yrs;unknown;Other;Undivided Two way;Tangent road with flat terrain;Y Shape;Asphalt roads;Wet or damp;Darkness - lights lit;Cloudy;Vehicle with vehicle collision;3;2;Going straight;18-30;Not a Pedestrian;Changing lane to the left;Slight Injury
16:46:00;Thursday;Unknown;High school;Employee;unknown;Automobile;Owner;unknown;unknown;School areas;Double carriageway (median);Tangent road with flat terrain;Y Shape;Asphalt roads;Wet or damp;Darkness - lights lit;Cloudy;Vehicle with vehicle collision;3;2;Stopping;Under 18;Not a Pedestrian;Changing lane to the left;Slight Injury
16:46:00;Thursday;Male;Junior high school;Owner;1-2yr;Public (12 seats);Owner;Above 10yr;No defect;Other;other;Tangent road with flat terrain;Y Shape;Asphalt roads;Wet or damp;Darkness - lights lit;Cloudy;Vehicle with vehicle collision;3;2;Going straight;31-50;Not a Pedestrian;Moving Backward;Slight Injury
17:45:00;Sunday;Male;Junior high school;Employee;2-5yr;Public (12 seats);Owner;5-10yrs;unknown; Industrial areas;Undivided Two way;Tangent road with flat terrain;Other;Asphalt roads;Wet or damp;Darkness - lights lit;Raining;Vehicle with vehicle collision;2;2;Overtaking;na;Not a Pedestrian;Changing lane to the right;Slight Injury
17:45:00;Sunday;Male;Junior high school;Employee;1-2yr;Lorry (41?100Q);Owner;Unknown;No defect; Church areas;Two-way (divided with broken lines road marking);Tangent road with flat terrain;Other;Asphalt roads;Wet or damp;Darkness - lights lit;Raining;Collision with pedestrians;2;2;Going straight;Over 51;Not a Pedestrian;No priority to vehicle;Slight Injury
11:45:00;Saturday;Female;Elementary school;Employee;Above 10yr;Automobile;Owner;unknown;No defect;Office areas;Two-way (divided with broken lines road marking);Tangent road with flat terrain;Y Shape;Earth roads;Snow;Daylight;Snow;Vehicle with vehicle collision;3;2;Reversing;na;Not a Pedestrian;Moving Backward;Slight Injury
11:45:00;Saturday;Male;Junior high school;Employee;2-5yr;Pick up upto 10Q;Owner;unknown;No defect;Other;Two-way (divided with broken lines road marking);Tangent road with flat terrain;Y Shape;Asphalt roads;Snow;Daylight;Snow;Collision with roadside objects;3;2;Going straight;Over 51;Not a Pedestrian;Driving carelessly;Slight Injury
11:45:00;Saturday;Unknown;Junior high school;Employee;2-5yr;Pick up upto 10Q;Owner;unknown;No defect;Office areas;Double carriageway (median);Tangent road with flat terrain;Y Shape;Asphalt roads;Snow;Daylight;Snow;Vehicle with vehicle collision;3;2;Going straight;18-30;Not a Pedestrian;Driving carelessly;Slight Injury
11:45:00;Saturday;Male;Junior high school;Employee;2-5yr;Lorry (41?100Q);Owner;unknown;No defect;Office areas;Double carriageway (median);Tangent road with flat terrain;Y Shape;Asphalt roads;Snow;Daylight;Snow;Collision with roadside objects;3;2;Unknown;na;Not a Pedestrian;Driving under the influence of drugs;Slight Injury
12:00:00;Saturday;Male;Junior high school;Employee;2-5yr;Automobile;Governmental;unknown;No defect;Office areas;Double carriageway (median);Tangent road with flat terrain;Crossing;Asphalt roads;Snow;Daylight;Snow;Vehicle with vehicle collision;3;2;Going straight;31-50;Not a Pedestrian;No priority to pedestrian;Slight Injury
12:00:00;Saturday;Male;Elementary school;Employee;2-5yr;Stationwagen;Owner;unknown;No defect;Residential areas;Double carriageway (median);Tangent road with flat terrain;Crossing;Asphalt roads;Snow;Daylight;Snow;Vehicle with vehicle collision;3;2;Moving Backward;na;Not a Pedestrian;No priority to vehicle;Slight Injury
12:00:00;Saturday;Male;Junior high school;Employee;2-5yr;Motorcycle;Owner;unknown;No defect;Office areas;Double carriageway (median);Tangent road with flat terrain;Crossing;Asphalt roads;Snow;Daylight;Snow;Collision with pedestrians;3;2;Going straight;18-30;Not a Pedestrian;Driving carelessly;Slight Injury
12:00:00;Saturday;Male;Elementary school;Employee;5-10yr;unknown;Owner;2-5yrs;unknown;Other;Undivided Two way;Tangent road with flat terrain;Crossing;Asphalt roads;Snow;Daylight;Snow;Vehicle with vehicle collision;3;2;Moving Backward;na;Not a Pedestrian;Moving Backward;Slight Injury
07:50:00;Friday;Male;Elementary school;Employee;2-5yr;Other;Owner;2-5yrs;unknown; Industrial areas;One way;unknown;No junction;Asphalt roads;Wet or damp;Daylight;Snow;Vehicle with vehicle collision;2;1;Going straight;31-50;Not a Pedestrian;Driving carelessly;Slight Injury
07:50:00;Friday;Male;Junior high school;Employee;Above 10yr;Automobile;Owner;unknown;No defect;Other;One way;Tangent road with flat terrain;No junction;Gravel roads;Wet or damp;Daylight;Snow;Vehicle with vehicle collision;2;1;Going straight;Under 18;Not a Pedestrian;No priority to vehicle;Slight Injury
19:55:00;Sunday;Male;Junior high school;Employee;Above 10yr;Automobile;Owner;unknown;No defect;Office areas;Double carriageway (median);Tangent road with flat terrain;No junction;Asphalt roads;Dry;Darkness - no lighting;Snow;Vehicle with vehicle collision;2;2;Unknown;na;Not a Pedestrian;Changing lane to the right;Slight Injury
19:55:00;Sunday;Male;High school;Employee;Above 10yr;unknown;Governmental;Unknown;unknown;Office areas;Two-way (divided with broken lines road marking);Tangent road with flat terrain;No junction;Asphalt roads;Dry;Darkness - no lighting;Snow;Collision with pedestrians;2;2;Going straight;Under 18;Crossing from offside - masked by  parked or statioNot a Pedestrianry vehicle;Changing lane to the left;Slight Injury
20:30:00;Sunday;Male;Junior high school;Employee;5-10yr;Public (> 45 seats);Governmental;unknown;No defect;unknown;Double carriageway (median);Tangent road with flat terrain;No junction;Asphalt roads;Wet or damp;Darkness - lights lit;Normal;Vehicle with vehicle collision;2;6;Going straight;Under 18;Crossing from offside - masked by  parked or statioNot a Pedestrianry vehicle;No priority to vehicle;Slight Injury
20:30:00;Sunday;Male;Junior high school;Owner;2-5yr;Automobile;Owner;unknown;unknown;Other;unknown;Tangent road with flat terrain;No junction;Asphalt roads;Wet or damp;Darkness - lights lit;Normal;Vehicle with vehicle collision;2;6;Going straight;na;Not a Pedestrian;Driving carelessly;Slight Injury
20:30:00;Sunday;Male;Elementary school;Employee;1-2yr;Other;Owner;Unknown;unknown;Office areas;Double carriageway (median);Tangent road with flat terrain;No junction;Asphalt roads;Wet or damp;Darkness - lights lit;Normal;Vehicle with vehicle collision;2;6;Turnover;18-30;Not a Pedestrian;Moving Backward;Slight Injury
20:30:00;Sunday;Male;Junior high school;Employee;2-5yr;Automobile;Owner;unknown;No defect;Office areas;Two-way (divided with broken lines road marking);Tangent road with flat terrain;No junction;Asphalt roads;Wet or damp;Darkness - lights lit;Normal;Vehicle with vehicle collision;2;6;Going straight;Under 18;In carriageway, statioNot a Pedestrianry - not crossing  (standing or playing);No distancing;Slight Injury
20:30:00;Sunday;Male;Junior high school;Employee;5-10yr;Other;Owner;5-10yrs;unknown;Office areas;Undivided Two way;Tangent road with flat terrain;No junction;Asphalt roads;Wet or damp;Darkness - lights lit;Normal;Collision with roadside objects;2;6;Going straight;31-50;Not a Pedestrian;Changing lane to the left;Slight Injury
20:30:00;Sunday;Male;unknown;unknown;unknown;Lorry (41?100Q);Owner;unknown;unknown;Other;Undivided Two way;Tangent road with flat terrain;No junction;Asphalt roads;Wet or damp;Darkness - lights lit;Normal;Vehicle with vehicle collision;2;6;Going straight;18-30;Not a Pedestrian;Changing lane to the left;Slight Injury
13:57:00;Wednesday;Unknown;Elementary school;Owner;5-10yr;Pick up upto 10Q;Owner;unknown;No defect;Other;Undivided Two way;Tangent road with flat terrain;Crossing;Asphalt roads;Snow;Daylight;Normal;Vehicle with vehicle collision;4;2;Reversing;Under 18;Not a Pedestrian;No distancing;Slight Injury
13:57:00;Wednesday;Male;High school;Other;Above 10yr;Public (13?45 seats);Owner;unknown;No defect;  Recreational areas;Undivided Two way;Tangent road with flat terrain;Crossing;Asphalt roads;Snow;Daylight;Normal;Vehicle with vehicle collision;4;2;Getting off;18-30;Not a Pedestrian;Changing lane to the left;Slight Injury
13:57:00;Wednesday;Female;Junior high school;Employee;Above 10yr;Automobile;Owner;unknown;No defect; Church areas;Undivided Two way;Tangent road with flat terrain;Crossing;Asphalt roads;Snow;Daylight;Normal;Vehicle with vehicle collision;4;2;Going straight;Under 18;Not a Pedestrian;Driving carelessly;Slight Injury
13:57:00;Wednesday;Female;Junior high school;Employee;1-2yr;Pick up upto 10Q;Other;1-2yr;No defect;  Recreational areas;other;Tangent road with flat terrain;Crossing;Asphalt roads;Snow;Daylight;Normal;Collision with roadside objects;4;2;Getting off;na;Not a Pedestrian;Changing lane to the left;Slight Injury
13:45:00;Sunday;Male;High school;Owner;unknown;Automobile;Owner;5-10yrs;No defect;School areas;other;Tangent road with flat terrain;No junction;Asphalt roads;Wet or damp;Daylight;Snow;Vehicle with vehicle collision;2;1;Going straight;na;Not a Pedestrian;No distancing;Slight Injury
13:45:00;Sunday;Male;Junior high school;Employee;2-5yr;Lorry (41?100Q);Owner;unknown;No defect; Church areas;Double carriageway (median);Tangent road with flat terrain;No junction;Asphalt roads;Wet or damp;Daylight;Snow;Vehicle with vehicle collision;2;1;Going straight;31-50;Not a Pedestrian;Changing lane to the right;Slight Injury
07:44:00;Friday;Male;Junior high school;Employee;5-10yr;Automobile;Owner;5-10yrs;unknown;Office areas;unknown;Tangent road with flat terrain;Y Shape;Asphalt roads;Dry;Darkness - lights lit;Normal;Vehicle with vehicle collision;2;1;Going straight;na;Not a Pedestrian;No distancing;Slight Injury
07:44:00;Friday;Male;Junior high school;Employee;2-5yr;Lorry (41?100Q);Owner;2-5yrs;unknown;Residential areas;One way;Steep grade downward with mountainous terrain;Y Shape;Asphalt roads;Dry;Darkness - lights lit;Normal;Vehicle with vehicle collision;2;1;Going straight;18-30;Not a Pedestrian;Driving to the left;Slight Injury
15:35:00;Thursday;Male;Junior high school;Employee;Above 10yr;Lorry (41?100Q);Owner;unknown;No defect;Other;One way;Tangent road with flat terrain;No junction;Asphalt roads;Dry;Daylight;Normal;Vehicle with vehicle collision;1;1;Going straight;Over 51;Crossing from offside - masked by  parked or statioNot a Pedestrianry vehicle;No distancing;Slight Injury
20:00:00;Friday;Male;Elementary school;Employee;5-10yr;Lorry (41?100Q);Owner;unknown;No defect;Other;Undivided Two way;Tangent road with flat terrain;Y Shape;Asphalt roads;Wet or damp;Darkness - lights lit;Cloudy;Vehicle with vehicle collision;2;2;Going straight;na;Not a Pedestrian;Overtaking;Slight Injury
20:00:00;Friday;Male;Junior high school;Employee;5-10yr;Public (13?45 seats);Governmental;1-2yr;No defect; Industrial areas;One way;Tangent road with flat terrain;Y Shape;Asphalt roads;Wet or damp;Darkness - lights lit;Cloudy;Vehicle with vehicle collision;2;2;Going straight;Over 51;Not a Pedestrian;Driving under the influence of drugs;Slight Injury
20:00:00;Friday;Male;Above high school;Employee;1-2yr;Automobile;Governmental;1-2yr;No defect; Church areas;other;Steep grade downward with mountainous terrain;Y Shape;Asphalt roads;Wet or damp;Darkness - lights lit;Cloudy;Vehicle with vehicle collision;2;2;Going straight;na;Not a Pedestrian;No priority to pedestrian;Slight Injury
17:46:00;Thursday;Male;Elementary school;Employee;Above 10yr;Other;Organization;1-2yr;No defect;Office areas;other;Tangent road with flat terrain;Y Shape;Earth roads;Snow;Darkness - lights lit;Other;Vehicle with vehicle collision;2;3;Going straight;18-30;Not a Pedestrian;Moving Backward;Slight Injury
17:46:00;Thursday;Male;Elementary school;Employee;5-10yr;Other;Owner;Unknown;No defect;Office areas;Undivided Two way;Tangent road with flat terrain;Y Shape;Asphalt roads;Snow;Darkness - lights lit;Other;Vehicle with vehicle collision;2;3;Moving Backward;31-50;Not a Pedestrian;Changing lane to the right;Slight Injury
17:46:00;Thursday;Male;Elementary school;Employee;2-5yr;Other;Owner;unknown;unknown;Office areas;Double carriageway (median);Tangent road with flat terrain;Y Shape;Asphalt roads;Snow;Darkness - lights lit;Other;Vehicle with vehicle collision;2;3;Going straight;18-30;Not a Pedestrian;Changing lane to the left;Slight Injury
14:20:00;Friday;Male;Elementary school;Employee;2-5yr;Automobile;Owner;2-5yrs;unknown;Other;Two-way (divided with broken lines road marking);Tangent road with flat terrain;Y Shape;Asphalt roads;Dry;Daylight;Normal;Collision with roadside objects;1;1;Going straight;na;Not a Pedestrian;Changing lane to the right;Slight Injury
12:15:00;Sunday;Male;Junior high school;Employee;5-10yr;Other;Owner;unknown;unknown;Office areas;Undivided Two way;Tangent road with flat terrain;Y Shape;Asphalt roads;Dry;Daylight;Normal;Collision with roadside objects;2;1;Going straight;18-30;Not a Pedestrian;Driving under the influence of drugs;Slight Injury
12:15:00;Sunday;Unknown;Junior high school;Employee;1-2yr;Lorry (41?100Q);Owner;unknown;No defect;Other;Double carriageway (median);Tangent road with flat terrain;Y Shape;Asphalt roads;Dry;Daylight;Normal;Collision with roadside objects;2;1;Going straight;na;Not a Pedestrian;No priority to vehicle;Slight Injury
07:40:00;Tuesday;Male;Junior high school;Employee;5-10yr;Public (12 seats);Owner;Above 10yr;No defect; Industrial areas;Two-way (divided with broken lines road marking);Tangent road with flat terrain;Y Shape;Asphalt roads;Wet or damp;Darkness - lights lit;Normal;Collision with pedestrians;1;1;Going straight;18-30;Not a Pedestrian;No priority to vehicle;Slight Injury
16:10:00;Wednesday;Male;Junior high school;Employee;5-10yr;Lorry (41?100Q);Owner;unknown;No defect;Residential areas;other;Tangent road with flat terrain;Y Shape;Asphalt roads;Wet or damp;Darkness - lights lit;Raining;Vehicle with vehicle collision;1;1;Going straight;na;Not a Pedestrian;Changing lane to the left;Slight Injury
08:35:00;Wednesday;Male;Above high school;Employee;5-10yr;Public (12 seats);Owner;unknown;No defect;Other;Two-way (divided with broken lines road marking);Tangent road with flat terrain;Y Shape;Gravel roads;Wet or damp;Daylight;Windy;Vehicle with vehicle collision;2;1;Going straight;18-30;Not a Pedestrian;Changing lane to the right;Slight Injury
08:35:00;Wednesday;Male;Junior high school;Employee;Above 10yr;Lorry (41?100Q);Owner;5-10yrs;unknown;Other;One way;Tangent road with flat terrain;Y Shape;Asphalt roads;Wet or damp;Daylight;Windy;Collision with pedestrians;2;1;Going straight;Under 18;Unknown or other;Changing lane to the right;Slight Injury
08:40:00;Wednesday;Male;Elementary school;Employee;2-5yr;Other;Owner;1-2yr;No defect;Other;One way;Tangent road with flat terrain;Y Shape;Asphalt roads;Dry;Daylight;Normal;Vehicle with vehicle collision;1;1;Going straight;na;Not a Pedestrian;Changing lane to the left;Slight Injury
18:49:00;Tuesday;Male;Junior high school;Employee;5-10yr;Lorry (41?100Q);Owner;unknown;unknown;Other;Undivided Two way;Tangent road with flat terrain;Y Shape;Asphalt roads;Dry;Darkness - lights lit;Normal;Vehicle with vehicle collision;1;1;Going straight;31-50;Not a Pedestrian;Changing lane to the left;Slight Injury
12:46:00;Friday;Male;unknown;unknown;unknown;unknown;unknown;unknown;unknown;Other;Two-way (divided with broken lines road marking);Tangent road with flat terrain;Y Shape;Other;Dry;Daylight;Normal;Vehicle with vehicle collision;2;1;Going straight;na;Not a Pedestrian;Getting off the vehicle improperly;Slight Injury
12:46:00;Friday;Male;Junior high school;Employee;5-10yr;Public (> 45 seats);Governmental;Below 1yr;No defect;Residential areas;other;Steep grade downward with mountainous terrain;Y Shape;Asphalt roads;Dry;Daylight;Normal;Vehicle with vehicle collision;2;1;Going straight;na;Not a Pedestrian;Overtaking;Slight Injury
07:40:00;Wednesday;Male;Junior high school;Employee;unknown;Lorry (41?100Q);Owner;unknown;No defect;Office areas;Two-way (divided with broken lines road marking);Tangent road with flat terrain;Y Shape;Asphalt roads;Dry;Daylight;Normal;Vehicle with vehicle collision;2;1;Going straight;18-30;Not a Pedestrian;Changing lane to the left;Slight Injury
07:40:00;Wednesday;Unknown;Junior high school;Employee;unknown;Other;Owner;unknown;unknown;Office areas;Two-way (divided with broken lines road marking);Tangent road with flat terrain;Y Shape;Asphalt roads;Dry;Daylight;Normal;Vehicle with vehicle collision;2;1;Going straight;na;Not a Pedestrian;Driving under the influence of drugs;Slight Injury