Time;Day_of_week;Sex_of_driver;Educational_level;Vehicle_driver_relation;Driving_experience;Type_of_vehicle;Owner_of_vehicle;Service_year_of_vehicle;Defect_of_vehicle;Area_accident_occured;Lanes_or_Medians;Road_allignment;Types_of_Junction;Road_surface_type;Road_surface_conditions;Light_conditions;Weather_conditions;Type_of_collision;Number_of_vehicles_involved;Number_of_casualties;Vehicle_movement;Age_band_of_casualty;Pedestrian_movement;Cause_of_accident;Accident_severity
08:50:00;Thursday;Male;Elementary school;Employee;Above 10yr;Automobile;Owner;2-5yrs;No defect; Industrial areas;Two-way (divided with broken lines road marking);Tangent road with flat terrain;Y Shape;Asphalt roads;Dry;Daylight;Normal;Vehicle with vehicle collision;2;1;Unknown;na;Not a Pedestrian;Overtaking;Slight Injury
08:50:00;Thursday;Male;Junior high school;Employee;1-2yr;Lorry (41?100Q);Owner;Unknown;No defect;Office areas;Undivided Two way;Tangent road with flat terrain;Y Shape;Asphalt roads;Dry;Daylight;Normal;Vehicle with vehicle collision;2;1;Going straight;18-30;Crossing from nearside - masked by parked or statioNot a Pedestrianry vehicle;No distancing;Slight Injury
08:08:00;Tuesday;Male;unknown;unknown;unknown;unknown;Owner;unknown;unknown;Other;Undivided Two way;Tangent road with flat terrain;Y Shape;Asphalt roads;Dry;Daylight;Normal;Vehicle with vehicle collision;1;1;Unknown;Under 18;Crossing from driver's nearside;Driving carelessly;Serious Injury
15:33:00;Tuesday;Male;High school;Owner;5-10yr;Automobile;Owner;Above 10yr;unknown;Other;Two-way (divided with broken lines road marking);Tangent road with flat terrain;Y Shape;Asphalt roads;Dry;Daylight;Normal;Vehicle with vehicle collision;2;1;Going straight;18-30;Not a Pedestrian;No priority to vehicle;Slight Injury
15:33:00;Tuesday;Male;Elementary school;Employee;2-5yr;Stationwagen;Owner;Unknown;unknown;Office areas;Two-way (divided with broken lines road marking);Tangent road with flat terrain;Y Shape;Asphalt roads;Dry;Daylight;Normal;Vehicle with vehicle collision;2;1;Moving Backward;na;Not a Pedestrian;No priority to vehicle;Slight Injury
18:20:00;Sunday;Male;unknown;unknown;unknown;unknown;unknown;unknown;unknown; Church areas;unknown;Tangent road with flat terrain;Crossing;Asphalt roads;Dry;Daylight;Normal;Vehicle with vehicle collision;2;1;Going straight;na;Not a Pedestrian;No priority to vehicle;Slight Injury
18:20:00;Sunday;Male;unknown;unknown;unknown;unknown;Owner;unknown;unknown;Office areas;other;Tangent road with flat terrain;Crossing;Asphalt roads;Dry;Daylight;Normal;Collision with roadside objects;2;1;Going straight;31-50;Not a Pedestrian;No priority to vehicle;Slight Injury
09:55:00;Monday;Male;High school;Owner;1-2yr;Automobile;Owner;unknown;unknown;Residential areas;other;Tangent road with flat terrain;No junction;Asphalt roads;Wet or damp;Daylight;Normal;Rollover;2;1;Moving Backward;Under 18;Not a Pedestrian;No distancing;Slight Injury
09:55:00;Monday;Male;Junior high school;Employee;1-2yr;Stationwagen;Owner;Unknown;No defect;  Recreational areas;Two-way (divided with broken lines road marking);Tangent road with flat terrain;No junction;Asphalt roads;Wet or damp;Daylight;Normal;Vehicle with vehicle collision;2;1;Going straight;31-50;Not a Pedestrian;Moving Backward;Slight Injury
20:16:00;Wednesday;Unknown;Junior high school;Employee;1-2yr;Automobile;Governmental;5-10yrs;unknown;Other;other;Tangent road with flat terrain;Crossing;Asphalt roads;Dry;Darkness - lights lit;Normal;Vehicle with vehicle collision;1;1;Turnover;31-50;Not a Pedestrian;No distancing;Slight Injury
09:05:00;Monday;Male;Junior high school;Employee;Above 10yr;Other;Owner;Unknown;No defect; Church areas;Undivided Two way;Tangent road with flat terrain;Y Shape;Asphalt roads;Dry;Daylight;Normal;Vehicle with vehicle collision;3;1;Going straight;31-50;Crossing from driver's nearside;Changing lane to the left;Slight Injury
09:05:00;Monday;Male;Junior high school;Employee;1-2yr;Other;Owner;Unknown;No defect;Other;One way;Tangent road with flat terrain;Y Shape;Asphalt roads;Dry;Daylight;Normal;Vehicle with vehicle collision;3;1;Going straight;na;Not a Pedestrian;Changing lane to the left;Slight Injury
09:05:00;Monday;Female;High school;Owner;Above 10yr;Automobile;Owner;Above 10yr;No defect;Other;Two-way (divided with broken lines road marking);Tangent road with flat terrain;Y Shape;Asphalt roads;Dry;Daylight;Normal;Vehicle with vehicle collision;3;1;Unknown;18-30;Not a Pedestrian;No priority to pedestrian;Slight Injury
20:00:00;Wednesday;Male;Junior high school;Employee;Above 10yr;Lorry (41?100Q);Owner;5-10yrs;unknown; Church areas;Undivided Two way;Tangent road with flat terrain;No junction;Asphalt roads;Wet or damp;Darkness - lights lit;Raining;Vehicle with vehicle collision;1;1;Going straight;na;Not a Pedestrian;Moving Backward;Fatal injury
11:30:00;Tuesday;Male;Junior high school;Employee;1-2yr;Lorry (41?100Q);Owner;Unknown;unknown;Office areas;Two-way (divided with broken lines road marking);Tangent road with mild grade and flat terrain;Crossing;Gravel roads;Wet or damp;Daylight;Normal;Vehicle with vehicle collision;4;6;Going straight;na;Not a Pedestrian;Changing lane to the left;Serious Injury
11:30:00;Tuesday;Male;Junior high school;Employee;1-2yr;Lorry (41?100Q);Owner;Unknown;unknown;Office areas;Double carriageway (median);Tangent road with flat terrain;Crossing;Asphalt roads;Wet or damp;Daylight;Normal;Vehicle with vehicle collision;4;6;Going straight;18-30;Not a Pedestrian;No distancing;Serious Injury
11:30:00;Tuesday;Male;High school;Employee;2-5yr;Automobile;Organization;5-10yrs;No defect; Church areas;Two-way (divided with broken lines road marking);Tangent road with flat terrain;Crossing;Asphalt roads;Wet or damp;Daylight;Normal;Collision with roadside objects;4;6;Going straight;31-50;Not a Pedestrian;No priority to vehicle;Serious Injury
11:30:00;Tuesday;Male;Junior high school;Employee;2-5yr;Automobile;Organization;2-5yrs;No defect;Other;Undivided Two way;Tangent road with mountainous terrain and;Crossing;Asphalt roads;Wet or damp;Daylight;Normal;Vehicle with vehicle collision;4;6;Reversing;18-30;Crossing from offside - masked by  parked or statioNot a Pedestrianry vehicle;Changing lane to the right;Serious Injury
11:30:00;Tuesday;Male;Junior high school;Employee;1-2yr;Public (13?45 seats);Owner;Unknown;No defect;Other;Undivided Two way;Tangent road with flat terrain;Crossing;Asphalt roads;Wet or damp;Daylight;Normal;Vehicle with vehicle collision;4;6;Going straight;Over 51;Not a Pedestrian;No distancing;Serious Injury
11:30:00;Tuesday;Male;Elementary school;Employee;5-10yr;Public (13?45 seats);Owner;Unknown;No defect; Church areas;Undivided Two way;Tangent road with flat terrain;Crossing;Asphalt roads;Wet or damp;Daylight;Normal;Vehicle with vehicle collision;4;6;Moving Backward;na;Not a Pedestrian;No distancing;Serious Injury
11:30:00;Tuesday;Male;Junior high school;Employee;5-10yr;Lorry (41?100Q);Owner;5-10yrs;No defect; Industrial areas;Two-way (divided with broken lines road marking);Tangent road with mild grade and flat terrain;Crossing;Asphalt roads;Wet or damp;Daylight;Normal;Vehicle with vehicle collision;4;6;Going straight;31-50;Not a Pedestrian;Getting off the vehicle improperly;Serious Injury
14:00:00;Saturday;Male;Junior high school;Employee;1-2yr;Lorry (41?100Q);Owner;Unknown;No defect;Office areas;Undivided Two way;Tangent road with flat terrain;Y Shape;Asphalt roads;Dry;Daylight;Normal;Collision with pedestrians;2;1;Going straight;na;Not a Pedestrian;No priority to pedestrian;Slight Injury
14:00:00;Saturday;Male;Elementary school;Other;5-10yr;Public (12 seats);Owner;Unknown;No defect;School areas;Undivided Two way;Tangent road with flat terrain;Y Shape;Asphalt roads;Dry;Daylight;Normal;Collision with pedestrians;2;1;Going straight;18-30;Not a Pedestrian;Changing lane to the left;Slight Injury
20:55:00;Friday;Male;Junior high school;Employee;2-5yr;Other;Owner;Unknown;No defect;Other;Undivided Two way;Tangent road with flat terrain;Crossing;Asphalt roads;Dry;Darkness - lights lit;Normal;Vehicle with vehicle collision;3;5;Going straight;18-30;Not a Pedestrian;No distancing;Serious Injury
20:55:00;Friday;Male;Elementary school;Employee;5-10yr;Lorry (41?100Q);Owner;Unknown;No defect; Church areas;One way;Tangent road with flat terrain;Crossing;Asphalt roads;Dry;Darkness - lights lit;Normal;Vehicle with vehicle collision;3;5;Going straight;na;Not a Pedestrian;Driving carelessly;Serious Injury
20:55:00;Friday;Male;Junior high school;Employee;Above 10yr;Automobile;Owner;Unknown;No defect;Office areas;Undivided Two way;Tangent road with flat terrain;Crossing;Asphalt roads;Dry;Darkness - lights lit;Normal;Vehicle with vehicle collision;3;5;Turnover;31-50;Not a Pedestrian;No distancing;Serious Injury
20:55:00;Friday;Male;Junior high school;Employee;Above 10yr;Other;Owner;Unknown;No defect;Other;other;Steep grade downward with mountainous terrain;Crossing;Asphalt roads;Dry;Darkness - lights lit;Normal;Rollover;3;5;Going straight;na;Not a Pedestrian;Changing lane to the right;Serious Injury
20:55:00;Friday;Male;Elementary school;Owner;2-5yr;Motorcycle;Owner;2-5yrs;No defect;Other;other;Tangent road with flat terrain;Crossing;Asphalt roads;Dry;Darkness - lights lit;Normal;Vehicle with vehicle collision;3;5;Going straight;na;Not a Pedestrian;Overtaking;Serious Injury
20:55:00;Friday;Female;Elementary school;Employee;5-10yr;Automobile;Owner;Unknown;unknown;Other;Two-way (divided with broken lines road marking);Tangent road with flat terrain;Crossing;Asphalt roads;Dry;Darkness - lights lit;Normal;Vehicle with vehicle collision;3;5;Moving Backward;31-50;Not a Pedestrian;Driving carelessly;Serious Injury
19:07:00;Friday;Male;Junior high school;Owner;1-2yr;Automobile;Owner;2-5yrs;unknown;Other;One way;Tangent road with flat terrain;Y Shape;Asphalt roads;Dry;Darkness - lights lit;Normal;Collision with pedestrians;2;2;Going straight;Under 18;Not a Pedestrian;Moving Backward;Slight Injury
19:07:00;Friday;Male;Elementary school;Employee;Above 10yr;Lorry (41?100Q);Owner;Above 10yr;No defect; Church areas;Two-way (divided with broken lines road marking);Tangent road with mild grade and flat terrain;Y Shape;Asphalt roads;Dry;Darkness - lights lit;Normal;Vehicle with vehicle collision;2;2;Going straight;na;Not a Pedestrian;No distancing;Slight Injury
23:22:00;Saturday;Male;Junior high school;Employee;5-10yr;Automobile;Governmental;2-5yrs;No defect;Residential areas;Two-way (divided with broken lines road marking);Tangent road with flat terrain;Crossing;Asphalt roads;Dry;Darkness - lights lit;Normal;Vehicle with vehicle collision;1;1;Going straight;Over 51;Crossing from nearside - masked by parked or statioNot a Pedestrianry vehicle;Overtaking;Serious Injury
18:35:00;Thursday;Male;Junior high school;Employee;2-5yr;Public (> 45 seats);Owner;2-5yrs;No defect;Office areas;Two-way (divided with broken lines road marking);Tangent road with mild grade and flat terrain;No junction;Gravel roads;Dry;Darkness - lights lit;Normal;Vehicle with vehicle collision;1;1;Other;Under 18;Not a Pedestrian;Driving carelessly;Slight Injury
13:43:00;Monday;Male;Elementary school;Employee;Above 10yr;Lorry (41?100Q);Owner;2-5yrs;No defect;Other;Two-way (divided with broken lines road marking);Tangent road with flat terrain;Y Shape;Asphalt roads;Dry;Daylight;Normal;Collision with pedestrians;2;1;Going straight;na;Not a Pedestrian;Driving carelessly;Slight Injury
13:43:00;Monday;Male;Junior high school;Employee;2-5yr;Public (> 45 seats);Owner;2-5yrs;No defect;Office areas;Two-way (divided with broken lines road marking);Tangent road with mild grade and flat terrain;Y Shape;Gravel roads;Dry;Daylight;Normal;Vehicle with vehicle collision;2;1;Going straight;18-30;Not a Pedestrian;Moving Backward;Slight Injury
08:40:00;Sunday;Male;Elementary school;Employee;Above 10yr;Lorry (41?100Q);Owner;2-5yrs;No defect;Other;Two-way (divided with broken lines road marking);Tangent road with flat terrain;No junction;Asphalt roads;Wet or damp;Daylight;Normal;Collision with pedestrians;2;1;Turnover;na;Not a Pedestrian;Driving carelessly;Slight Injury
08:40:00;Sunday;Female;Junior high school;Employee;Above 10yr;Lorry (41?100Q);Owner;1-2yr;No defect; Church areas;Undivided Two way;Tangent road with flat terrain;No junction;Asphalt roads;Wet or damp;Daylight;Normal;Vehicle with vehicle collision;2;1;Moving Backward;31-50;Not a Pedestrian;Driving to the left;Slight Injury
08:28:00;Monday;Male;Junior high school;Employee;2-5yr;Lorry (41?100Q);Owner;Unknown;No defect;Office areas;Two-way (divided with broken lines road marking);Tangent road with flat terrain;Y Shape;Asphalt roads;Dry;Daylight;Normal;Vehicle with vehicle collision;2;1;Going straight;na;Not a Pedestrian;Changing lane to the left;Slight Injury
08:28:00;Monday;Male;Junior high school;Employee;Above 10yr;Public (12 seats);Owner;Unknown;No defect;Other;Two-way (divided with broken lines road marking);Tangent road with flat terrain;Y Shape;Asphalt roads;Dry;Daylight;Normal;Vehicle with vehicle collision;2;1;Going straight;na;Not a Pedestrian;No distancing;Slight Injury
13:00:00;Saturday;Unknown;Junior high school;Employee;Above 10yr;Public (12 seats);Owner;Unknown;No defect;Other;Two-way (divided with broken lines road marking);Tangent road with flat terrain;Y Shape;Asphalt roads;Dry;Daylight;Normal;Vehicle with vehicle collision;2;1;Going straight;18-30;Not a Pedestrian;No distancing;Slight Injury
13:00:00;Saturday;Male;Junior high school;Employee;Below 1yr;Stationwagen;Owner;Above 10yr;unknown;School areas;Two-way (divided with broken lines road marking);Tangent road with flat terrain;Y Shape;Asphalt roads;Dry;Daylight;Normal;Vehicle with vehicle collision;2;1;Reversing;Under 18;Not a Pedestrian;Changing lane to the right;Slight Injury
16:35:00;Saturday;Male;Junior high school;Owner;Above 10yr;Lorry (41?100Q);Owner;Unknown;No defect; Church areas;Double carriageway (median);Tangent road with mild grade and flat terrain;No junction;Asphalt roads;Dry;Daylight;Normal;Collision with roadside objects;2;1;Going straight;Under 18;Not a Pedestrian;Driving under the influence of drugs;Slight Injury
16:35:00;Saturday;Male;High school;Other;Above 10yr;Automobile;Owner;Unknown;unknown;School areas;Undivided Two way;Tangent road with flat terrain;No junction;Asphalt roads;Dry;Daylight;Normal;Vehicle with vehicle collision;2;1;Going straight;na;Not a Pedestrian;Changing lane to the right;Slight Injury
10:39:00;Wednesday;Unknown;Junior high school;Employee;5-10yr;Pick up upto 10Q;Owner;2-5yrs;No defect;Residential areas;Double carriageway (median);Tangent road with flat terrain;No junction;Asphalt roads;Wet or damp;Daylight;Raining;Vehicle with vehicle collision;1;1;Going straight;18-30;Not a Pedestrian;Changing lane to the left;Slight Injury
12:55:00;Monday;Male;Elementary school;unknown;unknown;Automobile;unknown;unknown;unknown;Office areas;Two-way (divided with broken lines road marking);Tangent road with flat terrain;Y Shape;Asphalt roads;Dry;Daylight;Normal;Collision with roadside objects;3;1;Parked;na;Not a Pedestrian;Moving Backward;Slight Injury
12:55:00;Monday;Female;Junior high school;Employee;5-10yr;Public (13?45 seats);Owner;Unknown;unknown;Office areas;Undivided Two way;Tangent road with flat terrain;Y Shape;Asphalt roads;Dry;Daylight;Normal;Vehicle with vehicle collision;3;1;Going straight;18-30;Not a Pedestrian;No distancing;Slight Injury
12:55:00;Monday;Male;Junior high school;Employee;5-10yr;Public (> 45 seats);Governmental;5-10yrs;No defect; Church areas;Two-way (divided with broken lines road marking);Tangent road with flat terrain;Y Shape;Asphalt roads;Dry;Daylight;Normal;Vehicle with vehicle collision;3;1;Going straight;18-30;Not a Pedestrian;Changing lane to the right;Slight Injury
15:20:00;Sunday;Male;Junior high school;Owner;Below 1yr;Stationwagen;Owner;2-5yrs;unknown;Residential areas;Undivided Two way;Tangent road with flat terrain;No junction;Asphalt roads;Dry;Daylight;Normal;Vehicle with vehicle collision;2;3;Unknown;Over 51;Crossing from nearside - masked by parked or statioNot a Pedestrianry vehicle;Moving Backward;Slight Injury
15:20:00;Sunday;Male;Junior high school;Employee;5-10yr;unknown;Owner;Unknown;No defect;Office areas;other;Tangent road with flat terrain;No junction;Asphalt roads;Dry;Daylight;Normal;Vehicle with vehicle collision;2;3;Going straight;Over 51;Not a Pedestrian;No distancing;Slight Injury
15:20:00;Sunday;Male;Elementary school;Employee;2-5yr;Lorry (41?100Q);Owner;2-5yrs;No defect;Residential areas;One way;Tangent road with flat terrain;No junction;Asphalt roads;Dry;Daylight;Normal;Collision with pedestrians;2;3;Going straight;18-30;Not a Pedestrian;Driving to the left;Slight Injury
14:45:00;Sunday;Male;Junior high school;Owner;2-5yr;Stationwagen;Owner;2-5yrs;No defect;Other;Two-way (divided with broken lines road marking);Tangent road with flat terrain;No junction;Asphalt roads;Dry;Daylight;Normal;Collision with pedestrians;1;1;Stopping;Under 18;Not a Pedestrian;Driving to the left;Serious Injury
17:22:00;Tuesday;Male;Elementary school;Employee;2-5yr;Lorry (41?100Q);Governmental;2-5yrs;No defect;Other;Two-way (divided with broken lines road marking);Tangent road with flat terrain;Other;Asphalt roads;Dry;Daylight;Normal;Vehicle with vehicle collision;2;1;Going straight;Under 18;Not a Pedestrian;Moving Backward;Slight Injury
17:22:00;Tuesday;Male;Junior high school;Owner;2-5yr;Public (12 seats);Owner;Unknown;No defect;Residential areas;Two-way (divided with broken lines road marking);Tangent road with flat terrain;Other;Asphalt roads;Dry;Daylight;Normal;Vehicle with vehicle collision;2;1;Overtaking;Under 18;Not a Pedestrian;Moving Backward;Slight Injury
10:58:00;Tuesday;Male;Junior high school;Employee;Above 10yr;Lorry (41?100Q);Owner;5-10yrs;No defect; Industrial areas;Undivided Two way;Tangent road with flat terrain;Crossing;Asphalt roads;Dry;Daylight;Normal;Collision with roadside objects;2;1;Going straight;31-50;Not a Pedestrian;Overtaking;Slight Injury
10:58:00;Tuesday;Male;Junior high school;Employee;2-5yr;Other;Owner;2-5yrs;No defect;Other;Undivided Two way;Steep grade downward with mountainous terrain;Crossing;Asphalt roads;Dry;Daylight;Normal;Vehicle with vehicle collision;2;1;Reversing;18-30;Not a Pedestrian;Driving carelessly;Slight Injury
14:57:00;Monday;Male;Junior high school;Employee;1-2yr;Stationwagen;Owner;1-2yr;No defect;Office areas;Undivided Two way;Tangent road with flat terrain;Crossing;Asphalt roads;Dry;Daylight;Normal;Vehicle with vehicle collision;3;2;Going straight;18-30;Not a Pedestrian;Changing lane to the left;Slight Injury
14:57:00;Monday;Male;Junior high school;Employee;2-5yr;Automobile;Organization;2-5yrs;No defect;Other;Two-way (divided with broken lines road marking);Tangent road with mountainous terrain and;Crossing;Asphalt roads;Dry;Daylight;Normal;Vehicle with vehicle collision;3;2;Going straight;18-30;Unknown or other;Driving under the influence of drugs;Slight Injury
14:57:00;Monday;Female;Junior high school;Employee;1-2yr;Public (> 45 seats);Governmental;1-2yr;unknown;Other;Undivided Two way;Tangent road with flat terrain;Crossing;Asphalt roads;Dry;Daylight;Normal;Vehicle with vehicle collision;3;2;Unknown;18-30;Not a Pedestrian;No distancing;Slight Injury
13:10:00;Saturday;Male;Junior high school;Employee;5-10yr;Other;Owner;Unknown;No defect;Other;Two-way (divided with broken lines road marking);Tangent road with flat terrain;Y Shape;Asphalt roads;Wet or damp;Daylight;Normal;Collision with roadside objects;2;3;Going straight;18-30;Not a Pedestrian;Moving Backward;Slight Injury
13:10:00;Saturday;Male;Junior high school;Employee;5-10yr;Lorry (41?100Q);Owner;2-5yrs;No defect;Other;Double carriageway (median);Tangent road with flat terrain;Y Shape;Asphalt roads;Wet or damp;Daylight;Normal;Vehicle with vehicle collision;2;3;Moving Backward;31-50;Not a Pedestrian;Changing lane to the left;Slight Injury
13:10:00;Saturday;Female;Elementary school;Owner;2-5yr;Automobile;Owner;Unknown;7;Office areas;Undivided Two way;Tangent road with flat terrain;Y Shape;Asphalt roads;Wet or damp;Daylight;Normal;Vehicle with vehicle collision;2;3;Going straight;na;Not a Pedestrian;Changing lane to the right;Slight Injury
08:10:00;Wednesday;Female;Elementary school;Employee;Below 1yr;Public (> 45 seats);Governmental;1-2yr;No defect;Other;Two-way (divided with broken lines road marking);Tangent road with flat terrain;No junction;Asphalt roads;Dry;Daylight;Normal;Collision with roadside objects;2;1;Moving Backward;31-50;Not a Pedestrian;No distancing;Slight Injury
08:10:00;Wednesday;Male;unknown;unknown;unknown;unknown;unknown;unknown;unknown;unknown;other;Tangent road with flat terrain;No junction;Asphalt roads;Dry;Daylight;Normal;Vehicle with vehicle collision;2;1;Going straight;Under 18;Crossing from offside - masked by  parked or statioNot a Pedestrianry vehicle;Driving at high speed;Slight Injury
12:30:00;Sunday;Male;Junior high school;Employee;Above 10yr;Automobile;Organization;Unknown;No defect;Other;Two-way (divided with broken lines road marking);Tangent road with flat terrain;Y Shape;Asphalt roads;Dry;Daylight;Normal;Collision with roadside objects;4;1;Going straight;na;Not a Pedestrian;Changing lane to the right;Slight Injury
12:30:00;Sunday;Male;High school;Employee;1-2yr;Pick up upto 10Q;Owner;Above 10yr;unknown;Other;other;Steep grade downward with mountainous terrain;Y Shape;Asphalt roads;Dry;Daylight;Normal;Vehicle with vehicle collision;4;1;Unknown;Over 51;Not a Pedestrian;No priority to vehicle;Slight Injury
12:30:00;Sunday;Female;Junior high school;Owner;5-10yr;Public (12 seats);Owner;Unknown;unknown;Office areas;Undivided Two way;Tangent road with flat terrain;Y Shape;Asphalt roads;Dry;Daylight;Normal;Vehicle with vehicle collision;4;1;Going straight;Over 51;Not a Pedestrian;No distancing;Slight Injury
12:30:00;Sunday;Female;Junior high school;Employee;1-2yr;Lorry (41?100Q);Owner;Unknown;No defect;Office areas;One way;Tangent road with flat terrain;Y Shape;Asphalt roads;Dry;Daylight;Normal;Vehicle with vehicle collision;4;1;Going straight;31-50;Not a Pedestrian;Turnover;Slight Injury
20:01:00;Sunday;Male;Junior high school;Employee;Above 10yr;Lorry (41?100Q);Owner;Above 10yr;No defect; Church areas;other;Tangent road with flat terrain;Y Shape;Asphalt roads;Dry;Daylight;Normal;Vehicle with vehicle collision;2;1;Going straight;na;Not a Pedestrian;No distancing;Serious Injury
20:01:00;Sunday;Male;Junior high school;Employee;Below 1yr;Lorry (41?100Q);Owner;unknown;No defect;Office areas;Double carriageway (median);Tangent road with flat terrain;Y Shape;Asphalt roads;Dry;Daylight;Normal;Vehicle with vehicle collision;2;1;Turnover;na;Not a Pedestrian;Changing lane to the right;Serious Injury
18:49:00;Thursday;Male;Elementary school;Employee;2-5yr;Public (13?45 seats);Owner;Above 10yr;No defect;Office areas;other;Tangent road with flat terrain;Y Shape;Asphalt roads;Dry;Daylight;Normal;Vehicle with vehicle collision;1;1;Going straight;18-30;Not a Pedestrian;No distancing;Slight Injury
20:41:00;Thursday;Male;Junior high school;Employee;5-10yr;Lorry (41?100Q);Owner;Unknown;No defect;Office areas;Two-way (divided with broken lines road marking);Tangent road with flat terrain;Crossing;Asphalt roads;Dry;Daylight;Normal;Vehicle with vehicle collision;4;2;Going straight;na;Not a Pedestrian;Changing lane to the left;Slight Injury
20:41:00;Thursday;Male;Elementary school;Employee;5-10yr;Lorry (41?100Q);Owner;Unknown;No defect;Office areas;One way;Tangent road with flat terrain;Crossing;Asphalt roads;Dry;Daylight;Normal;Vehicle with vehicle collision;4;2;Going straight;Over 51;Not a Pedestrian;Driving carelessly;Slight Injury
20:41:00;Thursday;Male;Junior high school;Owner;1-2yr;Motorcycle;Owner;2-5yrs;No defect;Residential areas;Undivided Two way;Tangent road with flat terrain;Crossing;Asphalt roads;Dry;Daylight;Normal;Collision with pedestrians;4;2;Reversing;na;Not a Pedestrian;Changing lane to the right;Slight Injury
20:41:00;Thursday;Male;Junior high school;Employee;5-10yr;Lorry (41?100Q);Owner;Above 10yr;No defect;Residential areas;other;Tangent road with flat terrain;Crossing;Asphalt roads;Dry;Daylight;Normal;Collision with roadside objects;4;2;Getting off;31-50;Not a Pedestrian;No priority to vehicle;Slight Injury
10:04:00;Wednesday;Male;Unknown;Other;unknown;Ridden horse;Owner;5-10yrs;unknown;Residential areas;Undivided Two way;Tangent road with flat terrain;No junction;Asphalt roads;Wet or damp;Daylight;Raining;Vehicle with vehicle collision;3;1;Going straight;na;Not a Pedestrian;No distancing;Slight Injury
10:04:00;Wednesday;Male;High school;Employee;2-5yr;Automobile;Owner;5-10yrs;unknown;Office areas;Double carriageway (median);Tangent road with flat terrain;No junction;Asphalt roads;Wet or damp;Daylight;Raining;Vehicle with vehicle collision;3;1;Getting off;na;Not a Pedestrian;No priority to pedestrian;Slight Injury
10:04:00;Wednesday;Male;Junior high school;Employee;1-2yr;Lorry (41?100Q);Owner;Unknown;No defect;Residential areas;Two-way (divided with broken lines road marking);Steep grade downward with mountainous terrain;No junction;Asphalt roads;Wet or damp;Daylight;Raining;Collision with roadside objects;3;1;Going straight;31-50;Not a Pedestrian;No priority to pedestrian;Slight Injury
20:30:00;Wednesday;Male;Junior high school;Employee;5-10yr;Pick up upto 10Q;Governmental;Unknown;No defect;Other;Two-way (divided with broken lines road marking);Tangent road with flat terrain;Crossing;Asphalt roads;Dry;Daylight;Normal;Vehicle with vehicle collision;2;2;Going straight;18-30;Not a Pedestrian;No priority to vehicle;Slight Injury
20:30:00;Wednesday;Male;Junior high school;Employee;2-5yr;Public (> 45 seats);Governmental;Below 1yr;No defect;Other;Two-way (divided with broken lines road marking);Tangent road with flat terrain;Crossing;Asphalt roads;Dry;Daylight;Normal;Vehicle with vehicle collision;2;2;Going straight;na;Not a Pedestrian;Changing lane to the left;Slight Injury
20:30:00;Wednesday;Male;Junior high school;Employee;No Licence;Stationwagen;Owner;unknown;unknown;Other;Two-way (divided with broken lines road marking);unknown;Crossing;Asphalt roads;Dry;Daylight;Normal;Collision with pedestrians;2;2;Going straight;na;Not a Pedestrian;Changing lane to the left;Slight Injury
11:15:00;Friday;Male;Junior high school;Employee;Above 10yr;Automobile;Owner;Unknown;No defect;School areas;Double carriageway (median);Tangent road with flat terrain;Y Shape;Asphalt roads;Dry;Daylight;Normal;Vehicle with vehicle collision;2;2;Going straight;Under 18;Not a Pedestrian;No distancing;Slight Injury
11:15:00;Friday;Male;Junior high school;Employee;Above 10yr;Public (12 seats);Owner;Unknown;No defect;School areas;Double carriageway (median);Tangent road with flat terrain;Y Shape;Asphalt roads;Dry;Daylight;Normal;Collision with pedestrians;2;2;Going straight;Over 51;Crossing from nearside - masked by parked or statioNot a Pedestrianry vehicle;No priority to vehicle;Slight Injury
11:15:00;Friday;Male;Junior high school;Employee;5-10yr;Automobile;Owner;2-5yrs;No defect;School areas;Undivided Two way;Tangent road with flat terrain;Y Shape;Asphalt roads;Dry;Daylight;Normal;Vehicle with vehicle collision;2;2;Going straight;Under 18;Unknown or other;No distancing;Slight Injury
16:36:00;Thursday;Male;High school;Employee;2-5yr;Automobile;Owner;Unknown;No defect;Residential areas;One way;Tangent road with flat terrain;Y Shape;Asphalt roads;Dry;Daylight;Normal;Vehicle with vehicle collision;2;1;Going straight;Under 18;Crossing from driver's nearside;No distancing;Fatal injury
16:36:00;Thursday;Male;High school;Owner;2-5yr;Automobile;Owner;Unknown;No defect;Other;Undivided Two way;Tangent road with flat terrain;Y Shape;Asphalt roads;Dry;Daylight;Normal;Collision with roadside objects;2;1;Going straight;31-50;Not a Pedestrian;Changing lane to the right;Fatal injury
13:28:00;Monday;Male;Junior high school;Employee;Below 1yr;Lorry (41?100Q);Owner;Unknown;No defect;Office areas;Two-way (divided with broken lines road marking);Tangent road with flat terrain;Y Shape;Asphalt roads;Dry;Daylight;Normal;Vehicle with vehicle collision;2;1;Moving Backward;na;Not a Pedestrian;Changing lane to the left;Slight Injury
13:28:00;Monday;Male;Junior high school;Owner;Above 10yr;Automobile;Owner;5-10yrs;No defect;Other;Two-way (divided with broken lines road marking);Tangent road with flat terrain;Y Shape;Asphalt roads;Dry;Daylight;Normal;Vehicle with vehicle collision;2;1;Going straight;na;Not a Pedestrian;No distancing;Slight Injury