Time;Day_of_week;Sex_of_driver;Educational_level;Vehicle_driver_relation;Driving_experience;Type_of_vehicle;Owner_of_vehicle;Service_year_of_vehicle;Defect_of_vehicle;Area_accident_occured;Lanes_or_Medians;Road_allignment;Types_of_Junction;Road_surface_type;Road_surface_conditions;Light_conditions;Weather_conditions;Type_of_collision;Number_of_vehicles_involved;Number_of_casualties;Vehicle_movement;Age_band_of_casualty;Pedestrian_movement;Cause_of_accident;Accident_severity
19:28:00;Friday;Male;Junior high school;Employee;Above 10yr;Automobile;Owner;Above 10yr;No defect;School areas;Undivided Two way;Tangent road with flat terrain;Other;Asphalt roads;Dry;Daylight;Normal;Vehicle with vehicle collision;2;1;Going straight;31-50;Not a Pedestrian;Overturning;Serious Injury
19:28:00;Friday;Male;Elementary school;Employee;2-5yr;Public (12 seats);Owner;5-10yrs;No defect;Other;Double carriageway (median);Tangent road with flat terrain;Other;Asphalt roads;Dry;Daylight;Normal;Collision with pedestrians;2;1;Going straight;na;Not a Pedestrian;No priority to vehicle;Serious Injury
23:35:00;Saturday;Male;Junior high school;Employee;2-5yr;Taxi;Owner;2-5yrs;No defect; Industrial areas;Two-way (divided with broken lines road marking);Tangent road with flat terrain;Y Shape;Asphalt roads;Dry;Darkness - lights lit;Normal;Collision with roadside objects;2;3;Going straight;31-50;Not a Pedestrian;Moving Backward;Slight Injury
23:35:00;Saturday;Male;Unknown;Employee;Above 10yr;Automobile;Owner;2-5yrs;No defect;Other;Two-way (divided with broken lines road marking);Tangent road with flat terrain;Y Shape;Asphalt roads;Dry;Darkness - lights lit;Normal;Collision with pedestrians;2;3;Going straight;na;Not a Pedestrian;Driving under the influence of drugs;Slight Injury
23:35:00;Saturday;Male;Elementary school;Employee;5-10yr;Public (12 seats);Owner;Unknown;No defect;Office areas;Two-way (divided with broken lines road marking);Tangent road with flat terrain;Y Shape;Asphalt roads;Dry;Darkness - lights lit;Normal;Vehicle with vehicle collision;2;3;Going straight;Under 18;Not a Pedestrian;Moving Backward;Slight Injury
09:01:00;Wednesday;Male;Junior high school;Employee;Below 1yr;Stationwagen;Owner;Unknown;No defect;Other;Two-way (divided with broken lines road marking);Tangent road with flat terrain;No junction;Asphalt roads;Wet or damp;Daylight;Raining;Vehicle with vehicle collision;1;1;Going straight;31-50;Unknown or other;Changing lane to the right;Serious Injury
15:46:00;Thursday;Male;Elementary school;Employee;Below 1yr;Stationwagen;Owner;Unknown;No defect;Other;Two-way (divided with broken lines road marking);Tangent road with flat terrain;Y Shape;Asphalt roads;Dry;Daylight;Normal;Vehicle with vehicle collision;2;1;Going straight;na;Not a Pedestrian;Overspeed;Serious Injury
15:46:00;Thursday;Male;Junior high school;Employee;Below 1yr;Automobile;Organization;Above 10yr;No defect; Outside rural areas;Undivided Two way;Tangent road with flat terrain;Y Shape;Asphalt roads;Dry;Daylight;Normal;Vehicle with vehicle collision;2;1;Going straight;18-30;Not a Pedestrian;Driving under the influence of drugs;Serious Injury
20:10:00;Saturday;Male;Junior high school;Employee;5-10yr;Lorry (41?100Q);Owner;Unknown;No defect;Other;other;Tangent road with flat terrain;No junction;Asphalt roads;Dry;Daylight;Normal;Vehicle with vehicle collision;1;1;Going straight;na;Not a Pedestrian;Driving carelessly;Serious Injury
21:46:00;Wednesday;Male;Junior high school;Owner;5-10yr;Automobile;Owner;Above 10yr;No defect;Residential areas;Two-way (divided with broken lines road marking);Tangent road with flat terrain;Crossing;Asphalt roads;Dry;Darkness - lights lit;Normal;Collision with roadside objects;2;2;Going straight;18-30;Not a Pedestrian;No distancing;Slight Injury
21:46:00;Wednesday;Male;High school;Owner;5-10yr;Public (12 seats);Owner;Above 10yr;unknown;Office areas;Two-way (divided with broken lines road marking);Tangent road with flat terrain;Crossing;Asphalt roads;Dry;Darkness - lights lit;Normal;Collision with roadside objects;2;2;Going straight;Under 18;Crossing from nearside - masked by parked or statioNot a Pedestrianry vehicle;No priority to vehicle;Slight Injury
21:20:00;Saturday;Male;Junior high school;Employee;5-10yr;Automobile;Owner;Unknown;unknown;Office areas;Double carriageway (median);Tangent road with flat terrain;Y Shape;Asphalt roads;Dry;Daylight;Normal;Vehicle with vehicle collision;1;2;Going straight;Under 18;Crossing from nearside - masked by parked or statioNot a Pedestrianry vehicle;Overspeed;Serious Injury
21:20:00;Saturday;Male;Junior high school;Employee;2-5yr;Automobile;unknown;2-5yrs;unknown; Hospital areas;One way;unknown;Y Shape;Asphalt roads;Dry;Daylight;Normal;Vehicle with vehicle collision;1;2;Going straight;na;Not a Pedestrian;Driving under the influence of drugs;Serious Injury
05:49:00;Tuesday;Male;Elementary school;Employee;5-10yr;Lorry (41?100Q);Owner;Unknown;unknown; Industrial areas;Two-way (divided with broken lines road marking);Tangent road with flat terrain;No junction;Asphalt roads;Wet or damp;Daylight;Raining;Vehicle with vehicle collision;2;2;Going straight;18-30;Not a Pedestrian;Changing lane to the right;Serious Injury
05:49:00;Tuesday;Male;Junior high school;Employee;2-5yr;Automobile;Owner;2-5yrs;No defect;Other;Undivided Two way;Tangent road with flat terrain;No junction;Asphalt roads;Wet or damp;Daylight;Raining;Vehicle with vehicle collision;2;2;Going straight;na;Not a Pedestrian;Changing lane to the right;Serious Injury
05:49:00;Tuesday;Unknown;Junior high school;Employee;Below 1yr;Motorcycle;Owner;unknown;unknown;Office areas;Undivided Two way;Tangent road with flat terrain;No junction;Asphalt roads;Wet or damp;Daylight;Raining;Vehicle with vehicle collision;2;2;Going straight;na;Not a Pedestrian;Changing lane to the right;Serious Injury
09:35:00;Monday;Male;Elementary school;Employee;2-5yr;unknown;Owner;Unknown;No defect;Office areas;other;Tangent road with flat terrain;No junction;Asphalt roads;Dry;Daylight;Normal;Vehicle with vehicle collision;2;2;Reversing;31-50;Not a Pedestrian;Changing lane to the right;Fatal injury
09:35:00;Monday;Male;Junior high school;Employee;2-5yr;Automobile;Owner;Unknown;unknown;Residential areas;Two-way (divided with broken lines road marking);Tangent road with flat terrain;No junction;Asphalt roads;Dry;Daylight;Normal;Vehicle with vehicle collision;2;2;Going straight;Over 51;Not a Pedestrian;Moving Backward;Fatal injury
18:39:00;Wednesday;Female;Junior high school;Employee;2-5yr;Automobile;Owner;Unknown;unknown;Residential areas;unknown;Tangent road with flat terrain;Y Shape;Asphalt roads;Dry;Daylight;Normal;Vehicle with vehicle collision;2;1;Going straight;31-50;Not a Pedestrian;No distancing;Slight Injury
18:39:00;Wednesday;Male;Junior high school;Employee;5-10yr;Automobile;Owner;Unknown;No defect;School areas;Two-way (divided with broken lines road marking);Tangent road with flat terrain;Y Shape;Asphalt roads;Dry;Daylight;Normal;Vehicle with vehicle collision;2;1;Going straight;Over 51;Not a Pedestrian;Overspeed;Slight Injury
16:00:00;Wednesday;Male;Junior high school;Employee;5-10yr;Public (> 45 seats);Governmental;Unknown;No defect;Other;Two-way (divided with broken lines road marking);Tangent road with flat terrain;Y Shape;Asphalt roads;Dry;Daylight;Normal;Vehicle with vehicle collision;2;2;Unknown;18-30;Not a Pedestrian;No distancing;Slight Injury
16:00:00;Wednesday;Male;Junior high school;Employee;unknown;unknown;Governmental;Unknown;No defect;  Market areas;Undivided Two way;Tangent road with flat terrain;Y Shape;Asphalt roads;Dry;Daylight;Normal;Other;2;2;Going straight;31-50;Not a Pedestrian;Driving carelessly;Slight Injury
13:09:00;Tuesday;Male;Junior high school;Owner;5-10yr;Automobile;Owner;Unknown;No defect;Office areas;other;Tangent road with flat terrain;Y Shape;Asphalt roads;Dry;Daylight;Normal;Vehicle with vehicle collision;2;1;Going straight;18-30;Not a Pedestrian;No distancing;Serious Injury
13:09:00;Tuesday;Male;Junior high school;Employee;2-5yr;Automobile;Owner;Unknown;No defect; Church areas;Two-way (divided with broken lines road marking);Tangent road with flat terrain;Y Shape;Asphalt roads;Dry;Daylight;Normal;Collision with roadside objects;2;1;Going straight;na;Not a Pedestrian;No distancing;Serious Injury
20:30:00;Friday;Female;Junior high school;Employee;Below 1yr;Other;Governmental;Unknown;No defect; Church areas;Two-way (divided with broken lines road marking);Tangent road with flat terrain;Y Shape;Asphalt roads;Dry;Daylight;Normal;Vehicle with vehicle collision;2;1;Going straight;na;Not a Pedestrian;No distancing;Slight Injury
20:30:00;Friday;Male;Junior high school;Employee;1-2yr;Stationwagen;Owner;Unknown;No defect;Residential areas;Double carriageway (median);Tangent road with flat terrain;Y Shape;Asphalt roads;Dry;Daylight;Normal;Vehicle with vehicle collision;2;1;Going straight;31-50;Not a Pedestrian;Changing lane to the right;Slight Injury
19:00:00;Friday;Male;Junior high school;Employee;Below 1yr;Lorry (41?100Q);Owner;Above 10yr;No defect;Residential areas;Two-way (divided with broken lines road marking);Tangent road with flat terrain;No junction;Asphalt roads;Dry;Daylight;Normal;Vehicle with vehicle collision;1;1;Going straight;18-30;Not a Pedestrian;No distancing;Slight Injury
12:40:00;Saturday;Female;Junior high school;Employee;Above 10yr;Taxi;Owner;Unknown;No defect;Residential areas;Double carriageway (median);Tangent road with flat terrain;No junction;Asphalt roads;Dry;Daylight;Normal;Vehicle with vehicle collision;1;1;Unknown;18-30;Not a Pedestrian;No priority to vehicle;Serious Injury
18:12:00;Wednesday;Male;Junior high school;Employee;Below 1yr;Other;Owner;Above 10yr;No defect;Residential areas;Two-way (divided with broken lines road marking);Tangent road with flat terrain;No junction;Asphalt roads;Dry;Daylight;Normal;Vehicle with vehicle collision;2;3;Moving Backward;Over 51;Crossing from nearside - masked by parked or statioNot a Pedestrianry vehicle;Changing lane to the left;Slight Injury
18:12:00;Wednesday;Male;Junior high school;Employee;2-5yr;Public (12 seats);Owner;1-2yr;No defect;Other;Double carriageway (median);Tangent road with flat terrain;No junction;Asphalt roads;Dry;Daylight;Normal;Vehicle with vehicle collision;2;3;Going straight;na;Not a Pedestrian;Moving Backward;Slight Injury
18:12:00;Wednesday;Male;Junior high school;Employee;1-2yr;Automobile;Owner;Unknown;No defect;Other;Two-way (divided with broken lines road marking);Tangent road with flat terrain;No junction;Asphalt roads;Dry;Daylight;Normal;Collision with roadside objects;2;3;Turnover;18-30;Not a Pedestrian;Driving carelessly;Slight Injury
18:12:00;Wednesday;Male;Elementary school;Employee;5-10yr;Automobile;Owner;2-5yrs;No defect;Residential areas;Two-way (divided with broken lines road marking);Tangent road with flat terrain;No junction;Asphalt roads;Dry;Daylight;Normal;Collision with roadside objects;2;3;Turnover;31-50;Not a Pedestrian;Changing lane to the left;Slight Injury
07:50:00;Wednesday;Male;Junior high school;Owner;Below 1yr;Public (13?45 seats);Owner;Unknown;No defect;Other;other;Tangent road with flat terrain;No junction;Asphalt roads;Dry;Daylight;Normal;Vehicle with vehicle collision;2;1;Reversing;na;Not a Pedestrian;No priority to pedestrian;Slight Injury
07:50:00;Wednesday;Male;Junior high school;Employee;Below 1yr;Lorry (41?100Q);Owner;Unknown;No defect; Church areas;Undivided Two way;Tangent road with flat terrain;No junction;Asphalt roads;Dry;Daylight;Normal;Collision with roadside objects;2;1;Reversing;18-30;Not a Pedestrian;No distancing;Slight Injury
10:16:00;Thursday;Male;Writing & reading;Employee;Below 1yr;Lorry (41?100Q);Owner;Unknown;No defect;Other;Undivided Two way;Tangent road with flat terrain;Other;Asphalt roads;Dry;Daylight;Normal;Collision with roadside objects;2;1;Reversing;18-30;Not a Pedestrian;No distancing;Slight Injury
10:16:00;Thursday;Male;Junior high school;Employee;1-2yr;Lorry (11?40Q);Owner;Unknown;No defect;Office areas;Undivided Two way;Tangent road with flat terrain;Other;Asphalt roads;Dry;Daylight;Normal;Vehicle with vehicle collision;2;1;Moving Backward;na;Not a Pedestrian;Overturning;Slight Injury
23:05:00;Saturday;Male;Elementary school;Owner;5-10yr;Motorcycle;Owner;2-5yrs;No defect;Office areas;Two-way (divided with broken lines road marking);Tangent road with flat terrain;No junction;Asphalt roads;Dry;Darkness - no lighting;Normal;Vehicle with vehicle collision;1;1;Going straight;18-30;Not a Pedestrian;No distancing;Serious Injury
00:47:00;Sunday;Unknown;Junior high school;Employee;2-5yr;Lorry (41?100Q);Owner;unknown;unknown;Residential areas;Undivided Two way;Tangent road with flat terrain;No junction;Asphalt roads;Dry;Darkness - lights lit;Normal;Collision with roadside objects;1;2;Going straight;Under 18;Not a Pedestrian;Drunk driving;Serious Injury
00:47:00;Sunday;Unknown;Junior high school;Owner;Below 1yr;Stationwagen;Owner;Unknown;unknown;Other;Two-way (divided with broken lines road marking);Tangent road with flat terrain;No junction;Asphalt roads;Dry;Darkness - lights lit;Normal;Vehicle with vehicle collision;1;2;Going straight;Under 18;Not a Pedestrian;Moving Backward;Serious Injury
10:30:00;Monday;Male;Writing & reading;Employee;5-10yr;Automobile;Owner;Above 10yr;unknown; Industrial areas;Undivided Two way;Tangent road with flat terrain;Y Shape;Asphalt roads;Dry;Daylight;Normal;Vehicle with vehicle collision;1;2;Going straight;Under 18;Not a Pedestrian;No priority to pedestrian;Slight Injury
10:30:00;Monday;Male;Writing & reading;Employee;5-10yr;Other;Owner;Unknown;unknown;Office areas;Two-way (divided with broken lines road marking);Tangent road with flat terrain;Y Shape;Asphalt roads;Dry;Daylight;Normal;Vehicle with vehicle collision;1;2;Going straight;na;Not a Pedestrian;Changing lane to the left;Slight Injury
13:01:00;Saturday;Male;Junior high school;Employee;5-10yr;Other;Organization;Unknown;unknown;  Recreational areas;Two-way (divided with broken lines road marking);Tangent road with flat terrain;No junction;Asphalt roads;Wet or damp;Daylight;Raining;Vehicle with vehicle collision;2;3;Going straight;31-50;Not a Pedestrian;Changing lane to the left;Slight Injury
13:01:00;Saturday;Male;Junior high school;Employee;2-5yr;Taxi;Owner;1-2yr;No defect;Residential areas;Two-way (divided with broken lines road marking);Tangent road with flat terrain;No junction;Asphalt roads;Wet or damp;Daylight;Raining;Vehicle with vehicle collision;2;3;Going straight;na;Not a Pedestrian;Getting off the vehicle improperly;Slight Injury
13:01:00;Saturday;Male;Junior high school;Employee;Above 10yr;Automobile;Owner;Above 10yr;unknown;Residential areas;Undivided Two way;Tangent road with flat terrain;No junction;Asphalt roads;Wet or damp;Daylight;Raining;Vehicle with vehicle collision;2;3;Going straight;na;Not a Pedestrian;No distancing;Slight Injury
17:41:00;Monday;Male;Junior high school;Employee;5-10yr;Long lorry;Owner;5-10yrs;unknown; Church areas;Undivided Two way;Steep grade downward with mountainous terrain;Y Shape;Asphalt roads;Dry;Daylight;Normal;Collision with pedestrians;4;1;Going straight;18-30;Not a Pedestrian;Changing lane to the right;Slight Injury
17:41:00;Monday;Male;Junior high school;Employee;Above 10yr;Long lorry;Owner;5-10yrs;unknown;Residential areas;Undivided Two way;Tangent road with flat terrain;Y Shape;Asphalt roads;Dry;Daylight;Normal;Vehicle with vehicle collision;4;1;Turnover;31-50;Not a Pedestrian;Changing lane to the right;Slight Injury
17:41:00;Monday;Male;Junior high school;Employee;2-5yr;Lorry (41?100Q);Owner;Unknown;No defect;unknown;other;Tangent road with flat terrain;Y Shape;Asphalt roads;Dry;Daylight;Normal;Collision with roadside objects;4;1;Going straight;31-50;Not a Pedestrian;Moving Backward;Slight Injury
17:41:00;Monday;Male;Junior high school;Employee;Below 1yr;Lorry (41?100Q);Owner;5-10yrs;No defect;Other;Undivided Two way;Tangent road with flat terrain;Y Shape;Asphalt roads;Dry;Daylight;Normal;Vehicle with vehicle collision;4;1;Moving Backward;Under 18;Not a Pedestrian;Driving at high speed;Slight Injury
17:25:00;Friday;Male;Junior high school;Employee;Below 1yr;Lorry (11?40Q);Owner;Unknown;unknown;Other;Two-way (divided with solid lines road marking);Tangent road with flat terrain;No junction;Asphalt roads;Dry;Daylight;Normal;Vehicle with vehicle collision;3;4;Going straight;Under 18;Not a Pedestrian;Changing lane to the left;Slight Injury
17:25:00;Friday;Unknown;Junior high school;Owner;5-10yr;Automobile;Owner;Unknown;No defect; Church areas;Two-way (divided with solid lines road marking);Tangent road with flat terrain;No junction;Asphalt roads;Dry;Daylight;Normal;Vehicle with vehicle collision;3;4;Going straight;18-30;Not a Pedestrian;Changing lane to the right;Slight Injury
17:25:00;Friday;Male;Junior high school;Employee;2-5yr;Taxi;Governmental;unknown;No defect;Other;Two-way (divided with solid lines road marking);Tangent road with flat terrain;No junction;Asphalt roads;Dry;Daylight;Normal;Vehicle with vehicle collision;3;4;Moving Backward;18-30;Not a Pedestrian;No distancing;Slight Injury
17:25:00;Friday;Male;Elementary school;Employee;Below 1yr;Other;Owner;Unknown;No defect; Church areas;Two-way (divided with solid lines road marking);Tangent road with flat terrain;No junction;Asphalt roads;Dry;Daylight;Normal;Vehicle with vehicle collision;3;4;Going straight;Over 51;Not a Pedestrian;Changing lane to the right;Slight Injury
17:25:00;Friday;Male;Junior high school;Employee;2-5yr;Automobile;Owner;Unknown;No defect; Church areas;Two-way (divided with broken lines road marking);Tangent road with flat terrain;No junction;unknown;Dry;Daylight;Normal;Vehicle with vehicle collision;3;4;Going straight;na;Not a Pedestrian;Changing lane to the right;Slight Injury
11:10:00;Sunday;Male;Junior high school;Employee;5-10yr;Automobile;Owner;Above 10yr;No defect;Other;Undivided Two way;Tangent road with flat terrain;No junction;Asphalt roads;Wet or damp;Daylight;Raining;Vehicle with vehicle collision;3;2;Waiting to go;18-30;Not a Pedestrian;No distancing;Slight Injury
11:10:00;Sunday;Male;High school;Employee;Above 10yr;Automobile;Governmental;5-10yrs;No defect;Other;Undivided Two way;Tangent road with flat terrain;No junction;Asphalt roads;Wet or damp;Daylight;Raining;Vehicle with vehicle collision;3;2;Moving Backward;na;Not a Pedestrian;Changing lane to the right;Slight Injury
11:10:00;Sunday;Male;High school;Employee;Above 10yr;Automobile;Owner;5-10yrs;No defect;School areas;other;Tangent road with flat terrain;No junction;Asphalt roads;Wet or damp;Daylight;Raining;Vehicle with vehicle collision;3;2;Moving Backward;31-50;Not a Pedestrian;Driving carelessly;Slight Injury
03:15:00;Saturday;Male;Junior high school;Employee;5-10yr;Public (> 45 seats);Owner;Above 10yr;No defect;Residential areas;Undivided Two way;Tangent road with flat terrain;No junction;Asphalt roads;Dry;Darkness - lights lit;Normal;Collision with roadside objects;1;2;Going straight;na;Not a Pedestrian;Driving carelessly;Serious Injury
03:15:00;Saturday;Male;Elementary school;Employee;1-2yr;Lorry (11?40Q);unknown;1-2yr;No defect;Other;Two-way (divided with broken lines road marking);Tangent road with flat terrain;No junction;Asphalt roads;Dry;Darkness - lights lit;Normal;Vehicle with vehicle collision;1;2;Unknown;18-30;Not a Pedestrian;Changing lane to the right;Serious Injury
17:00:00;Tuesday;Male;Elementary school;Employee;5-10yr;Lorry (41?100Q);Owner;Above 10yr;No defect;Office areas;Undivided Two way;Tangent road with flat terrain;Crossing;Asphalt roads;Dry;Daylight;Normal;Collision with roadside objects;2;1;Going straight;18-30;Not a Pedestrian;Overturning;Slight Injury
17:00:00;Tuesday;Male;Junior high school;Employee;5-10yr;Lorry (41?100Q);Owner;Above 10yr;No defect;Residential areas;Undivided Two way;Tangent road with flat terrain;Crossing;Asphalt roads;Dry;Daylight;Normal;Vehicle with vehicle collision;2;1;Going straight;na;Not a Pedestrian;Changing lane to the right;Slight Injury
17:10:00;Friday;Male;Junior high school;Employee;1-2yr;Stationwagen;Owner;Above 10yr;No defect;Other;One way;Steep grade downward with mountainous terrain;No junction;Asphalt roads;Dry;Daylight;Normal;Unknown;2;1;Going straight;na;Not a Pedestrian;Moving Backward;Slight Injury
17:10:00;Friday;Male;Junior high school;Owner;5-10yr;Other;Owner;Above 10yr;No defect;Residential areas;Two-way (divided with broken lines road marking);Tangent road with flat terrain;No junction;Asphalt roads;Dry;Daylight;Normal;Unknown;2;1;Moving Backward;31-50;Not a Pedestrian;No distancing;Slight Injury
17:23:00;Tuesday;Unknown;High school;Owner;Above 10yr;Automobile;Owner;5-10yrs;No defect;Residential areas;Undivided Two way;Tangent road with flat terrain;Unknown;Asphalt roads;Dry;Daylight;Normal;Collision with pedestrians;2;1;Going straight;Under 18;Not a Pedestrian;Overturning;Slight Injury
17:23:00;Tuesday;Male;unknown;Owner;Below 1yr;Pick up upto 10Q;Owner;unknown;No defect;Residential areas;Two-way (divided with broken lines road marking);Tangent road with flat terrain;Unknown;Asphalt roads;Dry;Daylight;Normal;Vehicle with vehicle collision;2;1;Going straight;Under 18;Not a Pedestrian;Driving carelessly;Slight Injury
18:00:00;Sunday;Male;Writing & reading;Owner;5-10yr;Motorcycle;Owner;1-2yr;No defect;Other;other;Tangent road with flat terrain;Y Shape;Asphalt roads;Dry;Daylight;Normal;Vehicle with vehicle collision;1;1;Going straight;Under 18;Not a Pedestrian;Changing lane to the right;Slight Injury
23:35:00;Wednesday;Male;Above high school;Employee;Above 10yr;Automobile;Owner;5-10yrs;No defect;Other;Undivided Two way;Tangent road with flat terrain;Crossing;Asphalt roads;Dry;Darkness - lights lit;Normal;Vehicle with vehicle collision;2;1;Going straight;31-50;Not a Pedestrian;Driving at high speed;Serious Injury
23:35:00;Wednesday;Male;High school;Employee;Below 1yr;Pick up upto 10Q;Owner;5-10yrs;No defect;Other;One way;Tangent road with flat terrain;Crossing;Asphalt roads;Dry;Darkness - lights lit;Normal;Collision with pedestrians;2;1;Going straight;31-50;Not a Pedestrian;Changing lane to the left;Serious Injury
14:59:00;Wednesday;Male;Junior high school;Employee;1-2yr;Motorcycle;Owner;1-2yr;No defect; Hospital areas;Undivided Two way;Tangent road with flat terrain;Other;Asphalt roads;Dry;Daylight;Normal;Collision with roadside objects;2;2;Reversing;Under 18;Not a Pedestrian;Driving carelessly;Slight Injury
14:59:00;Wednesday;Male;Junior high school;Employee;Above 10yr;Stationwagen;Owner;2-5yrs;No defect;Residential areas;Undivided Two way;Tangent road with flat terrain;Other;Asphalt roads;Dry;Daylight;Normal;Unknown;2;2;Going straight;31-50;Not a Pedestrian;No distancing;Slight Injury
14:59:00;Wednesday;Male;Junior high school;Owner;Above 10yr;Lorry (41?100Q);Owner;5-10yrs;No defect;Residential areas;One way;Tangent road with flat terrain;Other;Asphalt roads;Dry;Daylight;Normal;Unknown;2;2;Going straight;Under 18;Not a Pedestrian;Moving Backward;Slight Injury
14:40:00;Saturday;Female;Junior high school;Employee;Above 10yr;Taxi;Owner;5-10yrs;No defect;Residential areas;Undivided Two way;Tangent road with flat terrain;Y Shape;Asphalt roads;Dry;Daylight;Normal;Unknown;3;1;Going straight;na;Not a Pedestrian;No priority to pedestrian;Slight Injury
14:40:00;Saturday;Male;Junior high school;Employee;No Licence;Automobile;Owner;1-2yr;No defect;Other;Two-way (divided with broken lines road marking);Tangent road with flat terrain;Y Shape;Asphalt roads;Dry;Daylight;Normal;Unknown;3;1;Going straight;18-30;Not a Pedestrian;Moving Backward;Slight Injury
14:40:00;Saturday;Unknown;Junior high school;Employee;1-2yr;Long lorry;Owner;1-2yr;No defect;Office areas;Two-way (divided with broken lines road marking);Tangent road with flat terrain;Y Shape;Asphalt roads;Dry;Daylight;Normal;Unknown;3;1;Going straight;na;Not a Pedestrian;Changing lane to the right;Slight Injury
12:48:00;Sunday;Male;Illiterate;Owner;1-2yr;Automobile;Owner;2-5yrs;No defect;Other;other;Tangent road with flat terrain;Y Shape;Asphalt roads;Wet or damp;Daylight;Raining;Vehicle with vehicle collision;2;4;Going straight;Under 18;In carriageway, statioNot a Pedestrianry - not crossing  (standing or playing);No distancing;Slight Injury
12:48:00;Sunday;Male;Junior high school;Owner;Below 1yr;Public (12 seats);Owner;Unknown;No defect;Office areas;Double carriageway (median);Tangent road with flat terrain;Y Shape;Asphalt roads;Wet or damp;Daylight;Raining;Vehicle with vehicle collision;2;4;Going straight;Over 51;Not a Pedestrian;Drunk driving;Slight Injury
12:48:00;Sunday;Male;Junior high school;Owner;1-2yr;Lorry (11?40Q);Owner;Unknown;No defect;Residential areas;Two-way (divided with broken lines road marking);Tangent road with flat terrain;Y Shape;Asphalt roads;Wet or damp;Daylight;Raining;Collision with roadside objects;2;4;Going straight;na;Not a Pedestrian;Changing lane to the right;Slight Injury
12:48:00;Sunday;Male;Junior high school;Owner;2-5yr;Pick up upto 10Q;Owner;Unknown;No defect;Office areas;Double carriageway (median);Gentle horizontal curve;Y Shape;Asphalt roads;Wet or damp;Daylight;Raining;Collision with roadside objects;2;4;Waiting to go;na;Not a Pedestrian;Driving carelessly;Slight Injury
12:48:00;Sunday;Male;Unknown;Owner;5-10yr;Lorry (41?100Q);Owner;unknown;No defect;Office areas;Double carriageway (median);Tangent road with flat terrain;Y Shape;Asphalt roads;Wet or damp;Daylight;Raining;Vehicle with vehicle collision;2;4;Going straight;Over 51;Not a Pedestrian;Driving to the left;Slight Injury
18:40:00;Friday;Male;Unknown;Owner;Above 10yr;Other;Organization;Unknown;No defect;Other;Double carriageway (median);Tangent road with flat terrain;No junction;Asphalt roads;Dry;Daylight;Normal;Vehicle with vehicle collision;2;1;Going straight;18-30;Not a Pedestrian;Changing lane to the right;Slight Injury
18:40:00;Friday;Male;Junior high school;Owner;2-5yr;Automobile;Owner;Unknown;No defect;Office areas;Two-way (divided with broken lines road marking);Tangent road with flat terrain;No junction;Asphalt roads;Dry;Daylight;Normal;Vehicle with vehicle collision;2;1;Going straight;na;Not a Pedestrian;Changing lane to the right;Slight Injury
11:11:00;Wednesday;Male;Elementary school;Owner;Above 10yr;Long lorry;Owner;Unknown;No defect;Office areas;unknown;Tangent road with flat terrain;Y Shape;Asphalt roads;Dry;Daylight;Normal;Vehicle with vehicle collision;2;1;Going straight;na;Not a Pedestrian;Driving carelessly;Slight Injury
11:11:00;Wednesday;Male;Writing & reading;Owner;5-10yr;Lorry (11?40Q);Governmental;Unknown;unknown;Office areas;One way;Tangent road with flat terrain;Y Shape;Gravel roads;Dry;Daylight;Normal;Vehicle with vehicle collision;2;1;Going straight;Over 51;Not a Pedestrian;Changing lane to the left;Slight Injury
07:50:00;Tuesday;Male;unknown;Owner;unknown;Long lorry;Owner;Unknown;unknown;Other;Undivided Two way;Tangent road with flat terrain;Y Shape;Asphalt roads;Dry;Daylight;Normal;Rollover;2;2;Going straight;na;Not a Pedestrian;No priority to vehicle;Slight Injury
07:50:00;Tuesday;Male;Junior high school;Owner;5-10yr;Automobile;Owner;Unknown;unknown;Residential areas;unknown;Tangent road with flat terrain;Y Shape;Asphalt roads;Dry;Daylight;Normal;Vehicle with vehicle collision;2;2;Going straight;31-50;Not a Pedestrian;Driving carelessly;Slight Injury
07:50:00;Tuesday;Male;Junior high school;Owner;Below 1yr;Taxi;Owner;2-5yrs;No defect;Residential areas;Two-way (divided with broken lines road marking);Gentle horizontal curve;Y Shape;Asphalt roads;Dry;Daylight;Normal;Collision with roadside objects;2;2;Going straight;18-30;Not a Pedestrian;Changing lane to the right;Slight Injury
16:30:00;Tuesday;Male;Junior high school;Owner;2-5yr;Taxi;Owner;5-10yrs;unknown; Church areas;Two-way (divided with broken lines road marking);Tangent road with flat terrain;No junction;Asphalt roads;Wet or damp;Daylight;Raining;Collision with pedestrians;2;1;Going straight;18-30;Not a Pedestrian;Driving carelessly;Slight Injury
16:30:00;Tuesday;Male;Elementary school;Employee;2-5yr;Long lorry;Owner;5-10yrs;unknown;Other;Two-way (divided with broken lines road marking);Tangent road with flat terrain;No junction;Asphalt roads;Wet or damp;Daylight;Raining;Vehicle with vehicle collision;2;1;Going straight;na;Not a Pedestrian;Driving under the influence of drugs;Slight Injury
18:56:00;Monday;Male;Junior high school;Employee;2-5yr;Lorry (11?40Q);Owner;Unknown;unknown;Residential areas;Two-way (divided with broken lines road marking);Tangent road with flat terrain;Y Shape;Asphalt roads;Wet or damp;Daylight;Raining;Vehicle with vehicle collision;2;1;Going straight;18-30;Not a Pedestrian;No distancing;Slight Injury
18:56:00;Monday;Female;Junior high school;Employee;2-5yr;Lorry (11?40Q);Owner;2-5yrs;unknown;Other;Undivided Two way;Tangent road with flat terrain;Y Shape;Asphalt roads;Wet or damp;Daylight;Raining;Vehicle with vehicle collision;2;1;Going straight;Over 51;Not a Pedestrian;Changing lane to the left;Slight Injury