Time;Day_of_week;Sex_of_driver;Educational_level;Vehicle_driver_relation;Driving_experience;Type_of_vehicle;Owner_of_vehicle;Service_year_of_vehicle;Defect_of_vehicle;Area_accident_occured;Lanes_or_Medians;Road_allignment;Types_of_Junction;Road_surface_type;Road_surface_conditions;Light_conditions;Weather_conditions;Type_of_collision;Number_of_vehicles_involved;Number_of_casualties;Vehicle_movement;Age_band_of_casualty;Pedestrian_movement;Cause_of_accident;Accident_severity
17:45:00;Tuesday;Female;Junior high school;Employee;Below 1yr;Lorry (41?100Q);Owner;Unknown;No defect;Other;Two-way (divided with broken lines road marking);Tangent road with flat terrain;No junction;Asphalt roads;Dry;Daylight;Normal;Collision with pedestrians;3;1;Going straight;na;Not a Pedestrian;No distancing;Slight Injury
14:30:00;Sunday;Male;Junior high school;Employee;Above 10yr;Automobile;Owner;Unknown;No defect;Other;Double carriageway (median);Tangent road with flat terrain;Y Shape;Asphalt roads;Dry;Daylight;Normal;Vehicle with vehicle collision;2;1;Going straight;18-30;Not a Pedestrian;Driving under the influence of drugs;Slight Injury
14:30:00;Sunday;Male;Junior high school;Employee;5-10yr;Public (13?45 seats);Owner;unknown;No defect;  Recreational areas;Two-way (divided with broken lines road marking);Tangent road with flat terrain;Y Shape;Asphalt roads;Dry;Daylight;Normal;Vehicle with vehicle collision;2;1;Going straight;Over 51;Not a Pedestrian;Changing lane to the left;Slight Injury
06:10:00;Friday;Male;Junior high school;Owner;Above 10yr;Automobile;Owner;Unknown;No defect;  Recreational areas;One way;Tangent road with flat terrain;No junction;Asphalt roads;Wet or damp;Darkness - lights lit;Normal;Vehicle with vehicle collision;2;1;Going straight;na;Not a Pedestrian;Changing lane to the right;Serious Injury
06:10:00;Friday;Male;Junior high school;Employee;5-10yr;Public (> 45 seats);Owner;unknown;No defect;Other;Two-way (divided with broken lines road marking);Tangent road with flat terrain;No junction;Asphalt roads;Wet or damp;Darkness - lights lit;Normal;Vehicle with vehicle collision;2;1;Going straight;31-50;Not a Pedestrian;Driving to the left;Serious Injury
22:10:00;Wednesday;Male;Junior high school;Employee;1-2yr;Public (12 seats);Organization;1-2yr;No defect;Office areas;Two-way (divided with broken lines road marking);Tangent road with flat terrain;Crossing;Earth roads;Wet or damp;Darkness - lights lit;Raining;Collision with roadside objects;2;1;Going straight;18-30;Not a Pedestrian;Driving at high speed;Slight Injury
22:10:00;Wednesday;Male;Junior high school;Employee;1-2yr;Automobile;Owner;2-5yrs;No defect;Residential areas;Two-way (divided with broken lines road marking);Tangent road with flat terrain;Crossing;Asphalt roads;Wet or damp;Darkness - lights lit;Raining;Vehicle with vehicle collision;2;1;Going straight;18-30;Not a Pedestrian;Overtaking;Slight Injury
19:00:00;Tuesday;Male;Junior high school;Employee;1-2yr;Lorry (41?100Q);Owner;2-5yrs;No defect;Other;Two-way (divided with broken lines road marking);Tangent road with flat terrain;No junction;Asphalt roads;Dry;Darkness - lights lit;Normal;Vehicle with vehicle collision;2;1;Going straight;na;Not a Pedestrian;Changing lane to the right;Slight Injury
19:00:00;Tuesday;Male;High school;Employee;2-5yr;Automobile;unknown;1-2yr;unknown;Residential areas;Undivided Two way;Steep grade downward with mountainous terrain;No junction;Asphalt roads;Dry;Darkness - lights lit;Normal;Vehicle with vehicle collision;2;1;Moving Backward;31-50;Not a Pedestrian;Changing lane to the right;Slight Injury
18:25:00;Wednesday;Unknown;High school;Owner;Above 10yr;Pick up upto 10Q;Owner;unknown;No defect; Church areas;Double carriageway (median);Tangent road with flat terrain;No junction;Asphalt roads;Wet or damp;Darkness - lights lit;Normal;Vehicle with vehicle collision;1;1;Going straight;18-30;Not a Pedestrian;Moving Backward;Slight Injury
17:11:00;Sunday;Male;Elementary school;Employee;2-5yr;Public (12 seats);Owner;2-5yrs;unknown;Other;One way;Tangent road with flat terrain;Y Shape;Asphalt roads;Dry;Daylight;Normal;Collision with roadside objects;2;1;Going straight;18-30;Not a Pedestrian;Moving Backward;Slight Injury
17:11:00;Sunday;Male;Junior high school;Employee;Above 10yr;Automobile;Owner;5-10yrs;No defect;Office areas;Two-way (divided with broken lines road marking);Tangent road with mountainous terrain and;Y Shape;Asphalt roads;Dry;Daylight;Normal;Vehicle with vehicle collision;2;1;Going straight;18-30;Not a Pedestrian;Changing lane to the left;Slight Injury
17:10:00;Thursday;Male;High school;Employee;2-5yr;Automobile;Owner;2-5yrs;unknown;Other;Undivided Two way;Tangent road with flat terrain;Y Shape;Asphalt roads;Wet or damp;Darkness - lights lit;Normal;Collision with roadside objects;2;3;Going straight;18-30;Not a Pedestrian;Moving Backward;Slight Injury
17:10:00;Thursday;Male;Junior high school;Other;No Licence;Automobile;Owner;Unknown;unknown;  Recreational areas;Two-way (divided with broken lines road marking);Steep grade downward with mountainous terrain;Y Shape;Asphalt roads;Wet or damp;Darkness - lights lit;Normal;Vehicle with vehicle collision;2;3;Going straight;18-30;Not a Pedestrian;No distancing;Slight Injury
17:10:00;Thursday;Male;Junior high school;Employee;1-2yr;Stationwagen;Owner;unknown;No defect;Other;Undivided Two way;Tangent road with flat terrain;Y Shape;Asphalt roads;Wet or damp;Darkness - lights lit;Normal;Rollover;2;3;Going straight;Under 18;Not a Pedestrian;Moving Backward;Slight Injury
17:50:00;Friday;Male;Junior high school;Owner;5-10yr;Other;Owner;1-2yr;No defect;Office areas;Two-way (divided with broken lines road marking);Tangent road with flat terrain;Crossing;Asphalt roads with some distress;Dry;Darkness - lights lit;Normal;Vehicle with vehicle collision;2;1;Going straight;na;Not a Pedestrian;Changing lane to the right;Slight Injury
17:50:00;Friday;Male;Junior high school;Employee;1-2yr;Other;Governmental;unknown;No defect;Residential areas;Undivided Two way;Tangent road with flat terrain;Crossing;Asphalt roads;Dry;Darkness - lights lit;Normal;Vehicle with vehicle collision;2;1;Going straight;31-50;Not a Pedestrian;Changing lane to the left;Slight Injury
08:25:00;Monday;Female;Junior high school;Employee;Above 10yr;Other;Owner;Unknown;No defect;Office areas;One way;Tangent road with flat terrain;Y Shape;Asphalt roads;Wet or damp;Daylight;Raining and Windy;Vehicle with vehicle collision;1;1;Going straight;na;Not a Pedestrian;No priority to vehicle;Slight Injury
13:00:00;Tuesday;Male;Junior high school;Employee;1-2yr;Public (13?45 seats);Owner;unknown;No defect;Office areas;Two-way (divided with broken lines road marking);Tangent road with flat terrain;Y Shape;Asphalt roads;Dry;Daylight;Normal;Vehicle with vehicle collision;2;1;Going straight;31-50;Not a Pedestrian;No distancing;Slight Injury
13:00:00;Tuesday;Male;Junior high school;Employee;1-2yr;Lorry (41?100Q);Owner;Unknown;No defect; Church areas;Double carriageway (median);Tangent road with flat terrain;Y Shape;Asphalt roads;Dry;Daylight;Normal;Vehicle with vehicle collision;2;1;Going straight;31-50;Not a Pedestrian;No priority to vehicle;Slight Injury
23:45:00;Friday;Female;Junior high school;Employee;2-5yr;Public (12 seats);Owner;unknown;No defect; Church areas;Undivided Two way;Tangent road with flat terrain;Crossing;Asphalt roads;Wet or damp;Darkness - lights lit;Raining;Collision with pedestrians;3;1;Going straight;18-30;Not a Pedestrian;Driving under the influence of drugs;Slight Injury
23:45:00;Friday;Male;High school;Employee;1-2yr;Automobile;Owner;unknown;No defect;Residential areas;Undivided Two way;Tangent road with flat terrain;Crossing;Asphalt roads;Wet or damp;Darkness - lights lit;Raining;Rollover;3;1;Going straight;na;Not a Pedestrian;Changing lane to the right;Slight Injury
23:45:00;Friday;Female;Junior high school;Employee;1-2yr;Automobile;Owner;unknown;No defect;Other;Undivided Two way;Tangent road with flat terrain;Crossing;Asphalt roads;Wet or damp;Darkness - lights lit;Raining;Vehicle with vehicle collision;3;1;Going straight;18-30;Not a Pedestrian;No distancing;Slight Injury
20:50:00;Tuesday;Male;Elementary school;Employee;Above 10yr;Stationwagen;Owner;Unknown;unknown;Other;other;Tangent road with flat terrain;Crossing;Asphalt roads;Dry;Darkness - lights lit;Normal;Rollover;2;1;Going straight;Under 18;Crossing from driver's nearside;No distancing;Slight Injury
20:50:00;Tuesday;Unknown;Junior high school;Employee;Above 10yr;Lorry (41?100Q);Owner;unknown;No defect;unknown;Undivided Two way;Tangent road with flat terrain;Crossing;Asphalt roads;Dry;Darkness - lights lit;Normal;Unknown;2;1;Going straight;Under 18;Not a Pedestrian;Changing lane to the left;Slight Injury
10:54:00;Friday;Male;Elementary school;Employee;Above 10yr;Lorry (41?100Q);Owner;2-5yrs;unknown;Residential areas;Undivided Two way;Tangent road with flat terrain;Y Shape;Asphalt roads;Dry;Daylight;Normal;Vehicle with vehicle collision;1;1;Going straight;na;Not a Pedestrian;Changing lane to the right;Slight Injury
16:50:00;Monday;Male;Junior high school;Employee;Above 10yr;Lorry (41?100Q);Owner;Unknown;unknown;Office areas;Undivided Two way;Tangent road with flat terrain;No junction;Asphalt roads;Wet or damp;Darkness - lights lit;Normal;Vehicle with vehicle collision;2;2;Reversing;Over 51;Unknown or other;Changing lane to the right;Slight Injury
16:50:00;Monday;Male;Junior high school;Employee;1-2yr;Public (> 45 seats);Owner;Unknown;unknown;Residential areas;Undivided Two way;Tangent road with flat terrain;No junction;Asphalt roads;Wet or damp;Darkness - lights lit;Normal;Fall from vehicles;2;2;Going straight;31-50;Walking along in carriageway, facing traffic;Driving under the influence of drugs;Slight Injury
16:50:00;Monday;Male;Junior high school;Employee;5-10yr;Public (12 seats);Owner;Unknown;No defect;Other;Two-way (divided with broken lines road marking);Tangent road with flat terrain;No junction;Asphalt roads;Wet or damp;Darkness - lights lit;Normal;Vehicle with vehicle collision;2;2;Going straight;na;Not a Pedestrian;Moving Backward;Slight Injury
18:30:00;Sunday;Male;High school;Owner;2-5yr;Other;Owner;unknown;No defect;Other;Two-way (divided with broken lines road marking);Tangent road with flat terrain;No junction;Asphalt roads;Wet or damp;Darkness - lights lit;Normal;Collision with roadside objects;2;5;Going straight;31-50;Not a Pedestrian;Changing lane to the left;Slight Injury
18:30:00;Sunday;Male;Junior high school;Employee;2-5yr;Public (12 seats);Owner;unknown;No defect;  Recreational areas;Two-way (divided with broken lines road marking);Tangent road with flat terrain;No junction;Asphalt roads;Wet or damp;Darkness - lights lit;Normal;Vehicle with vehicle collision;2;5;Unknown;18-30;Not a Pedestrian;No priority to pedestrian;Slight Injury
18:30:00;Sunday;Male;Junior high school;Employee;5-10yr;Other;Owner;5-10yrs;unknown; Church areas;One way;Tangent road with flat terrain;No junction;Asphalt roads;Wet or damp;Darkness - lights lit;Normal;Vehicle with vehicle collision;2;5;Going straight;Over 51;Not a Pedestrian;No distancing;Slight Injury
18:30:00;Sunday;Male;Junior high school;Employee;5-10yr;Public (12 seats);Owner;unknown;unknown;School areas;Two-way (divided with broken lines road marking);Tangent road with flat terrain;No junction;Asphalt roads;Wet or damp;Darkness - lights lit;Normal;Vehicle with vehicle collision;2;5;Going straight;na;Not a Pedestrian;No distancing;Slight Injury
18:30:00;Sunday;Male;Junior high school;Employee;2-5yr;Stationwagen;Owner;2-5yrs;unknown;Office areas;Undivided Two way;Tangent road with flat terrain;No junction;Asphalt roads;Wet or damp;Darkness - lights lit;Normal;Collision with pedestrians;2;5;Going straight;18-30;Not a Pedestrian;Changing lane to the left;Slight Injury
15:50:00;Thursday;Female;High school;Employee;Above 10yr;Automobile;Owner;1-2yr;unknown;Other;unknown;Tangent road with flat terrain;No junction;unknown;Wet or damp;Darkness - lights lit;Raining;Vehicle with vehicle collision;2;1;Going straight;na;Not a Pedestrian;Changing lane to the right;Slight Injury
15:50:00;Thursday;Male;Elementary school;Employee;5-10yr;Lorry (41?100Q);Owner;5-10yrs;unknown;Residential areas;Undivided Two way;Tangent road with flat terrain;No junction;Asphalt roads;Wet or damp;Darkness - lights lit;Raining;Vehicle with vehicle collision;2;1;Going straight;18-30;Not a Pedestrian;Driving carelessly;Slight Injury
15:40:00;Friday;Male;Junior high school;Employee;Above 10yr;Special vehicle;Owner;Above 10yr;unknown;Other;Undivided Two way;Tangent road with flat terrain;Crossing;Asphalt roads;Wet or damp;Darkness - lights lit;Normal;Unknown;2;1;Going straight;na;Not a Pedestrian;No distancing;Slight Injury
15:40:00;Friday;Male;Writing & reading;Employee;2-5yr;Lorry (41?100Q);Owner;1-2yr;No defect;Other;other;Steep grade downward with mountainous terrain;Crossing;Asphalt roads;Wet or damp;Darkness - lights lit;Normal;Rollover;2;1;Unknown;na;Not a Pedestrian;Changing lane to the left;Slight Injury
07:50:00;Thursday;Male;Junior high school;Employee;2-5yr;Lorry (41?100Q);Owner;2-5yrs;unknown;Office areas;One way;Steep grade downward with mountainous terrain;O Shape;Asphalt roads;Wet or damp;Daylight;Normal;Collision with roadside objects;2;1;Moving Backward;18-30;Not a Pedestrian;Moving Backward;Serious Injury
07:50:00;Thursday;Male;High school;Employee;2-5yr;Public (> 45 seats);Owner;unknown;No defect;Residential areas;Two-way (divided with broken lines road marking);Tangent road with flat terrain;O Shape;Asphalt roads;Wet or damp;Daylight;Normal;Vehicle with vehicle collision;2;1;Going straight;31-50;Crossing from nearside - masked by parked or statioNot a Pedestrianry vehicle;No distancing;Serious Injury
17:05:00;Monday;Male;Junior high school;Employee;1-2yr;Automobile;Owner;unknown;No defect;Other;Two-way (divided with broken lines road marking);Tangent road with flat terrain;Y Shape;Asphalt roads;Dry;Daylight;Normal;Vehicle with vehicle collision;1;1;Turnover;18-30;Crossing from driver's nearside;No priority to pedestrian;Serious Injury
15:25:00;Monday;Male;High school;Employee;5-10yr;Automobile;Organization;2-5yrs;unknown;Residential areas;Undivided Two way;Tangent road with flat terrain;No junction;Asphalt roads;Wet or damp;Daylight;Cloudy;Collision with roadside objects;1;1;Turnover;Under 18;Crossing from driver's nearside;Changing lane to the left;Slight Injury
09:45:00;Monday;Male;Elementary school;Employee;2-5yr;Automobile;Owner;unknown;No defect; Church areas;Two-way (divided with broken lines road marking);Tangent road with flat terrain;Unknown;Asphalt roads;Dry;Daylight;Normal;Vehicle with vehicle collision;2;2;Reversing;na;Not a Pedestrian;No distancing;Slight Injury
09:45:00;Monday;Male;Junior high school;Employee;1-2yr;Public (> 45 seats);Governmental;unknown;No defect;Residential areas;Two-way (divided with broken lines road marking);Tangent road with flat terrain;Unknown;Asphalt roads;Dry;Daylight;Normal;Vehicle with vehicle collision;2;2;Reversing;31-50;Not a Pedestrian;Driving carelessly;Slight Injury
09:45:00;Monday;Female;Elementary school;Employee;1-2yr;Lorry (11?40Q);Owner;unknown;No defect;Office areas;One way;Tangent road with flat terrain;Unknown;Asphalt roads;Dry;Daylight;Normal;Vehicle with vehicle collision;2;2;Reversing;31-50;Not a Pedestrian;No priority to vehicle;Slight Injury
10:16:00;Friday;Male;High school;Employee;No Licence;Pick up upto 10Q;Governmental;Below 1yr;No defect;Residential areas;Two-way (divided with broken lines road marking);Tangent road with flat terrain;No junction;Asphalt roads;Wet or damp;Daylight;Raining;Rollover;1;1;Moving Backward;na;Not a Pedestrian;Changing lane to the right;Slight Injury
08:54:00;Thursday;Male;Junior high school;Owner;5-10yr;Lorry (11?40Q);Owner;Unknown;No defect;Other;One way;Tangent road with flat terrain;Y Shape;Asphalt roads;Wet or damp;Daylight;Other;Rollover;1;1;Going straight;na;Not a Pedestrian;Moving Backward;Slight Injury
13:00:00;Thursday;Male;Junior high school;Employee;1-2yr;Pick up upto 10Q;Owner;Unknown;unknown; Industrial areas;Two-way (divided with broken lines road marking);Tangent road with flat terrain;No junction;Asphalt roads;Wet or damp;Daylight;Raining;Collision with pedestrians;2;1;Going straight;18-30;Not a Pedestrian;No priority to vehicle;Serious Injury
13:00:00;Thursday;Male;Junior high school;Employee;2-5yr;Special vehicle;Owner;Unknown;unknown; Church areas;Two-way (divided with broken lines road marking);Tangent road with flat terrain;No junction;Asphalt roads;Wet or damp;Daylight;Raining;Unknown;2;1;Going straight;31-50;Not a Pedestrian;No priority to pedestrian;Serious Injury
17:10:00;Wednesday;Male;Junior high school;Employee;5-10yr;Lorry (11?40Q);Owner;2-5yrs;No defect;Residential areas;Undivided Two way;Steep grade downward with mountainous terrain;Y Shape;Asphalt roads;Wet or damp;Darkness - lights lit;Normal;Vehicle with vehicle collision;2;1;Going straight;31-50;Not a Pedestrian;Changing lane to the left;Slight Injury
17:10:00;Wednesday;Male;unknown;unknown;unknown;unknown;unknown;unknown;unknown;unknown;Two-way (divided with broken lines road marking);Tangent road with flat terrain;Y Shape;Asphalt roads;Wet or damp;Darkness - lights lit;Normal;Vehicle with vehicle collision;2;1;Going straight;18-30;Not a Pedestrian;Changing lane to the left;Slight Injury
21:00:00;Saturday;Male;unknown;unknown;unknown;unknown;unknown;unknown;unknown;unknown;Two-way (divided with broken lines road marking);Tangent road with flat terrain;Y Shape;Asphalt roads;Wet or damp;Darkness - lights lit;Raining;Collision with pedestrians;1;1;Going straight;na;Not a Pedestrian;Driving under the influence of drugs;Fatal injury
16:13:00;Wednesday;Male;Junior high school;Employee;2-5yr;Lorry (41?100Q);Owner;1-2yr;No defect;Office areas;Undivided Two way;Tangent road with flat terrain;Crossing;Asphalt roads;Wet or damp;Darkness - lights lit;Cloudy;Collision with pedestrians;2;1;Going straight;na;Not a Pedestrian;Moving Backward;Slight Injury
16:13:00;Wednesday;Male;Junior high school;Employee;Above 10yr;Other;Owner;Above 10yr;No defect; Outside rural areas;Two-way (divided with broken lines road marking);Tangent road with mountainous terrain and;Crossing;Asphalt roads;Wet or damp;Darkness - lights lit;Cloudy;Vehicle with vehicle collision;2;1;Going straight;18-30;Not a Pedestrian;Changing lane to the right;Slight Injury
17:20:00;Tuesday;Male;Junior high school;Owner;Above 10yr;Other;Owner;Above 10yr;No defect; Church areas;Two-way (divided with broken lines road marking);Steep grade downward with mountainous terrain;Y Shape;Asphalt roads;Dry;Darkness - lights lit;Normal;Vehicle with vehicle collision;2;1;Going straight;na;Not a Pedestrian;Changing lane to the right;Slight Injury
17:20:00;Tuesday;Male;unknown;unknown;unknown;Automobile;Owner;unknown;No defect;Office areas;other;Tangent road with mountainous terrain and;Y Shape;Asphalt roads;Dry;Darkness - lights lit;Normal;Vehicle with vehicle collision;2;1;Turnover;31-50;Not a Pedestrian;No distancing;Slight Injury
22:00:00;Saturday;Male;Elementary school;Owner;Above 10yr;Other;Owner;Above 10yr;unknown; Church areas;Two-way (divided with broken lines road marking);Steep grade downward with mountainous terrain;No junction;Asphalt roads;Wet or damp;Darkness - lights lit;Windy;Collision with roadside objects;1;1;Going straight;31-50;Not a Pedestrian;Moving Backward;Slight Injury
07:58:00;Monday;Male;unknown;unknown;unknown;Automobile;unknown;unknown;unknown;Office areas;other;Tangent road with mountainous terrain and;No junction;Asphalt roads;Wet or damp;Daylight;Raining;Unknown;2;1;Moving Backward;18-30;Not a Pedestrian;No distancing;Slight Injury
07:58:00;Monday;Male;Junior high school;Owner;5-10yr;Public (13?45 seats);Governmental;unknown;No defect;Office areas;Undivided Two way;Tangent road with flat terrain;No junction;Asphalt roads;Wet or damp;Daylight;Raining;Collision with roadside objects;2;1;Going straight;18-30;Not a Pedestrian;Driving carelessly;Slight Injury
20:16:00;Sunday;Male;Junior high school;Owner;Above 10yr;Lorry (41?100Q);Owner;1-2yr;No defect;School areas;Two-way (divided with broken lines road marking);Tangent road with flat terrain;Y Shape;Asphalt roads;Dry;Darkness - lights lit;Normal;Vehicle with vehicle collision;2;1;Going straight;18-30;Not a Pedestrian;No priority to pedestrian;Slight Injury
20:16:00;Sunday;Female;High school;Owner;Above 10yr;unknown;Owner;Below 1yr;No defect;Residential areas;Two-way (divided with broken lines road marking);Tangent road with flat terrain;Y Shape;Asphalt roads;Dry;Darkness - lights lit;Normal;Vehicle with vehicle collision;2;1;Moving Backward;Over 51;Not a Pedestrian;No priority to vehicle;Slight Injury
20:00:00;Saturday;Unknown;unknown;unknown;unknown;Automobile;Owner;unknown;No defect;Office areas;other;Tangent road with mountainous terrain and;Crossing;Asphalt roads;Wet or damp;Darkness - lights lit;Other;Collision with roadside objects;1;1;Going straight;Over 51;Not a Pedestrian;Moving Backward;Slight Injury
18:40:00;Thursday;Unknown;Elementary school;Employee;5-10yr;unknown;Owner;Unknown;No defect;Rural village areasOffice areas;other;Tangent road with flat terrain;No junction;Asphalt roads;Wet or damp;Darkness - lights lit;Windy;Vehicle with vehicle collision;1;1;Going straight;31-50;Not a Pedestrian;Changing lane to the right;Slight Injury
16:31:00;Wednesday;Male;Elementary school;Owner;Above 10yr;Lorry (41?100Q);Owner;Unknown;No defect;Other;Two-way (divided with broken lines road marking);Tangent road with flat terrain;Unknown;Asphalt roads;Wet or damp;Darkness - lights lit;Raining;Vehicle with vehicle collision;1;1;Waiting to go;31-50;Not a Pedestrian;No distancing;Slight Injury
18:45:00;Tuesday;Male;Junior high school;Owner;Below 1yr;unknown;Owner;Unknown;No defect;Residential areas;Undivided Two way;Tangent road with flat terrain;O Shape;Asphalt roads;Wet or damp;Darkness - lights lit;Raining;Collision with roadside objects;2;1;Moving Backward;18-30;Not a Pedestrian;Driving carelessly;Serious Injury
18:45:00;Tuesday;Male;Junior high school;Owner;2-5yr;Lorry (41?100Q);Owner;Unknown;No defect;Office areas;Undivided Two way;Tangent road with flat terrain;O Shape;Asphalt roads;Wet or damp;Darkness - lights lit;Raining;Collision with roadside objects;2;1;Moving Backward;Under 18;Crossing from nearside - masked by parked or statioNot a Pedestrianry vehicle;Changing lane to the left;Serious Injury
15:16:00;Monday;Unknown;Junior high school;Owner;2-5yr;Taxi;Owner;Unknown;No defect;Office areas;Undivided Two way;Tangent road with flat terrain;No junction;Asphalt roads;Wet or damp;Daylight;Cloudy;Vehicle with vehicle collision;1;1;Going straight;18-30;Not a Pedestrian;Moving Backward;Slight Injury
18:35:00;Wednesday;Unknown;High school;Owner;5-10yr;Lorry (41?100Q);Owner;Unknown;No defect;Residential areas;Undivided Two way;Tangent road with flat terrain;No junction;Asphalt roads;Wet or damp;Darkness - lights lit;Raining;Unknown;2;2;Unknown;Over 51;Not a Pedestrian;No distancing;Slight Injury
18:35:00;Wednesday;Unknown;Junior high school;Owner;unknown;Lorry (41?100Q);Owner;Unknown;No defect;Office areas;Undivided Two way;Tangent road with flat terrain;No junction;Asphalt roads;Wet or damp;Darkness - lights lit;Raining;Vehicle with vehicle collision;2;2;Going straight;na;Not a Pedestrian;Changing lane to the right;Slight Injury
20:40:00;Tuesday;Male;unknown;Owner;Below 1yr;Other;Owner;Unknown;No defect;Office areas;Undivided Two way;Tangent road with flat terrain;Y Shape;Asphalt roads;Wet or damp;Darkness - lights lit;Normal;Vehicle with vehicle collision;1;2;Going straight;31-50;Not a Pedestrian;No priority to vehicle;Slight Injury
20:40:00;Tuesday;Male;Elementary school;Owner;Above 10yr;Stationwagen;Owner;Unknown;No defect;Office areas;unknown;Tangent road with flat terrain;Y Shape;Asphalt roads;Wet or damp;Darkness - lights lit;Normal;Vehicle with vehicle collision;1;2;Going straight;Under 18;Not a Pedestrian;Getting off the vehicle improperly;Slight Injury
17:34:00;Monday;Unknown;Elementary school;Owner;Below 1yr;Stationwagen;Owner;Unknown;No defect;Office areas;Two-way (divided with broken lines road marking);Tangent road with flat terrain;Y Shape;Asphalt roads;Dry;Darkness - lights lit;Normal;Vehicle with vehicle collision;2;1;Moving Backward;Under 18;Not a Pedestrian;No distancing;Slight Injury
17:34:00;Monday;Male;Junior high school;Owner;5-10yr;Lorry (41?100Q);Owner;Unknown;No defect;Other;Undivided Two way;Tangent road with flat terrain;Y Shape;Asphalt roads;Dry;Darkness - lights lit;Normal;Vehicle with vehicle collision;2;1;Going straight;na;Not a Pedestrian;No distancing;Slight Injury
20:20:00;Wednesday;Male;Junior high school;Owner;5-10yr;Lorry (41?100Q);Owner;Unknown;No defect;Other;Two-way (divided with broken lines road marking);Tangent road with flat terrain;Crossing;Asphalt roads;Wet or damp;Darkness - lights lit;Normal;Vehicle with vehicle collision;1;1;Going straight;18-30;Not a Pedestrian;Changing lane to the left;Serious Injury
22:25:00;Friday;Male;unknown;Owner;unknown;Other;Owner;2-5yrs;unknown;Other;Two-way (divided with broken lines road marking);Tangent road with flat terrain;No junction;Asphalt roads;Dry;Darkness - lights lit;Normal;Vehicle with vehicle collision;2;2;Going straight;Over 51;Not a Pedestrian;No priority to vehicle;Slight Injury
22:25:00;Friday;Male;Junior high school;Employee;1-2yr;Automobile;Owner;2-5yrs;unknown;Residential areas;One way;Tangent road with flat terrain;No junction;Asphalt roads;Dry;Darkness - lights lit;Normal;Vehicle with vehicle collision;2;2;Going straight;Under 18;Crossing from nearside - masked by parked or statioNot a Pedestrianry vehicle;Driving carelessly;Slight Injury
22:25:00;Friday;Male;High school;Owner;5-10yr;unknown;Owner;2-5yrs;unknown;School areas;Undivided Two way;Tangent road with mild grade and flat terrain;No junction;Asphalt roads;Dry;Darkness - lights lit;Normal;Unknown;2;2;Going straight;na;Not a Pedestrian;Changing lane to the right;Slight Injury
15:10:00;Friday;Male;Junior high school;Employee;5-10yr;Taxi;Owner;2-5yrs;unknown;Residential areas;Undivided Two way;Tangent road with mild grade and flat terrain;Y Shape;Asphalt roads;Wet or damp;Daylight;Normal;Vehicle with vehicle collision;1;1;Reversing;31-50;Not a Pedestrian;No distancing;Slight Injury
17:10:00;Wednesday;Male;Junior high school;Employee;5-10yr;Lorry (41?100Q);Owner;2-5yrs;No defect;Office areas;Two-way (divided with broken lines road marking);Tangent road with flat terrain;Y Shape;Asphalt roads;Dry;Darkness - lights lit;Normal;Vehicle with vehicle collision;2;1;Going straight;Under 18;Crossing from offside - masked by  parked or statioNot a Pedestrianry vehicle;Changing lane to the right;Slight Injury
17:10:00;Wednesday;Male;Junior high school;Employee;5-10yr;Other;Owner;unknown;No defect; Church areas;One way;Tangent road with flat terrain;Y Shape;Asphalt roads;Dry;Darkness - lights lit;Normal;Vehicle with vehicle collision;2;1;Going straight;na;Not a Pedestrian;No distancing;Slight Injury
06:12:00;Saturday;Male;Junior high school;Employee;Above 10yr;Automobile;Owner;unknown;No defect;Other;Undivided Two way;Tangent road with flat terrain;Crossing;Asphalt roads;Wet or damp;Darkness - lights lit;Raining;Vehicle with vehicle collision;3;1;Going straight;18-30;Not a Pedestrian;Driving under the influence of drugs;Slight Injury
06:12:00;Saturday;Unknown;Junior high school;Employee;5-10yr;Public (> 45 seats);Owner;2-5yrs;No defect;Other;One way;Tangent road with flat terrain;Crossing;Asphalt roads;Wet or damp;Darkness - lights lit;Raining;Vehicle with vehicle collision;3;1;Going straight;18-30;Crossing from offside - masked by  parked or statioNot a Pedestrianry vehicle;Changing lane to the left;Slight Injury
06:12:00;Saturday;Male;Junior high school;Employee;No Licence;Stationwagen;Owner;5-10yrs;No defect;Other;Two-way (divided with broken lines road marking);Tangent road with flat terrain;Crossing;Asphalt roads;Wet or damp;Darkness - lights lit;Raining;Vehicle with vehicle collision;3;1;Going straight;31-50;Not a Pedestrian;Getting off the vehicle improperly;Slight Injury
11:05:00;Thursday;Male;Above high school;Employee;Below 1yr;Automobile;Owner;unknown;No defect;Other;Two-way (divided with broken lines road marking);Tangent road with flat terrain;Y Shape;Asphalt roads;Wet or damp;Daylight;Normal;Vehicle with vehicle collision;2;1;Going straight;18-30;Not a Pedestrian;Overloading;Serious Injury
11:05:00;Thursday;Male;Elementary school;Employee;5-10yr;Lorry (41?100Q);Owner;unknown;No defect;Office areas;Undivided Two way;Tangent road with flat terrain;Y Shape;Asphalt roads;Wet or damp;Daylight;Normal;Collision with roadside objects;2;1;Going straight;Over 51;Not a Pedestrian;Driving carelessly;Serious Injury