Time;Day_of_week;Sex_of_driver;Educational_level;Vehicle_driver_relation;Driving_experience;Type_of_vehicle;Owner_of_vehicle;Service_year_of_vehicle;Defect_of_vehicle;Area_accident_occured;Lanes_or_Medians;Road_allignment;Types_of_Junction;Road_surface_type;Road_surface_conditions;Light_conditions;Weather_conditions;Type_of_collision;Number_of_vehicles_involved;Number_of_casualties;Vehicle_movement;Age_band_of_casualty;Pedestrian_movement;Cause_of_accident;Accident_severity
17:00:00;Friday;Male;Elementary school;Employee;5-10yr;Pick up upto 10Q;Governmental;2-5yrs;unknown;Other;other;Tangent road with flat terrain;Crossing;Asphalt roads;Dry;Daylight;Normal;Vehicle with vehicle collision;2;6;Parked;Over 51;Unknown or other;Changing lane to the left;Slight Injury
17:00:00;Friday;Male;Elementary school;Employee;5-10yr;Other;Owner;Unknown;No defect;Other;Undivided Two way;Tangent road with flat terrain;Crossing;Asphalt roads;Dry;Daylight;Normal;Vehicle with vehicle collision;2;6;Going straight;na;Not a Pedestrian;No priority to vehicle;Slight Injury
17:00:00;Friday;Male;Elementary school;Employee;1-2yr;Lorry (41?100Q);Owner;Above 10yr;unknown;Other;other;Tangent road with flat terrain;Crossing;Other;Dry;Daylight;Normal;Vehicle with vehicle collision;2;6;Going straight;Under 18;Not a Pedestrian;Changing lane to the right;Slight Injury
13:50:00;Saturday;Male;Elementary school;Employee;unknown;Ridden horse;unknown;unknown;unknown;Residential areas;Undivided Two way;Tangent road with flat terrain;Y Shape;Asphalt roads;Dry;Daylight;Normal;Vehicle with vehicle collision;2;1;Unknown;na;Not a Pedestrian;No distancing;Slight Injury
13:50:00;Saturday;Male;Junior high school;Employee;1-2yr;Automobile;Owner;2-5yrs;No defect; Church areas;Undivided Two way;Tangent road with flat terrain;Y Shape;Asphalt roads;Dry;Daylight;Normal;Vehicle with vehicle collision;2;1;Going straight;18-30;Not a Pedestrian;No priority to pedestrian;Slight Injury
17:25:00;Friday;Male;unknown;Employee;5-10yr;Automobile;Owner;2-5yrs;unknown;Office areas;Double carriageway (median);Tangent road with flat terrain;Crossing;Asphalt roads;Dry;Daylight;Normal;Collision with pedestrians;2;1;Going straight;31-50;Not a Pedestrian;No distancing;Serious Injury
17:25:00;Friday;Male;Elementary school;Owner;1-2yr;Stationwagen;Owner;2-5yrs;unknown; Church areas;other;Tangent road with flat terrain;Crossing;Asphalt roads;Dry;Daylight;Normal;Vehicle with vehicle collision;2;1;Stopping;18-30;Not a Pedestrian;No priority to vehicle;Serious Injury
09:55:00;Wednesday;Male;Junior high school;Employee;5-10yr;Other;Owner;2-5yrs;unknown;Other;Two-way (divided with broken lines road marking);Tangent road with flat terrain;No junction;Asphalt roads;Dry;Daylight;Normal;Vehicle with vehicle collision;2;1;Going straight;18-30;Not a Pedestrian;Other;Slight Injury
09:55:00;Wednesday;Male;Junior high school;Employee;2-5yr;Lorry (41?100Q);Owner;unknown;unknown;unknown;other;Tangent road with flat terrain;No junction;Asphalt roads;Dry;Daylight;Normal;Collision with roadside objects;2;1;Overtaking;Under 18;Unknown or other;Driving carelessly;Slight Injury
16:01:00;Friday;Male;Junior high school;Employee;2-5yr;Lorry (41?100Q);Owner;1-2yr;unknown;School areas;other;Steep grade downward with mountainous terrain;Crossing;Asphalt roads;Wet or damp;Daylight;Raining;Vehicle with vehicle collision;2;1;Going straight;18-30;Not a Pedestrian;Changing lane to the left;Slight Injury
16:01:00;Friday;Male;Junior high school;Employee;5-10yr;Long lorry;Owner;5-10yrs;unknown;Office areas;Two-way (divided with broken lines road marking);Tangent road with mild grade and flat terrain;Crossing;Earth roads;Wet or damp;Daylight;Raining;Vehicle with vehicle collision;2;1;Reversing;na;Not a Pedestrian;Driving carelessly;Slight Injury
22:35:00;Thursday;Male;Junior high school;Owner;Below 1yr;Stationwagen;Owner;Below 1yr;unknown;Other;other;Steep grade downward with mountainous terrain;No junction;Asphalt roads;Dry;Darkness - no lighting;Normal;Collision with pedestrians;1;2;Going straight;Under 18;Not a Pedestrian;Changing lane to the left;Serious Injury
22:35:00;Thursday;Male;High school;Employee;Below 1yr;Public (12 seats);Owner;Unknown;unknown;Office areas;Undivided Two way;Tangent road with flat terrain;No junction;Asphalt roads;Dry;Darkness - no lighting;Normal;Vehicle with vehicle collision;1;2;Going straight;Under 18;Not a Pedestrian;No priority to vehicle;Serious Injury
14:04:00;Thursday;Male;Junior high school;Employee;unknown;Automobile;Owner;unknown;unknown;Other;Undivided Two way;Tangent road with flat terrain;Crossing;Asphalt roads;Dry;Daylight;Normal;Vehicle with vehicle collision;3;1;Unknown;na;Not a Pedestrian;No distancing;Slight Injury
14:04:00;Thursday;Male;Junior high school;Employee;Below 1yr;Public (12 seats);Owner;2-5yrs;unknown;Other;Two-way (divided with broken lines road marking);Tangent road with flat terrain;Crossing;Asphalt roads;Dry;Daylight;Normal;Collision with pedestrians;3;1;Going straight;Under 18;In carriageway, statioNot a Pedestrianry - not crossing  (standing or playing);Changing lane to the right;Slight Injury
14:04:00;Thursday;Male;Junior high school;Employee;2-5yr;Lorry (41?100Q);Owner;unknown;unknown;Office areas;Undivided Two way;Tangent road with flat terrain;Crossing;Asphalt roads;Dry;Daylight;Normal;Collision with pedestrians;3;1;Moving Backward;na;Not a Pedestrian;Changing lane to the right;Slight Injury
17:33:00;Wednesday;Male;Junior high school;Employee;2-5yr;Automobile;Owner;unknown;No defect;Other;Double carriageway (median);Tangent road with flat terrain;No junction;Asphalt roads;Dry;Daylight;Normal;Collision with pedestrians;2;1;Going straight;Over 51;Not a Pedestrian;Driving at high speed;Slight Injury
17:33:00;Wednesday;Female;Junior high school;Employee;5-10yr;Lorry (41?100Q);Owner;unknown;unknown; Church areas;other;Tangent road with flat terrain;No junction;Asphalt roads;Dry;Daylight;Normal;Collision with roadside objects;2;1;Moving Backward;31-50;Unknown or other;No distancing;Slight Injury
14:30:00;Thursday;Male;Elementary school;Employee;5-10yr;Lorry (41?100Q);Owner;unknown;No defect;Office areas;Two-way (divided with broken lines road marking);Tangent road with flat terrain;Y Shape;Asphalt roads;Dry;Daylight;Other;Vehicle with vehicle collision;2;4;Going straight;18-30;Not a Pedestrian;Changing lane to the right;Slight Injury
14:30:00;Thursday;Male;unknown;Owner;5-10yr;Pick up upto 10Q;Owner;Above 10yr;No defect;Office areas;Two-way (divided with broken lines road marking);Tangent road with flat terrain;Y Shape;Asphalt roads;Dry;Daylight;Other;Vehicle with vehicle collision;2;4;Going straight;na;Not a Pedestrian;Changing lane to the left;Slight Injury
14:30:00;Thursday;Male;Junior high school;Employee;5-10yr;Other;Owner;2-5yrs;unknown;Other;Undivided Two way;Tangent road with mountainous terrain and;Y Shape;Asphalt roads;Dry;Daylight;Other;Vehicle with vehicle collision;2;4;Unknown;na;Not a Pedestrian;Getting off the vehicle improperly;Slight Injury
14:30:00;Thursday;Male;Junior high school;Owner;5-10yr;Automobile;Owner;2-5yrs;unknown;Residential areas;Undivided Two way;Tangent road with flat terrain;Y Shape;Asphalt roads;Dry;Daylight;Other;Vehicle with vehicle collision;2;4;Going straight;31-50;Not a Pedestrian;Other;Slight Injury
16:20:00;Wednesday;Female;Illiterate;Employee;2-5yr;Automobile;Owner;Unknown;No defect;Residential areas;Undivided Two way;Tangent road with flat terrain;Y Shape;Asphalt roads;Dry;Daylight;Normal;Vehicle with vehicle collision;2;1;Going straight;18-30;Not a Pedestrian;Other;Slight Injury
16:20:00;Wednesday;Male;Junior high school;Employee;5-10yr;Lorry (11?40Q);Owner;5-10yrs;7;unknown;Two-way (divided with broken lines road marking);Tangent road with flat terrain;Y Shape;Asphalt roads;Dry;Daylight;Normal;Vehicle with vehicle collision;2;1;Going straight;na;Not a Pedestrian;No distancing;Slight Injury
20:25:00;Thursday;Male;Junior high school;Employee;Below 1yr;Bajaj;Owner;Unknown;7;Other;other;Tangent road with flat terrain;Y Shape;Asphalt roads;Dry;Darkness - lights lit;Normal;Collision with pedestrians;2;2;Turnover;na;Not a Pedestrian;No priority to vehicle;Serious Injury
20:25:00;Thursday;Male;Junior high school;Employee;1-2yr;Automobile;Owner;Unknown;No defect;Office areas;unknown;Steep grade downward with mountainous terrain;Y Shape;Asphalt roads;Dry;Darkness - lights lit;Normal;Collision with roadside objects;2;2;Going straight;18-30;Not a Pedestrian;Overtaking;Serious Injury
10:54:00;Monday;Male;Elementary school;Employee;2-5yr;Lorry (41?100Q);Governmental;Unknown;No defect;School areas;Double carriageway (median);Tangent road with flat terrain;O Shape;Earth roads;Dry;Daylight;Normal;Vehicle with vehicle collision;2;1;Going straight;na;Not a Pedestrian;No priority to pedestrian;Serious Injury
10:54:00;Monday;Male;Elementary school;Employee;2-5yr;Lorry (11?40Q);Owner;Unknown;No defect;Other;Two-way (divided with broken lines road marking);Steep grade downward with mountainous terrain;O Shape;Asphalt roads;Dry;Daylight;Normal;Vehicle with vehicle collision;2;1;Going straight;31-50;Not a Pedestrian;No distancing;Serious Injury
20:35:00;Saturday;Male;Elementary school;Employee;5-10yr;Lorry (11?40Q);Owner;5-10yrs;No defect;Other;Two-way (divided with broken lines road marking);Tangent road with rolling terrain;Y Shape;unknown;Dry;Daylight;Normal;Vehicle with vehicle collision;2;1;Reversing;Under 18;Not a Pedestrian;Changing lane to the right;Slight Injury
20:35:00;Saturday;Male;Junior high school;Employee;5-10yr;Automobile;Governmental;Unknown;No defect; Church areas;Two-way (divided with broken lines road marking);Tangent road with flat terrain;Y Shape;Asphalt roads;Dry;Daylight;Normal;Vehicle with vehicle collision;2;1;Getting off;18-30;Not a Pedestrian;Driving carelessly;Slight Injury
16:40:00;Saturday;Male;unknown;unknown;unknown;unknown;unknown;unknown;unknown;Office areas;unknown;Tangent road with mild grade and flat terrain;Crossing;Asphalt roads;Dry;Daylight;Normal;With Train;2;1;Going straight;18-30;Not a Pedestrian;Changing lane to the right;Slight Injury
16:40:00;Saturday;Male;Junior high school;Employee;Above 10yr;Automobile;Owner;unknown;unknown;Other;Two-way (divided with broken lines road marking);Tangent road with mild grade and flat terrain;Crossing;Asphalt roads;Dry;Daylight;Normal;Vehicle with vehicle collision;2;1;Getting off;na;Not a Pedestrian;Overtaking;Slight Injury
09:00:00;Friday;Male;Junior high school;Employee;Above 10yr;Public (13?45 seats);Governmental;unknown;No defect;Residential areas;Double carriageway (median);Tangent road with flat terrain;Y Shape;Asphalt roads;Dry;Daylight;Normal;Vehicle with vehicle collision;2;3;Going straight;Under 18;Not a Pedestrian;Other;Slight Injury
09:00:00;Friday;Male;Junior high school;Owner;Above 10yr;Public (12 seats);Owner;unknown;unknown;Office areas;Two-way (divided with broken lines road marking);Tangent road with flat terrain;Y Shape;Asphalt roads;Dry;Daylight;Normal;Vehicle with vehicle collision;2;3;Going straight;na;Not a Pedestrian;Driving to the left;Slight Injury
09:00:00;Friday;Male;Junior high school;Employee;unknown;Other;Owner;unknown;unknown;Office areas;Undivided Two way;Tangent road with flat terrain;Y Shape;Asphalt roads;Dry;Daylight;Normal;Vehicle with vehicle collision;2;3;Going straight;Over 51;Not a Pedestrian;Driving at high speed;Slight Injury
09:00:00;Friday;Male;Junior high school;Employee;5-10yr;Automobile;Owner;Below 1yr;unknown;Office areas;Two-way (divided with broken lines road marking);Tangent road with flat terrain;Y Shape;Asphalt roads;Dry;Daylight;Normal;Vehicle with vehicle collision;2;3;Going straight;na;Not a Pedestrian;Unknown;Slight Injury
16:56:00;Sunday;Male;Junior high school;Employee;2-5yr;Automobile;Organization;1-2yr;unknown; Church areas;unknown;Tangent road with flat terrain;Crossing;Asphalt roads;Dry;Daylight;Normal;Vehicle with vehicle collision;3;1;Going straight;na;Not a Pedestrian;Changing lane to the right;Slight Injury
16:56:00;Sunday;Male;Elementary school;Employee;5-10yr;Public (13?45 seats);Owner;unknown;unknown;Office areas;Two-way (divided with broken lines road marking);Tangent road with flat terrain;Crossing;Asphalt roads;Dry;Daylight;Normal;Vehicle with vehicle collision;3;1;Going straight;Under 18;Not a Pedestrian;No distancing;Slight Injury
16:56:00;Sunday;Male;Junior high school;Employee;2-5yr;Public (13?45 seats);Owner;1-2yr;unknown;Office areas;Two-way (divided with broken lines road marking);Tangent road with mild grade and flat terrain;Crossing;Gravel roads;Dry;Daylight;Normal;Vehicle with vehicle collision;3;1;Going straight;na;Not a Pedestrian;Other;Slight Injury
13:30:00;Thursday;Male;High school;Owner;5-10yr;Automobile;Owner;unknown;unknown;Office areas;Two-way (divided with broken lines road marking);Tangent road with mild grade and flat terrain;Crossing;Asphalt roads;Dry;Daylight;Normal;Vehicle with vehicle collision;2;2;Going straight;31-50;Not a Pedestrian;No priority to vehicle;Slight Injury
13:30:00;Thursday;Unknown;Junior high school;Employee;Above 10yr;Other;Owner;5-10yrs;No defect;Office areas;Two-way (divided with broken lines road marking);Tangent road with flat terrain;Crossing;Asphalt roads;Dry;Daylight;Normal;Collision with pedestrians;2;2;Going straight;Over 51;Not a Pedestrian;Changing lane to the left;Slight Injury
08:10:00;Wednesday;Male;Junior high school;Employee;2-5yr;Pick up upto 10Q;Owner;unknown;No defect;Other;Two-way (divided with broken lines road marking);Tangent road with flat terrain;No junction;Asphalt roads;Wet or damp;Daylight;Normal;Collision with roadside objects;3;2;Moving Backward;na;Not a Pedestrian;No priority to pedestrian;Serious Injury
08:10:00;Wednesday;Male;Elementary school;Employee;2-5yr;Lorry (41?100Q);Owner;unknown;No defect;Residential areas;Double carriageway (median);Tangent road with flat terrain;No junction;Asphalt roads;Wet or damp;Daylight;Normal;Collision with roadside objects;3;2;Going straight;31-50;Not a Pedestrian;Overtaking;Serious Injury
08:10:00;Wednesday;Male;High school;Owner;Above 10yr;Automobile;Owner;unknown;No defect; Church areas;Undivided Two way;Tangent road with flat terrain;No junction;Asphalt roads;Wet or damp;Daylight;Normal;Vehicle with vehicle collision;3;2;Going straight;Under 18;Crossing from driver's nearside;Driving carelessly;Serious Injury
14:09:00;Tuesday;Male;Elementary school;Employee;1-2yr;Automobile;Owner;unknown;No defect;Other;Two-way (divided with broken lines road marking);Tangent road with flat terrain;No junction;Asphalt roads;Dry;Daylight;Normal;Vehicle with vehicle collision;2;1;Going straight;na;Not a Pedestrian;No priority to vehicle;Slight Injury
14:09:00;Tuesday;Male;Junior high school;Employee;Above 10yr;Lorry (41?100Q);Owner;unknown;No defect;  Recreational areas;Two-way (divided with broken lines road marking);Tangent road with flat terrain;No junction;Asphalt roads;Dry;Daylight;Normal;Vehicle with vehicle collision;2;1;Going straight;31-50;Not a Pedestrian;No priority to pedestrian;Slight Injury
14:56:00;Wednesday;Male;unknown;unknown;unknown;unknown;unknown;unknown;unknown;unknown;unknown;Tangent road with flat terrain;No junction;Asphalt roads;Dry;Daylight;Normal;Vehicle with vehicle collision;2;1;Going straight;31-50;Not a Pedestrian;Changing lane to the right;Slight Injury
14:56:00;Wednesday;Male;Junior high school;Owner;5-10yr;Other;Owner;Unknown;No defect; Industrial areas;Undivided Two way;Tangent road with mild grade and flat terrain;No junction;Asphalt roads;Dry;Daylight;Normal;Vehicle with vehicle collision;2;1;Going straight;na;Not a Pedestrian;Driving carelessly;Slight Injury
09:40:00;Sunday;Male;Above high school;Employee;5-10yr;Automobile;Owner;unknown;No defect;Other;Two-way (divided with broken lines road marking);Tangent road with flat terrain;No junction;Asphalt roads;Dry;Daylight;Normal;Collision with roadside objects;3;1;Going straight;na;Not a Pedestrian;Changing lane to the right;Slight Injury
09:40:00;Sunday;Male;Junior high school;Employee;5-10yr;Automobile;Owner;Unknown;unknown;Other;other;Tangent road with flat terrain;No junction;Asphalt roads;Dry;Daylight;Normal;Vehicle with vehicle collision;3;1;Going straight;31-50;Not a Pedestrian;Changing lane to the right;Slight Injury
09:40:00;Sunday;Male;Junior high school;Employee;Above 10yr;Automobile;Owner;5-10yrs;No defect; Church areas;other;Tangent road with flat terrain;No junction;Asphalt roads;Dry;Daylight;Normal;Vehicle with vehicle collision;3;1;Going straight;na;Not a Pedestrian;Changing lane to the left;Slight Injury
10:15:00;Tuesday;Male;Junior high school;Employee;1-2yr;Automobile;Owner;5-10yrs;No defect; Church areas;Undivided Two way;Tangent road with flat terrain;Crossing;Asphalt roads;Dry;Daylight;Normal;Vehicle with vehicle collision;1;1;Going straight;31-50;Not a Pedestrian;Overturning;Serious Injury
14:15:00;Saturday;Male;Junior high school;Employee;2-5yr;Lorry (41?100Q);Owner;unknown;No defect;Other;Two-way (divided with broken lines road marking);Tangent road with flat terrain;No junction;Asphalt roads;Dry;Daylight;Normal;Vehicle with vehicle collision;2;1;Going straight;Under 18;Not a Pedestrian;Driving carelessly;Slight Injury
14:15:00;Saturday;Male;Junior high school;Employee;Below 1yr;Other;Owner;unknown;No defect;Other;One way;Tangent road with flat terrain;No junction;Asphalt roads;Dry;Daylight;Normal;Vehicle with vehicle collision;2;1;Going straight;Under 18;Not a Pedestrian;No distancing;Slight Injury
11:40:00;Saturday;Male;Junior high school;Employee;Above 10yr;Pick up upto 10Q;Governmental;2-5yrs;unknown;  Recreational areas;Two-way (divided with broken lines road marking);Tangent road with flat terrain;Crossing;Asphalt roads;Dry;Daylight;Normal;Vehicle with vehicle collision;2;1;Going straight;na;Not a Pedestrian;Driving carelessly;Slight Injury
11:40:00;Saturday;Male;Junior high school;Employee;1-2yr;Stationwagen;Owner;2-5yrs;unknown;Other;Undivided Two way;Tangent road with flat terrain;Crossing;Asphalt roads;Dry;Daylight;Normal;Collision with pedestrians;2;1;Going straight;18-30;Not a Pedestrian;Changing lane to the left;Slight Injury
12:44:00;Sunday;Male;Above high school;Employee;5-10yr;Other;Owner;5-10yrs;unknown;Office areas;Undivided Two way;Tangent road with flat terrain;No junction;Other;Dry;Daylight;Normal;Collision with pedestrians;1;1;Going straight;18-30;Not a Pedestrian;No priority to vehicle;Serious Injury
16:22:00;Friday;Male;Junior high school;Employee;5-10yr;Pick up upto 10Q;Owner;5-10yrs;No defect; Church areas;Two-way (divided with broken lines road marking);Tangent road with flat terrain;Y Shape;Asphalt roads;Dry;Daylight;Normal;Collision with roadside objects;2;1;Going straight;na;Not a Pedestrian;Changing lane to the right;Slight Injury
16:22:00;Friday;Unknown;Elementary school;Owner;Below 1yr;Stationwagen;Owner;2-5yrs;unknown;Office areas;Two-way (divided with broken lines road marking);Tangent road with flat terrain;Y Shape;Asphalt roads;Dry;Daylight;Normal;Collision with pedestrians;2;1;Going straight;Over 51;Not a Pedestrian;No distancing;Slight Injury
13:15:00;Friday;Male;unknown;unknown;unknown;Lorry (41?100Q);unknown;unknown;No defect;Office areas;Undivided Two way;Tangent road with mountainous terrain and;Crossing;Asphalt roads;Wet or damp;Daylight;Normal;Vehicle with vehicle collision;2;2;Reversing;Over 51;Not a Pedestrian;Moving Backward;Slight Injury
13:15:00;Friday;Male;Junior high school;Employee;Above 10yr;Automobile;Owner;2-5yrs;No defect;Other;Undivided Two way;Tangent road with flat terrain;Crossing;Asphalt roads;Wet or damp;Daylight;Normal;Vehicle with vehicle collision;2;2;Going straight;na;Not a Pedestrian;Moving Backward;Slight Injury
09:06:00;Tuesday;Male;Junior high school;unknown;unknown;unknown;Governmental;unknown;unknown;Residential areas;Two-way (divided with broken lines road marking);Tangent road with flat terrain;No junction;Asphalt roads;Dry;Daylight;Normal;Vehicle with vehicle collision;2;2;Going straight;31-50;Not a Pedestrian;No distancing;Slight Injury
09:06:00;Tuesday;Male;Junior high school;Employee;1-2yr;Automobile;Owner;2-5yrs;No defect;Office areas;Two-way (divided with broken lines road marking);Tangent road with mild grade and flat terrain;No junction;Asphalt roads;Dry;Daylight;Normal;Collision with roadside objects;2;2;Going straight;Over 51;Not a Pedestrian;No distancing;Slight Injury
22:30:00;Friday;Male;Junior high school;Owner;2-5yr;Automobile;Owner;2-5yrs;unknown;Residential areas;other;Tangent road with flat terrain;No junction;Asphalt roads;Wet or damp;Darkness - lights lit;Raining;Collision with roadside objects;1;2;Unknown;Under 18;Not a Pedestrian;No distancing;Slight Injury
22:30:00;Friday;Male;unknown;Employee;unknown;Turbo;Owner;Unknown;No defect;Residential areas;Two-way (divided with broken lines road marking);Tangent road with flat terrain;No junction;Other;Wet or damp;Darkness - lights lit;Raining;Vehicle with vehicle collision;1;2;Going straight;18-30;Crossing from driver's nearside;No priority to pedestrian;Slight Injury
09:25:00;Wednesday;Unknown;Junior high school;Employee;Above 10yr;unknown;Owner;unknown;No defect;Other;Double carriageway (median);Tangent road with flat terrain;Y Shape;Asphalt roads;Dry;Daylight;Normal;Vehicle with vehicle collision;2;1;Going straight;18-30;Not a Pedestrian;Driving carelessly;Slight Injury
09:25:00;Wednesday;Male;Junior high school;Owner;2-5yr;Stationwagen;Owner;unknown;No defect; Hospital areas;One way;Tangent road with flat terrain;Y Shape;Asphalt roads;Dry;Daylight;Normal;Vehicle with vehicle collision;2;1;Going straight;na;Not a Pedestrian;Changing lane to the right;Slight Injury
08:20:00;Friday;Male;Junior high school;Employee;5-10yr;Automobile;Governmental;unknown;No defect;Other;Undivided Two way;Tangent road with flat terrain;Y Shape;Asphalt roads;Dry;Daylight;Normal;Vehicle with vehicle collision;2;1;Going straight;18-30;Not a Pedestrian;Changing lane to the left;Serious Injury
08:20:00;Friday;Male;Junior high school;Employee;2-5yr;Automobile;Owner;unknown;No defect;Other;Undivided Two way;Tangent road with flat terrain;Y Shape;Asphalt roads;Dry;Daylight;Normal;Vehicle with vehicle collision;2;1;Going straight;na;Not a Pedestrian;Driving carelessly;Serious Injury
17:25:00;Wednesday;Male;Junior high school;Employee;1-2yr;Automobile;Owner;unknown;No defect;  Recreational areas;One way;Tangent road with mild grade and flat terrain;No junction;Asphalt roads;Dry;Daylight;Normal;Vehicle with vehicle collision;2;1;Going straight;31-50;Not a Pedestrian;Driving carelessly;Slight Injury
17:25:00;Wednesday;Male;Junior high school;Employee;5-10yr;Pick up upto 10Q;Owner;unknown;No defect;Other;Undivided Two way;Tangent road with flat terrain;No junction;Asphalt roads;Dry;Daylight;Normal;Vehicle with vehicle collision;2;1;Unknown;na;Not a Pedestrian;No distancing;Slight Injury
10:05:00;Thursday;Male;Junior high school;Employee;2-5yr;Lorry (41?100Q);Owner;unknown;No defect;Other;Undivided Two way;Tangent road with flat terrain;No junction;Asphalt roads;Dry;Daylight;Normal;Vehicle with vehicle collision;2;1;Moving Backward;Over 51;Not a Pedestrian;Other;Slight Injury
10:05:00;Thursday;Male;Elementary school;Employee;5-10yr;Lorry (41?100Q);Owner;unknown;No defect;Other;Undivided Two way;Tangent road with flat terrain;No junction;Asphalt roads;Dry;Daylight;Normal;Vehicle with vehicle collision;2;1;Going straight;Under 18;Not a Pedestrian;Changing lane to the right;Slight Injury
16:00:00;Monday;Male;Above high school;Owner;5-10yr;Automobile;Owner;Below 1yr;No defect;Office areas;Two-way (divided with broken lines road marking);Tangent road with flat terrain;No junction;unknown;Dry;Daylight;Normal;Collision with roadside objects;2;1;Turnover;na;Not a Pedestrian;Changing lane to the right;Serious Injury
16:00:00;Monday;Male;Junior high school;Employee;2-5yr;Lorry (41?100Q);Owner;2-5yrs;No defect;Other;Two-way (divided with broken lines road marking);Tangent road with mild grade and flat terrain;No junction;Other;Dry;Daylight;Normal;Collision with roadside objects;2;1;Turnover;18-30;Not a Pedestrian;No distancing;Serious Injury
16:00:00;Tuesday;Male;Junior high school;Employee;2-5yr;Lorry (41?100Q);Owner;unknown;No defect;Residential areas;Two-way (divided with broken lines road marking);Tangent road with flat terrain;Y Shape;Asphalt roads;Dry;Daylight;Normal;Collision with pedestrians;1;1;Reversing;na;Not a Pedestrian;No distancing;Slight Injury
17:30:00;Thursday;Male;Junior high school;Employee;2-5yr;Lorry (41?100Q);Owner;5-10yrs;No defect;Other;Undivided Two way;Tangent road with flat terrain;Y Shape;Asphalt roads;Dry;Daylight;Normal;Vehicle with vehicle collision;2;3;Reversing;31-50;Not a Pedestrian;Overturning;Slight Injury
17:30:00;Thursday;Male;Junior high school;Employee;5-10yr;Lorry (41?100Q);Owner;Unknown;No defect;Other;Undivided Two way;Tangent road with flat terrain;Y Shape;Asphalt roads;Dry;Daylight;Normal;Vehicle with vehicle collision;2;3;Reversing;Over 51;In carriageway, statioNot a Pedestrianry - not crossing  (standing or playing);Driving at high speed;Slight Injury
17:30:00;Thursday;Male;Junior high school;Employee;1-2yr;Automobile;Owner;unknown;unknown; Church areas;Undivided Two way;Tangent road with flat terrain;Y Shape;Asphalt roads;Dry;Daylight;Normal;Vehicle with vehicle collision;2;3;Moving Backward;na;Not a Pedestrian;No priority to vehicle;Slight Injury
17:30:00;Thursday;Male;Junior high school;Owner;2-5yr;Automobile;Owner;1-2yr;5;Office areas;Undivided Two way;Tangent road with flat terrain;Y Shape;Asphalt roads with some distress;Dry;Daylight;Normal;Vehicle with vehicle collision;2;3;Going straight;Over 51;In carriageway, statioNot a Pedestrianry - not crossing  (standing or playing);No priority to pedestrian;Slight Injury
14:20:00;Friday;Male;High school;Owner;2-5yr;Automobile;Owner;Above 10yr;No defect;School areas;other;Tangent road with flat terrain;Y Shape;unknown;Dry;Daylight;Normal;Vehicle with vehicle collision;2;1;Going straight;na;Not a Pedestrian;No priority to vehicle;Slight Injury
14:20:00;Friday;Male;unknown;Employee;unknown;Public (13?45 seats);Owner;2-5yrs;No defect;Other;Undivided Two way;Tangent road with flat terrain;Y Shape;Asphalt roads;Dry;Daylight;Normal;Vehicle with vehicle collision;2;1;Going straight;Over 51;Not a Pedestrian;Other;Slight Injury
18:40:00;Friday;Male;Junior high school;Owner;1-2yr;Automobile;Owner;1-2yr;No defect;Office areas;Undivided Two way;Tangent road with flat terrain;Crossing;Asphalt roads;Dry;Daylight;Normal;Vehicle with vehicle collision;3;1;Going straight;18-30;Not a Pedestrian;Other;Slight Injury
18:40:00;Friday;Male;Junior high school;unknown;Below 1yr;Public (13?45 seats);Owner;1-2yr;No defect;Residential areas;other;Steep grade downward with mountainous terrain;Crossing;Asphalt roads;Dry;Daylight;Normal;Vehicle with vehicle collision;3;1;Going straight;18-30;Not a Pedestrian;Moving Backward;Slight Injury
18:40:00;Friday;Male;High school;Employee;1-2yr;Public (13?45 seats);Owner;1-2yr;No defect; Industrial areas;One way;Tangent road with flat terrain;Crossing;Asphalt roads;Dry;Daylight;Normal;Vehicle with vehicle collision;3;1;Going straight;na;Not a Pedestrian;No distancing;Slight Injury
11:30:00;Saturday;Male;Above high school;Employee;1-2yr;Automobile;Owner;2-5yrs;No defect;Other;Undivided Two way;Tangent road with flat terrain;No junction;Earth roads;Dry;Daylight;Normal;Collision with pedestrians;1;1;Going straight;18-30;Not a Pedestrian;Moving Backward;Fatal injury
22:15:00;Friday;Male;Junior high school;Employee;Above 10yr;Lorry (11?40Q);Owner;1-2yr;No defect;Residential areas;Undivided Two way;Tangent road with flat terrain;Y Shape;Asphalt roads;Dry;Darkness - lights lit;Normal;Collision with pedestrians;2;1;Going straight;na;Not a Pedestrian;No priority to vehicle;Slight Injury
22:15:00;Friday;Male;High school;Employee;1-2yr;Automobile;Owner;1-2yr;No defect;  Recreational areas;Two-way (divided with broken lines road marking);Tangent road with flat terrain;Y Shape;Asphalt roads;Dry;Darkness - lights lit;Normal;Vehicle with vehicle collision;2;1;Going straight;na;Not a Pedestrian;Driving carelessly;Slight Injury
21:50:00;Tuesday;Male;Junior high school;Employee;2-5yr;Lorry (41?100Q);Owner;Unknown;7;Office areas;other;Tangent road with flat terrain;No junction;Asphalt roads;Dry;Darkness - lights lit;Normal;Vehicle with vehicle collision;2;1;Turnover;Over 51;Not a Pedestrian;No distancing;Slight Injury
21:50:00;Tuesday;Male;Above high school;Other;2-5yr;Other;Owner;unknown;No defect; Outside rural areas;Two-way (divided with broken lines road marking);Tangent road with flat terrain;No junction;Asphalt roads;Dry;Darkness - lights lit;Normal;Vehicle with vehicle collision;2;1;Going straight;18-30;Not a Pedestrian;Other;Slight Injury