Time;Day_of_week;Sex_of_driver;Educational_level;Vehicle_driver_relation;Driving_experience;Type_of_vehicle;Owner_of_vehicle;Service_year_of_vehicle;Defect_of_vehicle;Area_accident_occured;Lanes_or_Medians;Road_allignment;Types_of_Junction;Road_surface_type;Road_surface_conditions;Light_conditions;Weather_conditions;Type_of_collision;Number_of_vehicles_involved;Number_of_casualties;Vehicle_movement;Age_band_of_casualty;Pedestrian_movement;Cause_of_accident;Accident_severity
14:50:00;Tuesday;Male;High school;Employee;Above 10yr;Pick up upto 10Q;Owner;1-2yr;No defect; Outside rural areas;Two-way (divided with broken lines road marking);Tangent road with flat terrain;Y Shape;Asphalt roads;Dry;Daylight;Normal;Vehicle with vehicle collision;2;1;Moving Backward;18-30;Not a Pedestrian;Changing lane to the right;Slight Injury
14:50:00;Tuesday;Male;Elementary school;Employee;5-10yr;Lorry (11?40Q);Owner;1-2yr;No defect; Outside rural areas;Undivided Two way;Tangent road with flat terrain;Y Shape;Asphalt roads;Dry;Daylight;Normal;Vehicle with vehicle collision;2;1;Going straight;Under 18;Not a Pedestrian;No distancing;Slight Injury
14:00:00;Thursday;Male;High school;Employee;1-2yr;Motorcycle;Governmental;Below 1yr;No defect; Outside rural areas;Undivided Two way;Tangent road with flat terrain;Y Shape;Asphalt roads;Dry;Daylight;Normal;Vehicle with vehicle collision;1;1;Going straight;Under 18;Crossing from offside - masked by  parked or statioNot a Pedestrianry vehicle;Driving carelessly;Slight Injury
15:05:00;Monday;Male;High school;Employee;5-10yr;Pick up upto 10Q;Owner;unknown;No defect; Outside rural areas;other;Steep grade downward with mountainous terrain;Other;Asphalt roads;Dry;Daylight;Normal;Vehicle with vehicle collision;2;1;Moving Backward;na;Not a Pedestrian;No distancing;Slight Injury
15:05:00;Monday;Male;High school;Employee;2-5yr;Lorry (11?40Q);Owner;unknown;No defect;School areas;other;Steep grade downward with mountainous terrain;Other;Asphalt roads;Dry;Daylight;Normal;Vehicle with vehicle collision;2;1;Going straight;18-30;Not a Pedestrian;No priority to vehicle;Slight Injury
08:20:00;Thursday;Male;Junior high school;Employee;1-2yr;Lorry (11?40Q);Owner;Above 10yr;No defect; Outside rural areas;Two-way (divided with broken lines road marking);Tangent road with flat terrain;Y Shape;Asphalt roads;Dry;Daylight;Normal;Vehicle with vehicle collision;2;1;Going straight;na;Not a Pedestrian;Changing lane to the right;Slight Injury
08:20:00;Thursday;Male;Above high school;Employee;Above 10yr;Automobile;Owner;unknown;No defect; Outside rural areas;Undivided Two way;Tangent road with flat terrain;Y Shape;Asphalt roads;Dry;Daylight;Normal;Vehicle with vehicle collision;2;1;Waiting to go;31-50;Not a Pedestrian;No priority to pedestrian;Slight Injury
19:32:00;Tuesday;Male;Above high school;Employee;2-5yr;Automobile;Owner;unknown;No defect; Outside rural areas;Two-way (divided with broken lines road marking);Escarpments;No junction;Gravel roads;Wet or damp;Darkness - lights lit;Raining;Vehicle with vehicle collision;2;3;Moving Backward;na;Not a Pedestrian;No priority to vehicle;Slight Injury
19:32:00;Tuesday;Male;Elementary school;Employee;5-10yr;Other;Owner;2-5yrs;No defect; Outside rural areas;Two-way (divided with broken lines road marking);Tangent road with mountainous terrain and;No junction;Asphalt roads;Wet or damp;Darkness - lights lit;Raining;Vehicle with vehicle collision;2;3;Moving Backward;31-50;Not a Pedestrian;Changing lane to the left;Slight Injury
19:32:00;Tuesday;Male;Elementary school;Employee;1-2yr;Other;Owner;2-5yrs;No defect;Office areas;Undivided Two way;Tangent road with mountainous terrain and;No junction;Asphalt roads;Wet or damp;Darkness - lights lit;Raining;Vehicle with vehicle collision;2;3;Going straight;Over 51;Not a Pedestrian;Turnover;Slight Injury
12:37:00;Friday;Male;Junior high school;Employee;unknown;Automobile;Owner;2-5yrs;No defect; Outside rural areas;Undivided Two way;Tangent road with mountainous terrain and;Crossing;Asphalt roads;Dry;Daylight;Normal;Vehicle with vehicle collision;2;1;Unknown;Over 51;Not a Pedestrian;Driving to the left;Serious Injury
12:37:00;Friday;Male;unknown;unknown;unknown;Taxi;Owner;unknown;No defect; Outside rural areas;Undivided Two way;Tangent road with mountainous terrain and;Crossing;Asphalt roads;Dry;Daylight;Normal;Vehicle with vehicle collision;2;1;Going straight;na;Not a Pedestrian;Driving carelessly;Serious Injury
17:30:00;Tuesday;Male;Elementary school;Employee;5-10yr;Other;Owner;2-5yrs;No defect; Outside rural areas;Undivided Two way;Tangent road with flat terrain;Y Shape;Asphalt roads;Dry;Daylight;Normal;Vehicle with vehicle collision;2;2;Going straight;31-50;Not a Pedestrian;Driving to the left;Slight Injury
17:30:00;Tuesday;Male;Junior high school;Employee;2-5yr;Taxi;Owner;unknown;No defect;Office areas;Undivided Two way;Tangent road with flat terrain;Y Shape;Asphalt roads;Dry;Daylight;Normal;Vehicle with vehicle collision;2;2;Going straight;Over 51;Not a Pedestrian;Driving carelessly;Slight Injury
11:49:00;Saturday;Male;Junior high school;Employee;5-10yr;Lorry (11?40Q);Owner;unknown;No defect;  Recreational areas;Undivided Two way;Tangent road with flat terrain;Crossing;Asphalt roads;Dry;Daylight;Normal;Vehicle with vehicle collision;2;1;Moving Backward;Over 51;Not a Pedestrian;No priority to pedestrian;Slight Injury
11:49:00;Saturday;Male;High school;Employee;2-5yr;Automobile;Owner;Above 10yr;No defect;Office areas;Undivided Two way;Tangent road with flat terrain;Crossing;Asphalt roads;Dry;Daylight;Normal;Vehicle with vehicle collision;2;1;Going straight;na;Not a Pedestrian;Driving carelessly;Slight Injury
14:10:00;Thursday;Male;Junior high school;Employee;1-2yr;Other;Owner;2-5yrs;No defect;Other;Two-way (divided with broken lines road marking);Tangent road with mild grade and flat terrain;No junction;Asphalt roads;Dry;Daylight;Normal;Vehicle with vehicle collision;2;1;Going straight;na;Not a Pedestrian;Changing lane to the right;Slight Injury
14:10:00;Thursday;Male;Junior high school;Employee;1-2yr;Automobile;Owner;Above 10yr;No defect;Residential areas;Two-way (divided with broken lines road marking);Tangent road with flat terrain;No junction;Asphalt roads;Dry;Daylight;Normal;Vehicle with vehicle collision;2;1;Going straight;18-30;Not a Pedestrian;Moving Backward;Slight Injury
16:11:00;Wednesday;Male;Junior high school;Employee;5-10yr;Automobile;Owner;Above 10yr;No defect;Residential areas;other;Tangent road with flat terrain;Crossing;Asphalt roads;Dry;Daylight;Normal;Collision with roadside objects;2;1;Going straight;na;Not a Pedestrian;Driving carelessly;Slight Injury
16:11:00;Wednesday;Male;Illiterate;Employee;unknown;Automobile;Owner;unknown;No defect;Residential areas;Undivided Two way;Tangent road with flat terrain;Crossing;Asphalt roads;Dry;Daylight;Normal;Collision with roadside objects;2;1;Going straight;Under 18;Not a Pedestrian;Changing lane to the right;Slight Injury
15:40:00;Friday;Male;Junior high school;Employee;5-10yr;Automobile;Owner;Above 10yr;No defect;Other;Undivided Two way;Tangent road with flat terrain;Other;Asphalt roads;Dry;Daylight;Normal;Vehicle with vehicle collision;2;2;Reversing;na;Not a Pedestrian;Driving carelessly;Slight Injury
15:40:00;Friday;Male;Junior high school;Employee;1-2yr;Lorry (41?100Q);Owner;unknown;No defect;Office areas;Two-way (divided with broken lines road marking);Tangent road with flat terrain;Other;Asphalt roads;Dry;Daylight;Normal;Vehicle with vehicle collision;2;2;Going straight;31-50;Not a Pedestrian;Driving carelessly;Slight Injury
15:40:00;Friday;Male;Junior high school;Employee;2-5yr;Other;Owner;unknown;unknown;Other;Two-way (divided with broken lines road marking);Tangent road with flat terrain;Other;Asphalt roads;Dry;Daylight;Normal;Vehicle with vehicle collision;2;2;Going straight;31-50;Not a Pedestrian;Driving carelessly;Slight Injury
17:10:00;Wednesday;Male;Junior high school;Employee;Above 10yr;Pick up upto 10Q;Owner;Above 10yr;unknown;Other;other;Tangent road with flat terrain;No junction;Asphalt roads;Dry;Daylight;Normal;Vehicle with vehicle collision;2;1;Going straight;Over 51;Unknown or other;Changing lane to the right;Slight Injury
17:10:00;Wednesday;Male;Junior high school;Owner;5-10yr;Pick up upto 10Q;Owner;5-10yrs;unknown;Office areas;Two-way (divided with broken lines road marking);Tangent road with flat terrain;No junction;Asphalt roads;Dry;Daylight;Normal;Collision with roadside objects;2;1;Going straight;na;Not a Pedestrian;Changing lane to the right;Slight Injury
12:45:00;Saturday;Male;High school;Employee;1-2yr;Automobile;Owner;Below 1yr;unknown; Church areas;other;Tangent road with flat terrain;No junction;Asphalt roads;Dry;Daylight;Normal;Vehicle with vehicle collision;2;2;Going straight;Over 51;Not a Pedestrian;Driving carelessly;Slight Injury
12:45:00;Saturday;Male;Junior high school;Employee;Above 10yr;Long lorry;Owner;Unknown;No defect;Other;Two-way (divided with broken lines road marking);Tangent road with flat terrain;No junction;Asphalt roads;Dry;Daylight;Normal;Collision with roadside objects;2;2;Going straight;Over 51;Not a Pedestrian;Overtaking;Slight Injury
12:45:00;Saturday;Male;Junior high school;Employee;1-2yr;Automobile;Owner;unknown;unknown;Other;One way;Tangent road with flat terrain;No junction;Asphalt roads;Dry;Daylight;Normal;Collision with roadside objects;2;2;Going straight;na;Not a Pedestrian;Changing lane to the right;Slight Injury
16:10:00;Tuesday;Male;Junior high school;Employee;2-5yr;Public (13?45 seats);Owner;unknown;unknown;Office areas;Double carriageway (median);Tangent road with flat terrain;Crossing;Asphalt roads;Wet or damp;Daylight;Normal;Collision with pedestrians;1;1;Going straight;Under 18;Unknown or other;No distancing;Slight Injury
08:40:00;Thursday;Male;Junior high school;Employee;Above 10yr;Lorry (41?100Q);Owner;unknown;unknown;Office areas;One way;Tangent road with mild grade and flat terrain;No junction;Other;Dry;Daylight;Normal;Vehicle with vehicle collision;2;1;Waiting to go;Under 18;Not a Pedestrian;Other;Slight Injury
08:40:00;Thursday;Male;Junior high school;Employee;2-5yr;Public (13?45 seats);Owner;unknown;unknown;Office areas;Undivided Two way;Tangent road with flat terrain;No junction;unknown;Dry;Daylight;Normal;Collision with roadside objects;2;1;Going straight;18-30;Crossing from nearside - masked by parked or statioNot a Pedestrianry vehicle;Changing lane to the right;Slight Injury
17:03:00;Friday;Male;Elementary school;Employee;5-10yr;Other;Owner;unknown;No defect;Office areas;Double carriageway (median);Tangent road with flat terrain;No junction;Asphalt roads;Dry;Darkness - no lighting;Normal;Vehicle with vehicle collision;1;1;Going straight;18-30;Not a Pedestrian;Changing lane to the right;Fatal injury
17:35:00;Monday;Male;unknown;unknown;unknown;Lorry (41?100Q);Owner;Unknown;unknown;unknown;Two-way (divided with broken lines road marking);Tangent road with flat terrain;Y Shape;Asphalt roads;Dry;Daylight;Normal;Vehicle with vehicle collision;2;1;Going straight;Under 18;Not a Pedestrian;Overtaking;Serious Injury
17:35:00;Monday;Male;Elementary school;Employee;1-2yr;Lorry (41?100Q);Owner;Below 1yr;unknown;Office areas;Undivided Two way;Tangent road with flat terrain;Y Shape;Asphalt roads;Dry;Daylight;Normal;Vehicle with vehicle collision;2;1;Going straight;18-30;Not a Pedestrian;Other;Serious Injury
14:54:00;Saturday;Male;Elementary school;Employee;5-10yr;Long lorry;Owner;Unknown;unknown;Other;unknown;Tangent road with flat terrain;Y Shape;Asphalt roads;Dry;Daylight;Normal;Vehicle with vehicle collision;1;1;Going straight;18-30;Not a Pedestrian;Driving to the left;Serious Injury
09:10:00;Thursday;Male;Elementary school;Employee;5-10yr;Pick up upto 10Q;Owner;unknown;unknown;Other;Double carriageway (median);Tangent road with flat terrain;Y Shape;Asphalt roads;Dry;Daylight;Normal;Vehicle with vehicle collision;2;1;Going straight;Under 18;Not a Pedestrian;Overtaking;Slight Injury
09:10:00;Thursday;Male;Junior high school;Employee;1-2yr;Pick up upto 10Q;Governmental;Unknown;unknown;Other;Two-way (divided with broken lines road marking);Tangent road with flat terrain;Y Shape;Asphalt roads;Dry;Daylight;Normal;Vehicle with vehicle collision;2;1;Going straight;na;Not a Pedestrian;No priority to vehicle;Slight Injury
07:30:00;Tuesday;Male;Junior high school;Employee;5-10yr;Lorry (41?100Q);Owner;unknown;unknown;Office areas;unknown;Tangent road with flat terrain;Crossing;Asphalt roads;Dry;Daylight;Normal;Collision with roadside objects;1;1;Going straight;18-30;Not a Pedestrian;Moving Backward;Slight Injury
12:32:00;Sunday;Male;Junior high school;Employee;5-10yr;Lorry (41?100Q);Owner;unknown;unknown;Office areas;unknown;Tangent road with flat terrain;Unknown;Asphalt roads;Dry;Daylight;Normal;Vehicle with vehicle collision;2;2;Going straight;na;Not a Pedestrian;Other;Slight Injury
12:32:00;Sunday;Male;Junior high school;Employee;2-5yr;Automobile;Owner;unknown;unknown;Office areas;Two-way (divided with broken lines road marking);Tangent road with flat terrain;Unknown;Asphalt roads;Dry;Daylight;Normal;Collision with roadside objects;2;2;Going straight;18-30;Not a Pedestrian;No priority to vehicle;Slight Injury
12:32:00;Sunday;Male;Junior high school;Employee;1-2yr;Other;Governmental;unknown;No defect;Office areas;Two-way (divided with broken lines road marking);Tangent road with flat terrain;Unknown;Asphalt roads;Dry;Daylight;Normal;Vehicle with vehicle collision;2;2;Going straight;Over 51;Crossing from nearside - masked by parked or statioNot a Pedestrianry vehicle;No priority to pedestrian;Slight Injury
18:24:00;Monday;Male;Junior high school;Employee;5-10yr;unknown;Owner;2-5yrs;unknown; Church areas;Undivided Two way;Tangent road with flat terrain;No junction;Asphalt roads;Dry;Darkness - lights lit;Normal;Vehicle with vehicle collision;1;1;Going straight;na;Not a Pedestrian;Changing lane to the right;Slight Injury
07:22:00;Thursday;Unknown;Junior high school;Employee;Below 1yr;Other;Governmental;unknown;unknown;Office areas;Two-way (divided with broken lines road marking);Tangent road with flat terrain;Y Shape;Asphalt roads;Wet or damp;Darkness - lights lit;Normal;Vehicle with vehicle collision;2;1;Going straight;na;Not a Pedestrian;Changing lane to the right;Serious Injury
07:22:00;Thursday;Male;Junior high school;Employee;5-10yr;Automobile;Governmental;Unknown;unknown;Residential areas;Two-way (divided with broken lines road marking);Tangent road with flat terrain;Y Shape;Other;Wet or damp;Darkness - lights lit;Normal;Collision with roadside objects;2;1;Turnover;18-30;Not a Pedestrian;Changing lane to the right;Serious Injury
18:30:00;Wednesday;Male;Junior high school;Owner;5-10yr;Pick up upto 10Q;Owner;unknown;unknown;School areas;Two-way (divided with broken lines road marking);Tangent road with flat terrain;Other;Asphalt roads;Dry;Daylight;Unknown;Collision with roadside objects;2;1;Reversing;Under 18;Not a Pedestrian;Driving to the left;Serious Injury
18:30:00;Wednesday;Male;unknown;Owner;5-10yr;Automobile;Owner;Unknown;unknown;Office areas;Undivided Two way;Tangent road with flat terrain;Other;Asphalt roads;Dry;Daylight;Unknown;Vehicle with vehicle collision;2;1;Moving Backward;na;Not a Pedestrian;Changing lane to the left;Serious Injury
20:33:00;Friday;Male;Junior high school;Employee;5-10yr;Public (12 seats);Owner;5-10yrs;unknown;Other;Undivided Two way;Tangent road with flat terrain;Crossing;Asphalt roads;Wet or damp;Darkness - lights lit;Normal;Vehicle with vehicle collision;2;1;Going straight;na;Not a Pedestrian;Moving Backward;Slight Injury
20:33:00;Friday;Male;High school;Employee;2-5yr;Automobile;Owner;unknown;unknown;Other;Double carriageway (median);Tangent road with flat terrain;Crossing;Asphalt roads;Wet or damp;Darkness - lights lit;Normal;Vehicle with vehicle collision;2;1;Moving Backward;18-30;Not a Pedestrian;Driving at high speed;Slight Injury
17:18:00;Monday;Male;Above high school;Employee;5-10yr;Other;Governmental;unknown;No defect;Other;Double carriageway (median);Tangent road with flat terrain;No junction;Asphalt roads;Dry;Darkness - lights lit;Raining and Windy;Vehicle with vehicle collision;2;1;Going straight;Over 51;Not a Pedestrian;Moving Backward;Slight Injury
17:18:00;Monday;Male;Junior high school;Employee;Above 10yr;Public (12 seats);Owner;5-10yrs;No defect;Other;Two-way (divided with broken lines road marking);Tangent road with flat terrain;No junction;Asphalt roads;Dry;Darkness - lights lit;Raining and Windy;Vehicle with vehicle collision;2;1;Going straight;31-50;Not a Pedestrian;No distancing;Slight Injury
11:15:00;Wednesday;Male;Junior high school;Employee;Below 1yr;Stationwagen;Owner;Unknown;No defect;Office areas;Double carriageway (median);Tangent road with mild grade and flat terrain;Y Shape;Asphalt roads;Wet or damp;Daylight;Normal;Vehicle with vehicle collision;2;1;Going straight;na;Not a Pedestrian;Other;Serious Injury
11:15:00;Wednesday;Male;Elementary school;Employee;5-10yr;Lorry (41?100Q);Owner;unknown;unknown;Office areas;Two-way (divided with broken lines road marking);Tangent road with flat terrain;Y Shape;Asphalt roads;Wet or damp;Daylight;Normal;Vehicle with vehicle collision;2;1;Going straight;na;Not a Pedestrian;No priority to vehicle;Serious Injury
18:45:00;Thursday;Male;Elementary school;Employee;2-5yr;Lorry (41?100Q);Owner;unknown;unknown;Office areas;unknown;Tangent road with mild grade and flat terrain;Y Shape;Asphalt roads;Wet or damp;Darkness - lights lit;Raining;Collision with roadside objects;2;1;Going straight;18-30;Not a Pedestrian;Changing lane to the right;Slight Injury
18:45:00;Thursday;Male;Junior high school;Employee;2-5yr;Lorry (41?100Q);Owner;unknown;unknown;Office areas;unknown;Tangent road with mild grade and flat terrain;Y Shape;Other;Wet or damp;Darkness - lights lit;Raining;Collision with roadside objects;2;1;Unknown;na;Not a Pedestrian;Other;Slight Injury
10:08:00;Sunday;Male;Junior high school;Employee;1-2yr;Automobile;Owner;unknown;unknown;Office areas;One way;Tangent road with flat terrain;Y Shape;Asphalt roads;Dry;Daylight;Normal;Collision with roadside objects;2;1;Going straight;na;Not a Pedestrian;No distancing;Slight Injury
10:08:00;Sunday;Male;Junior high school;Employee;2-5yr;Lorry (41?100Q);unknown;unknown;unknown;Office areas;Two-way (divided with broken lines road marking);Tangent road with flat terrain;Y Shape;Asphalt roads;Dry;Daylight;Normal;Vehicle with vehicle collision;2;1;Unknown;18-30;Not a Pedestrian;Driving carelessly;Slight Injury
10:12:00;Saturday;Male;Junior high school;Employee;2-5yr;unknown;Owner;unknown;unknown;Office areas;unknown;Tangent road with flat terrain;Y Shape;unknown;Dry;Daylight;Normal;Vehicle with vehicle collision;2;1;Going straight;na;Not a Pedestrian;No distancing;Slight Injury
10:12:00;Saturday;Male;Junior high school;Employee;Above 10yr;Public (12 seats);Owner;5-10yrs;unknown;Other;Undivided Two way;Tangent road with flat terrain;Y Shape;Asphalt roads;Dry;Daylight;Normal;Vehicle with vehicle collision;2;1;Moving Backward;18-30;Not a Pedestrian;Moving Backward;Slight Injury
17:16:00;Friday;Male;High school;Employee;Below 1yr;Automobile;Owner;unknown;No defect;Other;Two-way (divided with broken lines road marking);Tangent road with flat terrain;Y Shape;Asphalt roads;Dry;Darkness - lights lit;Normal;Vehicle with vehicle collision;2;1;Going straight;31-50;Not a Pedestrian;No distancing;Slight Injury
17:16:00;Friday;Male;Junior high school;Employee;2-5yr;Stationwagen;unknown;2-5yrs;No defect;Residential areas;Two-way (divided with broken lines road marking);Tangent road with flat terrain;Y Shape;Asphalt roads;Dry;Darkness - lights lit;Normal;Collision with pedestrians;2;1;Going straight;31-50;Not a Pedestrian;Moving Backward;Slight Injury
19:25:00;Friday;Male;High school;Employee;Above 10yr;Automobile;Owner;unknown;No defect;Other;Two-way (divided with broken lines road marking);Tangent road with flat terrain;Y Shape;Earth roads;Dry;Darkness - lights lit;Normal;Collision with pedestrians;1;1;Moving Backward;Over 51;Not a Pedestrian;No priority to pedestrian;Serious Injury
15:00:00;Thursday;Male;Junior high school;Employee;Above 10yr;Lorry (41?100Q);Owner;5-10yrs;No defect;Other;Two-way (divided with broken lines road marking);Tangent road with flat terrain;No junction;Asphalt roads;Dry;Daylight;Normal;Vehicle with vehicle collision;3;1;Going straight;na;Not a Pedestrian;Changing lane to the left;Slight Injury
15:00:00;Thursday;Unknown;High school;Employee;5-10yr;Other;Governmental;unknown;No defect;Other;Two-way (divided with broken lines road marking);Tangent road with flat terrain;No junction;Asphalt roads;Dry;Daylight;Normal;Vehicle with vehicle collision;3;1;Turnover;18-30;Not a Pedestrian;No distancing;Slight Injury
15:00:00;Thursday;Female;Junior high school;Employee;Above 10yr;Pick up upto 10Q;Owner;5-10yrs;unknown;Other;Undivided Two way;Tangent road with flat terrain;No junction;Asphalt roads;Dry;Daylight;Normal;Vehicle with vehicle collision;3;1;Going straight;na;Not a Pedestrian;Other;Slight Injury
17:40:00;Wednesday;Male;Junior high school;Employee;1-2yr;unknown;Owner;unknown;unknown; Industrial areas;Undivided Two way;Tangent road with flat terrain;No junction;Asphalt roads;Dry;Darkness - lights lit;Normal;Vehicle with vehicle collision;2;1;Going straight;18-30;Not a Pedestrian;No distancing;Slight Injury
17:40:00;Wednesday;Male;Junior high school;Employee;2-5yr;Lorry (41?100Q);Owner;5-10yrs;unknown; Industrial areas;Undivided Two way;Tangent road with flat terrain;No junction;Asphalt roads;Dry;Darkness - lights lit;Normal;Vehicle with vehicle collision;2;1;Unknown;18-30;Crossing from nearside - masked by parked or statioNot a Pedestrianry vehicle;No priority to pedestrian;Slight Injury
11:44:00;Sunday;Male;Elementary school;Employee;2-5yr;Automobile;Owner;unknown;No defect; Church areas;Double carriageway (median);Tangent road with flat terrain;O Shape;Asphalt roads;Wet or damp;Daylight;Normal;Vehicle with vehicle collision;2;1;Going straight;Under 18;Not a Pedestrian;Moving Backward;Slight Injury
11:44:00;Sunday;Male;Elementary school;Other;5-10yr;Public (13?45 seats);Owner;unknown;No defect;Other;Undivided Two way;Tangent road with flat terrain;O Shape;Asphalt roads;Wet or damp;Daylight;Normal;Vehicle with vehicle collision;2;1;Going straight;na;Not a Pedestrian;No priority to pedestrian;Slight Injury
14:20:00;Sunday;Male;Junior high school;Employee;5-10yr;Automobile;Owner;Above 10yr;unknown;Other;Undivided Two way;Tangent road with flat terrain;No junction;Asphalt roads;Dry;Daylight;Normal;Vehicle with vehicle collision;2;1;Going straight;18-30;Not a Pedestrian;No distancing;Slight Injury
14:20:00;Sunday;Male;High school;Owner;5-10yr;Lorry (41?100Q);Owner;Unknown;No defect;Office areas;Undivided Two way;Tangent road with flat terrain;No junction;Asphalt roads;Dry;Daylight;Normal;Vehicle with vehicle collision;2;1;Going straight;31-50;Not a Pedestrian;No priority to pedestrian;Slight Injury
15:20:00;Saturday;Male;Junior high school;Employee;Above 10yr;Public (12 seats);Owner;Unknown;No defect;Office areas;Undivided Two way;Tangent road with flat terrain;Unknown;Asphalt roads;Wet or damp;Daylight;Normal;Vehicle with vehicle collision;1;2;Reversing;na;Not a Pedestrian;Driving carelessly;Slight Injury
15:20:00;Saturday;Male;Junior high school;Employee;Below 1yr;Motorcycle;Governmental;Below 1yr;unknown;Residential areas;Two-way (divided with broken lines road marking);Tangent road with flat terrain;Unknown;Asphalt roads;Wet or damp;Daylight;Normal;Collision with roadside objects;1;2;Going straight;Under 18;Crossing from nearside - masked by parked or statioNot a Pedestrianry vehicle;Getting off the vehicle improperly;Slight Injury
16:22:00;Friday;Male;Junior high school;Other;Below 1yr;Public (12 seats);Owner;Unknown;No defect; Industrial areas;Undivided Two way;Tangent road with flat terrain;No junction;Asphalt roads;Dry;Darkness - lights lit;Normal;Rollover;4;3;Moving Backward;Over 51;Not a Pedestrian;Driving carelessly;Slight Injury
16:22:00;Friday;Male;Junior high school;Employee;Above 10yr;Lorry (41?100Q);Owner;unknown;No defect;Office areas;Undivided Two way;Tangent road with flat terrain;No junction;Asphalt roads;Dry;Darkness - lights lit;Normal;Vehicle with vehicle collision;4;3;Going straight;Over 51;Not a Pedestrian;Changing lane to the left;Slight Injury
16:22:00;Friday;Male;High school;Owner;5-10yr;Automobile;Owner;unknown;No defect;Other;Undivided Two way;Tangent road with flat terrain;No junction;Asphalt roads;Dry;Darkness - lights lit;Normal;Vehicle with vehicle collision;4;3;Going straight;Under 18;Not a Pedestrian;No priority to vehicle;Slight Injury
16:22:00;Friday;Male;Elementary school;Owner;5-10yr;Lorry (41?100Q);Owner;unknown;unknown;Other;Two-way (divided with broken lines road marking);Tangent road with flat terrain;No junction;Asphalt roads;Dry;Darkness - lights lit;Normal;Vehicle with vehicle collision;4;3;Going straight;Over 51;Not a Pedestrian;Changing lane to the right;Slight Injury
11:40:00;Sunday;Male;Junior high school;Employee;2-5yr;Stationwagen;Owner;unknown;No defect;Residential areas;Undivided Two way;Tangent road with flat terrain;Y Shape;Asphalt roads;Wet or damp;Daylight;Normal;Vehicle with vehicle collision;2;1;Going straight;31-50;Not a Pedestrian;Changing lane to the right;Slight Injury
11:40:00;Sunday;Male;Junior high school;Employee;2-5yr;Pick up upto 10Q;Owner;unknown;unknown;Office areas;Two-way (divided with broken lines road marking);Tangent road with flat terrain;Y Shape;Asphalt roads;Wet or damp;Daylight;Normal;Vehicle with vehicle collision;2;1;Going straight;na;Not a Pedestrian;No distancing;Slight Injury
17:30:00;Thursday;Male;Above high school;Employee;5-10yr;Automobile;Organization;unknown;unknown;Residential areas;other;Tangent road with flat terrain;Y Shape;Earth roads;Wet or damp;Darkness - lights lit;Normal;Collision with roadside objects;1;1;Turnover;18-30;Not a Pedestrian;No distancing;Slight Injury
08:04:00;Thursday;Male;Junior high school;Owner;2-5yr;Automobile;Owner;unknown;unknown;Office areas;Two-way (divided with broken lines road marking);Tangent road with flat terrain;No junction;Asphalt roads;Dry;Daylight;Normal;Collision with roadside objects;2;2;Going straight;Over 51;Crossing from nearside - masked by parked or statioNot a Pedestrianry vehicle;Changing lane to the left;Serious Injury
08:04:00;Thursday;Male;unknown;unknown;unknown;unknown;unknown;unknown;unknown; Church areas;Two-way (divided with broken lines road marking);Tangent road with flat terrain;No junction;Asphalt roads;Dry;Daylight;Normal;Vehicle with vehicle collision;2;2;Going straight;na;Not a Pedestrian;Changing lane to the right;Serious Injury
08:04:00;Thursday;Male;Junior high school;Employee;2-5yr;Other;Organization;5-10yrs;unknown;Residential areas;Two-way (divided with broken lines road marking);Tangent road with flat terrain;No junction;Asphalt roads;Dry;Daylight;Normal;Collision with roadside objects;2;2;Moving Backward;18-30;Not a Pedestrian;No priority to vehicle;Serious Injury
17:00:00;Tuesday;Female;Junior high school;Employee;5-10yr;Automobile;Owner;Above 10yr;unknown;School areas;other;Tangent road with flat terrain;Crossing;Asphalt roads;Wet or damp;Darkness - lights lit;Normal;Vehicle with vehicle collision;2;1;Going straight;na;Not a Pedestrian;Changing lane to the left;Slight Injury
17:00:00;Tuesday;Male;Junior high school;Employee;2-5yr;Public (13?45 seats);Owner;5-10yrs;unknown; Hospital areas;other;Steep grade downward with mountainous terrain;Crossing;Asphalt roads;Wet or damp;Darkness - lights lit;Normal;Vehicle with vehicle collision;2;1;Going straight;31-50;Not a Pedestrian;No priority to vehicle;Slight Injury
17:01:00;Wednesday;Male;Elementary school;Employee;1-2yr;Public (13?45 seats);Owner;2-5yrs;unknown;Other;Undivided Two way;Tangent road with flat terrain;Y Shape;Asphalt roads;Wet or damp;Darkness - no lighting;Normal;Vehicle with vehicle collision;3;1;Going straight;31-50;Not a Pedestrian;Moving Backward;Slight Injury
17:01:00;Wednesday;Male;High school;Employee;unknown;Automobile;Owner;unknown;unknown;School areas;Double carriageway (median);Tangent road with flat terrain;Y Shape;Asphalt roads;Wet or damp;Darkness - no lighting;Normal;Vehicle with vehicle collision;3;1;Other;na;Not a Pedestrian;Turnover;Slight Injury
17:01:00;Wednesday;Male;Junior high school;Owner;1-2yr;Public (12 seats);Owner;Above 10yr;No defect;Other;other;Tangent road with flat terrain;Y Shape;Asphalt roads;Wet or damp;Darkness - no lighting;Normal;Vehicle with vehicle collision;3;1;Going straight;na;Not a Pedestrian;No distancing;Slight Injury