Time;Day_of_week;Sex_of_driver;Educational_level;Vehicle_driver_relation;Driving_experience;Type_of_vehicle;Owner_of_vehicle;Service_year_of_vehicle;Defect_of_vehicle;Area_accident_occured;Lanes_or_Medians;Road_allignment;Types_of_Junction;Road_surface_type;Road_surface_conditions;Light_conditions;Weather_conditions;Type_of_collision;Number_of_vehicles_involved;Number_of_casualties;Vehicle_movement;Age_band_of_casualty;Pedestrian_movement;Cause_of_accident;Accident_severity
16:10:00;Friday;Male;Junior high school;Owner;5-10yr;Automobile;Owner;Unknown;No defect; Industrial areas;Undivided Two way;Tangent road with mild grade and flat terrain;Y Shape;Asphalt roads;Dry;Daylight;Normal;Vehicle with vehicle collision;2;1;Other;18-30;Not a Pedestrian;Moving Backward;Slight Injury
20:10:00;Friday;Male;Above high school;Employee;5-10yr;Automobile;Owner;unknown;No defect;Other;Two-way (divided with broken lines road marking);Tangent road with flat terrain;No junction;Asphalt roads;Dry;Darkness - lights lit;Normal;Vehicle with vehicle collision;3;1;Going straight;Under 18;Not a Pedestrian;Driving carelessly;Slight Injury
20:10:00;Friday;Male;Junior high school;Employee;5-10yr;Other;Owner;Unknown;unknown;Other;other;Tangent road with flat terrain;No junction;Asphalt roads;Dry;Darkness - lights lit;Normal;Vehicle with vehicle collision;3;1;Going straight;na;Not a Pedestrian;Driving to the left;Slight Injury
20:10:00;Friday;Male;Junior high school;Employee;Above 10yr;Taxi;Owner;5-10yrs;No defect; Church areas;other;Tangent road with flat terrain;No junction;Asphalt roads;Dry;Darkness - lights lit;Normal;Vehicle with vehicle collision;3;1;Going straight;Over 51;Not a Pedestrian;Driving to the left;Slight Injury
19:40:00;Saturday;Male;Junior high school;Employee;1-2yr;Automobile;Owner;5-10yrs;No defect; Church areas;Undivided Two way;Tangent road with flat terrain;No junction;Asphalt roads;Dry;Darkness - lights lit;Normal;Collision with roadside objects;1;1;Going straight;18-30;Not a Pedestrian;No priority to pedestrian;Slight Injury
01:00:00;Sunday;Male;Junior high school;Employee;2-5yr;Stationwagen;Owner;unknown;No defect;Other;Two-way (divided with broken lines road marking);Tangent road with flat terrain;Y Shape;Asphalt roads;Dry;Darkness - lights lit;Normal;Vehicle with vehicle collision;2;1;Going straight;Under 18;Not a Pedestrian;Changing lane to the left;Slight Injury
01:00:00;Sunday;Male;Junior high school;Employee;Below 1yr;Automobile;Owner;unknown;No defect;Other;One way;Tangent road with flat terrain;Y Shape;Asphalt roads;Dry;Darkness - lights lit;Normal;Vehicle with vehicle collision;2;1;Going straight;Over 51;Unknown or other;Changing lane to the right;Slight Injury
21:39:00;Saturday;Male;Junior high school;Employee;Above 10yr;Public (12 seats);Governmental;2-5yrs;unknown;  Recreational areas;Two-way (divided with broken lines road marking);Tangent road with flat terrain;Y Shape;Asphalt roads;Dry;Darkness - lights lit;Normal;Vehicle with vehicle collision;2;1;Going straight;Over 51;Unknown or other;Driving carelessly;Slight Injury
21:39:00;Saturday;Male;Junior high school;Employee;1-2yr;unknown;Owner;2-5yrs;unknown;Other;Undivided Two way;Tangent road with flat terrain;Y Shape;Asphalt roads;Dry;Darkness - lights lit;Normal;Vehicle with vehicle collision;2;1;Going straight;18-30;Not a Pedestrian;No distancing;Slight Injury
11:45:00;Sunday;Male;Above high school;Employee;5-10yr;Automobile;Owner;5-10yrs;unknown;Office areas;Undivided Two way;Tangent road with flat terrain;Y Shape;Other;Dry;Daylight;Normal;Collision with roadside objects;2;1;Other;Over 51;Not a Pedestrian;Getting off the vehicle improperly;Slight Injury
11:45:00;Sunday;Male;Junior high school;Employee;5-10yr;Lorry (41?100Q);Owner;5-10yrs;No defect; Church areas;Two-way (divided with broken lines road marking);Tangent road with flat terrain;Y Shape;Asphalt roads;Dry;Daylight;Normal;Vehicle with vehicle collision;2;1;Going straight;Over 51;Not a Pedestrian;Driving under the influence of drugs;Slight Injury
08:40:00;Wednesday;Male;Elementary school;Owner;Below 1yr;unknown;Owner;2-5yrs;unknown;Office areas;Two-way (divided with broken lines road marking);Tangent road with flat terrain;No junction;Asphalt roads;Dry;Daylight;Normal;Collision with roadside objects;2;1;Overtaking;18-30;Not a Pedestrian;Changing lane to the right;Slight Injury
08:40:00;Wednesday;Male;unknown;unknown;unknown;Public (> 45 seats);unknown;unknown;No defect;Office areas;Undivided Two way;Tangent road with mountainous terrain and;No junction;Asphalt roads;Dry;Daylight;Normal;Vehicle with vehicle collision;2;1;Going straight;na;Not a Pedestrian;Driving carelessly;Slight Injury
13:57:00;Monday;Male;Junior high school;Employee;Above 10yr;unknown;Owner;2-5yrs;No defect;Other;Undivided Two way;Tangent road with flat terrain;Y Shape;Asphalt roads;Wet or damp;Daylight;Raining;Rollover;2;1;Going straight;na;Not a Pedestrian;Moving Backward;Slight Injury
13:57:00;Monday;Male;Junior high school;unknown;unknown;Public (12 seats);Governmental;unknown;unknown;Residential areas;Two-way (divided with broken lines road marking);Tangent road with flat terrain;Y Shape;Asphalt roads;Wet or damp;Daylight;Raining;Vehicle with vehicle collision;2;1;Going straight;na;Not a Pedestrian;Turnover;Slight Injury
16:09:00;Monday;Male;Junior high school;Employee;1-2yr;Public (12 seats);Owner;2-5yrs;No defect;Office areas;Two-way (divided with broken lines road marking);Tangent road with mild grade and flat terrain;Y Shape;Asphalt roads;Wet or damp;Daylight;Raining;Vehicle with vehicle collision;1;1;U-Turn;na;Not a Pedestrian;Changing lane to the right;Slight Injury
10:35:00;Wednesday;Male;Junior high school;Owner;2-5yr;Automobile;Owner;2-5yrs;unknown;Residential areas;other;Tangent road with flat terrain;Crossing;Asphalt roads;Dry;Daylight;Normal;Vehicle with vehicle collision;2;1;Going straight;Under 18;Not a Pedestrian;Driving carelessly;Slight Injury
10:35:00;Wednesday;Male;unknown;Employee;unknown;Automobile;Owner;Unknown;No defect;Residential areas;Two-way (divided with broken lines road marking);Tangent road with flat terrain;Crossing;Asphalt roads;Dry;Daylight;Normal;Vehicle with vehicle collision;2;1;Going straight;31-50;Not a Pedestrian;No priority to vehicle;Slight Injury
17:05:00;Tuesday;Male;Junior high school;Employee;Above 10yr;Public (> 45 seats);Owner;unknown;No defect;Other;Double carriageway (median);Tangent road with flat terrain;Y Shape;Asphalt roads;Dry;Daylight;Normal;Vehicle with vehicle collision;2;1;Going straight;31-50;Not a Pedestrian;Moving Backward;Slight Injury
17:05:00;Tuesday;Male;Junior high school;Owner;2-5yr;Lorry (41?100Q);Owner;unknown;No defect; Hospital areas;One way;Tangent road with flat terrain;Y Shape;Asphalt roads;Dry;Daylight;Normal;Collision with pedestrians;2;1;Going straight;31-50;Not a Pedestrian;Changing lane to the left;Slight Injury
11:00:00;Wednesday;Male;Junior high school;Employee;5-10yr;Public (> 45 seats);Governmental;unknown;No defect;Other;Undivided Two way;Tangent road with flat terrain;Crossing;Earth roads;Dry;Daylight;Normal;Rollover;2;1;Turnover;na;Not a Pedestrian;Overturning;Slight Injury
11:00:00;Wednesday;Male;Junior high school;Employee;2-5yr;unknown;Owner;unknown;No defect;Other;Undivided Two way;Tangent road with flat terrain;Crossing;Asphalt roads;Dry;Daylight;Normal;Vehicle with vehicle collision;2;1;Going straight;18-30;Not a Pedestrian;No distancing;Slight Injury
18:10:00;Wednesday;Male;Junior high school;Employee;1-2yr;unknown;Owner;unknown;No defect;  Recreational areas;One way;Tangent road with mild grade and flat terrain;Y Shape;unknown;Dry;Daylight;Normal;Rollover;2;1;Going straight;Under 18;Not a Pedestrian;Driving carelessly;Serious Injury
18:10:00;Wednesday;Male;Junior high school;Employee;5-10yr;Automobile;Owner;unknown;No defect;Other;Undivided Two way;Tangent road with flat terrain;Y Shape;unknown;Dry;Daylight;Normal;Vehicle with vehicle collision;2;1;Moving Backward;18-30;Not a Pedestrian;No distancing;Serious Injury
15:25:00;Tuesday;Male;Junior high school;Employee;2-5yr;Automobile;Owner;unknown;No defect;Other;Undivided Two way;Tangent road with flat terrain;No junction;Asphalt roads;Dry;Daylight;Normal;Vehicle with vehicle collision;2;1;Going straight;18-30;Not a Pedestrian;Changing lane to the left;Slight Injury
15:25:00;Tuesday;Male;Elementary school;Employee;5-10yr;Lorry (41?100Q);Owner;unknown;No defect;Other;Undivided Two way;Tangent road with flat terrain;No junction;Earth roads;Dry;Daylight;Normal;Vehicle with vehicle collision;2;1;Moving Backward;na;Not a Pedestrian;No priority to pedestrian;Slight Injury
19:00:00;Thursday;Male;Above high school;Owner;5-10yr;Automobile;Owner;Below 1yr;No defect;Office areas;Two-way (divided with broken lines road marking);Tangent road with flat terrain;No junction;Asphalt roads;Dry;Daylight;Normal;Fall from vehicles;2;1;Going straight;Under 18;Not a Pedestrian;No distancing;Slight Injury
19:00:00;Thursday;Female;Junior high school;Employee;2-5yr;Public (13?45 seats);Owner;2-5yrs;No defect;Other;Two-way (divided with broken lines road marking);Tangent road with mild grade and flat terrain;No junction;Asphalt roads;Dry;Daylight;Normal;Vehicle with vehicle collision;2;1;Going straight;na;Not a Pedestrian;No distancing;Slight Injury
08:21:00;Thursday;Male;Junior high school;Employee;2-5yr;Automobile;Owner;unknown;No defect;Residential areas;Two-way (divided with broken lines road marking);Tangent road with flat terrain;Y Shape;Earth roads;Wet or damp;Daylight;Raining;Collision with roadside objects;2;1;Going straight;Under 18;Not a Pedestrian;Changing lane to the left;Slight Injury
08:21:00;Thursday;Male;Junior high school;Employee;2-5yr;Public (> 45 seats);Owner;5-10yrs;No defect;Other;Undivided Two way;Tangent road with flat terrain;Y Shape;Asphalt roads;Wet or damp;Daylight;Raining;Vehicle with vehicle collision;2;1;Going straight;na;Not a Pedestrian;No distancing;Slight Injury
08:30:00;Thursday;Male;Junior high school;Employee;5-10yr;Lorry (41?100Q);Owner;Unknown;No defect;Other;Undivided Two way;Tangent road with flat terrain;Crossing;Asphalt roads;Dry;Daylight;Normal;Vehicle with vehicle collision;2;1;U-Turn;Over 51;Not a Pedestrian;Changing lane to the left;Slight Injury
08:30:00;Thursday;Male;Junior high school;Employee;1-2yr;Automobile;Owner;unknown;unknown; Church areas;Undivided Two way;Tangent road with flat terrain;Crossing;Asphalt roads;Dry;Daylight;Normal;Vehicle with vehicle collision;2;1;Going straight;Under 18;Crossing from driver's nearside;No distancing;Slight Injury
18:21:00;Sunday;Male;Junior high school;Owner;2-5yr;Lorry (11?40Q);Owner;1-2yr;5;Office areas;Undivided Two way;Tangent road with flat terrain;Y Shape;Asphalt roads;Dry;Daylight;Normal;Collision with pedestrians;2;1;Going straight;31-50;Not a Pedestrian;No distancing;Slight Injury
18:21:00;Sunday;Male;High school;Owner;2-5yr;Public (13?45 seats);Owner;Above 10yr;No defect;School areas;other;Tangent road with flat terrain;Y Shape;Asphalt roads;Dry;Daylight;Normal;Vehicle with vehicle collision;2;1;Going straight;na;Not a Pedestrian;No distancing;Slight Injury
18:40:00;Saturday;Male;unknown;Employee;unknown;Public (13?45 seats);Owner;2-5yrs;No defect;Other;Undivided Two way;Tangent road with flat terrain;Y Shape;Asphalt roads;Dry;Daylight;Normal;Vehicle with vehicle collision;2;1;Going straight;Under 18;Not a Pedestrian;Changing lane to the left;Slight Injury
18:40:00;Saturday;Male;Junior high school;Owner;1-2yr;unknown;Owner;1-2yr;No defect;Office areas;Undivided Two way;Tangent road with flat terrain;Y Shape;Asphalt roads;Dry;Daylight;Normal;Vehicle with vehicle collision;2;1;Going straight;Under 18;Not a Pedestrian;Changing lane to the right;Slight Injury
04:02:00;Sunday;Male;Junior high school;unknown;Below 1yr;Long lorry;Owner;1-2yr;No defect;Residential areas;other;Steep grade downward with mountainous terrain;Crossing;Asphalt roads;Dry;Darkness - lights lit;Normal;Rollover;2;3;Going straight;na;Not a Pedestrian;Moving Backward;Slight Injury
04:02:00;Sunday;Male;High school;Employee;1-2yr;Lorry (41?100Q);Owner;1-2yr;No defect; Industrial areas;One way;Tangent road with flat terrain;Crossing;Asphalt roads;Dry;Darkness - lights lit;Normal;Collision with roadside objects;2;3;Stopping;18-30;Not a Pedestrian;Changing lane to the right;Slight Injury
04:02:00;Sunday;Male;Above high school;Employee;1-2yr;Lorry (11?40Q);Owner;2-5yrs;No defect;Other;Undivided Two way;Tangent road with flat terrain;Crossing;Asphalt roads;Dry;Darkness - lights lit;Normal;Vehicle with vehicle collision;2;3;Turnover;na;Not a Pedestrian;No distancing;Slight Injury
04:02:00;Sunday;Male;Junior high school;Employee;Above 10yr;Lorry (41?100Q);Owner;1-2yr;No defect;Residential areas;Undivided Two way;Tangent road with flat terrain;Crossing;Asphalt roads;Dry;Darkness - lights lit;Normal;Vehicle with vehicle collision;2;3;Getting off;na;Not a Pedestrian;Overtaking;Slight Injury
12:47:00;Saturday;Male;High school;Employee;1-2yr;Public (12 seats);Owner;1-2yr;No defect;  Recreational areas;Two-way (divided with broken lines road marking);Tangent road with flat terrain;No junction;Asphalt roads;Dry;Daylight;Normal;Collision with roadside objects;1;1;Moving Backward;na;Not a Pedestrian;Other;Slight Injury
09:20:00;Friday;Male;Junior high school;Employee;2-5yr;unknown;Owner;Unknown;7;Office areas;other;Tangent road with flat terrain;Y Shape;Asphalt roads with some distress;Dry;Daylight;Normal;Vehicle with vehicle collision;1;1;Moving Backward;18-30;Not a Pedestrian;Other;Slight Injury
14:23:00;Sunday;Male;Above high school;Other;2-5yr;Taxi;Owner;unknown;No defect; Outside rural areas;Two-way (divided with broken lines road marking);Tangent road with flat terrain;No junction;Asphalt roads;Dry;Daylight;Normal;Vehicle with vehicle collision;2;1;Going straight;Under 18;Not a Pedestrian;Changing lane to the right;Slight Injury
14:23:00;Sunday;Male;High school;Employee;Above 10yr;unknown;Owner;1-2yr;No defect; Outside rural areas;Two-way (divided with broken lines road marking);Tangent road with flat terrain;No junction;Asphalt roads;Dry;Daylight;Normal;Vehicle with vehicle collision;2;1;Turnover;Under 18;Not a Pedestrian;No priority to pedestrian;Slight Injury
14:32:00;Monday;Male;Elementary school;Employee;5-10yr;Automobile;Owner;1-2yr;No defect; Outside rural areas;Undivided Two way;Tangent road with flat terrain;Crossing;Asphalt roads;Dry;Daylight;Normal;Rollover;2;4;Going straight;Under 18;Not a Pedestrian;No priority to vehicle;Slight Injury
14:32:00;Monday;Male;High school;Employee;1-2yr;unknown;Governmental;Below 1yr;No defect; Outside rural areas;Undivided Two way;Tangent road with flat terrain;Crossing;Asphalt roads;Dry;Daylight;Normal;Rollover;2;4;Going straight;18-30;Not a Pedestrian;Changing lane to the left;Slight Injury
14:32:00;Monday;Male;High school;Employee;5-10yr;Lorry (41?100Q);Owner;unknown;No defect; Outside rural areas;other;Steep grade downward with mountainous terrain;Crossing;Asphalt roads;Dry;Daylight;Normal;Collision with pedestrians;2;4;U-Turn;na;Not a Pedestrian;Changing lane to the left;Slight Injury
14:32:00;Monday;Male;High school;Employee;2-5yr;Automobile;Owner;unknown;No defect;School areas;other;Steep grade downward with mountainous terrain;Crossing;Asphalt roads;Dry;Daylight;Normal;Vehicle with vehicle collision;2;4;Going straight;na;Not a Pedestrian;Overtaking;Slight Injury
08:40:00;Wednesday;Male;Junior high school;Employee;1-2yr;Automobile;Owner;Above 10yr;No defect; Outside rural areas;Two-way (divided with broken lines road marking);Tangent road with flat terrain;Y Shape;Asphalt roads;Dry;Daylight;Normal;Vehicle with vehicle collision;2;1;Going straight;18-30;Not a Pedestrian;No distancing;Slight Injury
08:40:00;Wednesday;Male;Above high school;Employee;Above 10yr;Lorry (41?100Q);Owner;unknown;No defect; Outside rural areas;Undivided Two way;Tangent road with flat terrain;Y Shape;Asphalt roads;Dry;Daylight;Normal;Vehicle with vehicle collision;2;1;U-Turn;na;Not a Pedestrian;No priority to vehicle;Slight Injury
18:33:00;Tuesday;Male;Above high school;Employee;2-5yr;Automobile;Owner;unknown;No defect; Outside rural areas;Two-way (divided with broken lines road marking);Escarpments;Crossing;Asphalt roads;Dry;Daylight;Normal;Collision with pedestrians;2;1;Stopping;18-30;Not a Pedestrian;Changing lane to the right;Slight Injury
18:33:00;Tuesday;Male;Elementary school;Employee;5-10yr;Automobile;Owner;2-5yrs;No defect; Outside rural areas;Two-way (divided with broken lines road marking);Tangent road with mountainous terrain and;Crossing;Asphalt roads;Dry;Daylight;Normal;Collision with pedestrians;2;1;Going straight;31-50;Not a Pedestrian;Changing lane to the left;Slight Injury
10:50:00;Thursday;Male;Elementary school;Employee;1-2yr;Automobile;Owner;2-5yrs;No defect;Office areas;Undivided Two way;Tangent road with mountainous terrain and;Y Shape;Asphalt roads;Dry;Daylight;Normal;Vehicle with vehicle collision;2;1;Moving Backward;na;Not a Pedestrian;No distancing;Slight Injury
10:50:00;Thursday;Male;Junior high school;Employee;unknown;Taxi;Owner;2-5yrs;No defect; Outside rural areas;Undivided Two way;Tangent road with mountainous terrain and;Y Shape;Asphalt roads;Dry;Daylight;Normal;Vehicle with vehicle collision;2;1;Getting off;31-50;Not a Pedestrian;Driving carelessly;Slight Injury
17:25:00;Wednesday;Male;unknown;unknown;unknown;unknown;Owner;unknown;No defect; Outside rural areas;Undivided Two way;Tangent road with mountainous terrain and;O Shape;Asphalt roads;Dry;Daylight;Normal;Vehicle with vehicle collision;2;1;Going straight;Under 18;Not a Pedestrian;No priority to pedestrian;Slight Injury
17:25:00;Wednesday;Male;Elementary school;Employee;5-10yr;unknown;Owner;2-5yrs;No defect; Outside rural areas;Undivided Two way;Tangent road with flat terrain;O Shape;Asphalt roads;Dry;Daylight;Normal;Collision with roadside objects;2;1;Going straight;na;Not a Pedestrian;Driving carelessly;Slight Injury
09:20:00;Wednesday;Male;Junior high school;Employee;2-5yr;Automobile;Owner;unknown;No defect;Office areas;Undivided Two way;Tangent road with flat terrain;Y Shape;Asphalt roads;Dry;Daylight;Normal;Vehicle with vehicle collision;2;1;Turnover;18-30;Not a Pedestrian;Moving Backward;Slight Injury
09:20:00;Wednesday;Male;Junior high school;Employee;5-10yr;Pick up upto 10Q;Owner;unknown;No defect;  Recreational areas;Undivided Two way;Tangent road with flat terrain;Y Shape;Asphalt roads;Dry;Daylight;Normal;Collision with roadside objects;2;1;Moving Backward;na;Not a Pedestrian;No distancing;Slight Injury
11:00:00;Wednesday;Male;High school;Employee;2-5yr;unknown;Owner;Above 10yr;No defect;Office areas;Undivided Two way;Tangent road with flat terrain;Y Shape;Asphalt roads;Dry;Daylight;Normal;Vehicle with vehicle collision;2;1;Going straight;na;Not a Pedestrian;No distancing;Slight Injury
11:00:00;Wednesday;Male;Junior high school;Employee;1-2yr;Automobile;Owner;2-5yrs;No defect;Other;Two-way (divided with broken lines road marking);Tangent road with mild grade and flat terrain;Y Shape;Asphalt roads;Dry;Daylight;Normal;Vehicle with vehicle collision;2;1;Moving Backward;Under 18;Not a Pedestrian;No distancing;Slight Injury
11:35:00;Tuesday;Male;Junior high school;Employee;1-2yr;Public (12 seats);Owner;Above 10yr;No defect;Residential areas;Two-way (divided with broken lines road marking);Tangent road with flat terrain;Y Shape;Asphalt roads;Dry;Daylight;Normal;Collision with roadside objects;2;1;Going straight;Under 18;Not a Pedestrian;Changing lane to the left;Slight Injury
11:35:00;Tuesday;Male;Junior high school;Employee;5-10yr;Public (13?45 seats);Owner;Above 10yr;No defect;Residential areas;other;Tangent road with flat terrain;Y Shape;Gravel roads;Dry;Daylight;Normal;Vehicle with vehicle collision;2;1;unknown;na;Not a Pedestrian;Changing lane to the left;Slight Injury
12:30:00;Tuesday;Male;Illiterate;Employee;unknown;Lorry (11?40Q);Owner;unknown;No defect;Residential areas;Undivided Two way;Tangent road with flat terrain;Y Shape;Asphalt roads;Dry;Daylight;Normal;Vehicle with vehicle collision;2;1;Going straight;18-30;Crossing from nearside - masked by parked or statioNot a Pedestrianry vehicle;Moving Backward;Serious Injury
12:30:00;Tuesday;Male;Junior high school;Employee;5-10yr;Stationwagen;Owner;Above 10yr;No defect;Other;Undivided Two way;Tangent road with flat terrain;Y Shape;Asphalt roads;Dry;Daylight;Normal;Collision with roadside objects;2;1;unknown;Under 18;Not a Pedestrian;Changing lane to the right;Serious Injury
18:35:00;Thursday;Male;Junior high school;Employee;1-2yr;Ridden horse;Owner;unknown;No defect;Office areas;Two-way (divided with broken lines road marking);Tangent road with flat terrain;No junction;Asphalt roads;Dry;Darkness - lights lit;Normal;Collision with roadside objects;2;1;Going straight;Over 51;Not a Pedestrian;No priority to vehicle;Slight Injury
18:35:00;Thursday;Male;Junior high school;Employee;2-5yr;Stationwagen;Owner;unknown;unknown;Other;Two-way (divided with broken lines road marking);Tangent road with flat terrain;No junction;Asphalt roads;Dry;Darkness - lights lit;Normal;Vehicle with vehicle collision;2;1;unknown;31-50;Not a Pedestrian;Moving Backward;Slight Injury
16:30:00;Saturday;Male;Junior high school;Employee;Above 10yr;Automobile;Owner;Above 10yr;unknown;Other;other;Tangent road with flat terrain;No junction;Asphalt roads;Dry;Daylight;Normal;Vehicle with vehicle collision;2;1;Going straight;Over 51;Not a Pedestrian;Driving carelessly;Slight Injury
16:30:00;Saturday;Male;Junior high school;Owner;5-10yr;Automobile;Owner;5-10yrs;unknown;Office areas;Two-way (divided with broken lines road marking);Tangent road with flat terrain;No junction;Asphalt roads;Dry;Daylight;Normal;Vehicle with vehicle collision;2;1;Going straight;Over 51;Unknown or other;Driving carelessly;Slight Injury
21:25:00;Saturday;Male;High school;Employee;1-2yr;Other;Owner;Below 1yr;unknown; Church areas;other;Tangent road with flat terrain;Crossing;Asphalt roads;Dry;Darkness - lights lit;Normal;Vehicle with vehicle collision;2;1;Going straight;na;Not a Pedestrian;Driving under the influence of drugs;Slight Injury
21:25:00;Saturday;Male;Junior high school;Employee;Above 10yr;Taxi;Owner;Unknown;No defect;Other;Two-way (divided with broken lines road marking);Tangent road with flat terrain;Crossing;Asphalt roads;Dry;Darkness - lights lit;Normal;Vehicle with vehicle collision;2;1;Going straight;18-30;Not a Pedestrian;No priority to pedestrian;Slight Injury
21:20:00;Saturday;Male;Junior high school;Employee;1-2yr;Automobile;Owner;unknown;unknown;Other;One way;Tangent road with flat terrain;Y Shape;Asphalt roads;Dry;Darkness - lights lit;Normal;Vehicle with vehicle collision;1;1;Going straight;na;Not a Pedestrian;No priority to vehicle;Slight Injury
08:43:00;Tuesday;Male;Junior high school;Employee;2-5yr;Stationwagen;Owner;unknown;unknown;Office areas;Double carriageway (median);Tangent road with flat terrain;Y Shape;Asphalt roads;Dry;Daylight;Normal;Vehicle with vehicle collision;1;1;Other;Over 51;Not a Pedestrian;Driving carelessly;Slight Injury
16:49:00;Tuesday;Male;Junior high school;Employee;Above 10yr;Automobile;Owner;unknown;unknown;Office areas;One way;Tangent road with mild grade and flat terrain;Y Shape;Asphalt roads;Dry;Daylight;Normal;Vehicle with vehicle collision;2;1;Other;Over 51;Not a Pedestrian;Moving Backward;Slight Injury
16:49:00;Tuesday;Male;Junior high school;Employee;2-5yr;Public (12 seats);Owner;unknown;unknown;Office areas;Undivided Two way;Tangent road with flat terrain;Y Shape;Asphalt roads;Dry;Daylight;Normal;Vehicle with vehicle collision;2;1;Going straight;31-50;Not a Pedestrian;Driving carelessly;Slight Injury
15:30:00;Thursday;Male;Elementary school;Employee;5-10yr;unknown;Owner;unknown;No defect;Office areas;Double carriageway (median);Tangent road with flat terrain;Crossing;Asphalt roads;Dry;Daylight;Normal;Vehicle with vehicle collision;2;1;Going straight;18-30;Not a Pedestrian;No priority to vehicle;Slight Injury
15:30:00;Thursday;Male;unknown;unknown;unknown;Automobile;Owner;Unknown;unknown;unknown;Two-way (divided with broken lines road marking);Tangent road with flat terrain;Crossing;Asphalt roads;Dry;Daylight;Normal;Vehicle with vehicle collision;2;1;Getting off;18-30;Not a Pedestrian;Changing lane to the right;Slight Injury
18:57:00;Thursday;Male;Elementary school;Employee;1-2yr;Lorry (41?100Q);Owner;Below 1yr;unknown;Office areas;Undivided Two way;Tangent road with flat terrain;Crossing;Gravel roads;Dry;Darkness - lights lit;Normal;Vehicle with vehicle collision;2;1;Going straight;Under 18;Not a Pedestrian;Changing lane to the left;Slight Injury
18:57:00;Thursday;Unknown;Elementary school;Employee;5-10yr;unknown;Owner;Unknown;unknown;Other;unknown;Tangent road with flat terrain;Crossing;Asphalt roads;Dry;Darkness - lights lit;Normal;Vehicle with vehicle collision;2;1;Going straight;na;Not a Pedestrian;No priority to vehicle;Slight Injury
17:00:00;Thursday;Male;Elementary school;Employee;5-10yr;Public (> 45 seats);Owner;unknown;unknown;Other;Double carriageway (median);Tangent road with flat terrain;No junction;Asphalt roads;Dry;Daylight;Normal;Vehicle with vehicle collision;2;1;Going straight;31-50;Not a Pedestrian;Driving carelessly;Serious Injury
17:00:00;Thursday;Male;Junior high school;Employee;1-2yr;unknown;Governmental;Unknown;unknown;Other;Two-way (divided with broken lines road marking);Tangent road with flat terrain;No junction;Asphalt roads;Dry;Daylight;Normal;Vehicle with vehicle collision;2;1;Going straight;na;Not a Pedestrian;Moving Backward;Serious Injury
16:50:00;Friday;Male;Junior high school;Employee;5-10yr;Public (12 seats);Owner;unknown;unknown;Office areas;unknown;Tangent road with flat terrain;Y Shape;Asphalt roads;Dry;Darkness - lights lit;Normal;Vehicle with vehicle collision;2;1;Going straight;na;Not a Pedestrian;No distancing;Slight Injury
16:50:00;Friday;Male;Junior high school;Employee;5-10yr;Public (12 seats);Owner;unknown;unknown;Office areas;unknown;Tangent road with flat terrain;Y Shape;Earth roads;Dry;Darkness - lights lit;Normal;Vehicle with vehicle collision;2;1;Getting off;31-50;Not a Pedestrian;Changing lane to the left;Slight Injury
08:03:00;Monday;Male;Junior high school;Employee;2-5yr;Automobile;Owner;unknown;unknown;Office areas;Two-way (divided with broken lines road marking);Tangent road with flat terrain;No junction;Asphalt roads;Dry;Daylight;Normal;Vehicle with vehicle collision;2;1;Going straight;Over 51;Crossing from nearside - masked by parked or statioNot a Pedestrianry vehicle;Changing lane to the left;Slight Injury
08:03:00;Monday;Male;Junior high school;Employee;1-2yr;unknown;Governmental;unknown;No defect;Office areas;Two-way (divided with broken lines road marking);Tangent road with flat terrain;No junction;Asphalt roads;Dry;Daylight;Normal;Collision with roadside objects;2;1;Going straight;31-50;Not a Pedestrian;No distancing;Slight Injury
16:40:00;Monday;Male;Junior high school;Employee;5-10yr;Automobile;Owner;2-5yrs;unknown; Church areas;Undivided Two way;Tangent road with flat terrain;Y Shape;unknown;Dry;Daylight;Normal;Vehicle with vehicle collision;2;1;Other;Under 18;Not a Pedestrian;Changing lane to the left;Slight Injury
16:40:00;Monday;Male;Junior high school;Employee;Below 1yr;Lorry (41?100Q);Governmental;unknown;unknown;Office areas;Two-way (divided with broken lines road marking);Tangent road with flat terrain;Y Shape;Gravel roads;Dry;Daylight;Normal;Collision with pedestrians;2;1;Going straight;Under 18;Crossing from driver's nearside;Driving carelessly;Slight Injury
07:40:00;Monday;Male;Junior high school;Employee;5-10yr;Public (12 seats);Governmental;Unknown;unknown;Residential areas;Two-way (divided with broken lines road marking);Tangent road with flat terrain;Crossing;Asphalt roads;Dry;Daylight;Normal;Vehicle with vehicle collision;2;1;Going straight;18-30;Not a Pedestrian;Changing lane to the left;Slight Injury
07:40:00;Monday;Male;Junior high school;Owner;5-10yr;Lorry (11?40Q);Owner;unknown;unknown;School areas;Two-way (divided with broken lines road marking);Tangent road with flat terrain;Crossing;unknown;Dry;Daylight;Normal;Collision with roadside objects;2;1;Going straight;na;Not a Pedestrian;No distancing;Slight Injury
04:46:00;Tuesday;Male;unknown;Owner;5-10yr;Automobile;Owner;Unknown;unknown;Office areas;Undivided Two way;Tangent road with flat terrain;Crossing;Asphalt roads;Dry;Darkness - lights lit;Normal;Vehicle with vehicle collision;2;1;Going straight;na;Not a Pedestrian;Changing lane to the right;Slight Injury