Time;Day_of_week;Sex_of_driver;Educational_level;Vehicle_driver_relation;Driving_experience;Type_of_vehicle;Owner_of_vehicle;Service_year_of_vehicle;Defect_of_vehicle;Area_accident_occured;Lanes_or_Medians;Road_allignment;Types_of_Junction;Road_surface_type;Road_surface_conditions;Light_conditions;Weather_conditions;Type_of_collision;Number_of_vehicles_involved;Number_of_casualties;Vehicle_movement;Age_band_of_casualty;Pedestrian_movement;Cause_of_accident;Accident_severity
17:00:00;Wednesday;Male;Unknown;Employee;Above 10yr;Lorry (11?40Q);Owner;unknown;unknown;Residential areas;Two-way (divided with broken lines road marking);Tangent road with flat terrain;No junction;Asphalt roads;Dry;Darkness - lights lit;Normal;Vehicle with vehicle collision;2;1;Going straight;na;Not a Pedestrian;No priority to pedestrian;Slight Injury
17:00:00;Wednesday;Male;Elementary school;Employee;5-10yr;Automobile;Owner;5-10yrs;unknown;Office areas;Two-way (divided with broken lines road marking);Tangent road with flat terrain;No junction;Asphalt roads;Dry;Darkness - lights lit;Normal;Collision with roadside objects;2;1;Other;31-50;Not a Pedestrian;Moving Backward;Slight Injury
11:50:00;Wednesday;Male;Junior high school;Employee;Below 1yr;Lorry (41?100Q);Owner;5-10yrs;unknown;Residential areas;Undivided Two way;Tangent road with flat terrain;Y Shape;Asphalt roads;Dry;Daylight;Normal;Vehicle with vehicle collision;2;1;Going straight;Under 18;Crossing from nearside - masked by parked or statioNot a Pedestrianry vehicle;Changing lane to the right;Slight Injury
11:50:00;Wednesday;Male;Elementary school;Employee;Below 1yr;Other;Owner;2-5yrs;unknown;Office areas;Double carriageway (median);Tangent road with flat terrain;Y Shape;Asphalt roads;Dry;Daylight;Normal;Vehicle with vehicle collision;2;1;Going straight;31-50;Not a Pedestrian;No distancing;Slight Injury
14:39:00;Thursday;Male;Junior high school;Employee;Below 1yr;Pick up upto 10Q;Owner;2-5yrs;No defect;Office areas;Double carriageway (median);Tangent road with flat terrain;Y Shape;Other;Dry;Daylight;Normal;Vehicle with vehicle collision;1;1;Going straight;na;Not a Pedestrian;Drunk driving;Slight Injury
21:00:00;Friday;Male;Junior high school;Employee;5-10yr;Lorry (11?40Q);unknown;unknown;No defect;Other;Two-way (divided with broken lines road marking);Tangent road with flat terrain;No junction;Gravel roads;Dry;Darkness - lights lit;Normal;Rollover;2;1;Going straight;na;Not a Pedestrian;Changing lane to the right;Slight Injury
21:00:00;Friday;Male;Junior high school;Owner;5-10yr;Motorcycle;Owner;Unknown;No defect;Other;Two-way (divided with broken lines road marking);Tangent road with flat terrain;No junction;Gravel roads;Dry;Darkness - lights lit;Normal;Vehicle with vehicle collision;2;1;Going straight;18-30;Not a Pedestrian;Driving carelessly;Slight Injury
17:30:00;Sunday;Male;High school;Owner;5-10yr;Pick up upto 10Q;Owner;Above 10yr;No defect;Residential areas;Two-way (divided with broken lines road marking);Tangent road with flat terrain;Y Shape;Asphalt roads;Dry;Darkness - lights lit;Normal;Vehicle with vehicle collision;2;1;Going straight;Over 51;Not a Pedestrian;Driving to the left;Slight Injury
17:30:00;Sunday;Male;Junior high school;Employee;5-10yr;Lorry (11?40Q);Owner;Unknown;unknown; Church areas;Two-way (divided with broken lines road marking);Tangent road with flat terrain;Y Shape;Asphalt roads;Dry;Darkness - lights lit;Normal;Vehicle with vehicle collision;2;1;Moving Backward;31-50;Not a Pedestrian;Changing lane to the right;Slight Injury
00:56:00;Monday;Male;Junior high school;Employee;2-5yr;Lorry (11?40Q);Governmental;Unknown;No defect; Church areas;Double carriageway (median);Tangent road with flat terrain;Crossing;Earth roads;Dry;Darkness - lights lit;Normal;Collision with pedestrians;2;1;Going straight;31-50;Not a Pedestrian;Changing lane to the right;Serious Injury
00:56:00;Monday;Male;Elementary school;Employee;5-10yr;Automobile;Owner;2-5yrs;No defect;Residential areas;Double carriageway (median);Tangent road with flat terrain;Crossing;Asphalt roads;Dry;Darkness - lights lit;Normal;Vehicle with vehicle collision;2;1;Going straight;31-50;Not a Pedestrian;Driving carelessly;Serious Injury
17:00:00;Monday;Male;Junior high school;Employee;2-5yr;Automobile;Owner;unknown;No defect;Office areas;Two-way (divided with broken lines road marking);Tangent road with mild grade and flat terrain;Y Shape;Asphalt roads;Wet or damp;Darkness - lights lit;Other;Collision with roadside objects;2;1;Going straight;Under 18;Not a Pedestrian;Changing lane to the left;Slight Injury
17:00:00;Monday;Male;Junior high school;Employee;Below 1yr;Other;Owner;5-10yrs;No defect;Office areas;Two-way (divided with broken lines road marking);Tangent road with mild grade and flat terrain;Y Shape;Asphalt roads;Wet or damp;Darkness - lights lit;Other;Vehicle with vehicle collision;2;1;Going straight;Under 18;Not a Pedestrian;No priority to vehicle;Slight Injury
14:20:00;Tuesday;Male;Elementary school;Employee;2-5yr;Other;Owner;2-5yrs;unknown;Residential areas;Two-way (divided with broken lines road marking);Tangent road with flat terrain;Y Shape;Asphalt roads;Dry;Daylight;Normal;Rollover;2;1;Going straight;Under 18;Not a Pedestrian;Driving carelessly;Slight Injury
14:20:00;Tuesday;Male;Junior high school;Employee;2-5yr;Automobile;Owner;5-10yrs;unknown; Church areas;other;Tangent road with flat terrain;Y Shape;Earth roads;Dry;Daylight;Normal;Vehicle with vehicle collision;2;1;Going straight;Under 18;Not a Pedestrian;Changing lane to the right;Slight Injury
01:30:00;Wednesday;Male;Junior high school;Employee;2-5yr;Taxi;Owner;unknown;unknown;Other;Two-way (divided with broken lines road marking);Tangent road with flat terrain;Crossing;Asphalt roads;Wet or damp;Darkness - lights lit;Other;Vehicle with vehicle collision;2;1;Going straight;na;Not a Pedestrian;Driving carelessly;Slight Injury
01:30:00;Wednesday;Male;Junior high school;Employee;5-10yr;Other;Owner;unknown;unknown;Office areas;Two-way (divided with broken lines road marking);Tangent road with flat terrain;Crossing;Asphalt roads;Wet or damp;Darkness - lights lit;Other;Vehicle with vehicle collision;2;1;Getting off;na;Not a Pedestrian;Driving under the influence of drugs;Slight Injury
13:45:00;Sunday;Male;Junior high school;Employee;5-10yr;Taxi;Owner;unknown;unknown;Other;Two-way (divided with broken lines road marking);Tangent road with flat terrain;Crossing;Asphalt roads;Dry;Daylight;Normal;Vehicle with vehicle collision;3;1;Going straight;18-30;Not a Pedestrian;No distancing;Slight Injury
13:45:00;Sunday;Male;Junior high school;Employee;unknown;Lorry (11?40Q);Owner;unknown;unknown;Other;Two-way (divided with broken lines road marking);Tangent road with flat terrain;Crossing;Asphalt roads;Dry;Daylight;Normal;Vehicle with vehicle collision;3;1;Going straight;na;Not a Pedestrian;Changing lane to the left;Slight Injury
13:45:00;Sunday;Male;Junior high school;Owner;5-10yr;Automobile;Owner;unknown;unknown;unknown;unknown;Tangent road with flat terrain;Crossing;Asphalt roads;Dry;Daylight;Normal;Collision with roadside objects;3;1;Turnover;31-50;Not a Pedestrian;No priority to vehicle;Slight Injury
16:20:00;Sunday;Male;Junior high school;Employee;2-5yr;Other;Governmental;2-5yrs;unknown;Residential areas;Two-way (divided with broken lines road marking);unknown;No junction;Asphalt roads;Dry;Daylight;Normal;Vehicle with vehicle collision;1;1;Moving Backward;na;Not a Pedestrian;Moving Backward;Slight Injury
11:30:00;Wednesday;Male;Junior high school;Employee;Below 1yr;Automobile;Owner;Below 1yr;unknown; Church areas;Undivided Two way;Tangent road with flat terrain;Crossing;Asphalt roads;Dry;Daylight;Normal;Vehicle with vehicle collision;2;1;Going straight;na;Not a Pedestrian;Moving Backward;Slight Injury
11:30:00;Wednesday;Male;Junior high school;Employee;1-2yr;Automobile;unknown;unknown;unknown;Other;Undivided Two way;Tangent road with flat terrain;Crossing;Asphalt roads;Dry;Daylight;Normal;Collision with roadside objects;2;1;Moving Backward;Over 51;Not a Pedestrian;No distancing;Slight Injury
16:00:00;Thursday;Male;Junior high school;Employee;Below 1yr;Automobile;Owner;Unknown;unknown;Other;One way;Tangent road with flat terrain;Crossing;Asphalt roads;Dry;Daylight;Normal;Collision with roadside objects;2;1;Going straight;Over 51;Not a Pedestrian;Changing lane to the right;Slight Injury
16:00:00;Thursday;Male;Junior high school;Employee;Above 10yr;Automobile;Owner;Unknown;No defect;Residential areas;Two-way (divided with broken lines road marking);Tangent road with flat terrain;Crossing;Asphalt roads;Dry;Daylight;Normal;Vehicle with vehicle collision;2;1;unknown;na;Not a Pedestrian;Changing lane to the right;Slight Injury
12:48:00;Tuesday;Male;Junior high school;Employee;Below 1yr;Lorry (41?100Q);Owner;Unknown;unknown;Office areas;One way;Tangent road with flat terrain;Crossing;Earth roads;Dry;Daylight;Normal;Vehicle with vehicle collision;2;1;Going straight;18-30;Not a Pedestrian;Moving Backward;Slight Injury
12:48:00;Tuesday;Male;Junior high school;Employee;2-5yr;Other;Owner;Unknown;No defect; Industrial areas;Two-way (divided with broken lines road marking);Tangent road with flat terrain;Crossing;Asphalt roads;Dry;Daylight;Normal;Vehicle with vehicle collision;2;1;unknown;18-30;Not a Pedestrian;Driving carelessly;Slight Injury
05:10:00;Monday;Male;Junior high school;Employee;1-2yr;Pick up upto 10Q;Governmental;unknown;No defect;Residential areas;Double carriageway (median);Tangent road with flat terrain;Crossing;Asphalt roads;Dry;Darkness - lights lit;Normal;Vehicle with vehicle collision;1;1;Going straight;na;Not a Pedestrian;Driving under the influence of drugs;Slight Injury
10:35:00;Wednesday;Female;Elementary school;Employee;5-10yr;Pick up upto 10Q;Owner;unknown;No defect;Office areas;Unknown;Tangent road with flat terrain;Y Shape;Asphalt roads;Dry;Daylight;Normal;Collision with roadside objects;1;1;unknown;18-30;Not a Pedestrian;No distancing;Slight Injury
10:35:00;Tuesday;Male;Junior high school;Owner;Below 1yr;Automobile;Owner;2-5yrs;unknown;Other;unknown;Tangent road with flat terrain;Crossing;Asphalt roads;Dry;Daylight;Normal;Vehicle with vehicle collision;2;2;Going straight;Over 51;Not a Pedestrian;No distancing;Slight Injury
10:35:00;Tuesday;Male;Junior high school;Employee;Below 1yr;Long lorry;Owner;Unknown;unknown; Church areas;other;Tangent road with flat terrain;Crossing;Earth roads;Dry;Daylight;Normal;Vehicle with vehicle collision;2;2;Going straight;Under 18;Crossing from nearside - masked by parked or statioNot a Pedestrianry vehicle;No priority to vehicle;Slight Injury
08:45:00;Friday;Male;Writing & reading;Employee;Below 1yr;Automobile;Owner;Above 10yr;unknown; Industrial areas;unknown;Tangent road with flat terrain;Y Shape;Asphalt roads;Dry;Daylight;Normal;Vehicle with vehicle collision;2;1;Going straight;na;Not a Pedestrian;Driving to the left;Slight Injury
08:45:00;Friday;Male;Junior high school;Employee;1-2yr;Public (13?45 seats);Owner;Unknown;No defect;  Recreational areas;One way;Tangent road with flat terrain;Y Shape;Asphalt roads;Dry;Daylight;Normal;Vehicle with vehicle collision;2;1;Going straight;31-50;Not a Pedestrian;No priority to vehicle;Slight Injury
20:14:00;Monday;Male;Elementary school;Owner;5-10yr;Lorry (41?100Q);Owner;Unknown;No defect;  Market areas;Undivided Two way;Tangent road with flat terrain;Crossing;Asphalt roads;Dry;Darkness - lights lit;Normal;Vehicle with vehicle collision;2;2;Going straight;31-50;Not a Pedestrian;No priority to vehicle;Slight Injury
20:14:00;Monday;Male;Junior high school;Employee;2-5yr;Public (13?45 seats);Owner;Unknown;No defect;Other;Two-way (divided with broken lines road marking);Tangent road with flat terrain;Crossing;Asphalt roads;Dry;Darkness - lights lit;Normal;Vehicle with vehicle collision;2;2;Other;na;Not a Pedestrian;No priority to vehicle;Slight Injury
20:14:00;Monday;Male;Junior high school;Owner;Below 1yr;Other;Owner;Unknown;unknown;Other;Two-way (divided with broken lines road marking);Tangent road with flat terrain;Crossing;Asphalt roads;Dry;Darkness - lights lit;Normal;Collision with roadside objects;2;2;Other;18-30;Not a Pedestrian;No distancing;Slight Injury
12:38:00;Friday;Male;Writing & reading;Employee;5-10yr;Lorry (41?100Q);Owner;Unknown;No defect; Industrial areas;Two-way (divided with broken lines road marking);unknown;No junction;Asphalt roads;Dry;Daylight;Normal;Vehicle with vehicle collision;1;1;Going straight;na;Not a Pedestrian;Moving Backward;Slight Injury
10:05:00;Thursday;Male;Writing & reading;Employee;5-10yr;Lorry (41?100Q);Governmental;2-5yrs;unknown;Other;Two-way (divided with broken lines road marking);Tangent road with flat terrain;Y Shape;Asphalt roads;Dry;Daylight;Normal;Collision with pedestrians;2;1;Going straight;18-30;Not a Pedestrian;Changing lane to the right;Slight Injury
10:05:00;Thursday;Male;Junior high school;Employee;5-10yr;Long lorry;Governmental;unknown;unknown;Office areas;other;Tangent road with flat terrain;Y Shape;Asphalt roads;Dry;Daylight;Normal;Collision with roadside objects;2;1;Getting off;18-30;Not a Pedestrian;Driving carelessly;Slight Injury
00:02:00;Monday;Male;Junior high school;Employee;2-5yr;Pick up upto 10Q;Owner;Unknown;unknown;unknown;other;Tangent road with flat terrain;Y Shape;Other;Dry;Darkness - lights lit;Normal;Collision with roadside objects;2;1;Going straight;na;Not a Pedestrian;Changing lane to the left;Slight Injury
00:02:00;Monday;Male;Junior high school;Employee;Above 10yr;Pick up upto 10Q;Owner;unknown;unknown;Office areas;Two-way (divided with broken lines road marking);Tangent road with flat terrain;Y Shape;Asphalt roads;Dry;Darkness - lights lit;Normal;Vehicle with vehicle collision;2;1;Going straight;31-50;Not a Pedestrian;No distancing;Slight Injury
17:25:00;Monday;Male;Junior high school;Employee;5-10yr;Lorry (41?100Q);Owner;unknown;unknown;Office areas;Undivided Two way;Tangent road with flat terrain;Y Shape;Asphalt roads;Dry;Darkness - lights lit;Normal;Rollover;2;1;Going straight;Over 51;Not a Pedestrian;Changing lane to the right;Slight Injury
17:25:00;Monday;Male;Junior high school;Employee;Above 10yr;Lorry (41?100Q);Organization;Unknown;unknown;Other;other;Tangent road with flat terrain;Y Shape;Asphalt roads;Dry;Darkness - lights lit;Normal;Vehicle with vehicle collision;2;1;Going straight;18-30;Not a Pedestrian;Driving under the influence of drugs;Slight Injury
23:20:00;Saturday;Male;Junior high school;Employee;2-5yr;Automobile;Governmental;2-5yrs;unknown;Other;other;Tangent road with flat terrain;Y Shape;Asphalt roads;Dry;Darkness - lights lit;Normal;Vehicle with vehicle collision;1;1;Going straight;18-30;Not a Pedestrian;No distancing;Serious Injury
16:00:00;Friday;Male;Junior high school;Employee;Below 1yr;Other;Owner;Unknown;No defect;Other;Undivided Two way;Tangent road with flat terrain;Y Shape;Asphalt roads;Dry;Daylight;Normal;Vehicle with vehicle collision;1;1;Getting off;Under 18;Not a Pedestrian;Overturning;Slight Injury
07:30:00;Sunday;Female;Junior high school;Employee;Below 1yr;unknown;Owner;Above 10yr;unknown;Other;other;Tangent road with flat terrain;Y Shape;Asphalt roads;Dry;Daylight;Normal;Vehicle with vehicle collision;1;1;Going straight;18-30;Not a Pedestrian;No distancing;Slight Injury
06:45:00;Friday;Male;Junior high school;Owner;5-10yr;Other;unknown;unknown;unknown;Residential areas;Undivided Two way;Tangent road with flat terrain;Y Shape;Asphalt roads;Dry;Darkness - lights lit;Normal;Vehicle with vehicle collision;2;1;Going straight;na;Not a Pedestrian;Changing lane to the right;Slight Injury
06:45:00;Friday;Male;Junior high school;Employee;2-5yr;Automobile;Owner;2-5yrs;No defect; Church areas;Undivided Two way;Tangent road with flat terrain;Y Shape;Earth roads;Dry;Darkness - lights lit;Normal;Vehicle with vehicle collision;2;1;Other;31-50;Not a Pedestrian;No priority to vehicle;Slight Injury
17:18:00;Tuesday;Male;Elementary school;Employee;Below 1yr;Pick up upto 10Q;Owner;2-5yrs;unknown;Office areas;Double carriageway (median);Tangent road with flat terrain;No junction;Asphalt roads;Dry;Darkness - lights lit;Normal;Vehicle with vehicle collision;2;1;Going straight;Over 51;Unknown or other;Changing lane to the right;Slight Injury
17:18:00;Tuesday;Male;Junior high school;Employee;2-5yr;Automobile;Owner;2-5yrs;unknown; Church areas;other;Tangent road with flat terrain;No junction;Asphalt roads;Dry;Darkness - lights lit;Normal;Vehicle with vehicle collision;2;1;Going straight;18-30;Not a Pedestrian;Changing lane to the left;Slight Injury
11:20:00;Sunday;Male;Junior high school;Employee;5-10yr;Public (12 seats);Owner;2-5yrs;unknown;Other;Two-way (divided with broken lines road marking);Tangent road with flat terrain;Y Shape;Asphalt roads;Dry;Daylight;Normal;Collision with roadside objects;1;1;Going straight;na;Not a Pedestrian;No distancing;Slight Injury
16:51:00;Thursday;Male;High school;Employee;Above 10yr;Automobile;Owner;unknown;unknown;unknown;other;Tangent road with flat terrain;Y Shape;Asphalt roads;Dry;Daylight;Normal;Vehicle with vehicle collision;2;1;Going straight;18-30;Not a Pedestrian;No priority to pedestrian;Slight Injury
16:51:00;Thursday;Male;High school;Employee;Above 10yr;Other;Owner;1-2yr;unknown;School areas;other;Steep grade downward with mountainous terrain;Y Shape;Asphalt roads;Dry;Daylight;Normal;Vehicle with vehicle collision;2;1;Going straight;18-30;Not a Pedestrian;Driving carelessly;Slight Injury
14:47:00;Tuesday;Male;Junior high school;Employee;5-10yr;Public (12 seats);Owner;5-10yrs;unknown;Office areas;Two-way (divided with broken lines road marking);Tangent road with mild grade and flat terrain;Y Shape;Asphalt roads;Dry;Daylight;Normal;Vehicle with vehicle collision;2;1;Reversing;31-50;Not a Pedestrian;No distancing;Slight Injury
14:47:00;Tuesday;Female;Elementary school;Employee;1-2yr;Stationwagen;Owner;Below 1yr;unknown;Other;other;Steep grade downward with mountainous terrain;Y Shape;Asphalt roads;Dry;Daylight;Normal;Vehicle with vehicle collision;2;1;Other;31-50;Not a Pedestrian;Driving carelessly;Slight Injury
14:45:00;Thursday;Male;Elementary school;Employee;5-10yr;Lorry (41?100Q);Owner;Unknown;unknown;Office areas;Undivided Two way;Tangent road with flat terrain;Y Shape;Asphalt roads;Dry;Daylight;Normal;Collision with pedestrians;2;1;Going straight;na;Not a Pedestrian;Driving carelessly;Slight Injury
14:45:00;Thursday;Male;Junior high school;Employee;5-10yr;Lorry (41?100Q);Owner;unknown;unknown;Other;Undivided Two way;Tangent road with flat terrain;Y Shape;Asphalt roads;Dry;Daylight;Normal;Vehicle with vehicle collision;2;1;Going straight;31-50;Not a Pedestrian;Moving Backward;Slight Injury
23:01:00;Wednesday;Female;Junior high school;Employee;1-2yr;Lorry (41?100Q);Owner;2-5yrs;unknown;Other;Two-way (divided with broken lines road marking);Tangent road with flat terrain;Crossing;Asphalt roads;Dry;Darkness - lights lit;Normal;Vehicle with vehicle collision;2;1;Going straight;na;Not a Pedestrian;Overtaking;Slight Injury
23:01:00;Wednesday;Male;Junior high school;Owner;5-10yr;Automobile;Owner;unknown;unknown;Office areas;Undivided Two way;Tangent road with flat terrain;Crossing;Asphalt roads;Dry;Darkness - lights lit;Normal;Vehicle with vehicle collision;2;1;Going straight;31-50;Not a Pedestrian;No priority to vehicle;Slight Injury
18:16:00;Wednesday;Male;High school;Owner;Above 10yr;Lorry (41?100Q);Owner;unknown;No defect;Other;Double carriageway (median);Tangent road with flat terrain;Crossing;Asphalt roads;Dry;Darkness - lights lit;Normal;Vehicle with vehicle collision;2;1;Going straight;18-30;Not a Pedestrian;No priority to vehicle;Serious Injury
18:16:00;Wednesday;Male;unknown;Owner;Below 1yr;unknown;Owner;unknown;unknown; Church areas;other;Tangent road with flat terrain;Crossing;Asphalt roads;Dry;Darkness - lights lit;Normal;Vehicle with vehicle collision;2;1;Going straight;18-30;Not a Pedestrian;Changing lane to the left;Serious Injury
07:25:00;Monday;Male;Writing & reading;Owner;5-10yr;Public (12 seats);Owner;unknown;No defect;Office areas;Two-way (divided with broken lines road marking);Tangent road with flat terrain;No junction;Asphalt roads;Dry;Daylight;Normal;Vehicle with vehicle collision;2;1;Going straight;Under 18;Unknown or other;No priority to vehicle;Slight Injury
07:25:00;Monday;Male;Above high school;Employee;Above 10yr;Automobile;Owner;Above 10yr;No defect;Office areas;Two-way (divided with broken lines road marking);Tangent road with flat terrain;No junction;Asphalt roads;Dry;Daylight;Normal;Collision with roadside objects;2;1;Going straight;18-30;Not a Pedestrian;No distancing;Slight Injury
16:55:00;Monday;Male;High school;Employee;Below 1yr;Stationwagen;Owner;2-5yrs;unknown;Other;Undivided Two way;Tangent road with mountainous terrain and;Y Shape;Earth roads;Wet or damp;Darkness - lights lit;Raining;Vehicle with vehicle collision;1;2;Going straight;na;Not a Pedestrian;Moving Backward;Serious Injury
16:55:00;Monday;Male;Junior high school;Employee;1-2yr;Automobile;Owner;2-5yrs;unknown;Residential areas;Undivided Two way;Tangent road with flat terrain;Y Shape;Asphalt roads;Wet or damp;Darkness - lights lit;Raining;Vehicle with vehicle collision;1;2;Moving Backward;na;Not a Pedestrian;Changing lane to the right;Serious Injury
19:39:00;Friday;Male;Junior high school;Employee;Above 10yr;Lorry (41?100Q);Owner;Unknown;No defect;Residential areas;Undivided Two way;Tangent road with flat terrain;Y Shape;unknown;Dry;Darkness - lights lit;Normal;Vehicle with vehicle collision;2;1;Moving Backward;Under 18;Not a Pedestrian;No distancing;Slight Injury
19:39:00;Friday;Male;Junior high school;Owner;Above 10yr;Other;Owner;5-10yrs;7;unknown;Two-way (divided with broken lines road marking);Tangent road with flat terrain;Y Shape;Asphalt roads;Dry;Darkness - lights lit;Normal;Vehicle with vehicle collision;2;1;Turnover;na;Not a Pedestrian;Overtaking;Slight Injury
02:05:00;Sunday;Female;Junior high school;Employee;Above 10yr;Pick up upto 10Q;Owner;Unknown;7;Other;other;Tangent road with flat terrain;Y Shape;Asphalt roads;Dry;Darkness - lights lit;Normal;Vehicle with vehicle collision;1;1;Other;31-50;Not a Pedestrian;No distancing;Slight Injury
11:45:00;Friday;Male;Junior high school;Employee;No Licence;unknown;Owner;Unknown;No defect;Office areas;unknown;Steep grade downward with mountainous terrain;Crossing;Asphalt roads;Dry;Daylight;Normal;Vehicle with vehicle collision;1;1;Other;18-30;Not a Pedestrian;Changing lane to the left;Slight Injury
17:53:00;Wednesday;Female;Junior high school;Employee;1-2yr;Lorry (41?100Q);Governmental;Unknown;No defect;School areas;Double carriageway (median);Tangent road with flat terrain;Y Shape;Asphalt roads;Dry;Darkness - lights lit;Normal;Vehicle with vehicle collision;1;1;Going straight;na;Not a Pedestrian;Driving under the influence of drugs;Slight Injury
16:40:00;Monday;Male;Illiterate;Owner;1-2yr;Automobile;Owner;Unknown;No defect;Other;Two-way (divided with broken lines road marking);Steep grade downward with mountainous terrain;No junction;Asphalt roads;Dry;Darkness - lights lit;Normal;Vehicle with vehicle collision;2;1;Going straight;18-30;Unknown or other;No distancing;Slight Injury
16:40:00;Monday;Male;Junior high school;Owner;Below 1yr;Public (13?45 seats);Owner;5-10yrs;No defect;Other;Two-way (divided with broken lines road marking);Tangent road with rolling terrain;No junction;Asphalt roads;Dry;Darkness - lights lit;Normal;Rollover;2;1;Other;Over 51;Unknown or other;No distancing;Slight Injury
12:10:00;Friday;Male;Junior high school;Owner;1-2yr;Automobile;Governmental;Unknown;No defect; Church areas;Two-way (divided with broken lines road marking);Tangent road with flat terrain;Y Shape;Asphalt roads;Dry;Daylight;Normal;Vehicle with vehicle collision;2;1;Other;Over 51;Unknown or other;Changing lane to the right;Slight Injury
12:10:00;Friday;Female;Junior high school;Owner;2-5yr;Lorry (41?100Q);unknown;unknown;unknown;Office areas;unknown;Tangent road with mild grade and flat terrain;Y Shape;Asphalt roads;Dry;Daylight;Normal;Vehicle with vehicle collision;2;1;Going straight;Under 18;Not a Pedestrian;Changing lane to the left;Slight Injury
12:03:00;Thursday;Male;Unknown;Owner;5-10yr;Public (12 seats);Owner;unknown;unknown;Other;Two-way (divided with broken lines road marking);Tangent road with mild grade and flat terrain;Crossing;Asphalt roads;Wet or damp;Daylight;Normal;Vehicle with vehicle collision;1;1;Reversing;18-30;Not a Pedestrian;Moving Backward;Serious Injury
23:25:00;Thursday;Male;Unknown;Owner;Above 10yr;Motorcycle;Governmental;unknown;No defect;Residential areas;Double carriageway (median);Tangent road with flat terrain;Unknown;Gravel roads;Dry;Darkness - lights lit;Normal;Collision with roadside objects;1;1;Other;18-30;Not a Pedestrian;No distancing;Slight Injury
08:38:00;Thursday;Male;Junior high school;Owner;2-5yr;Public (12 seats);Owner;unknown;unknown;Office areas;Two-way (divided with broken lines road marking);Tangent road with flat terrain;Y Shape;Asphalt roads;Dry;Daylight;Normal;Vehicle with vehicle collision;2;1;Turnover;Under 18;Not a Pedestrian;No distancing;Slight Injury
08:38:00;Thursday;Male;Elementary school;Owner;Above 10yr;Lorry (41?100Q);Owner;unknown;unknown;Office areas;Undivided Two way;Tangent road with flat terrain;Y Shape;Asphalt roads;Dry;Daylight;Normal;Vehicle with vehicle collision;2;1;Going straight;31-50;Not a Pedestrian;Driving carelessly;Slight Injury
08:57:00;Tuesday;Male;Writing & reading;Owner;5-10yr;Automobile;Owner;Below 1yr;unknown;Office areas;Two-way (divided with broken lines road marking);Tangent road with flat terrain;No junction;Asphalt roads;Dry;Daylight;Normal;Vehicle with vehicle collision;2;1;Going straight;na;Not a Pedestrian;Moving Backward;Slight Injury
08:57:00;Tuesday;Male;unknown;Owner;unknown;Lorry (41?100Q);Organization;1-2yr;unknown; Church areas;unknown;Tangent road with flat terrain;No junction;Asphalt roads;Dry;Daylight;Normal;Collision with roadside objects;2;1;Going straight;31-50;Not a Pedestrian;No distancing;Slight Injury
13:18:00;Thursday;Male;Junior high school;Owner;5-10yr;Stationwagen;Owner;unknown;unknown;Office areas;Two-way (divided with broken lines road marking);Tangent road with flat terrain;Y Shape;Asphalt roads;Dry;Daylight;Normal;Vehicle with vehicle collision;2;1;Going straight;18-30;Not a Pedestrian;Changing lane to the right;Slight Injury
13:18:00;Thursday;Male;Junior high school;Owner;Below 1yr;Pick up upto 10Q;Owner;1-2yr;unknown;Office areas;Two-way (divided with broken lines road marking);Tangent road with mild grade and flat terrain;Y Shape;Asphalt roads;Dry;Daylight;Normal;Vehicle with vehicle collision;2;1;Going straight;na;Not a Pedestrian;Driving carelessly;Slight Injury
08:30:00;Thursday;Male;Junior high school;Owner;2-5yr;Automobile;Owner;unknown;unknown;Office areas;Two-way (divided with broken lines road marking);Tangent road with mild grade and flat terrain;Y Shape;Asphalt roads;Dry;Daylight;Normal;Vehicle with vehicle collision;2;1;Going straight;Under 18;Unknown or other;Driving to the left;Slight Injury
08:30:00;Thursday;Male;Elementary school;Employee;2-5yr;Automobile;Owner;5-10yrs;No defect;Office areas;Two-way (divided with broken lines road marking);Tangent road with flat terrain;Y Shape;Asphalt roads;Dry;Daylight;Normal;Vehicle with vehicle collision;2;1;Going straight;na;Not a Pedestrian;Changing lane to the right;Slight Injury
18:46:00;Friday;Male;Junior high school;Employee;2-5yr;unknown;Owner;unknown;No defect;Other;Two-way (divided with broken lines road marking);Tangent road with flat terrain;Y Shape;Asphalt roads;Dry;Darkness - lights lit;Normal;Collision with roadside objects;2;1;Going straight;31-50;Not a Pedestrian;Driving carelessly;Slight Injury
18:46:00;Friday;Male;Junior high school;Employee;2-5yr;Other;Owner;unknown;No defect;Residential areas;Double carriageway (median);Tangent road with flat terrain;Y Shape;Asphalt roads;Dry;Darkness - lights lit;Normal;Vehicle with vehicle collision;2;1;Going straight;Over 51;Not a Pedestrian;Changing lane to the right;Slight Injury
22:31:00;Wednesday;Female;Junior high school;Employee;5-10yr;Automobile;Owner;unknown;No defect; Church areas;Undivided Two way;Tangent road with flat terrain;Crossing;Asphalt roads;Dry;Darkness - lights lit;Normal;Vehicle with vehicle collision;2;1;Other;Over 51;Not a Pedestrian;No priority to vehicle;Slight Injury
22:31:00;Wednesday;Male;Junior high school;Employee;5-10yr;Public (13?45 seats);Owner;unknown;No defect;Other;Two-way (divided with broken lines road marking);Tangent road with flat terrain;Crossing;Asphalt roads;Dry;Darkness - lights lit;Normal;Vehicle with vehicle collision;2;1;Going straight;Under 18;Not a Pedestrian;Changing lane to the right;Slight Injury