Time;Day_of_week;Sex_of_driver;Educational_level;Vehicle_driver_relation;Driving_experience;Type_of_vehicle;Owner_of_vehicle;Service_year_of_vehicle;Defect_of_vehicle;Area_accident_occured;Lanes_or_Medians;Road_allignment;Types_of_Junction;Road_surface_type;Road_surface_conditions;Light_conditions;Weather_conditions;Type_of_collision;Number_of_vehicles_involved;Number_of_casualties;Vehicle_movement;Age_band_of_casualty;Pedestrian_movement;Cause_of_accident;Accident_severity
10:25:00;Wednesday;Male;Junior high school;Employee;Above 10yr;Public (13?45 seats);Owner;unknown;No defect;  Recreational areas;Two-way (divided with broken lines road marking);Tangent road with flat terrain;Crossing;Asphalt roads;Dry;Daylight;Unknown;Vehicle with vehicle collision;2;1;Going straight;na;Not a Pedestrian;Turnover;Slight Injury
10:25:00;Wednesday;Male;Elementary school;Employee;5-10yr;Automobile;unknown;unknown;unknown;unknown;unknown;Tangent road with flat terrain;Crossing;Asphalt roads;Dry;Daylight;Unknown;Vehicle with vehicle collision;2;1;Moving Backward;31-50;Not a Pedestrian;No priority to vehicle;Slight Injury
08:50:00;Tuesday;Male;Junior high school;Employee;5-10yr;Public (12 seats);Owner;Unknown;No defect; Industrial areas;Undivided Two way;Tangent road with mild grade and flat terrain;Y Shape;Asphalt roads;Dry;Daylight;Normal;Collision with pedestrians;2;1;Going straight;31-50;Not a Pedestrian;Driving at high speed;Serious Injury
08:50:00;Tuesday;Male;Junior high school;Employee;Above 10yr;Public (12 seats);Owner;unknown;No defect;Other;Two-way (divided with broken lines road marking);Tangent road with flat terrain;Y Shape;Asphalt roads;Dry;Daylight;Normal;Vehicle with vehicle collision;2;1;Moving Backward;18-30;Not a Pedestrian;No distancing;Serious Injury
01:00:00;Friday;Male;Elementary school;Owner;unknown;Lorry (41?100Q);Owner;Unknown;unknown;Other;other;Tangent road with flat terrain;Y Shape;Asphalt roads;Wet or damp;Darkness - lights lit;Normal;Vehicle with vehicle collision;2;1;Other;31-50;Not a Pedestrian;No distancing;Slight Injury
01:00:00;Friday;Male;Junior high school;Owner;5-10yr;Automobile;Owner;5-10yrs;No defect; Church areas;other;Tangent road with flat terrain;Y Shape;Other;Wet or damp;Darkness - lights lit;Normal;Collision with roadside objects;2;1;Going straight;na;Not a Pedestrian;Driving carelessly;Slight Injury
17:25:00;Wednesday;Male;Junior high school;Employee;5-10yr;Pick up upto 10Q;Owner;5-10yrs;No defect; Church areas;Undivided Two way;Tangent road with flat terrain;Y Shape;Asphalt roads;Dry;Darkness - lights lit;Normal;Vehicle with vehicle collision;2;1;Reversing;31-50;Not a Pedestrian;Driving carelessly;Slight Injury
17:25:00;Wednesday;Male;Junior high school;Employee;Below 1yr;Pick up upto 10Q;Owner;unknown;No defect;Other;Two-way (divided with broken lines road marking);Tangent road with flat terrain;Y Shape;Asphalt roads;Dry;Darkness - lights lit;Normal;Vehicle with vehicle collision;2;1;Going straight;31-50;Not a Pedestrian;Moving Backward;Slight Injury
20:15:00;Saturday;Female;unknown;unknown;unknown;Lorry (41?100Q);Owner;unknown;No defect;Other;One way;Tangent road with flat terrain;Y Shape;Asphalt roads;Dry;Darkness - lights lit;Normal;Collision with pedestrians;2;1;Other;18-30;Not a Pedestrian;No distancing;Slight Injury
20:15:00;Saturday;Male;Junior high school;Employee;5-10yr;Automobile;Governmental;2-5yrs;unknown;  Recreational areas;Two-way (divided with broken lines road marking);Tangent road with flat terrain;Y Shape;Asphalt roads;Dry;Darkness - lights lit;Normal;Vehicle with vehicle collision;2;1;Other;na;Not a Pedestrian;Changing lane to the right;Slight Injury
07:58:00;Wednesday;Male;Junior high school;Employee;5-10yr;Stationwagen;Owner;2-5yrs;unknown;Other;Undivided Two way;Tangent road with flat terrain;Y Shape;Asphalt roads;Dry;Daylight;Normal;Vehicle with vehicle collision;2;1;Other;na;Not a Pedestrian;Overtaking;Slight Injury
07:58:00;Wednesday;Male;Junior high school;Employee;Above 10yr;Motorcycle;Owner;5-10yrs;unknown;Office areas;Undivided Two way;Tangent road with flat terrain;Y Shape;Asphalt roads;Dry;Daylight;Normal;Collision with pedestrians;2;1;Stopping;31-50;Not a Pedestrian;No distancing;Slight Injury
07:47:00;Wednesday;Male;High school;Employee;Above 10yr;unknown;Owner;5-10yrs;No defect; Church areas;Two-way (divided with broken lines road marking);Tangent road with flat terrain;Crossing;Asphalt roads;Dry;Daylight;Unknown;Collision with pedestrians;2;1;Other;Over 51;Not a Pedestrian;Overtaking;Serious Injury
07:47:00;Wednesday;Male;Junior high school;Employee;Above 10yr;Other;Owner;2-5yrs;unknown;Office areas;Two-way (divided with broken lines road marking);Tangent road with flat terrain;Crossing;Other;Dry;Daylight;Unknown;Collision with pedestrians;2;1;Other;na;Not a Pedestrian;Moving Backward;Serious Injury
07:25:00;Tuesday;Male;Junior high school;Employee;Above 10yr;Automobile;unknown;unknown;No defect;Office areas;Undivided Two way;Tangent road with mountainous terrain and;No junction;Asphalt roads;Dry;Daylight;Normal;Collision with roadside objects;3;1;Other;na;Not a Pedestrian;No distancing;Serious Injury
07:25:00;Tuesday;Male;Junior high school;Employee;Above 10yr;Automobile;Owner;2-5yrs;No defect;Other;Undivided Two way;Tangent road with flat terrain;No junction;Asphalt roads;Dry;Daylight;Normal;Vehicle with vehicle collision;3;1;Going straight;18-30;Not a Pedestrian;No distancing;Serious Injury
07:25:00;Tuesday;Male;Junior high school;Employee;Above 10yr;unknown;Governmental;unknown;unknown;Residential areas;Two-way (divided with broken lines road marking);Tangent road with flat terrain;No junction;Asphalt roads;Dry;Daylight;Normal;Vehicle with vehicle collision;3;1;Going straight;na;Not a Pedestrian;No priority to vehicle;Serious Injury
17:55:00;Tuesday;Male;Junior high school;Employee;5-10yr;Public (> 45 seats);Owner;2-5yrs;No defect;Office areas;Two-way (divided with broken lines road marking);Tangent road with mild grade and flat terrain;Crossing;Asphalt roads;Dry;Darkness - lights lit;Normal;Vehicle with vehicle collision;2;1;Going straight;31-50;Not a Pedestrian;No priority to vehicle;Slight Injury
17:55:00;Tuesday;Female;Junior high school;Employee;2-5yr;Automobile;Owner;2-5yrs;unknown;Residential areas;other;Tangent road with flat terrain;Crossing;Asphalt roads;Dry;Darkness - lights lit;Normal;Vehicle with vehicle collision;2;1;Going straight;na;Not a Pedestrian;Changing lane to the left;Slight Injury
01:00:00;Friday;Female;Junior high school;Employee;Below 1yr;Other;Owner;Unknown;No defect;Residential areas;Two-way (divided with broken lines road marking);Tangent road with flat terrain;Unknown;Asphalt roads;Dry;Darkness - lights lit;Normal;Vehicle with vehicle collision;1;1;Going straight;18-30;Not a Pedestrian;No distancing;Slight Injury
14:15:00;Thursday;Male;Junior high school;Employee;Below 1yr;Automobile;Owner;unknown;No defect;Other;Double carriageway (median);Tangent road with flat terrain;Crossing;Asphalt roads;Dry;Daylight;Normal;Vehicle with vehicle collision;1;1;Going straight;18-30;Not a Pedestrian;Driving under the influence of drugs;Slight Injury
06:14:00;Friday;Male;Junior high school;Employee;2-5yr;Other;Owner;unknown;No defect; Hospital areas;One way;Tangent road with flat terrain;Y Shape;Asphalt roads;Dry;Darkness - lights lit;Normal;Collision with pedestrians;2;1;Going straight;na;Not a Pedestrian;Changing lane to the left;Slight Injury
06:14:00;Friday;Female;Elementary school;Employee;Below 1yr;Lorry (41?100Q);Governmental;unknown;No defect;Other;Undivided Two way;Tangent road with flat terrain;Y Shape;unknown;Dry;Darkness - lights lit;Normal;Collision with roadside objects;2;1;Going straight;18-30;Not a Pedestrian;Changing lane to the right;Slight Injury
13:25:00;Thursday;Male;Junior high school;Employee;Below 1yr;Pick up upto 10Q;Owner;unknown;No defect;Other;Undivided Two way;Tangent road with flat terrain;Y Shape;Other;Dry;Daylight;Normal;Vehicle with vehicle collision;2;1;Going straight;na;Not a Pedestrian;Driving to the left;Slight Injury
13:25:00;Thursday;Male;Junior high school;Employee;unknown;Public (13?45 seats);Owner;unknown;No defect;  Recreational areas;One way;Tangent road with mild grade and flat terrain;Y Shape;Asphalt roads;Dry;Daylight;Normal;Vehicle with vehicle collision;2;1;Going straight;31-50;Not a Pedestrian;Driving at high speed;Slight Injury
15:10:00;Thursday;Male;unknown;Employee;5-10yr;Automobile;Owner;unknown;No defect;Other;Undivided Two way;Tangent road with flat terrain;Crossing;Asphalt roads;Dry;Daylight;Normal;Vehicle with vehicle collision;1;1;Going straight;na;Not a Pedestrian;Overtaking;Slight Injury
10:36:00;Tuesday;Male;Writing & reading;Employee;Below 1yr;Pick up upto 10Q;Owner;unknown;No defect;Other;Undivided Two way;Tangent road with flat terrain;No junction;Asphalt roads;Dry;Daylight;Normal;Vehicle with vehicle collision;1;2;Reversing;18-30;Not a Pedestrian;Changing lane to the right;Serious Injury
10:36:00;Tuesday;Male;Junior high school;Employee;Below 1yr;Automobile;Owner;unknown;No defect;Other;Undivided Two way;Tangent road with flat terrain;No junction;Asphalt roads;Dry;Daylight;Normal;With Train;1;2;Going straight;31-50;Not a Pedestrian;Changing lane to the right;Serious Injury
13:53:00;Saturday;Male;Junior high school;Employee;1-2yr;Lorry (41?100Q);Owner;Below 1yr;No defect;Office areas;Two-way (divided with broken lines road marking);Tangent road with flat terrain;Y Shape;Asphalt roads with some distress;Dry;Daylight;Normal;Vehicle with vehicle collision;1;1;Other;na;Not a Pedestrian;Moving Backward;Slight Injury
13:23:00;Monday;Male;Elementary school;Employee;Above 10yr;Automobile;Owner;2-5yrs;No defect;Other;Two-way (divided with broken lines road marking);Tangent road with mild grade and flat terrain;Y Shape;unknown;Dry;Daylight;Normal;Vehicle with vehicle collision;2;1;unknown;31-50;Not a Pedestrian;Moving Backward;Slight Injury
13:23:00;Monday;Male;Elementary school;Employee;Above 10yr;Lorry (41?100Q);Owner;unknown;No defect;Residential areas;Two-way (divided with broken lines road marking);Tangent road with flat terrain;Y Shape;Asphalt roads;Dry;Daylight;Normal;Vehicle with vehicle collision;2;1;Getting off;Under 18;Not a Pedestrian;Changing lane to the left;Slight Injury
12:45:00;Saturday;Male;Elementary school;Employee;Below 1yr;Lorry (41?100Q);Owner;5-10yrs;No defect;Other;Undivided Two way;Tangent road with flat terrain;Crossing;Asphalt roads;Dry;Daylight;Normal;Vehicle with vehicle collision;1;2;Going straight;Under 18;Not a Pedestrian;Moving Backward;Slight Injury
12:45:00;Saturday;Male;High school;Employee;2-5yr;Lorry (41?100Q);Owner;Unknown;No defect;Other;Undivided Two way;Tangent road with flat terrain;Crossing;Asphalt roads;Dry;Daylight;Normal;Vehicle with vehicle collision;1;2;Going straight;na;Not a Pedestrian;No distancing;Slight Injury
09:30:00;Friday;Male;Junior high school;Employee;2-5yr;Public (13?45 seats);Owner;unknown;unknown; Church areas;Undivided Two way;Tangent road with flat terrain;Unknown;Asphalt roads;Dry;Daylight;Normal;Vehicle with vehicle collision;2;1;Going straight;Under 18;Not a Pedestrian;Moving Backward;Slight Injury
09:30:00;Friday;Male;Above high school;Employee;Above 10yr;Automobile;Owner;1-2yr;5;Office areas;Undivided Two way;Tangent road with flat terrain;Unknown;Earth roads;Dry;Daylight;Normal;Vehicle with vehicle collision;2;1;Going straight;Over 51;Not a Pedestrian;Changing lane to the right;Slight Injury
17:57:00;Tuesday;Female;Junior high school;Employee;2-5yr;Other;Owner;Above 10yr;No defect;School areas;other;Tangent road with flat terrain;Y Shape;Asphalt roads;Wet or damp;Darkness - lights lit;Normal;Vehicle with vehicle collision;1;1;Turnover;18-30;Not a Pedestrian;Changing lane to the left;Slight Injury
08:40:00;Tuesday;Female;Junior high school;Employee;2-5yr;Other;Owner;2-5yrs;No defect;Other;Undivided Two way;Tangent road with flat terrain;Y Shape;Asphalt roads;Dry;Daylight;Normal;Vehicle with vehicle collision;1;1;Entering a junction;na;Not a Pedestrian;No priority to vehicle;Slight Injury
15:50:00;Tuesday;Female;High school;Employee;1-2yr;Other;Owner;1-2yr;No defect;Office areas;Undivided Two way;Tangent road with flat terrain;Y Shape;Asphalt roads;Dry;Daylight;Normal;Collision with pedestrians;1;1;Entering a junction;31-50;Not a Pedestrian;No distancing;Slight Injury
23:05:00;Thursday;Male;Junior high school;Employee;5-10yr;Automobile;Owner;1-2yr;No defect;Residential areas;other;Steep grade downward with mountainous terrain;Y Shape;Asphalt roads;Dry;Darkness - lights lit;Normal;Collision with roadside objects;1;1;Entering a junction;na;Not a Pedestrian;No priority to vehicle;Slight Injury
22:22:00;Saturday;Male;Junior high school;Employee;Below 1yr;Other;Owner;1-2yr;No defect; Industrial areas;One way;Tangent road with flat terrain;Crossing;Asphalt roads;Dry;Darkness - lights lit;Normal;Collision with roadside objects;1;1;Entering a junction;Over 51;Not a Pedestrian;Driving under the influence of drugs;Slight Injury
19:50:00;Wednesday;Male;Junior high school;Employee;Below 1yr;Lorry (41?100Q);Owner;2-5yrs;No defect;Other;Undivided Two way;Tangent road with flat terrain;Unknown;Asphalt roads;Dry;Darkness - lights lit;Normal;Vehicle with vehicle collision;2;1;Other;na;Not a Pedestrian;Changing lane to the right;Slight Injury
19:50:00;Wednesday;Male;Elementary school;Employee;unknown;Public (12 seats);Owner;1-2yr;No defect;Residential areas;Undivided Two way;Tangent road with flat terrain;Unknown;Asphalt roads;Dry;Darkness - lights lit;Normal;Vehicle with vehicle collision;2;1;Entering a junction;31-50;Not a Pedestrian;No distancing;Slight Injury
21:35:00;Saturday;Male;Junior high school;Employee;Below 1yr;Lorry (41?100Q);Owner;1-2yr;No defect;  Recreational areas;Two-way (divided with broken lines road marking);Tangent road with flat terrain;Y Shape;Asphalt roads;Wet or damp;Darkness - lights lit;Raining;Vehicle with vehicle collision;1;1;Turnover;31-50;Not a Pedestrian;No distancing;Slight Injury
17:25:00;Thursday;Female;Junior high school;Employee;1-2yr;Public (12 seats);Owner;Unknown;7;Office areas;other;Tangent road with flat terrain;Crossing;Asphalt roads;Dry;Daylight;Normal;Vehicle with vehicle collision;1;1;Entering a junction;18-30;Not a Pedestrian;Changing lane to the left;Serious Injury
11:45:00;Saturday;Male;Elementary school;Employee;2-5yr;Lorry (41?100Q);Owner;unknown;No defect; Outside rural areas;Two-way (divided with broken lines road marking);Tangent road with flat terrain;Y Shape;Asphalt roads;Dry;Daylight;Unknown;Vehicle with vehicle collision;2;1;Entering a junction;Under 18;Not a Pedestrian;Changing lane to the right;Slight Injury
11:45:00;Saturday;Male;High school;Employee;1-2yr;Other;Owner;1-2yr;No defect; Outside rural areas;Two-way (divided with broken lines road marking);Tangent road with flat terrain;Y Shape;Asphalt roads;Dry;Daylight;Unknown;Collision with roadside objects;2;1;Entering a junction;Under 18;Not a Pedestrian;Changing lane to the right;Slight Injury
08:40:00;Tuesday;Male;Junior high school;Employee;5-10yr;Lorry (41?100Q);Owner;1-2yr;No defect; Outside rural areas;Undivided Two way;Tangent road with flat terrain;Y Shape;Gravel roads;Dry;Daylight;Normal;Vehicle with vehicle collision;2;1;Entering a junction;Under 18;Unknown or other;Driving under the influence of drugs;Slight Injury
08:40:00;Tuesday;Male;Junior high school;Employee;Below 1yr;unknown;Governmental;Below 1yr;No defect; Outside rural areas;Undivided Two way;Tangent road with flat terrain;Y Shape;Asphalt roads;Dry;Daylight;Normal;Vehicle with vehicle collision;2;1;Entering a junction;Under 18;Crossing from driver's nearside;Moving Backward;Slight Injury
10:00:00;Tuesday;Male;High school;Employee;Above 10yr;Public (> 45 seats);Owner;unknown;No defect; Outside rural areas;other;Steep grade downward with mountainous terrain;No junction;Asphalt roads;Dry;Daylight;Normal;Vehicle with vehicle collision;2;1;Other;18-30;Not a Pedestrian;Changing lane to the left;Slight Injury
10:00:00;Tuesday;Male;Elementary school;Owner;5-10yr;Lorry (41?100Q);Owner;unknown;No defect;School areas;other;Steep grade downward with mountainous terrain;No junction;Asphalt roads;Dry;Daylight;Normal;Vehicle with vehicle collision;2;1;Going straight;na;Not a Pedestrian;No priority to pedestrian;Slight Injury
19:07:00;Thursday;Male;Elementary school;Employee;Below 1yr;Other;Owner;Above 10yr;No defect; Outside rural areas;Two-way (divided with broken lines road marking);Tangent road with flat terrain;Crossing;Asphalt roads;Dry;Darkness - lights lit;Normal;Vehicle with vehicle collision;2;1;Going straight;31-50;Not a Pedestrian;No distancing;Slight Injury
19:07:00;Thursday;Male;Junior high school;Employee;5-10yr;Other;Owner;unknown;No defect; Outside rural areas;Undivided Two way;Tangent road with flat terrain;Crossing;Asphalt roads;Dry;Darkness - lights lit;Normal;Vehicle with vehicle collision;2;1;Other;31-50;Not a Pedestrian;No distancing;Slight Injury
11:20:00;Friday;Male;Elementary school;Owner;5-10yr;Automobile;Owner;unknown;No defect; Outside rural areas;Two-way (divided with broken lines road marking);Escarpments;Y Shape;Asphalt roads;Dry;Daylight;Normal;Collision with pedestrians;2;1;Going straight;na;Not a Pedestrian;Changing lane to the left;Slight Injury
11:20:00;Friday;Unknown;Junior high school;Employee;2-5yr;Lorry (41?100Q);Owner;2-5yrs;No defect; Outside rural areas;Two-way (divided with broken lines road marking);Tangent road with mountainous terrain and;Y Shape;Asphalt roads;Dry;Daylight;Normal;Collision with pedestrians;2;1;Going straight;31-50;Not a Pedestrian;Changing lane to the right;Slight Injury
11:00:00;Wednesday;Male;Junior high school;Employee;Above 10yr;Pick up upto 10Q;Owner;2-5yrs;No defect;Office areas;Undivided Two way;Tangent road with mountainous terrain and;Y Shape;Asphalt roads;Dry;Daylight;Normal;Collision with roadside objects;1;1;Going straight;Under 18;Crossing from nearside - masked by parked or statioNot a Pedestrianry vehicle;Driving carelessly;Slight Injury
05:35:00;Monday;Male;Junior high school;Employee;5-10yr;Automobile;Owner;2-5yrs;No defect; Outside rural areas;Undivided Two way;Tangent road with mountainous terrain and;No junction;Asphalt roads;Wet or damp;Daylight;Raining;Collision with pedestrians;1;1;Going straight;na;Not a Pedestrian;No distancing;Slight Injury
17:46:00;Tuesday;Male;High school;Employee;1-2yr;unknown;Owner;unknown;No defect; Outside rural areas;Undivided Two way;Tangent road with mountainous terrain and;Y Shape;Asphalt roads;Dry;Daylight;Normal;Vehicle with vehicle collision;2;1;Going straight;31-50;Not a Pedestrian;Changing lane to the left;Slight Injury
17:46:00;Tuesday;Male;Elementary school;Employee;5-10yr;Other;Owner;2-5yrs;No defect; Outside rural areas;Undivided Two way;Tangent road with flat terrain;Y Shape;Asphalt roads;Dry;Daylight;Normal;Vehicle with vehicle collision;2;1;Reversing;na;Not a Pedestrian;Moving Backward;Slight Injury
07:00:00;Saturday;Male;Elementary school;Employee;2-5yr;Automobile;Owner;unknown;No defect;Office areas;Undivided Two way;Tangent road with flat terrain;Y Shape;Asphalt roads;Dry;Daylight;Normal;Vehicle with vehicle collision;2;1;Moving Backward;Under 18;Not a Pedestrian;No distancing;Slight Injury
07:00:00;Saturday;Female;Junior high school;Employee;Below 1yr;Stationwagen;Owner;unknown;No defect;  Recreational areas;Undivided Two way;Tangent road with flat terrain;Y Shape;Asphalt roads;Dry;Daylight;Normal;Collision with roadside objects;2;1;Overtaking;18-30;Unknown or other;No priority to pedestrian;Slight Injury
15:00:00;Thursday;Male;Junior high school;Employee;Below 1yr;Other;Owner;Above 10yr;No defect;Office areas;Undivided Two way;Tangent road with flat terrain;Y Shape;Asphalt roads;Dry;Daylight;Normal;Collision with roadside objects;2;1;Going straight;na;Not a Pedestrian;Changing lane to the left;Slight Injury
15:00:00;Thursday;Female;Junior high school;Employee;5-10yr;unknown;Owner;2-5yrs;No defect;Other;Two-way (divided with broken lines road marking);Tangent road with mild grade and flat terrain;Y Shape;Asphalt roads;Dry;Daylight;Normal;Vehicle with vehicle collision;2;1;Going straight;na;Not a Pedestrian;No distancing;Slight Injury
08:30:00;Monday;Unknown;Junior high school;Owner;5-10yr;Ridden horse;Owner;Above 10yr;No defect;Residential areas;Two-way (divided with broken lines road marking);Tangent road with flat terrain;Y Shape;Asphalt roads;Dry;Daylight;Normal;Vehicle with vehicle collision;1;1;Going straight;31-50;Not a Pedestrian;Driving carelessly;Slight Injury
08:22:00;Thursday;Unknown;Elementary school;Employee;1-2yr;unknown;Owner;Above 10yr;No defect;Residential areas;other;Tangent road with flat terrain;No junction;Asphalt roads;Dry;Daylight;Normal;Vehicle with vehicle collision;1;2;Going straight;na;Not a Pedestrian;No priority to vehicle;Slight Injury
08:22:00;Thursday;Male;Junior high school;Employee;unknown;Other;Owner;unknown;No defect;Residential areas;Undivided Two way;Tangent road with flat terrain;No junction;Asphalt roads;Dry;Daylight;Normal;Vehicle with vehicle collision;1;2;Going straight;31-50;Not a Pedestrian;Changing lane to the right;Slight Injury
17:30:00;Tuesday;Male;Elementary school;Employee;Above 10yr;Lorry (41?100Q);Owner;Above 10yr;No defect;Other;Undivided Two way;Tangent road with flat terrain;Y Shape;Asphalt roads;Dry;Daylight;Normal;Vehicle with vehicle collision;2;1;Going straight;na;Not a Pedestrian;Moving Backward;Slight Injury
17:30:00;Tuesday;Male;Junior high school;Owner;1-2yr;Lorry (41?100Q);Owner;unknown;No defect;Office areas;Two-way (divided with broken lines road marking);Tangent road with flat terrain;Y Shape;Asphalt roads;Dry;Daylight;Normal;Vehicle with vehicle collision;2;1;Going straight;18-30;Not a Pedestrian;No priority to vehicle;Slight Injury
13:23:00;Tuesday;Male;unknown;unknown;unknown;Lorry (41?100Q);Owner;unknown;unknown;Other;Two-way (divided with broken lines road marking);Tangent road with flat terrain;Y Shape;Asphalt roads;Dry;Daylight;Normal;Vehicle with vehicle collision;1;1;Reversing;na;Not a Pedestrian;No priority to pedestrian;Slight Injury
02:20:00;Friday;Male;Junior high school;Employee;Above 10yr;Stationwagen;Owner;Above 10yr;unknown;Other;other;Tangent road with flat terrain;No junction;Other;Dry;Darkness - lights lit;Normal;Vehicle with vehicle collision;1;1;Going straight;31-50;Not a Pedestrian;Changing lane to the left;Serious Injury
06:11:00;Sunday;Male;Elementary school;Owner;2-5yr;Lorry (41?100Q);Owner;5-10yrs;unknown;Office areas;Two-way (divided with broken lines road marking);Tangent road with flat terrain;Y Shape;unknown;Dry;Daylight;Normal;Vehicle with vehicle collision;2;2;Going straight;Under 18;Not a Pedestrian;Changing lane to the left;Slight Injury
06:11:00;Sunday;Male;Junior high school;Employee;5-10yr;Automobile;Owner;Below 1yr;unknown; Church areas;other;Tangent road with flat terrain;Y Shape;Asphalt roads;Dry;Daylight;Normal;Collision with roadside objects;2;2;Other;31-50;Not a Pedestrian;Driving under the influence of drugs;Slight Injury
11:45:00;Sunday;Male;Junior high school;Employee;Below 1yr;Automobile;Owner;Unknown;No defect;Other;Two-way (divided with broken lines road marking);Tangent road with flat terrain;No junction;Asphalt roads;Wet or damp;Daylight;Windy;Collision with roadside objects;1;1;Entering a junction;18-30;Not a Pedestrian;Moving Backward;Slight Injury
09:00:00;Thursday;Male;Junior high school;Employee;5-10yr;Pick up upto 10Q;Owner;unknown;unknown;Other;One way;Tangent road with flat terrain;Y Shape;Asphalt roads;Dry;Daylight;Normal;Collision with pedestrians;2;1;Turnover;31-50;Not a Pedestrian;Changing lane to the right;Slight Injury
09:00:00;Thursday;Female;High school;Employee;Above 10yr;Taxi;Owner;unknown;unknown;Office areas;Double carriageway (median);Tangent road with flat terrain;Y Shape;Asphalt roads;Dry;Daylight;Normal;Vehicle with vehicle collision;2;1;Going straight;31-50;Not a Pedestrian;Changing lane to the right;Slight Injury
23:00:00;Thursday;Male;Junior high school;Employee;5-10yr;unknown;Owner;unknown;unknown;Office areas;One way;Tangent road with mild grade and flat terrain;Y Shape;Asphalt roads;Dry;Darkness - lights lit;Normal;Vehicle with vehicle collision;2;1;Going straight;31-50;Not a Pedestrian;No distancing;Slight Injury
23:00:00;Thursday;Male;Elementary school;Employee;1-2yr;Automobile;Owner;unknown;unknown;Office areas;Undivided Two way;Tangent road with flat terrain;Y Shape;Asphalt roads;Dry;Darkness - lights lit;Normal;Vehicle with vehicle collision;2;1;Going straight;18-30;Not a Pedestrian;Moving Backward;Slight Injury
09:48:00;Thursday;Male;Junior high school;Employee;unknown;unknown;Owner;unknown;No defect;Office areas;Double carriageway (median);Tangent road with flat terrain;Y Shape;Asphalt roads;Wet or damp;Daylight;Normal;Vehicle with vehicle collision;2;1;Going straight;Under 18;Not a Pedestrian;No distancing;Slight Injury
09:48:00;Thursday;Male;Elementary school;Employee;1-2yr;Long lorry;Owner;Unknown;unknown;unknown;Two-way (divided with broken lines road marking);Tangent road with flat terrain;Y Shape;Asphalt roads;Wet or damp;Daylight;Normal;Vehicle with vehicle collision;2;1;Going straight;18-30;Not a Pedestrian;Driving carelessly;Slight Injury
09:07:00;Thursday;Male;Junior high school;Owner;1-2yr;Public (12 seats);Owner;Below 1yr;unknown;Office areas;Undivided Two way;Tangent road with flat terrain;Y Shape;Asphalt roads;Wet or damp;Daylight;Raining;Vehicle with vehicle collision;1;1;Going straight;na;Not a Pedestrian;No priority to pedestrian;Slight Injury
09:10:00;Tuesday;Male;Above high school;Owner;1-2yr;Pick up upto 10Q;Owner;Unknown;unknown;Other;unknown;Tangent road with flat terrain;Crossing;Asphalt roads;Dry;Daylight;Normal;Vehicle with vehicle collision;2;1;Going straight;31-50;Not a Pedestrian;No priority to vehicle;Slight Injury
09:10:00;Tuesday;Female;Junior high school;Owner;5-10yr;unknown;Owner;unknown;unknown;Other;Double carriageway (median);Tangent road with flat terrain;Crossing;Asphalt roads;Dry;Daylight;Normal;Vehicle with vehicle collision;2;1;Going straight;na;Not a Pedestrian;Moving Backward;Slight Injury
06:00:00;Saturday;Male;Junior high school;Employee;5-10yr;Other;Governmental;Unknown;unknown;Other;Two-way (divided with broken lines road marking);Tangent road with flat terrain;Crossing;Asphalt roads;Dry;Daylight;Normal;Vehicle with vehicle collision;2;1;Getting off;Over 51;Not a Pedestrian;Changing lane to the right;Slight Injury
06:00:00;Saturday;Female;Elementary school;Employee;5-10yr;Lorry (41?100Q);Owner;unknown;unknown;Office areas;unknown;Tangent road with flat terrain;Crossing;Other;Dry;Daylight;Normal;Collision with pedestrians;2;1;Getting off;Over 51;Not a Pedestrian;No distancing;Slight Injury
13:58:00;Friday;Male;High school;Owner;Below 1yr;Automobile;Owner;unknown;unknown;Office areas;unknown;Tangent road with flat terrain;Y Shape;Asphalt roads;Dry;Daylight;Normal;Collision with pedestrians;2;1;Getting off;Under 18;Not a Pedestrian;Driving carelessly;Slight Injury
13:58:00;Friday;Male;Junior high school;Employee;Above 10yr;Pick up upto 10Q;Owner;unknown;unknown;Office areas;Two-way (divided with broken lines road marking);Tangent road with flat terrain;Y Shape;Asphalt roads;Dry;Daylight;Normal;Vehicle with vehicle collision;2;1;Moving Backward;Under 18;Not a Pedestrian;Changing lane to the left;Slight Injury
10:04:00;Thursday;Male;Junior high school;Employee;5-10yr;Lorry (41?100Q);Governmental;unknown;No defect;Office areas;Two-way (divided with broken lines road marking);Tangent road with flat terrain;Y Shape;Asphalt roads;Dry;Daylight;Normal;Vehicle with vehicle collision;2;1;Going straight;Under 18;Unknown or other;Moving Backward;Serious Injury
10:04:00;Thursday;Male;Junior high school;Employee;Below 1yr;Lorry (41?100Q);Owner;2-5yrs;unknown; Church areas;Undivided Two way;Tangent road with flat terrain;Y Shape;Asphalt roads;Dry;Daylight;Normal;Vehicle with vehicle collision;2;1;Going straight;18-30;Not a Pedestrian;No distancing;Serious Injury
15:30:00;Thursday;Female;Junior high school;Employee;Above 10yr;Long lorry;Governmental;unknown;unknown;Office areas;Two-way (divided with broken lines road marking);Tangent road with flat terrain;Y Shape;Asphalt roads;Dry;Daylight;Normal;Vehicle with vehicle collision;1;1;Waiting to go;18-30;Not a Pedestrian;Moving Backward;Slight Injury
09:40:00;Tuesday;Male;Junior high school;Employee;5-10yr;Public (> 45 seats);Governmental;Unknown;unknown;Residential areas;Two-way (divided with broken lines road marking);Tangent road with flat terrain;Y Shape;Asphalt roads;Dry;Daylight;Normal;Vehicle with vehicle collision;2;1;Going straight;31-50;Not a Pedestrian;Overtaking;Slight Injury