Time;Day_of_week;Sex_of_driver;Educational_level;Vehicle_driver_relation;Driving_experience;Type_of_vehicle;Owner_of_vehicle;Service_year_of_vehicle;Defect_of_vehicle;Area_accident_occured;Lanes_or_Medians;Road_allignment;Types_of_Junction;Road_surface_type;Road_surface_conditions;Light_conditions;Weather_conditions;Type_of_collision;Number_of_vehicles_involved;Number_of_casualties;Vehicle_movement;Age_band_of_casualty;Pedestrian_movement;Cause_of_accident;Accident_severity
09:40:00;Tuesday;Male;Junior high school;Owner;Above 10yr;Public (> 45 seats);Owner;unknown;unknown;School areas;Two-way (divided with broken lines road marking);Tangent road with flat terrain;Y Shape;Asphalt roads;Dry;Daylight;Normal;Vehicle with vehicle collision;2;1;Other;18-30;Not a Pedestrian;Changing lane to the left;Slight Injury
17:56:00;Wednesday;Male;Junior high school;Employee;5-10yr;Automobile;Owner;Unknown;unknown;Office areas;Undivided Two way;Tangent road with flat terrain;Y Shape;Asphalt roads;Dry;Daylight;Normal;Vehicle with vehicle collision;2;1;Going straight;na;Not a Pedestrian;Changing lane to the right;Slight Injury
17:56:00;Wednesday;Male;Junior high school;Employee;1-2yr;Automobile;Owner;5-10yrs;unknown;Other;Undivided Two way;Tangent road with flat terrain;Y Shape;Asphalt roads;Dry;Daylight;Normal;Vehicle with vehicle collision;2;1;Going straight;31-50;Not a Pedestrian;Overtaking;Slight Injury
18:42:00;Thursday;Male;Junior high school;Employee;1-2yr;Automobile;Owner;unknown;unknown;Other;Double carriageway (median);Tangent road with flat terrain;Y Shape;Other;Dry;Daylight;Normal;Vehicle with vehicle collision;2;1;Going straight;18-30;Not a Pedestrian;Overloading;Serious Injury
18:42:00;Thursday;Male;Junior high school;Employee;1-2yr;Other;Governmental;unknown;No defect;Other;Double carriageway (median);Tangent road with flat terrain;Y Shape;Asphalt roads;Dry;Daylight;Normal;Vehicle with vehicle collision;2;1;Going straight;na;Not a Pedestrian;Other;Serious Injury
09:00:00;Wednesday;Male;High school;Employee;2-5yr;Public (12 seats);Owner;5-10yrs;No defect;Other;Two-way (divided with broken lines road marking);Tangent road with flat terrain;Y Shape;Asphalt roads;Dry;Daylight;Normal;Vehicle with vehicle collision;2;1;Overtaking;18-30;Not a Pedestrian;No priority to vehicle;Slight Injury
09:00:00;Wednesday;Male;High school;Owner;Above 10yr;Automobile;Owner;Unknown;No defect;Office areas;Double carriageway (median);Tangent road with mild grade and flat terrain;Y Shape;unknown;Dry;Daylight;Normal;Vehicle with vehicle collision;2;1;Going straight;18-30;Unknown or other;Changing lane to the right;Slight Injury
08:55:00;Wednesday;Male;Elementary school;Employee;2-5yr;Stationwagen;Owner;unknown;unknown;Office areas;Two-way (divided with broken lines road marking);Tangent road with flat terrain;Y Shape;Asphalt roads;Dry;Daylight;Normal;Vehicle with vehicle collision;2;1;Going straight;na;Not a Pedestrian;Moving Backward;Slight Injury
08:55:00;Wednesday;Male;Junior high school;Employee;Above 10yr;Automobile;Owner;unknown;unknown;Office areas;unknown;Tangent road with mild grade and flat terrain;Y Shape;Asphalt roads;Dry;Daylight;Normal;Vehicle with vehicle collision;2;1;Going straight;31-50;Not a Pedestrian;Changing lane to the left;Slight Injury
18:35:00;Wednesday;Male;High school;Employee;2-5yr;Automobile;Owner;unknown;unknown;Office areas;unknown;Tangent road with mild grade and flat terrain;Y Shape;Asphalt roads;Dry;Daylight;Normal;Vehicle with vehicle collision;2;1;Turnover;na;Not a Pedestrian;No priority to pedestrian;Slight Injury
18:35:00;Wednesday;Male;Junior high school;Other;No Licence;Automobile;Owner;unknown;unknown;Office areas;One way;Tangent road with flat terrain;Y Shape;Earth roads;Dry;Daylight;Normal;Vehicle with vehicle collision;2;1;Going straight;na;Not a Pedestrian;No distancing;Slight Injury
21:15:00;Monday;Male;Junior high school;Employee;1-2yr;unknown;unknown;unknown;unknown;Office areas;Two-way (divided with broken lines road marking);Tangent road with flat terrain;Y Shape;Asphalt roads;Dry;Darkness - lights lit;Normal;Vehicle with vehicle collision;1;1;Going straight;18-30;Not a Pedestrian;No priority to vehicle;Slight Injury
22:15:00;Thursday;Male;Junior high school;Owner;5-10yr;unknown;Owner;unknown;unknown;Office areas;unknown;Tangent road with flat terrain;Y Shape;Asphalt roads;Dry;Darkness - lights lit;Normal;Vehicle with vehicle collision;1;1;Getting off;18-30;Not a Pedestrian;No distancing;Slight Injury
18:07:00;Tuesday;Male;Junior high school;Employee;1-2yr;Pick up upto 10Q;Owner;5-10yrs;unknown;Other;Undivided Two way;Tangent road with flat terrain;No junction;Asphalt roads;Dry;Daylight;Normal;Vehicle with vehicle collision;2;1;Moving Backward;31-50;Not a Pedestrian;No distancing;Slight Injury
18:07:00;Tuesday;Male;Junior high school;Employee;Above 10yr;Turbo;Owner;unknown;No defect;Other;Two-way (divided with broken lines road marking);Tangent road with flat terrain;No junction;Asphalt roads;Dry;Daylight;Normal;Vehicle with vehicle collision;2;1;Getting off;31-50;Not a Pedestrian;Moving Backward;Slight Injury
13:45:00;Wednesday;Male;Junior high school;Employee;1-2yr;Pick up upto 10Q;unknown;2-5yrs;No defect;Residential areas;Two-way (divided with broken lines road marking);Tangent road with flat terrain;Y Shape;Asphalt roads;Dry;Daylight;Unknown;Vehicle with vehicle collision;2;1;Overtaking;31-50;Not a Pedestrian;Changing lane to the right;Slight Injury
13:45:00;Wednesday;Male;Junior high school;Employee;1-2yr;Other;Owner;unknown;No defect;Other;Two-way (divided with broken lines road marking);Tangent road with flat terrain;Y Shape;Asphalt roads;Dry;Daylight;Unknown;Collision with roadside objects;2;1;Going straight;na;Not a Pedestrian;No priority to pedestrian;Slight Injury
16:24:00;Wednesday;Male;Junior high school;Employee;2-5yr;Stationwagen;Owner;5-10yrs;No defect;Other;Two-way (divided with broken lines road marking);Tangent road with flat terrain;Y Shape;Asphalt roads;Dry;Daylight;Normal;Collision with roadside objects;1;1;Going straight;na;Not a Pedestrian;Moving Backward;Slight Injury
22:20:00;Friday;Male;High school;Employee;1-2yr;Pick up upto 10Q;Governmental;unknown;No defect;Other;Two-way (divided with broken lines road marking);Tangent road with flat terrain;No junction;Asphalt roads;Dry;Darkness - lights lit;Normal;Vehicle with vehicle collision;1;1;Going straight;31-50;Not a Pedestrian;Getting off the vehicle improperly;Slight Injury
10:38:00;Wednesday;Male;Junior high school;Employee;1-2yr;Lorry (41?100Q);Owner;5-10yrs;unknown;Other;Undivided Two way;Tangent road with flat terrain;No junction;Asphalt roads;Dry;Daylight;Normal;Vehicle with vehicle collision;3;3;Reversing;Under 18;Not a Pedestrian;Overtaking;Slight Injury
10:38:00;Wednesday;Male;Elementary school;Employee;Above 10yr;Lorry (41?100Q);Owner;unknown;unknown; Industrial areas;Undivided Two way;Tangent road with flat terrain;No junction;Asphalt roads;Dry;Daylight;Normal;Vehicle with vehicle collision;3;3;Getting off;na;Not a Pedestrian;Overloading;Slight Injury
10:38:00;Wednesday;Male;Junior high school;Employee;Above 10yr;Automobile;Owner;5-10yrs;unknown; Industrial areas;Undivided Two way;Tangent road with flat terrain;No junction;Asphalt roads;Dry;Daylight;Normal;Vehicle with vehicle collision;3;3;Going straight;31-50;Not a Pedestrian;Changing lane to the right;Slight Injury
10:38:00;Wednesday;Male;Elementary school;Employee;Above 10yr;Automobile;Owner;unknown;No defect; Church areas;Double carriageway (median);Tangent road with flat terrain;No junction;Asphalt roads;Dry;Daylight;Normal;Collision with roadside objects;3;3;Going straight;na;Not a Pedestrian;Improper parking;Slight Injury
10:38:00;Wednesday;Male;Junior high school;Employee;Above 10yr;Pick up upto 10Q;Owner;unknown;No defect;Other;Undivided Two way;Tangent road with flat terrain;No junction;Asphalt roads;Dry;Daylight;Normal;Vehicle with vehicle collision;3;3;Going straight;Over 51;Not a Pedestrian;Other;Slight Injury
10:38:00;Wednesday;Male;Junior high school;Employee;1-2yr;Pick up upto 10Q;Owner;Above 10yr;unknown;Other;Undivided Two way;Tangent road with flat terrain;No junction;Asphalt roads;Dry;Daylight;Normal;Collision with roadside objects;3;3;Reversing;Over 51;Crossing from nearside - masked by parked or statioNot a Pedestrianry vehicle;Changing lane to the left;Slight Injury
12:10:00;Wednesday;Male;Junior high school;Employee;5-10yr;Lorry (41?100Q);Owner;Unknown;No defect;Office areas;Undivided Two way;Tangent road with flat terrain;No junction;Asphalt roads;Dry;Daylight;Normal;Collision with roadside objects;1;1;Going straight;na;Not a Pedestrian;Changing lane to the right;Slight Injury
10:05:00;Wednesday;Male;High school;Owner;2-5yr;Public (12 seats);Owner;Unknown;No defect;Office areas;Undivided Two way;Tangent road with flat terrain;Y Shape;Asphalt roads;Dry;Daylight;Normal;Collision with pedestrians;1;1;Stopping;31-50;Not a Pedestrian;No priority to pedestrian;Slight Injury
08:00:00;Tuesday;Male;Junior high school;Employee;2-5yr;Other;Governmental;Below 1yr;unknown;Residential areas;Two-way (divided with broken lines road marking);Tangent road with flat terrain;Y Shape;Asphalt roads;Dry;Daylight;Normal;Vehicle with vehicle collision;2;1;Overtaking;na;Not a Pedestrian;Overspeed;Slight Injury
08:00:00;Tuesday;Male;Junior high school;Employee;5-10yr;Stationwagen;Owner;Unknown;No defect; Industrial areas;Undivided Two way;Tangent road with flat terrain;Y Shape;Earth roads;Dry;Daylight;Normal;Collision with roadside objects;2;1;Going straight;Over 51;Not a Pedestrian;Changing lane to the left;Slight Injury
18:16:00;Tuesday;Male;Junior high school;Employee;5-10yr;Automobile;Owner;unknown;No defect;Office areas;Undivided Two way;Tangent road with flat terrain;No junction;Asphalt roads;Dry;Daylight;Normal;Vehicle with vehicle collision;2;1;Reversing;Over 51;Not a Pedestrian;No priority to vehicle;Slight Injury
18:16:00;Tuesday;Male;Junior high school;Employee;2-5yr;Automobile;Owner;unknown;No defect;Other;Undivided Two way;Tangent road with flat terrain;No junction;Asphalt roads;Dry;Daylight;Normal;Vehicle with vehicle collision;2;1;Going straight;na;Not a Pedestrian;Changing lane to the right;Slight Injury
14:48:00;Wednesday;Male;High school;Employee;Above 10yr;Lorry (41?100Q);Owner;unknown;unknown;Other;Two-way (divided with broken lines road marking);Tangent road with flat terrain;Y Shape;Asphalt roads;Dry;Daylight;Normal;Vehicle with vehicle collision;1;1;Going straight;Over 51;Not a Pedestrian;No distancing;Slight Injury
17:38:00;Friday;Female;Elementary school;Employee;5-10yr;Stationwagen;Owner;unknown;No defect;Residential areas;Undivided Two way;Tangent road with flat terrain;No junction;Asphalt roads;Dry;Daylight;Normal;Vehicle with vehicle collision;2;1;Reversing;na;Not a Pedestrian;No priority to pedestrian;Slight Injury
17:38:00;Friday;Male;Junior high school;Employee;Above 10yr;Lorry (41?100Q);Owner;unknown;unknown;Office areas;Two-way (divided with broken lines road marking);Tangent road with flat terrain;No junction;Asphalt roads;Dry;Daylight;Normal;Vehicle with vehicle collision;2;1;Going straight;31-50;Not a Pedestrian;No distancing;Slight Injury
17:00:00;Friday;Male;Writing & reading;Employee;2-5yr;Public (> 45 seats);Organization;unknown;unknown;Residential areas;other;Tangent road with flat terrain;Y Shape;Asphalt roads;Dry;Daylight;Normal;Vehicle with vehicle collision;2;1;Waiting to go;na;Not a Pedestrian;No priority to vehicle;Slight Injury
17:00:00;Friday;Male;Junior high school;Employee;2-5yr;Automobile;Owner;unknown;unknown;Office areas;Two-way (divided with broken lines road marking);Tangent road with flat terrain;Y Shape;Asphalt roads;Dry;Daylight;Normal;Collision with roadside objects;2;1;Going straight;31-50;Not a Pedestrian;Other;Slight Injury
11:44:00;Thursday;Male;High school;Employee;2-5yr;Automobile;unknown;unknown;unknown; Church areas;Two-way (divided with broken lines road marking);Tangent road with flat terrain;Y Shape;Asphalt roads;Dry;Daylight;Normal;Vehicle with vehicle collision;2;1;Going straight;31-50;Not a Pedestrian;Driving carelessly;Slight Injury
11:44:00;Thursday;Male;Junior high school;Employee;1-2yr;Automobile;Organization;5-10yrs;unknown;Residential areas;Two-way (divided with broken lines road marking);Tangent road with flat terrain;Y Shape;Asphalt roads;Dry;Daylight;Normal;Collision with roadside objects;2;1;Going straight;na;Not a Pedestrian;Changing lane to the left;Slight Injury
19:45:00;Friday;Male;High school;Employee;5-10yr;unknown;Owner;Above 10yr;unknown;School areas;other;Tangent road with flat terrain;Y Shape;Asphalt roads;Dry;Daylight;Normal;Vehicle with vehicle collision;2;1;Going straight;Over 51;Crossing from nearside - masked by parked or statioNot a Pedestrianry vehicle;Driving carelessly;Slight Injury
19:45:00;Friday;Male;Elementary school;Employee;2-5yr;Lorry (41?100Q);Owner;5-10yrs;unknown; Hospital areas;other;Steep grade downward with mountainous terrain;Y Shape;Earth roads;Dry;Daylight;Normal;Vehicle with vehicle collision;2;1;Getting off;Under 18;Crossing from driver's nearside;Changing lane to the left;Slight Injury
16:58:00;Thursday;Male;Junior high school;Employee;1-2yr;Lorry (41?100Q);Owner;2-5yrs;unknown;Other;Undivided Two way;Tangent road with flat terrain;Y Shape;Asphalt roads;Dry;Daylight;Normal;Vehicle with vehicle collision;2;1;Going straight;18-30;Not a Pedestrian;No priority to vehicle;Slight Injury
16:58:00;Thursday;Male;Elementary school;Employee;1-2yr;Automobile;Owner;unknown;unknown;School areas;Double carriageway (median);Tangent road with flat terrain;Y Shape;Asphalt roads;Dry;Daylight;Normal;Collision with roadside objects;2;1;Going straight;31-50;Not a Pedestrian;No distancing;Slight Injury
18:41:00;Wednesday;Male;High school;Employee;No Licence;Stationwagen;Owner;Above 10yr;No defect;Other;other;Tangent road with flat terrain;Y Shape;Asphalt roads;Dry;Daylight;Normal;Collision with roadside objects;2;1;Going straight;Under 18;Not a Pedestrian;Changing lane to the right;Slight Injury
18:41:00;Wednesday;Female;Junior high school;Owner;5-10yr;Public (12 seats);Owner;5-10yrs;unknown; Industrial areas;Undivided Two way;Tangent road with flat terrain;Y Shape;Asphalt roads;Dry;Daylight;Normal;Vehicle with vehicle collision;2;1;Reversing;Under 18;Not a Pedestrian;Changing lane to the right;Slight Injury
20:50:00;Thursday;Male;Junior high school;Employee;1-2yr;Public (12 seats);Owner;Unknown;No defect; Church areas;Two-way (divided with broken lines road marking);Tangent road with flat terrain;Y Shape;Asphalt roads;Dry;Daylight;Normal;Vehicle with vehicle collision;2;1;Turnover;18-30;Not a Pedestrian;Driving at high speed;Slight Injury
20:50:00;Thursday;Male;Junior high school;Employee;2-5yr;Automobile;Owner;unknown;No defect;Office areas;Two-way (divided with broken lines road marking);Tangent road with flat terrain;Y Shape;Asphalt roads;Dry;Daylight;Normal;Vehicle with vehicle collision;2;1;Going straight;18-30;Not a Pedestrian;No distancing;Slight Injury
18:55:00;Thursday;Male;Junior high school;Employee;5-10yr;Public (12 seats);Owner;unknown;No defect;Other;Two-way (divided with broken lines road marking);Tangent road with flat terrain;Y Shape;Asphalt roads;Dry;Daylight;Normal;Vehicle with vehicle collision;2;1;Going straight;Under 18;Not a Pedestrian;Changing lane to the right;Slight Injury
18:55:00;Thursday;Male;unknown;unknown;unknown;Public (12 seats);Owner;unknown;No defect;Office areas;Double carriageway (median);Tangent road with flat terrain;Y Shape;Asphalt roads;Dry;Daylight;Normal;Vehicle with vehicle collision;2;1;Going straight;31-50;Not a Pedestrian;Changing lane to the left;Slight Injury
15:10:00;Sunday;Male;unknown;unknown;unknown;Lorry (41?100Q);Owner;unknown;No defect;Office areas;Double carriageway (median);Tangent road with flat terrain;No junction;Gravel roads;Dry;Daylight;Normal;Vehicle with vehicle collision;2;1;Going straight;Under 18;Unknown or other;Getting off the vehicle improperly;Slight Injury
15:10:00;Sunday;Male;Junior high school;Employee;2-5yr;Automobile;Governmental;unknown;No defect;Office areas;Double carriageway (median);Tangent road with flat terrain;No junction;Asphalt roads;Dry;Daylight;Normal;Vehicle with vehicle collision;2;1;Getting off;Under 18;Crossing from nearside - masked by parked or statioNot a Pedestrianry vehicle;Other;Slight Injury
15:29:00;Monday;Male;Junior high school;Employee;Above 10yr;Lorry (41?100Q);Owner;unknown;No defect;Residential areas;Double carriageway (median);Tangent road with flat terrain;Crossing;Asphalt roads;Dry;Daylight;Normal;Collision with roadside objects;2;4;Going straight;31-50;Not a Pedestrian;Other;Slight Injury
15:29:00;Monday;Male;Junior high school;Owner;Above 10yr;unknown;Owner;unknown;No defect;Office areas;Double carriageway (median);Tangent road with flat terrain;Crossing;Asphalt roads;Dry;Daylight;Normal;Collision with roadside objects;2;4;Going straight;Under 18;Not a Pedestrian;No distancing;Slight Injury
15:29:00;Monday;Male;unknown;unknown;unknown;Automobile;Owner;2-5yrs;unknown;Other;Undivided Two way;Tangent road with flat terrain;Crossing;Asphalt roads;Dry;Daylight;Normal;Collision with roadside objects;2;4;Going straight;Under 18;Not a Pedestrian;No priority to vehicle;Slight Injury
15:29:00;Monday;Male;Elementary school;Owner;Above 10yr;Stationwagen;Owner;2-5yrs;unknown; Industrial areas;One way;unknown;Crossing;Asphalt roads;Dry;Daylight;Normal;Vehicle with vehicle collision;2;4;Going straight;Under 18;Not a Pedestrian;Overtaking;Slight Injury
12:18:00;Friday;Male;unknown;unknown;unknown;unknown;Owner;unknown;No defect;Other;One way;Tangent road with flat terrain;Crossing;Asphalt roads;Dry;Daylight;Normal;Vehicle with vehicle collision;2;1;Going straight;Under 18;Not a Pedestrian;No priority to pedestrian;Slight Injury
12:18:00;Friday;Male;Junior high school;Owner;5-10yr;unknown;Owner;unknown;No defect;Office areas;Double carriageway (median);Tangent road with flat terrain;Crossing;Asphalt roads;Dry;Daylight;Normal;Vehicle with vehicle collision;2;1;Going straight;18-30;Not a Pedestrian;No distancing;Slight Injury
06:03:00;Friday;Male;Junior high school;Owner;Above 10yr;Automobile;Governmental;Unknown;unknown;Office areas;Two-way (divided with broken lines road marking);Tangent road with flat terrain;Crossing;Asphalt roads;Wet or damp;Daylight;Raining;Vehicle with vehicle collision;1;2;Going straight;na;Not a Pedestrian;Changing lane to the right;Slight Injury
06:03:00;Friday;Male;High school;Owner;Above 10yr;Stationwagen;Governmental;unknown;No defect;unknown;Double carriageway (median);Tangent road with flat terrain;Crossing;Asphalt roads;Wet or damp;Daylight;Raining;Collision with pedestrians;1;2;Going straight;18-30;Not a Pedestrian;Driving carelessly;Slight Injury
10:50:00;Tuesday;Male;unknown;unknown;unknown;Automobile;Owner;unknown;unknown;Other;unknown;Tangent road with flat terrain;Y Shape;Asphalt roads;Dry;Daylight;Normal;Collision with pedestrians;2;1;Going straight;na;Not a Pedestrian;Changing lane to the right;Slight Injury
10:50:00;Tuesday;Female;Elementary school;Employee;5-10yr;Other;Owner;Unknown;unknown;Office areas;Double carriageway (median);Tangent road with flat terrain;Y Shape;Asphalt roads;Dry;Daylight;Normal;Vehicle with vehicle collision;2;1;Going straight;31-50;Not a Pedestrian;Overtaking;Slight Injury
19:20:00;Monday;Male;Elementary school;Owner;Above 10yr;Other;Owner;unknown;No defect;Office areas;Two-way (divided with broken lines road marking);Tangent road with flat terrain;Y Shape;Asphalt roads;Dry;Daylight;Normal;Vehicle with vehicle collision;2;1;Reversing;na;Not a Pedestrian;Other;Slight Injury
19:20:00;Monday;Male;Junior high school;Owner;Below 1yr;Automobile;Owner;5-10yrs;unknown;Office areas;Undivided Two way;Tangent road with flat terrain;Y Shape;Asphalt roads;Dry;Daylight;Normal;Vehicle with vehicle collision;2;1;Going straight;31-50;Not a Pedestrian;Driving to the left;Slight Injury
17:05:00;Monday;Male;Junior high school;Owner;2-5yr;Lorry (41?100Q);Owner;unknown;unknown;Other;Undivided Two way;Tangent road with flat terrain;No junction;Asphalt roads;Dry;Daylight;Normal;Vehicle with vehicle collision;1;1;Turnover;na;Not a Pedestrian;Driving at high speed;Serious Injury
12:15:00;Tuesday;Male;Junior high school;Owner;2-5yr;Lorry (41?100Q);Owner;unknown;No defect;Other;Undivided Two way;Tangent road with flat terrain;Crossing;Asphalt roads;Dry;Daylight;Normal;Vehicle with vehicle collision;2;1;Going straight;Over 51;Not a Pedestrian;Unknown;Slight Injury
12:15:00;Tuesday;Male;High school;Owner;5-10yr;Lorry (41?100Q);Owner;unknown;No defect;  Recreational areas;Undivided Two way;Tangent road with flat terrain;Crossing;Asphalt roads;Dry;Daylight;Normal;Vehicle with vehicle collision;2;1;Going straight;18-30;Not a Pedestrian;Changing lane to the right;Slight Injury
08:35:00;Monday;Female;Junior high school;Owner;unknown;Automobile;Owner;unknown;No defect; Church areas;Undivided Two way;Tangent road with flat terrain;Crossing;Asphalt roads;Dry;Daylight;Normal;Vehicle with vehicle collision;1;1;Going straight;Under 18;Not a Pedestrian;No distancing;Slight Injury
08:30:00;Monday;Male;unknown;Owner;Below 1yr;Automobile;Other;1-2yr;No defect;  Recreational areas;other;Tangent road with flat terrain;Y Shape;Asphalt roads;Wet or damp;Daylight;Other;Vehicle with vehicle collision;2;1;Going straight;na;Not a Pedestrian;Other;Slight Injury
08:30:00;Monday;Male;Elementary school;Owner;Above 10yr;Public (13?45 seats);Owner;5-10yrs;No defect;School areas;other;Tangent road with flat terrain;Y Shape;Asphalt roads;Wet or damp;Daylight;Other;Vehicle with vehicle collision;2;1;Reversing;Over 51;Not a Pedestrian;No priority to vehicle;Slight Injury
09:10:00;Wednesday;Male;Elementary school;Owner;Below 1yr;Public (13?45 seats);Owner;unknown;No defect; Church areas;Double carriageway (median);Tangent road with flat terrain;Y Shape;Asphalt roads;Dry;Daylight;Normal;Vehicle with vehicle collision;1;1;Going straight;na;Not a Pedestrian;Changing lane to the left;Serious Injury
07:29:00;Thursday;Male;Junior high school;Owner;5-10yr;Lorry (41?100Q);Owner;5-10yrs;unknown;Office areas;unknown;Tangent road with flat terrain;Y Shape;Earth roads;Dry;Daylight;Normal;Collision with roadside objects;1;1;Turnover;Over 51;Not a Pedestrian;No priority to pedestrian;Slight Injury
17:46:00;Wednesday;Male;Junior high school;Owner;5-10yr;Lorry (41?100Q);Owner;2-5yrs;unknown;Residential areas;One way;Steep grade downward with mountainous terrain;Y Shape;Asphalt roads;Dry;Daylight;Normal;Rollover;2;1;Going straight;na;Not a Pedestrian;Overtaking;Slight Injury
17:46:00;Wednesday;Male;unknown;Owner;unknown;Public (12 seats);Owner;unknown;No defect;Other;One way;Tangent road with flat terrain;Y Shape;Asphalt roads;Dry;Daylight;Normal;Vehicle with vehicle collision;2;1;Going straight;Over 51;Not a Pedestrian;Driving carelessly;Slight Injury
08:40:00;Monday;Female;Junior high school;Employee;1-2yr;Other;Owner;unknown;No defect;Other;Undivided Two way;Tangent road with flat terrain;Y Shape;Asphalt roads;Dry;Daylight;Normal;Vehicle with vehicle collision;1;1;Going straight;Over 51;Not a Pedestrian;No priority to vehicle;Slight Injury
07:30:00;Monday;Male;High school;Owner;5-10yr;Lorry (41?100Q);Governmental;1-2yr;No defect; Industrial areas;One way;Tangent road with flat terrain;No junction;Asphalt roads;Dry;Daylight;Normal;Vehicle with vehicle collision;2;1;Going straight;Under 18;Not a Pedestrian;No priority to pedestrian;Slight Injury
07:30:00;Monday;Female;Junior high school;Employee;5-10yr;Automobile;Governmental;1-2yr;No defect; Church areas;other;Steep grade downward with mountainous terrain;No junction;Asphalt roads;Dry;Daylight;Normal;Vehicle with vehicle collision;2;1;Going straight;31-50;Not a Pedestrian;Changing lane to the right;Slight Injury
14:15:00;Saturday;Male;Junior high school;Employee;5-10yr;Other;Organization;1-2yr;No defect;Office areas;other;Tangent road with flat terrain;Y Shape;Asphalt roads;Dry;Daylight;Normal;Vehicle with vehicle collision;2;1;Getting off;na;Not a Pedestrian;Driving carelessly;Serious Injury
14:15:00;Saturday;Female;Junior high school;Employee;5-10yr;Motorcycle;Owner;Unknown;No defect;Office areas;Undivided Two way;Tangent road with flat terrain;Y Shape;Asphalt roads;Dry;Daylight;Normal;Collision with roadside objects;2;1;Moving Backward;18-30;Not a Pedestrian;Changing lane to the right;Serious Injury
21:00:00;Friday;Male;Junior high school;Employee;Above 10yr;Automobile;Owner;unknown;unknown;Office areas;Double carriageway (median);Tangent road with flat terrain;Y Shape;Gravel roads;Dry;Darkness - lights lit;Normal;Collision with roadside objects;2;1;Going straight;Under 18;Not a Pedestrian;Changing lane to the right;Serious Injury
21:00:00;Friday;Male;Junior high school;Employee;5-10yr;Automobile;Owner;2-5yrs;unknown;Other;Two-way (divided with broken lines road marking);Tangent road with flat terrain;Y Shape;Asphalt roads;Dry;Darkness - lights lit;Normal;Vehicle with vehicle collision;2;1;Turnover;Under 18;Not a Pedestrian;Changing lane to the left;Serious Injury
21:50:00;Wednesday;Male;Junior high school;Employee;No Licence;Lorry (41?100Q);Owner;unknown;unknown;Office areas;Undivided Two way;Tangent road with flat terrain;Crossing;Asphalt roads;Dry;Darkness - lights lit;Normal;Collision with roadside objects;2;1;Going straight;na;Not a Pedestrian;Overturning;Slight Injury
21:50:00;Wednesday;Male;Above high school;Employee;Below 1yr;Automobile;Owner;unknown;No defect;Other;Double carriageway (median);Tangent road with flat terrain;Crossing;Asphalt roads;Dry;Darkness - lights lit;Normal;Vehicle with vehicle collision;2;1;unknown;Over 51;Not a Pedestrian;Driving carelessly;Slight Injury
12:22:00;Tuesday;Male;Elementary school;Employee;5-10yr;Public (> 45 seats);Owner;Above 10yr;No defect; Industrial areas;Two-way (divided with broken lines road marking);Tangent road with flat terrain;Y Shape;Other;Dry;Daylight;Normal;Vehicle with vehicle collision;1;1;Going straight;na;Not a Pedestrian;No distancing;Slight Injury
21:55:00;Thursday;Male;Elementary school;Employee;5-10yr;Lorry (41?100Q);Owner;unknown;No defect;Residential areas;other;Tangent road with flat terrain;Y Shape;Asphalt roads;Dry;Darkness - lights lit;Normal;Vehicle with vehicle collision;1;1;Going straight;Under 18;Not a Pedestrian;Driving carelessly;Serious Injury
15:35:00;Saturday;Male;Junior high school;Employee;5-10yr;Public (> 45 seats);Owner;unknown;No defect;Other;Two-way (divided with broken lines road marking);Tangent road with flat terrain;Y Shape;Asphalt roads;Dry;Daylight;Normal;Vehicle with vehicle collision;2;1;Going straight;na;Not a Pedestrian;Changing lane to the left;Slight Injury
15:35:00;Saturday;Female;High school;Employee;5-10yr;Lorry (41?100Q);Owner;5-10yrs;unknown;Other;One way;Tangent road with flat terrain;Y Shape;Asphalt roads;Dry;Daylight;Normal;Vehicle with vehicle collision;2;1;Going straight;31-50;Not a Pedestrian;No priority to vehicle;Slight Injury
10:23:00;Wednesday;Male;Junior high school;Employee;5-10yr;Lorry (41?100Q);Owner;1-2yr;No defect;Other;One way;Tangent road with flat terrain;No junction;Asphalt roads;Dry;Daylight;Normal;Vehicle with vehicle collision;2;1;Turnover;31-50;Not a Pedestrian;Changing lane to the right;Slight Injury
10:23:00;Wednesday;Male;Junior high school;Employee;2-5yr;Lorry (41?100Q);Owner;unknown;unknown;Other;Undivided Two way;Tangent road with flat terrain;No junction;Asphalt roads;Dry;Daylight;Normal;Collision with pedestrians;2;1;Turnover;Over 51;Not a Pedestrian;No distancing;Slight Injury
12:30:00;Wednesday;Male;Writing & reading;Employee;5-10yr;Public (12 seats);Owner;Above 10yr;No defect;Residential areas;unknown;Tangent road with flat terrain;Y Shape;Asphalt roads;Dry;Daylight;Normal;Vehicle with vehicle collision;1;1;Going straight;18-30;Not a Pedestrian;Moving Backward;Slight Injury
01:05:00;Saturday;Male;Junior high school;Employee;Above 10yr;Public (12 seats);Owner;5-10yrs;No defect;Office areas;Undivided Two way;Tangent road with flat terrain;Crossing;Asphalt roads;Dry;Darkness - no lighting;Unknown;Collision with roadside objects;1;1;Getting off;na;Not a Pedestrian;Moving Backward;Slight Injury
09:30:00;Monday;Female;Junior high school;Employee;1-2yr;Stationwagen;Owner;unknown;No defect;  Recreational areas;other;unknown;Y Shape;Asphalt roads;Dry;Daylight;Normal;Vehicle with vehicle collision;1;1;Getting off;na;Not a Pedestrian;No distancing;Slight Injury