Time;Day_of_week;Sex_of_driver;Educational_level;Vehicle_driver_relation;Driving_experience;Type_of_vehicle;Owner_of_vehicle;Service_year_of_vehicle;Defect_of_vehicle;Area_accident_occured;Lanes_or_Medians;Road_allignment;Types_of_Junction;Road_surface_type;Road_surface_conditions;Light_conditions;Weather_conditions;Type_of_collision;Number_of_vehicles_involved;Number_of_casualties;Vehicle_movement;Age_band_of_casualty;Pedestrian_movement;Cause_of_accident;Accident_severity
15:25:00;Saturday;Male;Writing & reading;Employee;Below 1yr;Lorry (41?100Q);Governmental;unknown;No defect;Office areas;other;Tangent road with mild grade and flat terrain;Y Shape;Asphalt roads;Dry;Daylight;Normal;Collision with roadside objects;1;1;Going straight;31-50;Not a Pedestrian;No distancing;Slight Injury
08:33:00;Saturday;Male;Elementary school;Employee;1-2yr;Automobile;Owner;5-10yrs;No defect; Industrial areas;other;Tangent road with flat terrain;Crossing;Asphalt roads;Dry;Daylight;Normal;Vehicle with vehicle collision;3;1;Overtaking;na;Not a Pedestrian;No distancing;Slight Injury
08:33:00;Saturday;Male;Junior high school;Employee;5-10yr;Pick up upto 10Q;unknown;unknown;unknown;unknown;unknown;unknown;Crossing;Asphalt roads;Dry;Daylight;Normal;Vehicle with vehicle collision;3;1;Reversing;31-50;Not a Pedestrian;No priority to pedestrian;Slight Injury
08:33:00;Saturday;Male;Elementary school;Employee;Above 10yr;Automobile;Owner;unknown;No defect;Residential areas;Undivided Two way;Tangent road with flat terrain;Crossing;Asphalt roads;Dry;Daylight;Normal;Collision with pedestrians;3;1;Going straight;31-50;Not a Pedestrian;Driving carelessly;Slight Injury
08:55:00;Tuesday;Male;Junior high school;Employee;5-10yr;Public (13?45 seats);Governmental;Above 10yr;No defect;Residential areas;other;Tangent road with flat terrain;Y Shape;Asphalt roads;Dry;Daylight;Normal;Vehicle with vehicle collision;1;1;Getting off;18-30;Not a Pedestrian;Changing lane to the right;Serious Injury
10:30:00;Saturday;Male;Elementary school;Employee;2-5yr;Public (> 45 seats);Owner;1-2yr;No defect; Industrial areas;other;Tangent road with flat terrain;No junction;Asphalt roads;Dry;Daylight;Normal;Vehicle with vehicle collision;1;1;Getting off;na;Not a Pedestrian;Changing lane to the left;Slight Injury
18:20:00;Wednesday;Male;Junior high school;Employee;2-5yr;Stationwagen;Owner;2-5yrs;No defect;Residential areas;Undivided Two way;Tangent road with flat terrain;Y Shape;Gravel roads;Dry;Daylight;Unknown;Vehicle with vehicle collision;2;1;Reversing;31-50;Not a Pedestrian;Driving carelessly;Slight Injury
18:20:00;Wednesday;Male;Junior high school;Employee;Above 10yr;unknown;Owner;Unknown;No defect;Residential areas;other;Tangent road with flat terrain;Y Shape;Asphalt roads;Dry;Daylight;Unknown;Vehicle with vehicle collision;2;1;Turnover;na;Not a Pedestrian;Driving carelessly;Slight Injury
16:00:00;Tuesday;Male;Junior high school;Employee;2-5yr;Lorry (41?100Q);Owner;unknown;No defect;Office areas;Undivided Two way;Tangent road with flat terrain;No junction;Asphalt roads;Dry;Daylight;Normal;Collision with pedestrians;1;1;Moving Backward;18-30;Not a Pedestrian;No distancing;Slight Injury
17:52:00;Saturday;Male;Junior high school;Owner;Below 1yr;Stationwagen;Owner;2-5yrs;No defect;Office areas;Double carriageway (median);Escarpments;Y Shape;Asphalt roads;Dry;Daylight;Normal;Vehicle with vehicle collision;2;2;Going straight;na;Not a Pedestrian;Other;Slight Injury
17:52:00;Saturday;Male;Junior high school;Employee;2-5yr;Lorry (41?100Q);Owner;Above 10yr;No defect;Office areas;other;Tangent road with flat terrain;Y Shape;Other;Dry;Daylight;Normal;Vehicle with vehicle collision;2;2;Going straight;31-50;Not a Pedestrian;Changing lane to the right;Slight Injury
15:15:00;Friday;Male;Junior high school;Employee;Above 10yr;Public (12 seats);Owner;1-2yr;No defect;Office areas;Undivided Two way;Escarpments;Y Shape;Asphalt roads;Dry;Daylight;Normal;Vehicle with vehicle collision;2;1;Going straight;na;Not a Pedestrian;Changing lane to the right;Slight Injury
15:15:00;Friday;Male;Junior high school;Employee;2-5yr;Lorry (41?100Q);Owner;unknown;No defect;Office areas;One way;Tangent road with flat terrain;Y Shape;Other;Dry;Daylight;Normal;Vehicle with vehicle collision;2;1;Going straight;18-30;Not a Pedestrian;No distancing;Slight Injury
06:16:00;Friday;Male;Elementary school;Employee;Above 10yr;Other;Owner;unknown;No defect;Office areas;Undivided Two way;Tangent road with flat terrain;Y Shape;Asphalt roads;Dry;Daylight;Normal;Collision with roadside objects;2;1;Reversing;na;Not a Pedestrian;No distancing;Slight Injury
06:16:00;Friday;Male;Elementary school;Employee;Above 10yr;Stationwagen;Owner;unknown;No defect;Office areas;other;Tangent road with flat terrain;Y Shape;Asphalt roads;Dry;Daylight;Normal;Vehicle with vehicle collision;2;1;Going straight;Over 51;Unknown or other;Overturning;Slight Injury
07:45:00;Monday;Male;Elementary school;Other;Above 10yr;Automobile;Owner;Above 10yr;No defect;Residential areas;other;Tangent road with flat terrain;Crossing;Asphalt roads;Dry;Daylight;Normal;Vehicle with vehicle collision;2;1;Going straight;na;Not a Pedestrian;Driving at high speed;Slight Injury
07:45:00;Monday;Male;Junior high school;Employee;Above 10yr;Public (> 45 seats);Owner;5-10yrs;No defect;Residential areas;One way;Tangent road with flat terrain;Crossing;Asphalt roads;Dry;Daylight;Normal;Vehicle with vehicle collision;2;1;Going straight;18-30;Not a Pedestrian;No priority to vehicle;Slight Injury
17:35:00;Friday;Male;Junior high school;Employee;Below 1yr;Other;Owner;unknown;No defect;Other;One way;Tangent road with flat terrain;Y Shape;Asphalt roads;Dry;Daylight;Normal;Vehicle with vehicle collision;1;1;Going straight;na;Not a Pedestrian;No priority to pedestrian;Slight Injury
17:50:00;Friday;Male;Elementary school;Employee;5-10yr;Lorry (41?100Q);Owner;5-10yrs;No defect; Church areas;Undivided Two way;Tangent road with flat terrain;No junction;Asphalt roads;Dry;Daylight;Normal;Collision with roadside objects;2;1;Getting off;Over 51;Not a Pedestrian;No priority to vehicle;Slight Injury
17:50:00;Friday;Male;Junior high school;Employee;2-5yr;Automobile;Owner;unknown;No defect;  Recreational areas;other;Tangent road with flat terrain;No junction;Asphalt roads;Dry;Daylight;Normal;Vehicle with vehicle collision;2;1;Going straight;Over 51;Crossing from driver's nearside;Other;Slight Injury
07:05:00;Wednesday;Female;Junior high school;Employee;Above 10yr;Public (> 45 seats);Owner;unknown;unknown; Industrial areas;Undivided Two way;Tangent road with flat terrain;Y Shape;Asphalt roads;Dry;Daylight;Normal;Vehicle with vehicle collision;1;1;Going straight;na;Not a Pedestrian;Other;Slight Injury
20:21:00;Friday;Male;Junior high school;Employee;Below 1yr;unknown;unknown;unknown;unknown;Residential areas;other;unknown;Y Shape;Asphalt roads;Dry;Daylight;Normal;Vehicle with vehicle collision;2;1;Going straight;31-50;Not a Pedestrian;Moving Backward;Serious Injury
20:21:00;Friday;Male;Junior high school;Owner;2-5yr;Automobile;Owner;Above 10yr;No defect;Residential areas;other;Tangent road with rolling terrain;Y Shape;Asphalt roads;Dry;Daylight;Normal;Vehicle with vehicle collision;2;1;Going straight;18-30;Not a Pedestrian;No distancing;Serious Injury
08:05:00;Thursday;Male;Junior high school;Employee;Above 10yr;Pick up upto 10Q;Owner;2-5yrs;No defect;Office areas;Double carriageway (median);Tangent road with flat terrain;Crossing;Asphalt roads;Dry;Daylight;Normal;Vehicle with vehicle collision;2;1;Reversing;31-50;Not a Pedestrian;Moving Backward;Slight Injury
08:05:00;Thursday;Male;Writing & reading;Employee;2-5yr;Public (12 seats);Owner;2-5yrs;No defect;  Market areas;Undivided Two way;Tangent road with flat terrain;Crossing;Asphalt roads;Dry;Daylight;Normal;Vehicle with vehicle collision;2;1;Moving Backward;18-30;Not a Pedestrian;No priority to vehicle;Slight Injury
17:00:00;Sunday;Male;Junior high school;Employee;2-5yr;Lorry (41?100Q);unknown;unknown;unknown;Unknown;other;Tangent road with flat terrain;Crossing;Asphalt roads;Dry;Daylight;Normal;Vehicle with vehicle collision;1;2;Going straight;Under 18;Not a Pedestrian;Driving carelessly;Slight Injury
17:00:00;Sunday;Male;High school;Employee;2-5yr;Lorry (41?100Q);Owner;unknown;No defect; Industrial areas;other;Tangent road with flat terrain;Crossing;Asphalt roads;Dry;Daylight;Normal;Vehicle with vehicle collision;1;2;Going straight;Under 18;Not a Pedestrian;No distancing;Slight Injury
08:45:00;Sunday;Male;Junior high school;Employee;1-2yr;Lorry (41?100Q);Owner;unknown;No defect;Residential areas;Two-way (divided with solid lines road marking);Tangent road with flat terrain;Y Shape;Asphalt roads;Dry;Daylight;Normal;Vehicle with vehicle collision;1;1;Going straight;Under 18;Not a Pedestrian;Other;Slight Injury
08:48:00;Wednesday;Male;High school;Employee;5-10yr;Public (13?45 seats);Governmental;Below 1yr;No defect;Residential areas;Undivided Two way;Tangent road with flat terrain;Y Shape;Asphalt roads;Dry;Daylight;Normal;Vehicle with vehicle collision;1;1;Going straight;Under 18;Not a Pedestrian;Changing lane to the right;Slight Injury
09:50:00;Tuesday;Male;Elementary school;Employee;2-5yr;Lorry (41?100Q);Owner;5-10yrs;No defect;Other;Undivided Two way;Tangent road with flat terrain;Unknown;Asphalt roads;Dry;Daylight;Normal;Vehicle with vehicle collision;2;1;Going straight;na;Not a Pedestrian;No distancing;Slight Injury
09:50:00;Tuesday;Male;Junior high school;Employee;1-2yr;Lorry (41?100Q);Governmental;unknown;No defect;Residential areas;other;Tangent road with flat terrain;Unknown;Asphalt roads;Dry;Daylight;Normal;Collision with roadside objects;2;1;Going straight;31-50;Not a Pedestrian;Driving carelessly;Slight Injury
12:30:00;Monday;Male;Elementary school;Employee;1-2yr;Motorcycle;Owner;1-2yr;No defect;Rural village areas;Undivided Two way;Gentle horizontal curve;Y Shape;Asphalt roads;Dry;Daylight;Normal;Collision with roadside objects;3;1;Turnover;na;Not a Pedestrian;No distancing;Slight Injury
12:30:00;Monday;Male;High school;Employee;No Licence;Lorry (41?100Q);Owner;2-5yrs;No defect;Rural village areas;Undivided Two way;Gentle horizontal curve;Y Shape;Asphalt roads;Dry;Daylight;Normal;Collision with roadside objects;3;1;Going straight;na;Not a Pedestrian;No priority to vehicle;Slight Injury
12:30:00;Monday;Male;Junior high school;Owner;5-10yr;Ridden horse;Owner;unknown;No defect;Office areas;Double carriageway (median);Tangent road with flat terrain;Y Shape;Asphalt roads;Dry;Daylight;Normal;Collision with pedestrians;3;1;Other;31-50;Not a Pedestrian;Changing lane to the right;Slight Injury
08:38:00;Tuesday;Male;Junior high school;Employee;1-2yr;Automobile;Owner;2-5yrs;No defect;Residential areas;Undivided Two way;Gentle horizontal curve;Crossing;Earth roads;Dry;Daylight;Normal;Vehicle with vehicle collision;1;1;Going straight;na;Not a Pedestrian;No priority to pedestrian;Serious Injury
10:30:00;Monday;Male;Junior high school;Employee;2-5yr;Lorry (41?100Q);Owner;unknown;unknown;Residential areas;other;Tangent road with flat terrain;No junction;Asphalt roads;Dry;Daylight;Normal;Vehicle with vehicle collision;2;1;Going straight;Under 18;Not a Pedestrian;No priority to vehicle;Slight Injury
10:30:00;Monday;Male;Junior high school;Employee;5-10yr;Pick up upto 10Q;Owner;unknown;7; Outside rural areas;other;Tangent road with flat terrain;No junction;Asphalt roads;Dry;Daylight;Normal;Collision with pedestrians;2;1;Going straight;na;Not a Pedestrian;Changing lane to the left;Slight Injury
18:04:00;Saturday;Male;unknown;unknown;unknown;Public (> 45 seats);Owner;Above 10yr;unknown;Residential areas;other;Tangent road with flat terrain;Y Shape;Asphalt roads;Dry;Daylight;Normal;Vehicle with vehicle collision;1;2;Going straight;18-30;Not a Pedestrian;Turnover;Slight Injury
18:04:00;Saturday;Male;unknown;unknown;unknown;Stationwagen;Owner;5-10yrs;5; Church areas;other;Tangent road with flat terrain;Y Shape;Asphalt roads;Dry;Daylight;Normal;Vehicle with vehicle collision;1;2;Going straight;Under 18;Not a Pedestrian;Driving to the left;Slight Injury
07:45:00;Wednesday;Male;Junior high school;Employee;2-5yr;Automobile;Owner;unknown;No defect;Office areas;Undivided Two way;Tangent road with flat terrain;Crossing;Asphalt roads;Dry;Daylight;Normal;Vehicle with vehicle collision;2;1;Moving Backward;na;Not a Pedestrian;Driving carelessly;Slight Injury
07:45:00;Wednesday;Male;Junior high school;Employee;Above 10yr;Public (12 seats);Owner;Unknown;No defect;Office areas;Two-way (divided with broken lines road marking);Tangent road with mountainous terrain and;Crossing;Asphalt roads;Dry;Daylight;Normal;Vehicle with vehicle collision;2;1;Moving Backward;18-30;Not a Pedestrian;Driving to the left;Slight Injury
07:27:00;Tuesday;Male;Junior high school;Owner;Above 10yr;Automobile;Governmental;unknown;No defect;Office areas;Two-way (divided with broken lines road marking);Escarpments;Y Shape;Asphalt roads;Dry;Daylight;Normal;Vehicle with vehicle collision;2;1;Moving Backward;Under 18;Not a Pedestrian;Driving carelessly;Slight Injury
07:27:00;Tuesday;Male;unknown;unknown;unknown;Automobile;Owner;2-5yrs;unknown;Other;Undivided Two way;Tangent road with mountainous terrain and;Y Shape;Asphalt roads;Dry;Daylight;Normal;Vehicle with vehicle collision;2;1;Other;Under 18;Not a Pedestrian;No priority to pedestrian;Slight Injury
10:05:00;Monday;Male;Elementary school;Owner;Above 10yr;Automobile;Owner;2-5yrs;unknown;Other;Undivided Two way;Tangent road with flat terrain;Y Shape;Asphalt roads;Dry;Daylight;Normal;Collision with roadside objects;1;1;Going straight;na;Not a Pedestrian;Driving carelessly;Slight Injury
14:35:00;Monday;Male;unknown;unknown;unknown;Lorry (41?100Q);Owner;Unknown;No defect;Residential areas;Two-way (divided with broken lines road marking);Tangent road with flat terrain;No junction;Asphalt roads;Dry;Daylight;Normal;Collision with pedestrians;1;1;Unknown;31-50;Not a Pedestrian;Changing lane to the right;Slight Injury
18:43:00;Wednesday;Male;Junior high school;Owner;5-10yr;Automobile;Owner;unknown;unknown;Other;Two-way (divided with broken lines road marking);Tangent road with flat terrain;No junction;Gravel roads;Dry;Daylight;Normal;Vehicle with vehicle collision;2;1;Turnover;na;Not a Pedestrian;Moving Backward;Slight Injury
18:43:00;Wednesday;Male;Junior high school;Owner;Above 10yr;Automobile;Owner;Below 1yr;unknown;Other;Undivided Two way;Tangent road with mild grade and flat terrain;No junction;Asphalt roads;Dry;Daylight;Normal;Vehicle with vehicle collision;2;1;Getting off;na;Not a Pedestrian;Driving carelessly;Slight Injury
08:47:00;Wednesday;Male;High school;Owner;Above 10yr;Public (12 seats);Owner;5-10yrs;unknown;Other;Two-way (divided with broken lines road marking);Tangent road with flat terrain;Y Shape;Earth roads;Dry;Daylight;Normal;Collision with roadside objects;2;1;Going straight;18-30;Not a Pedestrian;Changing lane to the right;Slight Injury
08:47:00;Wednesday;Male;unknown;unknown;unknown;Taxi;Governmental;5-10yrs;No defect;Other;Undivided Two way;Tangent road with flat terrain;Y Shape;Asphalt roads;Dry;Daylight;Normal;Vehicle with vehicle collision;2;1;Going straight;Over 51;Crossing from nearside - masked by parked or statioNot a Pedestrianry vehicle;Driving carelessly;Slight Injury
08:55:00;Monday;Male;Elementary school;Employee;5-10yr;Automobile;Owner;2-5yrs;No defect;Other;Double carriageway (median);Tangent road with mild grade and flat terrain;No junction;Asphalt roads;Dry;Daylight;Normal;Vehicle with vehicle collision;2;1;Going straight;na;Not a Pedestrian;Driving carelessly;Slight Injury
08:55:00;Monday;Male;Elementary school;Owner;Above 10yr;Public (12 seats);Owner;unknown;No defect;Other;Two-way (divided with broken lines road marking);Tangent road with flat terrain;No junction;Asphalt roads;Dry;Daylight;Normal;Vehicle with vehicle collision;2;1;Turnover;18-30;Not a Pedestrian;Driving carelessly;Slight Injury
13:15:00;Monday;Male;Junior high school;Owner;Below 1yr;Stationwagen;Owner;2-5yrs;unknown; Church areas;Two-way (divided with broken lines road marking);Tangent road with flat terrain;Crossing;Earth roads;Dry;Daylight;Normal;Vehicle with vehicle collision;2;1;Reversing;Over 51;Not a Pedestrian;Changing lane to the right;Slight Injury
13:15:00;Monday;Male;Junior high school;Owner;2-5yr;Stationwagen;Owner;5-10yrs;unknown;Other;Undivided Two way;Tangent road with flat terrain;Crossing;Asphalt roads;Dry;Daylight;Normal;Vehicle with vehicle collision;2;1;Moving Backward;na;Not a Pedestrian;Changing lane to the right;Slight Injury
08:20:00;Wednesday;Male;Junior high school;Owner;2-5yr;Automobile;Organization;2-5yrs;unknown; Industrial areas;Two-way (divided with broken lines road marking);Tangent road with flat terrain;Y Shape;Asphalt roads;Dry;Daylight;Normal;Vehicle with vehicle collision;2;1;Other;na;Not a Pedestrian;Driving carelessly;Slight Injury
08:20:00;Wednesday;Male;High school;Owner;5-10yr;Lorry (41?100Q);Owner;unknown;No defect;Residential areas;Double carriageway (median);Tangent road with flat terrain;Y Shape;Asphalt roads;Dry;Daylight;Normal;Vehicle with vehicle collision;2;1;Going straight;31-50;Not a Pedestrian;Overtaking;Slight Injury
13:31:00;Sunday;Male;Junior high school;Owner;unknown;Automobile;Governmental;Above 10yr;No defect;Other;Two-way (divided with broken lines road marking);Tangent road with flat terrain;Y Shape;Asphalt roads;Dry;Daylight;Normal;Vehicle with vehicle collision;2;1;Going straight;Over 51;Not a Pedestrian;Changing lane to the right;Slight Injury
13:31:00;Sunday;Male;unknown;Owner;Below 1yr;Public (12 seats);Owner;unknown;No defect;Office areas;Two-way (divided with broken lines road marking);Tangent road with flat terrain;Y Shape;Asphalt roads;Dry;Daylight;Normal;Collision with roadside objects;2;1;Going straight;na;Not a Pedestrian;No distancing;Slight Injury
18:30:00;Tuesday;Male;Elementary school;Owner;Above 10yr;Automobile;Owner;unknown;No defect; Industrial areas;Unknown;Tangent road with flat terrain;Crossing;Asphalt roads;Dry;Daylight;Normal;Collision with roadside objects;1;1;Going straight;Under 18;Not a Pedestrian;Other;Slight Injury
01:55:00;Friday;Male;Elementary school;Owner;Below 1yr;Automobile;Owner;1-2yr;No defect; Industrial areas;Double carriageway (median);Tangent road with flat terrain;Y Shape;Asphalt roads;Dry;Darkness - lights lit;Normal;Collision with roadside objects;1;1;Going straight;na;Not a Pedestrian;Changing lane to the right;Slight Injury
08:50:00;Tuesday;Male;Junior high school;Owner;5-10yr;Lorry (41?100Q);Owner;unknown;No defect;Other;Two-way (divided with broken lines road marking);Tangent road with flat terrain;Y Shape;Asphalt roads;Dry;Daylight;Normal;Vehicle with vehicle collision;2;1;Going straight;18-30;Not a Pedestrian;Changing lane to the right;Slight Injury
08:50:00;Tuesday;Male;Junior high school;Owner;5-10yr;Automobile;Organization;Above 10yr;unknown; Hospital areas;Two-way (divided with broken lines road marking);Tangent road with flat terrain;Y Shape;Asphalt roads;Dry;Daylight;Normal;Collision with pedestrians;2;1;Going straight;18-30;Not a Pedestrian;Overtaking;Slight Injury
08:59:00;Monday;Male;unknown;Owner;unknown;Motorcycle;Owner;Unknown;unknown;Office areas;One way;Tangent road with flat terrain;Unknown;Asphalt roads;Dry;Daylight;Normal;Vehicle with vehicle collision;2;1;Going straight;Under 18;Not a Pedestrian;Other;Fatal injury
08:59:00;Monday;Male;Junior high school;Employee;1-2yr;unknown;Owner;2-5yrs;No defect; Church areas;Undivided Two way;Tangent road with flat terrain;Unknown;Asphalt roads;Dry;Daylight;Normal;Collision with pedestrians;2;1;Going straight;18-30;Not a Pedestrian;Driving to the left;Fatal injury
08:20:00;Monday;Male;High school;Owner;5-10yr;Automobile;Organization;5-10yrs;No defect; Hospital areas;Undivided Two way;Tangent road with mountainous terrain and;Y Shape;Asphalt roads;Dry;Daylight;Normal;Vehicle with vehicle collision;2;1;Other;na;Not a Pedestrian;Overtaking;Slight Injury
08:20:00;Monday;Male;Junior high school;Employee;5-10yr;Automobile;Owner;Above 10yr;No defect;Office areas;other;Tangent road with flat terrain;Y Shape;Asphalt roads;Dry;Daylight;Normal;Collision with pedestrians;2;1;Moving Backward;18-30;Not a Pedestrian;No priority to vehicle;Slight Injury
20:15:00;Sunday;Male;Junior high school;Employee;5-10yr;Automobile;Owner;2-5yrs;No defect;Other;Two-way (divided with broken lines road marking);Escarpments;Y Shape;Asphalt roads;Dry;Daylight;Normal;Vehicle with vehicle collision;2;2;Going straight;31-50;Not a Pedestrian;Moving Backward;Slight Injury
20:15:00;Sunday;Male;Junior high school;Employee;5-10yr;Public (> 45 seats);Owner;1-2yr;unknown;Office areas;Undivided Two way;Tangent road with flat terrain;Y Shape;Asphalt roads;Dry;Daylight;Normal;Vehicle with vehicle collision;2;2;Moving Backward;Over 51;Not a Pedestrian;Other;Slight Injury
17:01:00;Friday;Male;Junior high school;Employee;Above 10yr;unknown;Owner;2-5yrs;unknown;Office areas;Two-way (divided with broken lines road marking);Tangent road with mountainous terrain and;No junction;Asphalt roads;Dry;Daylight;Normal;Vehicle with vehicle collision;2;1;Going straight;Over 51;Not a Pedestrian;No priority to vehicle;Slight Injury
17:01:00;Friday;Male;Junior high school;Employee;5-10yr;Automobile;Owner;unknown;No defect;Other;Double carriageway (median);Steep grade downward with mountainous terrain;No junction;Asphalt roads;Dry;Daylight;Normal;Vehicle with vehicle collision;2;1;Moving Backward;na;Not a Pedestrian;No priority to pedestrian;Slight Injury
08:17:00;Tuesday;Male;Junior high school;Employee;No Licence;Automobile;Owner;1-2yr;No defect;Office areas;Undivided Two way;Tangent road with mild grade and flat terrain;Y Shape;Asphalt roads;Dry;Daylight;Normal;Vehicle with vehicle collision;2;3;unknown;na;Not a Pedestrian;Changing lane to the right;Slight Injury
08:17:00;Tuesday;Male;Above high school;Employee;Below 1yr;Other;Owner;unknown;No defect;Residential areas;Undivided Two way;Tangent road with flat terrain;Y Shape;Asphalt roads;Dry;Daylight;Normal;Vehicle with vehicle collision;2;3;Going straight;Over 51;Not a Pedestrian;Changing lane to the right;Slight Injury
08:17:00;Tuesday;Male;Elementary school;Employee;5-10yr;Stationwagen;Owner;Unknown;unknown;Other;Two-way (divided with broken lines road marking);Tangent road with flat terrain;Y Shape;Asphalt roads;Dry;Daylight;Normal;Vehicle with vehicle collision;2;3;Going straight;31-50;Not a Pedestrian;Changing lane to the right;Slight Injury
17:52:00;Monday;Male;Elementary school;Employee;5-10yr;Lorry (41?100Q);Owner;2-5yrs;unknown;Office areas;Double carriageway (median);Tangent road with flat terrain;T Shape;Earth roads;Dry;Daylight;Normal;Vehicle with vehicle collision;2;1;Going straight;na;Not a Pedestrian;Driving to the left;Slight Injury
17:52:00;Monday;Female;Junior high school;Employee;5-10yr;Taxi;Owner;5-10yrs;unknown;Office areas;Undivided Two way;Tangent road with mountainous terrain and;T Shape;Asphalt roads;Dry;Daylight;Normal;Vehicle with vehicle collision;2;1;Going straight;31-50;Not a Pedestrian;Changing lane to the left;Slight Injury
07:15:00;Tuesday;Male;High school;Employee;5-10yr;Other;unknown;unknown;unknown;Office areas;other;Tangent road with flat terrain;Crossing;Asphalt roads;Dry;Daylight;Normal;Vehicle with vehicle collision;2;1;Other;Under 18;Not a Pedestrian;Moving Backward;Slight Injury
07:15:00;Tuesday;Female;Junior high school;Employee;5-10yr;Public (12 seats);Owner;5-10yrs;No defect;Other;Two-way (divided with broken lines road marking);Tangent road with mild grade and flat terrain;Crossing;Other;Dry;Daylight;Normal;Vehicle with vehicle collision;2;1;Going straight;na;Not a Pedestrian;Driving at high speed;Slight Injury
18:46:00;Wednesday;Male;Junior high school;Employee;2-5yr;Automobile;Owner;unknown;No defect; Church areas;Undivided Two way;Tangent road with flat terrain;No junction;Asphalt roads;Dry;Daylight;Normal;Vehicle with vehicle collision;2;4;Moving Backward;na;Not a Pedestrian;Moving Backward;Slight Injury
18:46:00;Wednesday;Male;Writing & reading;Employee;5-10yr;Automobile;Owner;Unknown;No defect; Industrial areas;Undivided Two way;Tangent road with flat terrain;No junction;Asphalt roads;Dry;Daylight;Normal;Rollover;2;4;Moving Backward;Under 18;Not a Pedestrian;No distancing;Slight Injury
18:46:00;Wednesday;Male;Junior high school;Employee;Above 10yr;Public (13?45 seats);Owner;1-2yr;No defect;Office areas;Double carriageway (median);Tangent road with flat terrain;No junction;Asphalt roads;Dry;Daylight;Normal;Collision with roadside objects;2;4;Moving Backward;na;Not a Pedestrian;Other;Slight Injury
18:46:00;Wednesday;Male;Junior high school;Employee;1-2yr;Lorry (41?100Q);Owner;Unknown;No defect; Church areas;Undivided Two way;Tangent road with flat terrain;No junction;Asphalt roads;Dry;Daylight;Normal;Vehicle with vehicle collision;2;4;Going straight;31-50;Not a Pedestrian;No priority to vehicle;Slight Injury
18:46:00;Wednesday;Male;Writing & reading;Employee;Below 1yr;Lorry (41?100Q);Owner;unknown;unknown;Office areas;Undivided Two way;Tangent road with flat terrain;No junction;Asphalt roads;Dry;Daylight;Normal;Vehicle with vehicle collision;2;4;Going straight;31-50;Not a Pedestrian;Changing lane to the right;Slight Injury
00:41:00;Friday;Male;Elementary school;Employee;1-2yr;Lorry (11?40Q);Owner;unknown;No defect;Office areas;other;Tangent road with flat terrain;Y Shape;Asphalt roads;Dry;Darkness - lights lit;Normal;Vehicle with vehicle collision;2;1;Going straight;Under 18;Not a Pedestrian;Other;Slight Injury
00:41:00;Friday;Male;Junior high school;Employee;5-10yr;Motorcycle;Owner;unknown;unknown;Residential areas;Two-way (divided with broken lines road marking);Tangent road with flat terrain;Y Shape;Asphalt roads;Dry;Darkness - lights lit;Normal;Collision with pedestrians;2;1;Going straight;na;Not a Pedestrian;No distancing;Slight Injury
08:40:00;Monday;Male;Junior high school;Employee;1-2yr;Lorry (41?100Q);Owner;5-10yrs;unknown;Office areas;Two-way (divided with broken lines road marking);Tangent road with flat terrain;Y Shape;Asphalt roads;Dry;Daylight;Normal;Collision with pedestrians;2;1;Other;18-30;Not a Pedestrian;Driving carelessly;Slight Injury
08:40:00;Monday;Male;Elementary school;Owner;5-10yr;Stationwagen;Owner;5-10yrs;unknown;Residential areas;Undivided Two way;Tangent road with flat terrain;Y Shape;Asphalt roads;Dry;Daylight;Normal;Vehicle with vehicle collision;2;1;Going straight;31-50;Not a Pedestrian;No distancing;Slight Injury
07:00:00;Sunday;Male;Junior high school;Employee;2-5yr;Automobile;Owner;2-5yrs;unknown;Office areas;Double carriageway (median);Tangent road with flat terrain;Crossing;Asphalt roads;Dry;Daylight;Normal;Vehicle with vehicle collision;2;2;Going straight;na;Not a Pedestrian;Moving Backward;Slight Injury
07:00:00;Sunday;Male;Junior high school;Owner;Below 1yr;Other;Owner;2-5yrs;No defect;Office areas;Double carriageway (median);Tangent road with flat terrain;Crossing;Asphalt roads;Dry;Daylight;Normal;Collision with pedestrians;2;2;Going straight;31-50;Not a Pedestrian;No distancing;Slight Injury
16:15:00;Wednesday;Male;Writing & reading;Employee;5-10yr;Other;unknown;unknown;No defect;Other;Two-way (divided with broken lines road marking);Tangent road with flat terrain;Y Shape;Asphalt roads;Dry;Daylight;Normal;Collision with pedestrians;2;1;Reversing;31-50;Crossing from nearside - masked by parked or statioNot a Pedestrianry vehicle;Moving Backward;Slight Injury
16:15:00;Wednesday;Male;Writing & reading;Employee;5-10yr;Taxi;Owner;Unknown;No defect;Other;Two-way (divided with broken lines road marking);Tangent road with flat terrain;Y Shape;Asphalt roads;Dry;Daylight;Normal;Collision with pedestrians;2;1;Moving Backward;na;Not a Pedestrian;No priority to pedestrian;Slight Injury
08:35:00;Wednesday;Male;Junior high school;Employee;5-10yr;Automobile;Owner;Above 10yr;No defect;Residential areas;Two-way (divided with broken lines road marking);Tangent road with flat terrain;Y Shape;Asphalt roads;Dry;Daylight;Normal;Vehicle with vehicle collision;2;1;Going straight;31-50;Not a Pedestrian;Changing lane to the left;Slight Injury
08:35:00;Wednesday;Female;Junior high school;Employee;2-5yr;Long lorry;Owner;Unknown;unknown; Church areas;Two-way (divided with broken lines road marking);Tangent road with flat terrain;Y Shape;Asphalt roads;Dry;Daylight;Normal;Collision with roadside objects;2;1;Going straight;18-30;Crossing from nearside - masked by parked or statioNot a Pedestrianry vehicle;No distancing;Slight Injury
09:40:00;Monday;Male;Junior high school;Employee;Above 10yr;Long lorry;Governmental;Unknown;No defect; Church areas;Double carriageway (median);Tangent road with flat terrain;Crossing;Asphalt roads;Dry;Daylight;Normal;Vehicle with vehicle collision;1;1;Reversing;na;Not a Pedestrian;Other;Serious Injury