Time;Day_of_week;Sex_of_driver;Educational_level;Vehicle_driver_relation;Driving_experience;Type_of_vehicle;Owner_of_vehicle;Service_year_of_vehicle;Defect_of_vehicle;Area_accident_occured;Lanes_or_Medians;Road_allignment;Types_of_Junction;Road_surface_type;Road_surface_conditions;Light_conditions;Weather_conditions;Type_of_collision;Number_of_vehicles_involved;Number_of_casualties;Vehicle_movement;Age_band_of_casualty;Pedestrian_movement;Cause_of_accident;Accident_severity
03:00:00;Saturday;Male;Junior high school;Employee;1-2yr;Public (13?45 seats);Owner;5-10yrs;No defect; Church areas;Two-way (divided with broken lines road marking);Tangent road with flat terrain;Crossing;Asphalt roads;Wet or damp;Darkness - lights lit;Raining;Vehicle with vehicle collision;2;3;Turnover;na;Not a Pedestrian;Driving to the left;Slight Injury
03:00:00;Saturday;Male;Elementary school;Employee;2-5yr;Special vehicle;Owner;2-5yrs;unknown;Office areas;Two-way (divided with broken lines road marking);Tangent road with flat terrain;Crossing;Asphalt roads;Wet or damp;Darkness - lights lit;Raining;Collision with roadside objects;2;3;Going straight;31-50;Not a Pedestrian;Driving at high speed;Slight Injury
08:02:00;Sunday;Male;High school;Employee;1-2yr;Automobile;unknown;unknown;No defect;Office areas;Undivided Two way;Tangent road with mountainous terrain and;Y Shape;Asphalt roads;Dry;Daylight;Normal;Vehicle with vehicle collision;2;1;Going straight;18-30;Crossing from nearside - masked by parked or statioNot a Pedestrianry vehicle;Unknown;Slight Injury
08:02:00;Sunday;Male;Junior high school;Employee;5-10yr;Public (13?45 seats);Owner;2-5yrs;No defect;Other;Undivided Two way;Tangent road with flat terrain;Y Shape;Asphalt roads;Dry;Daylight;Normal;Vehicle with vehicle collision;2;1;Reversing;na;Not a Pedestrian;Changing lane to the right;Slight Injury
08:40:00;Saturday;Male;Junior high school;Employee;Below 1yr;unknown;Governmental;unknown;unknown;Residential areas;Two-way (divided with broken lines road marking);Tangent road with flat terrain;Crossing;Asphalt roads;Dry;Daylight;Normal;Vehicle with vehicle collision;2;1;Other;18-30;Not a Pedestrian;No distancing;Slight Injury
08:40:00;Saturday;Male;High school;Employee;Above 10yr;Lorry (41?100Q);Owner;2-5yrs;No defect;Office areas;Two-way (divided with broken lines road marking);Tangent road with mild grade and flat terrain;Crossing;Asphalt roads;Dry;Daylight;Normal;Vehicle with vehicle collision;2;1;Going straight;18-30;Not a Pedestrian;Other;Slight Injury
13:10:00;Monday;Male;Elementary school;Owner;5-10yr;Lorry (41?100Q);Owner;2-5yrs;unknown;Residential areas;other;Tangent road with flat terrain;Y Shape;Asphalt roads;Dry;Daylight;Normal;Collision with roadside objects;1;1;Going straight;18-30;Not a Pedestrian;No priority to vehicle;Slight Injury
14:30:00;Saturday;Male;Elementary school;Employee;Below 1yr;Public (12 seats);Owner;Unknown;No defect;Residential areas;Two-way (divided with broken lines road marking);Tangent road with flat terrain;Y Shape;Asphalt roads;Dry;Daylight;Normal;Vehicle with vehicle collision;2;1;Moving Backward;31-50;Not a Pedestrian;Changing lane to the left;Slight Injury
14:30:00;Saturday;Male;Junior high school;Employee;5-10yr;Lorry (41?100Q);Owner;unknown;No defect;Other;Double carriageway (median);Tangent road with flat terrain;Y Shape;Asphalt roads;Dry;Daylight;Normal;Vehicle with vehicle collision;2;1;Reversing;Over 51;Not a Pedestrian;No priority to pedestrian;Slight Injury
11:29:00;Thursday;Male;Elementary school;Owner;5-10yr;Lorry (41?100Q);Owner;unknown;No defect; Hospital areas;One way;Tangent road with flat terrain;Y Shape;Asphalt roads;Dry;Daylight;Normal;Collision with roadside objects;2;1;Going straight;na;Not a Pedestrian;Overtaking;Slight Injury
11:29:00;Thursday;Male;Junior high school;Employee;2-5yr;Public (12 seats);Governmental;unknown;No defect;Other;Undivided Two way;Tangent road with flat terrain;Y Shape;Asphalt roads;Dry;Daylight;Normal;Vehicle with vehicle collision;2;1;Going straight;Under 18;Not a Pedestrian;Driving carelessly;Slight Injury
00:10:00;Saturday;Male;Junior high school;Employee;Above 10yr;Public (> 45 seats);Owner;unknown;No defect;Other;Undivided Two way;Tangent road with flat terrain;Y Shape;Asphalt roads;Dry;Darkness - lights lit;Normal;Collision with roadside objects;2;1;Moving Backward;na;Not a Pedestrian;No priority to vehicle;Slight Injury
00:10:00;Saturday;Male;Junior high school;Employee;5-10yr;Automobile;Owner;unknown;No defect;  Recreational areas;One way;Tangent road with mild grade and flat terrain;Y Shape;Asphalt roads;Dry;Darkness - lights lit;Normal;Vehicle with vehicle collision;2;1;Going straight;18-30;Not a Pedestrian;No priority to pedestrian;Slight Injury
06:15:00;Wednesday;Male;High school;Employee;1-2yr;Pick up upto 10Q;Owner;unknown;No defect;Other;Undivided Two way;Tangent road with flat terrain;Y Shape;Asphalt roads;Dry;Daylight;Normal;Vehicle with vehicle collision;1;1;Going straight;31-50;Not a Pedestrian;Changing lane to the right;Slight Injury
16:24:00;Wednesday;Male;Junior high school;Employee;Above 10yr;Stationwagen;Owner;unknown;No defect;Other;Undivided Two way;Tangent road with flat terrain;Y Shape;Asphalt roads;Dry;Daylight;Normal;Vehicle with vehicle collision;2;1;Going straight;Over 51;Not a Pedestrian;Driving carelessly;Slight Injury
16:24:00;Wednesday;Male;Elementary school;Owner;2-5yr;Other;Owner;unknown;No defect;Other;Undivided Two way;Tangent road with flat terrain;Y Shape;Asphalt roads;Dry;Daylight;Normal;Vehicle with vehicle collision;2;1;Going straight;na;Not a Pedestrian;Changing lane to the right;Slight Injury
08:30:00;Friday;Male;Junior high school;Employee;5-10yr;unknown;Owner;Below 1yr;No defect;Office areas;Two-way (divided with broken lines road marking);Tangent road with flat terrain;Crossing;Asphalt roads;Dry;Daylight;Normal;Vehicle with vehicle collision;3;1;Going straight;31-50;Not a Pedestrian;Changing lane to the right;Serious Injury
08:30:00;Friday;Male;Junior high school;Employee;Below 1yr;Automobile;Owner;2-5yrs;No defect;Other;Two-way (divided with broken lines road marking);Tangent road with mild grade and flat terrain;Crossing;Asphalt roads;Dry;Daylight;Normal;Vehicle with vehicle collision;3;1;Going straight;31-50;Not a Pedestrian;Changing lane to the left;Serious Injury
08:30:00;Friday;Male;Junior high school;Employee;5-10yr;Stationwagen;Owner;unknown;No defect;Residential areas;Two-way (divided with broken lines road marking);Tangent road with flat terrain;Crossing;Asphalt roads;Dry;Daylight;Normal;Vehicle with vehicle collision;3;1;unknown;31-50;Not a Pedestrian;Overturning;Serious Injury
23:25:00;Wednesday;Female;High school;Employee;Above 10yr;Pick up upto 10Q;Owner;5-10yrs;No defect;Other;Undivided Two way;Tangent road with flat terrain;Y Shape;Asphalt roads;Dry;Darkness - lights lit;Normal;Vehicle with vehicle collision;1;1;Going straight;na;Not a Pedestrian;Driving carelessly;Slight Injury
10:55:00;Sunday;Male;Junior high school;Employee;5-10yr;Lorry (41?100Q);Owner;Unknown;No defect;Other;Undivided Two way;Tangent road with flat terrain;Crossing;Asphalt roads;Dry;Daylight;Normal;Collision with pedestrians;1;1;Reversing;31-50;Not a Pedestrian;No distancing;Slight Injury
07:36:00;Monday;Male;Elementary school;Employee;1-2yr;Automobile;Owner;unknown;unknown; Church areas;Undivided Two way;Tangent road with flat terrain;Crossing;Asphalt roads;Dry;Daylight;Normal;Collision with roadside objects;2;1;Going straight;18-30;Not a Pedestrian;Driving carelessly;Slight Injury
07:36:00;Monday;Male;Junior high school;Employee;unknown;unknown;Owner;1-2yr;5;Office areas;Undivided Two way;Tangent road with flat terrain;Crossing;Asphalt roads;Dry;Daylight;Normal;Vehicle with vehicle collision;2;1;Going straight;Under 18;Not a Pedestrian;Changing lane to the left;Slight Injury
08:50:00;Monday;Female;Above high school;Employee;1-2yr;Lorry (41?100Q);Owner;Above 10yr;No defect;School areas;other;Tangent road with flat terrain;Y Shape;Asphalt roads;Dry;Daylight;Normal;Vehicle with vehicle collision;1;1;Going straight;18-30;Not a Pedestrian;No priority to vehicle;Slight Injury
09:00:00;Tuesday;Male;Junior high school;Employee;Above 10yr;Lorry (41?100Q);Owner;2-5yrs;No defect;Other;Undivided Two way;Tangent road with flat terrain;Y Shape;Asphalt roads;Wet or damp;Daylight;Raining;Collision with roadside objects;2;1;Going straight;18-30;Not a Pedestrian;Changing lane to the right;Slight Injury
09:00:00;Tuesday;Male;Junior high school;Employee;1-2yr;Lorry (41?100Q);Owner;1-2yr;No defect;Office areas;Undivided Two way;Tangent road with flat terrain;Y Shape;Asphalt roads;Wet or damp;Daylight;Raining;Vehicle with vehicle collision;2;1;Going straight;Under 18;Not a Pedestrian;No distancing;Slight Injury
09:00:00;Monday;Male;Junior high school;Employee;5-10yr;Pick up upto 10Q;Owner;1-2yr;No defect;Residential areas;other;Steep grade downward with mountainous terrain;Y Shape;Asphalt roads;Dry;Daylight;Normal;Vehicle with vehicle collision;1;2;Going straight;18-30;Not a Pedestrian;Moving Backward;Slight Injury
09:00:00;Monday;Male;Junior high school;Employee;2-5yr;Pick up upto 10Q;Owner;1-2yr;No defect; Industrial areas;One way;Tangent road with flat terrain;Y Shape;Asphalt roads;Dry;Daylight;Normal;Collision with pedestrians;1;2;Other;na;Not a Pedestrian;Moving Backward;Slight Injury
10:30:00;Wednesday;Male;unknown;unknown;unknown;Automobile;Owner;2-5yrs;No defect;Other;Undivided Two way;Tangent road with flat terrain;Y Shape;Asphalt roads;Dry;Daylight;Normal;Vehicle with vehicle collision;2;1;Moving Backward;na;Not a Pedestrian;No distancing;Slight Injury
10:30:00;Wednesday;Male;Junior high school;Employee;2-5yr;Other;Owner;1-2yr;No defect;Residential areas;Undivided Two way;Tangent road with flat terrain;Y Shape;Asphalt roads;Dry;Daylight;Normal;Collision with pedestrians;2;1;Other;Under 18;Not a Pedestrian;No distancing;Slight Injury
08:47:00;Thursday;Male;Junior high school;Employee;2-5yr;unknown;Owner;1-2yr;No defect;  Recreational areas;Two-way (divided with broken lines road marking);Tangent road with flat terrain;Y Shape;Asphalt roads;Wet or damp;Daylight;Raining;Vehicle with vehicle collision;2;1;Going straight;na;Not a Pedestrian;No distancing;Slight Injury
08:47:00;Thursday;Male;Junior high school;Employee;Above 10yr;Automobile;Owner;Unknown;7;Office areas;other;Tangent road with flat terrain;Y Shape;Asphalt roads;Wet or damp;Daylight;Raining;Vehicle with vehicle collision;2;1;Going straight;18-30;Not a Pedestrian;No priority to pedestrian;Slight Injury
04:28:00;Tuesday;Male;Junior high school;Employee;1-2yr;Motorcycle;Owner;unknown;No defect; Outside rural areas;Two-way (divided with broken lines road marking);Tangent road with flat terrain;Crossing;Asphalt roads;Dry;Darkness - lights lit;Normal;Collision with roadside objects;2;1;Going straight;na;Not a Pedestrian;Driving carelessly;Slight Injury
04:28:00;Tuesday;Male;Above high school;Owner;1-2yr;Automobile;Owner;1-2yr;No defect; Outside rural areas;Two-way (divided with broken lines road marking);Tangent road with flat terrain;Crossing;Asphalt roads;Dry;Darkness - lights lit;Normal;Vehicle with vehicle collision;2;1;Other;31-50;Not a Pedestrian;Changing lane to the right;Slight Injury
08:05:00;Thursday;Male;Above high school;Employee;No Licence;Automobile;Owner;1-2yr;No defect; Outside rural areas;Undivided Two way;Tangent road with flat terrain;Y Shape;Asphalt roads;Dry;Daylight;Normal;Vehicle with vehicle collision;2;1;Going straight;Under 18;Crossing from nearside - masked by parked or statioNot a Pedestrianry vehicle;Changing lane to the left;Slight Injury
08:05:00;Thursday;Male;Junior high school;Employee;1-2yr;Public (12 seats);Governmental;Below 1yr;No defect; Outside rural areas;Undivided Two way;Tangent road with flat terrain;Y Shape;Asphalt roads;Dry;Daylight;Normal;Vehicle with vehicle collision;2;1;unknown;na;Not a Pedestrian;Driving carelessly;Slight Injury
09:20:00;Saturday;Male;Junior high school;Employee;5-10yr;Long lorry;Owner;unknown;No defect; Outside rural areas;other;Steep grade downward with mountainous terrain;No junction;Asphalt roads;Dry;Daylight;Normal;Collision with pedestrians;1;1;Going straight;18-30;Not a Pedestrian;Driving carelessly;Serious Injury
18:45:00;Thursday;Male;Junior high school;Employee;Above 10yr;unknown;Owner;unknown;No defect;School areas;other;Steep grade downward with mountainous terrain;Crossing;Asphalt roads;Dry;Daylight;Normal;Collision with roadside objects;1;1;Going straight;18-30;Not a Pedestrian;No distancing;Slight Injury
18:45:00;Tuesday;Male;Junior high school;Employee;Above 10yr;Automobile;Owner;Above 10yr;No defect; Outside rural areas;Two-way (divided with broken lines road marking);Tangent road with flat terrain;Y Shape;Asphalt roads;Dry;Daylight;Normal;Collision with pedestrians;1;2;Going straight;na;Not a Pedestrian;Other;Slight Injury
18:45:00;Tuesday;Male;Junior high school;Owner;5-10yr;Public (> 45 seats);Owner;unknown;No defect; Outside rural areas;Undivided Two way;Tangent road with flat terrain;Y Shape;unknown;Dry;Daylight;Normal;Vehicle with vehicle collision;1;2;Going straight;Over 51;Not a Pedestrian;Changing lane to the right;Slight Injury
13:27:00;Monday;Male;Elementary school;Employee;2-5yr;Pick up upto 10Q;Owner;unknown;No defect; Outside rural areas;Two-way (divided with broken lines road marking);Escarpments;Y Shape;Asphalt roads;Dry;Daylight;Normal;Vehicle with vehicle collision;1;1;Moving Backward;na;Not a Pedestrian;Changing lane to the right;Slight Injury
21:00:00;Monday;Male;Junior high school;Employee;2-5yr;Lorry (41?100Q);Owner;2-5yrs;No defect; Outside rural areas;Two-way (divided with broken lines road marking);Tangent road with mountainous terrain and;No junction;Asphalt roads;Wet or damp;Darkness - lights lit;Raining;Vehicle with vehicle collision;2;1;Moving Backward;na;Not a Pedestrian;No distancing;Slight Injury
21:00:00;Monday;Male;Junior high school;Employee;Below 1yr;Automobile;Owner;2-5yrs;No defect;Office areas;Undivided Two way;Tangent road with mountainous terrain and;No junction;Asphalt roads;Wet or damp;Darkness - lights lit;Raining;Vehicle with vehicle collision;2;1;Going straight;Over 51;Not a Pedestrian;No distancing;Slight Injury
14:20:00;Sunday;Male;Junior high school;Employee;2-5yr;Public (13?45 seats);Owner;2-5yrs;No defect; Outside rural areas;Undivided Two way;Tangent road with mountainous terrain and;Y Shape;Asphalt roads;Dry;Daylight;Normal;Vehicle with vehicle collision;1;1;Going straight;31-50;Not a Pedestrian;Overturning;Slight Injury
16:54:00;Tuesday;Male;Junior high school;Employee;2-5yr;Automobile;Owner;unknown;No defect; Outside rural areas;Undivided Two way;Tangent road with mountainous terrain and;Y Shape;Asphalt roads;Dry;Daylight;Normal;Collision with roadside objects;1;1;Turnover;na;Not a Pedestrian;Driving at high speed;Slight Injury
16:40:00;Thursday;Female;Elementary school;Employee;5-10yr;Public (> 45 seats);Owner;2-5yrs;No defect; Outside rural areas;Undivided Two way;Tangent road with flat terrain;Unknown;Asphalt roads;Dry;Daylight;Normal;Collision with roadside objects;2;1;Going straight;31-50;Not a Pedestrian;No priority to vehicle;Slight Injury
16:40:00;Thursday;Male;Junior high school;Employee;Above 10yr;Public (12 seats);Owner;unknown;No defect;Office areas;Undivided Two way;Tangent road with flat terrain;Unknown;Asphalt roads;Dry;Daylight;Normal;Vehicle with vehicle collision;2;1;Going straight;Under 18;Not a Pedestrian;No priority to pedestrian;Slight Injury
16:55:00;Tuesday;Male;unknown;unknown;unknown;Automobile;Owner;unknown;No defect;  Recreational areas;Undivided Two way;Tangent road with flat terrain;Y Shape;Asphalt roads;Dry;Daylight;Normal;Vehicle with vehicle collision;1;1;Going straight;na;Not a Pedestrian;No priority to vehicle;Slight Injury
16:00:00;Friday;Female;Junior high school;Employee;2-5yr;Lorry (41?100Q);Owner;Above 10yr;No defect;Office areas;Undivided Two way;Tangent road with flat terrain;Y Shape;Asphalt roads;Dry;Daylight;Normal;Vehicle with vehicle collision;2;1;Going straight;18-30;Not a Pedestrian;Other;Slight Injury
16:00:00;Friday;Male;Junior high school;Employee;5-10yr;Automobile;Owner;2-5yrs;No defect;Other;Two-way (divided with broken lines road marking);Tangent road with mild grade and flat terrain;Y Shape;Asphalt roads;Dry;Daylight;Normal;Vehicle with vehicle collision;2;1;Going straight;18-30;Not a Pedestrian;Other;Slight Injury
17:00:00;Sunday;Male;Above high school;Employee;2-5yr;Pick up upto 10Q;Owner;Above 10yr;No defect;Residential areas;Two-way (divided with broken lines road marking);Tangent road with flat terrain;Unknown;Asphalt roads;Dry;Daylight;Normal;Vehicle with vehicle collision;1;1;Going straight;18-30;Not a Pedestrian;Moving Backward;Serious Injury
06:10:00;Tuesday;Male;unknown;unknown;unknown;Public (12 seats);Owner;Above 10yr;No defect;Residential areas;other;Tangent road with flat terrain;Y Shape;Asphalt roads;Dry;Darkness - lights lit;Normal;Vehicle with vehicle collision;2;1;Going straight;31-50;Not a Pedestrian;No distancing;Slight Injury
06:10:00;Tuesday;Male;unknown;Employee;1-2yr;Automobile;Owner;unknown;No defect;Residential areas;Undivided Two way;Tangent road with flat terrain;Y Shape;Asphalt roads;Dry;Darkness - lights lit;Normal;Vehicle with vehicle collision;2;1;Going straight;Over 51;Not a Pedestrian;Moving Backward;Slight Injury
16:45:00;Wednesday;Female;Junior high school;Employee;2-5yr;Automobile;Owner;Above 10yr;No defect;Other;Undivided Two way;Tangent road with flat terrain;Y Shape;Asphalt roads;Dry;Daylight;Normal;Vehicle with vehicle collision;2;1;unknown;Under 18;Not a Pedestrian;No priority to vehicle;Slight Injury
16:45:00;Wednesday;Male;Junior high school;Employee;Above 10yr;Automobile;Owner;unknown;No defect;Office areas;Two-way (divided with broken lines road marking);Tangent road with flat terrain;Y Shape;Asphalt roads;Dry;Daylight;Normal;Vehicle with vehicle collision;2;1;Other;na;Not a Pedestrian;Driving carelessly;Slight Injury
00:01:00;Sunday;Female;Junior high school;Employee;Below 1yr;Stationwagen;Owner;unknown;unknown;Other;Two-way (divided with broken lines road marking);Tangent road with flat terrain;No junction;Asphalt roads;Dry;Darkness - lights lit;Normal;Vehicle with vehicle collision;2;1;Getting off;31-50;Not a Pedestrian;No distancing;Slight Injury
00:01:00;Sunday;Male;Junior high school;Employee;2-5yr;Other;Owner;Above 10yr;unknown;Other;other;Tangent road with flat terrain;No junction;Asphalt roads;Dry;Darkness - lights lit;Normal;Other;2;1;Going straight;Over 51;Not a Pedestrian;Other;Slight Injury
08:30:00;Monday;Male;Junior high school;Employee;Below 1yr;Other;Owner;5-10yrs;unknown;Office areas;Two-way (divided with broken lines road marking);Tangent road with flat terrain;Y Shape;Asphalt roads;Dry;Daylight;Normal;Vehicle with vehicle collision;2;1;Going straight;na;Not a Pedestrian;Changing lane to the right;Slight Injury
08:30:00;Monday;Female;High school;Employee;5-10yr;Other;Owner;Below 1yr;unknown; Church areas;other;Tangent road with flat terrain;Y Shape;Asphalt roads;Dry;Daylight;Normal;Collision with roadside objects;2;1;Going straight;31-50;Not a Pedestrian;No distancing;Slight Injury
09:15:00;Wednesday;Male;Above high school;Employee;1-2yr;Public (13?45 seats);Owner;Unknown;No defect;Other;Two-way (divided with broken lines road marking);Tangent road with flat terrain;Crossing;Asphalt roads;Dry;Daylight;Normal;Vehicle with vehicle collision;2;1;Other;Under 18;Not a Pedestrian;Driving carelessly;Slight Injury
09:15:00;Wednesday;Female;Junior high school;Employee;Below 1yr;Lorry (41?100Q);Owner;unknown;unknown;Other;One way;Tangent road with flat terrain;Crossing;Asphalt roads;Dry;Daylight;Normal;Vehicle with vehicle collision;2;1;Going straight;Over 51;Not a Pedestrian;No distancing;Slight Injury
17:43:00;Monday;Male;unknown;unknown;unknown;Public (12 seats);Owner;unknown;unknown;Office areas;Double carriageway (median);Tangent road with flat terrain;Crossing;Asphalt roads;Dry;Daylight;Normal;Vehicle with vehicle collision;2;1;Moving Backward;na;Not a Pedestrian;No priority to vehicle;Slight Injury
17:43:00;Monday;Male;High school;Employee;Below 1yr;Automobile;Owner;unknown;unknown;Office areas;One way;Tangent road with mild grade and flat terrain;Crossing;Asphalt roads;Dry;Daylight;Normal;Vehicle with vehicle collision;2;1;Other;31-50;In carriageway, statioNot a Pedestrianry - not crossing  (standing or playing);Changing lane to the right;Slight Injury
14:45:00;Wednesday;Male;High school;Employee;Below 1yr;Automobile;Owner;unknown;unknown;Office areas;Undivided Two way;Tangent road with flat terrain;Y Shape;Asphalt roads;Dry;Daylight;Normal;Vehicle with vehicle collision;1;1;Going straight;Over 51;Not a Pedestrian;No priority to pedestrian;Slight Injury
12:10:00;Tuesday;Male;unknown;unknown;unknown;Stationwagen;Owner;unknown;No defect;Office areas;Double carriageway (median);Tangent road with flat terrain;Y Shape;Asphalt roads;Dry;Daylight;Normal;Vehicle with vehicle collision;2;1;Going straight;18-30;Not a Pedestrian;No priority to vehicle;Serious Injury
12:10:00;Tuesday;Male;High school;Employee;2-5yr;Lorry (41?100Q);Owner;Unknown;unknown;unknown;Two-way (divided with broken lines road marking);Tangent road with flat terrain;Y Shape;Asphalt roads;Dry;Daylight;Normal;Collision with roadside objects;2;1;Going straight;Under 18;Crossing from nearside - masked by parked or statioNot a Pedestrianry vehicle;Changing lane to the left;Serious Injury
06:02:00;Saturday;Male;Junior high school;Employee;Above 10yr;Lorry (41?100Q);Owner;Below 1yr;unknown;Office areas;Undivided Two way;Tangent road with flat terrain;Y Shape;Asphalt roads;Dry;Darkness - lights lit;Normal;Collision with roadside objects;2;1;unknown;na;Not a Pedestrian;Turnover;Slight Injury
06:02:00;Saturday;Male;Junior high school;Employee;Above 10yr;Lorry (41?100Q);Owner;Unknown;unknown;Other;unknown;Tangent road with flat terrain;Y Shape;Asphalt roads;Dry;Darkness - lights lit;Normal;Vehicle with vehicle collision;2;1;Going straight;Over 51;Not a Pedestrian;Driving to the left;Slight Injury
22:05:00;Thursday;Male;Junior high school;Employee;5-10yr;Public (> 45 seats);Owner;unknown;unknown;Other;Double carriageway (median);Tangent road with flat terrain;Y Shape;Gravel roads;Dry;Darkness - lights lit;Normal;Collision with roadside objects;2;1;Going straight;na;Not a Pedestrian;Driving carelessly;Slight Injury
22:05:00;Thursday;Male;Junior high school;Employee;1-2yr;Public (12 seats);Governmental;Unknown;unknown;Other;Two-way (divided with broken lines road marking);Tangent road with flat terrain;Y Shape;Asphalt roads;Dry;Darkness - lights lit;Normal;Collision with roadside objects;2;1;Going straight;31-50;Not a Pedestrian;Driving to the left;Slight Injury
18:45:00;Thursday;Male;Unknown;Employee;Below 1yr;Other;Owner;unknown;unknown;Office areas;unknown;Tangent road with flat terrain;Y Shape;Asphalt roads;Dry;Darkness - lights lit;Normal;Vehicle with vehicle collision;1;1;Going straight;na;Not a Pedestrian;Driving carelessly;Slight Injury
16:23:00;Saturday;Male;Junior high school;Employee;Below 1yr;Public (12 seats);Owner;unknown;unknown;Office areas;unknown;Tangent road with flat terrain;No junction;Asphalt roads;Dry;Daylight;Normal;Vehicle with vehicle collision;1;1;Going straight;18-30;Not a Pedestrian;No priority to pedestrian;Slight Injury
11:00:00;Monday;Female;High school;Employee;2-5yr;Other;Owner;unknown;unknown;Office areas;Two-way (divided with broken lines road marking);Tangent road with flat terrain;No junction;Asphalt roads;Dry;Daylight;Normal;Collision with roadside objects;1;1;Going straight;Over 51;Unknown or other;Driving carelessly;Slight Injury
17:25:00;Monday;Male;Junior high school;Owner;1-2yr;Public (12 seats);Governmental;unknown;No defect;Office areas;Two-way (divided with broken lines road marking);Tangent road with flat terrain;Y Shape;Asphalt roads;Wet or damp;Darkness - lights lit;Raining;Vehicle with vehicle collision;1;1;Going straight;Over 51;Not a Pedestrian;Changing lane to the right;Slight Injury
22:20:00;Monday;Male;Junior high school;Employee;5-10yr;Stationwagen;Owner;2-5yrs;unknown; Church areas;Undivided Two way;Tangent road with flat terrain;No junction;Asphalt roads;Wet or damp;Darkness - lights lit;Raining;Vehicle with vehicle collision;2;1;Going straight;31-50;Not a Pedestrian;Moving Backward;Slight Injury
22:20:00;Monday;Male;Elementary school;Employee;2-5yr;Automobile;Governmental;unknown;unknown;Office areas;Two-way (divided with broken lines road marking);Tangent road with flat terrain;No junction;Asphalt roads;Wet or damp;Darkness - lights lit;Raining;Vehicle with vehicle collision;2;1;Going straight;18-30;Unknown or other;Driving carelessly;Slight Injury
00:29:00;Tuesday;Male;Elementary school;Owner;5-10yr;Lorry (41?100Q);Governmental;Unknown;unknown;Residential areas;Two-way (divided with broken lines road marking);Tangent road with flat terrain;Crossing;Asphalt roads;Dry;Darkness - lights lit;Normal;Vehicle with vehicle collision;1;1;Going straight;18-30;Crossing from nearside - masked by parked or statioNot a Pedestrianry vehicle;Changing lane to the right;Slight Injury
09:50:00;Friday;Male;Junior high school;Employee;Above 10yr;Special vehicle;Owner;unknown;unknown;School areas;Two-way (divided with broken lines road marking);Tangent road with flat terrain;Crossing;Asphalt roads;Dry;Daylight;Normal;Vehicle with vehicle collision;1;1;Going straight;Under 18;Not a Pedestrian;Driving carelessly;Slight Injury
10:11:00;Tuesday;Male;Junior high school;Employee;5-10yr;Lorry (41?100Q);Owner;Unknown;unknown;Office areas;Undivided Two way;Tangent road with flat terrain;No junction;Asphalt roads with some distress;Dry;Daylight;Normal;Vehicle with vehicle collision;2;1;unknown;31-50;Not a Pedestrian;Driving carelessly;Slight Injury
10:11:00;Tuesday;Male;High school;Employee;5-10yr;Lorry (41?100Q);Owner;5-10yrs;unknown;Other;Undivided Two way;Tangent road with flat terrain;No junction;Asphalt roads;Dry;Daylight;Normal;Collision with pedestrians;2;1;Going straight;na;Not a Pedestrian;Driving carelessly;Slight Injury
10:41:00;Tuesday;Male;Junior high school;Employee;5-10yr;Public (> 45 seats);Owner;unknown;unknown;Other;Double carriageway (median);Tangent road with flat terrain;Y Shape;Asphalt roads;Wet or damp;Daylight;Normal;Vehicle with vehicle collision;1;1;Going straight;31-50;Not a Pedestrian;Changing lane to the right;Slight Injury
16:25:00;Tuesday;Male;Junior high school;Employee;Above 10yr;Automobile;Governmental;unknown;No defect;Other;Double carriageway (median);Tangent road with flat terrain;Crossing;Asphalt roads;Dry;Darkness - lights lit;Normal;Collision with roadside objects;2;1;Going straight;na;Not a Pedestrian;Changing lane to the right;Slight Injury
16:25:00;Tuesday;Male;Junior high school;unknown;1-2yr;Automobile;Owner;5-10yrs;No defect;Other;Two-way (divided with broken lines road marking);Tangent road with flat terrain;Crossing;Asphalt roads;Dry;Darkness - lights lit;Normal;Vehicle with vehicle collision;2;1;Going straight;na;Not a Pedestrian;Driving carelessly;Slight Injury
21:28:00;Tuesday;Male;Junior high school;Employee;2-5yr;Automobile;Owner;Unknown;No defect;Office areas;Double carriageway (median);Tangent road with mild grade and flat terrain;Crossing;Asphalt roads;Dry;Darkness - lights lit;Normal;Vehicle with vehicle collision;1;1;Turnover;31-50;Not a Pedestrian;Overtaking;Slight Injury
07:07:00;Wednesday;Male;Junior high school;Employee;1-2yr;Public (> 45 seats);Owner;unknown;unknown;Office areas;Two-way (divided with broken lines road marking);Tangent road with flat terrain;Y Shape;Asphalt roads;Dry;Darkness - lights lit;Normal;Vehicle with vehicle collision;2;1;Moving Backward;Over 51;Not a Pedestrian;Changing lane to the right;Slight Injury
07:07:00;Wednesday;Male;unknown;unknown;unknown;Lorry (11?40Q);Owner;unknown;unknown;Office areas;unknown;Tangent road with mild grade and flat terrain;Y Shape;Asphalt roads;Dry;Darkness - lights lit;Normal;Vehicle with vehicle collision;2;1;Going straight;na;Not a Pedestrian;No distancing;Slight Injury
12:10:00;Wednesday;Unknown;Elementary school;Employee;5-10yr;Pick up upto 10Q;Owner;unknown;unknown;Office areas;unknown;Tangent road with mild grade and flat terrain;Y Shape;Asphalt roads;Dry;Daylight;Normal;Vehicle with vehicle collision;1;1;Going straight;na;Not a Pedestrian;Other;Slight Injury
11:30:00;Wednesday;Male;Junior high school;Employee;5-10yr;Lorry (11?40Q);Owner;unknown;unknown;Office areas;One way;Tangent road with flat terrain;Crossing;Asphalt roads;Dry;Daylight;Normal;Vehicle with vehicle collision;1;1;Moving Backward;Over 51;Not a Pedestrian;Changing lane to the right;Slight Injury