Time;Day_of_week;Sex_of_driver;Educational_level;Vehicle_driver_relation;Driving_experience;Type_of_vehicle;Owner_of_vehicle;Service_year_of_vehicle;Defect_of_vehicle;Area_accident_occured;Lanes_or_Medians;Road_allignment;Types_of_Junction;Road_surface_type;Road_surface_conditions;Light_conditions;Weather_conditions;Type_of_collision;Number_of_vehicles_involved;Number_of_casualties;Vehicle_movement;Age_band_of_casualty;Pedestrian_movement;Cause_of_accident;Accident_severity
17:21:00;Thursday;Male;Elementary school;Employee;2-5yr;Lorry (11?40Q);Owner;2-5yrs;No defect;Office areas;Undivided Two way;Tangent road with flat terrain;Y Shape;Asphalt roads;Wet or damp;Darkness - lights lit;Raining;Vehicle with vehicle collision;2;1;Going straight;na;Not a Pedestrian;Changing lane to the right;Slight Injury
09:04:00;Thursday;Male;Elementary school;Employee;2-5yr;unknown;unknown;unknown;unknown;Other;Undivided Two way;Tangent road with flat terrain;No junction;Asphalt roads;Dry;Daylight;Normal;Vehicle with vehicle collision;1;1;Going straight;18-30;Not a Pedestrian;Changing lane to the left;Slight Injury
09:39:00;Thursday;Male;Elementary school;Employee;5-10yr;unknown;Owner;Unknown;unknown;Other;unknown;Tangent road with flat terrain;Crossing;Asphalt roads with some distress;Dry;Daylight;Normal;Vehicle with vehicle collision;1;1;Going straight;18-30;In carriageway, statioNot a Pedestrianry - not crossing  (standing or playing) - masked by parked or statioNot a Pedestrianry vehicle;Moving Backward;Slight Injury
12:10:00;Thursday;Male;Junior high school;Employee;5-10yr;Automobile;Owner;Above 10yr;unknown;Other;Undivided Two way;Tangent road with flat terrain;Y Shape;Asphalt roads;Dry;Daylight;Normal;Vehicle with vehicle collision;2;1;Going straight;18-30;Not a Pedestrian;Driving carelessly;Slight Injury
12:10:00;Thursday;Male;unknown;unknown;unknown;Lorry (11?40Q);Owner;unknown;No defect;Office areas;unknown;Tangent road with flat terrain;Y Shape;Asphalt roads;Dry;Daylight;Normal;Vehicle with vehicle collision;2;1;Going straight;Over 51;In carriageway, statioNot a Pedestrianry - not crossing  (standing or playing);Driving to the left;Slight Injury
04:54:00;Friday;Male;Junior high school;Employee;Above 10yr;Lorry (41?100Q);Owner;Above 10yr;No defect;Office areas;Two-way (divided with broken lines road marking);Tangent road with flat terrain;Crossing;Asphalt roads;Wet or damp;Darkness - lights lit;Raining;Vehicle with vehicle collision;2;1;Going straight;na;Not a Pedestrian;Driving to the left;Slight Injury
04:54:00;Friday;Male;Junior high school;Employee;Above 10yr;Pick up upto 10Q;Owner;unknown;No defect;Other;Two-way (divided with broken lines road marking);Steep grade downward with mountainous terrain;Crossing;Asphalt roads;Wet or damp;Darkness - lights lit;Raining;Vehicle with vehicle collision;2;1;Going straight;31-50;Not a Pedestrian;No priority to pedestrian;Slight Injury
12:30:00;Saturday;Male;Junior high school;Owner;Above 10yr;Lorry (11?40Q);Owner;Above 10yr;No defect; Church areas;other;Tangent road with flat terrain;Crossing;Asphalt roads;Wet or damp;Daylight;Raining;Collision with roadside objects;2;2;Going straight;18-30;Not a Pedestrian;Changing lane to the left;Slight Injury
12:30:00;Saturday;Male;Junior high school;Employee;unknown;Stationwagen;Governmental;unknown;No defect; Industrial areas;Undivided Two way;Tangent road with flat terrain;Crossing;Asphalt roads;Wet or damp;Daylight;Raining;Vehicle with vehicle collision;2;2;Going straight;31-50;Not a Pedestrian;Changing lane to the right;Slight Injury
12:30:00;Saturday;Male;Junior high school;Employee;5-10yr;Other;Organization;2-5yrs;unknown;Other;Undivided Two way;Tangent road with flat terrain;Crossing;Asphalt roads;Wet or damp;Daylight;Raining;Vehicle with vehicle collision;2;2;Other;na;Not a Pedestrian;Driving carelessly;Slight Injury
11:50:00;Friday;Male;Junior high school;Employee;2-5yr;Other;Owner;5-10yrs;No defect;Other;Two-way (divided with broken lines road marking);Tangent road with flat terrain;Y Shape;Asphalt roads;Dry;Daylight;Normal;Vehicle with vehicle collision;2;1;Going straight;na;Not a Pedestrian;No distancing;Serious Injury
11:50:00;Friday;Male;Elementary school;Employee;5-10yr;Lorry (11?40Q);Owner;1-2yr;unknown;Office areas;Undivided Two way;Tangent road with mountainous terrain and;Y Shape;Asphalt roads;Dry;Daylight;Normal;Vehicle with vehicle collision;2;1;Reversing;31-50;Not a Pedestrian;Getting off the vehicle improperly;Serious Injury
15:19:00;Friday;Male;Junior high school;Employee;2-5yr;unknown;Owner;Unknown;No defect;Other;One way;Tangent road with flat terrain;Crossing;Asphalt roads;Dry;Daylight;Normal;Rollover;1;2;Going straight;18-30;Not a Pedestrian;Driving under the influence of drugs;Slight Injury
15:19:00;Friday;Male;High school;Owner;5-10yr;Automobile;Owner;Unknown;No defect;  Recreational areas;Undivided Two way;Steep grade downward with mountainous terrain;Crossing;Asphalt roads;Dry;Daylight;Normal;Vehicle with vehicle collision;1;2;Reversing;18-30;Not a Pedestrian;Changing lane to the right;Slight Injury
01:58:00;Saturday;Male;Junior high school;Employee;Above 10yr;Lorry (41?100Q);Governmental;Unknown;No defect;Other;Two-way (divided with broken lines road marking);Steep grade downward with mountainous terrain;Crossing;Asphalt roads;Dry;Darkness - lights lit;Normal;Vehicle with vehicle collision;1;1;Going straight;31-50;Not a Pedestrian;Driving carelessly;Slight Injury
21:10:00;Friday;Male;Junior high school;Employee;2-5yr;Other;Governmental;5-10yrs;No defect; Church areas;Two-way (divided with broken lines road marking);Tangent road with flat terrain;Crossing;Asphalt roads;Dry;Darkness - lights lit;Normal;Collision with roadside objects;1;1;Reversing;na;Not a Pedestrian;Moving Backward;Slight Injury
15:46:00;Saturday;Male;Elementary school;Employee;2-5yr;Lorry (41?100Q);Owner;unknown;unknown;Residential areas;Undivided Two way;Tangent road with flat terrain;Crossing;Asphalt roads;Dry;Daylight;Normal;Vehicle with vehicle collision;2;3;unknown;18-30;Not a Pedestrian;Turnover;Slight Injury
15:46:00;Saturday;Male;High school;Owner;Above 10yr;Automobile;Owner;5-10yrs;No defect;Office areas;Two-way (divided with broken lines road marking);unknown;Crossing;Asphalt roads;Dry;Daylight;Normal;Vehicle with vehicle collision;2;3;Going straight;31-50;Not a Pedestrian;Changing lane to the right;Slight Injury
15:46:00;Saturday;Male;Elementary school;Employee;1-2yr;Pick up upto 10Q;Owner;2-5yrs;No defect;Other;Two-way (divided with broken lines road marking);Tangent road with flat terrain;Crossing;Asphalt roads;Dry;Daylight;Normal;Vehicle with vehicle collision;2;3;Reversing;31-50;Not a Pedestrian;Driving carelessly;Slight Injury
15:46:00;Saturday;Male;Junior high school;Employee;Above 10yr;Lorry (41?100Q);Governmental;2-5yrs;unknown;Office areas;Undivided Two way;Tangent road with flat terrain;Crossing;Asphalt roads;Dry;Daylight;Normal;Collision with roadside objects;2;3;Other;Under 18;Not a Pedestrian;No priority to vehicle;Slight Injury
20:00:00;Saturday;Male;unknown;unknown;unknown;Public (13?45 seats);Owner;unknown;unknown;Office areas;other;Tangent road with flat terrain;Y Shape;Asphalt roads;Wet or damp;Darkness - lights lit;Normal;Collision with roadside objects;2;1;Going straight;na;Not a Pedestrian;Moving Backward;Slight Injury
20:00:00;Saturday;Male;Junior high school;Owner;5-10yr;Long lorry;Owner;unknown;No defect;Other;One way;Escarpments;Y Shape;unknown;Wet or damp;Darkness - lights lit;Normal;Vehicle with vehicle collision;2;1;Going straight;18-30;Not a Pedestrian;Changing lane to the left;Slight Injury
23:30:00;Sunday;Male;Above high school;Employee;5-10yr;Automobile;Owner;unknown;No defect;Residential areas;Undivided Two way;Tangent road with flat terrain;Crossing;Asphalt roads;Dry;Darkness - lights lit;Normal;Vehicle with vehicle collision;2;1;Going straight;31-50;Crossing from driver's nearside;Moving Backward;Slight Injury
23:30:00;Sunday;Male;Junior high school;Employee;5-10yr;Automobile;Owner;unknown;No defect;  Recreational areas;One way;Tangent road with flat terrain;Crossing;Asphalt roads;Dry;Darkness - lights lit;Normal;Collision with roadside objects;2;1;Moving Backward;31-50;Not a Pedestrian;Overtaking;Slight Injury
08:00:00;Wednesday;Male;Junior high school;Employee;Above 10yr;Other;Owner;unknown;No defect; Church areas;Undivided Two way;Tangent road with flat terrain;No junction;Asphalt roads;Dry;Daylight;Normal;Collision with roadside objects;1;1;Going straight;na;Not a Pedestrian;Changing lane to the left;Slight Injury
17:30:00;Friday;Male;Junior high school;Employee;1-2yr;unknown;Owner;unknown;No defect;Other;One way;Tangent road with flat terrain;Crossing;Asphalt roads;Dry;Darkness - lights lit;Normal;Vehicle with vehicle collision;2;1;Going straight;18-30;Not a Pedestrian;Changing lane to the right;Slight Injury
17:30:00;Friday;Male;Junior high school;Employee;2-5yr;Long lorry;Owner;unknown;No defect;Other;Undivided Two way;Tangent road with flat terrain;Crossing;Asphalt roads;Dry;Darkness - lights lit;Normal;Vehicle with vehicle collision;2;1;Going straight;Over 51;Not a Pedestrian;Overtaking;Slight Injury
11:30:00;Monday;Male;Junior high school;Employee;Below 1yr;Public (12 seats);Owner;Unknown;No defect;Other;Two-way (divided with broken lines road marking);Tangent road with flat terrain;Y Shape;Asphalt roads;Dry;Daylight;Normal;Vehicle with vehicle collision;2;1;Going straight;Over 51;Not a Pedestrian;Overloading;Slight Injury
11:30:00;Monday;Male;Junior high school;Employee;Above 10yr;Public (12 seats);Governmental;unknown;No defect;Residential areas;other;Tangent road with flat terrain;Y Shape;Asphalt roads;Dry;Daylight;Normal;Collision with roadside objects;2;1;Other;18-30;Not a Pedestrian;Other;Slight Injury
12:45:00;Monday;Male;Junior high school;Employee;1-2yr;Other;Owner;Above 10yr;No defect;School areas;other;Tangent road with flat terrain;Y Shape;Asphalt roads;Dry;Daylight;Normal;Vehicle with vehicle collision;2;1;unknown;na;Not a Pedestrian;No priority to vehicle;Slight Injury
12:45:00;Monday;Male;Above high school;Employee;5-10yr;Other;Owner;Above 10yr;No defect; Church areas;Two-way (divided with broken lines road marking);Tangent road with flat terrain;Y Shape;Asphalt roads;Dry;Daylight;Normal;Vehicle with vehicle collision;2;1;Going straight;Over 51;Not a Pedestrian;Changing lane to the right;Slight Injury
15:15:00;Monday;Male;Junior high school;Employee;5-10yr;Other;Owner;Above 10yr;No defect;Other;other;Tangent road with flat terrain;Crossing;Asphalt roads;Dry;Daylight;Normal;Vehicle with vehicle collision;1;1;Turnover;na;Not a Pedestrian;Moving Backward;Slight Injury
18:50:00;Monday;Male;Elementary school;Owner;Below 1yr;Public (12 seats);Owner;Below 1yr;unknown;Other;Two-way (divided with broken lines road marking);Tangent road with flat terrain;Y Shape;Asphalt roads;Dry;Darkness - lights lit;Normal;Rollover;1;1;Going straight;na;Not a Pedestrian;Changing lane to the left;Slight Injury
23:20:00;Monday;Male;unknown;unknown;unknown;Lorry (41?100Q);Owner;2-5yrs;unknown;Office areas;Undivided Two way;Tangent road with flat terrain;Y Shape;Asphalt roads;Dry;Darkness - lights lit;Normal;Vehicle with vehicle collision;2;1;Moving Backward;Over 51;Not a Pedestrian;No priority to pedestrian;Slight Injury
23:20:00;Monday;Female;Junior high school;Employee;Above 10yr;Other;Owner;2-5yrs;unknown;Office areas;Two-way (divided with broken lines road marking);Tangent road with flat terrain;Y Shape;Asphalt roads;Dry;Darkness - lights lit;Normal;Vehicle with vehicle collision;2;1;Moving Backward;Under 18;Not a Pedestrian;No distancing;Slight Injury
19:45:00;Monday;Male;Junior high school;unknown;unknown;Public (12 seats);Owner;2-5yrs;No defect;Other;Undivided Two way;Tangent road with flat terrain;No junction;Asphalt roads;Dry;Darkness - lights lit;Normal;Collision with pedestrians;2;1;Going straight;18-30;Not a Pedestrian;No priority to vehicle;Slight Injury
19:45:00;Monday;Male;Junior high school;Employee;1-2yr;Other;Owner;Below 1yr;No defect; Hospital areas;Undivided Two way;Tangent road with flat terrain;No junction;Asphalt roads;Dry;Darkness - lights lit;Normal;Vehicle with vehicle collision;2;1;Other;31-50;Not a Pedestrian;No distancing;Slight Injury
22:05:00;Friday;Male;Junior high school;Owner;2-5yr;Lorry (11?40Q);Owner;2-5yrs;unknown;Other;Undivided Two way;Tangent road with flat terrain;No junction;Asphalt roads;Dry;Darkness - lights lit;Normal;Vehicle with vehicle collision;2;1;Going straight;18-30;Not a Pedestrian;No distancing;Slight Injury
22:05:00;Friday;Male;unknown;Employee;unknown;Other;Owner;unknown;unknown;Other;Two-way (divided with broken lines road marking);Tangent road with flat terrain;No junction;Asphalt roads;Dry;Darkness - lights lit;Normal;Vehicle with vehicle collision;2;1;Going straight;18-30;Not a Pedestrian;Moving Backward;Slight Injury
18:23:00;Tuesday;Male;Junior high school;Employee;Above 10yr;Other;Owner;unknown;unknown;Other;Undivided Two way;Tangent road with flat terrain;Crossing;Asphalt roads;Dry;Darkness - lights lit;Normal;Vehicle with vehicle collision;2;1;Going straight;18-30;Not a Pedestrian;Changing lane to the right;Slight Injury
18:23:00;Tuesday;Male;Junior high school;Owner;2-5yr;Other;unknown;unknown;unknown;Other;Double carriageway (median);Tangent road with flat terrain;Crossing;Asphalt roads;Dry;Darkness - lights lit;Normal;Collision with roadside objects;2;1;Going straight;31-50;Not a Pedestrian;No priority to pedestrian;Slight Injury
07:20:00;Tuesday;Male;Junior high school;Employee;5-10yr;Pick up upto 10Q;Governmental;unknown;No defect;Other;Two-way (divided with broken lines road marking);Tangent road with mild grade and flat terrain;No junction;Asphalt roads;Wet or damp;Daylight;Normal;Vehicle with vehicle collision;1;1;Going straight;5;Not a Pedestrian;Moving Backward;Slight Injury
07:21:00;Wednesday;Male;Junior high school;Employee;2-5yr;Automobile;Owner;Above 10yr;No defect; Hospital areas;Two-way (divided with broken lines road marking);Tangent road with flat terrain;Crossing;Asphalt roads;Wet or damp;Daylight;Normal;Vehicle with vehicle collision;2;1;Going straight;Over 51;Not a Pedestrian;Getting off the vehicle improperly;Slight Injury
07:21:00;Wednesday;Male;Junior high school;Employee;1-2yr;Other;unknown;Above 10yr;No defect;Other;Two-way (divided with broken lines road marking);Tangent road with flat terrain;Crossing;Asphalt roads;Wet or damp;Daylight;Normal;Vehicle with vehicle collision;2;1;Going straight;31-50;Not a Pedestrian;Overtaking;Slight Injury
09:43:00;Wednesday;Male;Junior high school;Employee;5-10yr;Lorry (41?100Q);Owner;unknown;No defect;Other;One way;Tangent road with flat terrain;No junction;Asphalt roads;Dry;Daylight;Normal;Vehicle with vehicle collision;1;1;Going straight;na;Not a Pedestrian;Overloading;Slight Injury
09:54:00;Wednesday;Male;Junior high school;Employee;2-5yr;Public (13?45 seats);Owner;2-5yrs;No defect;Other;Two-way (divided with broken lines road marking);Tangent road with mild grade and flat terrain;No junction;Asphalt roads;Dry;Daylight;Normal;Collision with roadside objects;2;1;Other;na;Not a Pedestrian;Changing lane to the right;Slight Injury
09:54:00;Wednesday;Male;Elementary school;Employee;5-10yr;Automobile;Owner;unknown;unknown;Office areas;Two-way (divided with broken lines road marking);Tangent road with flat terrain;No junction;Asphalt roads;Dry;Daylight;Normal;Vehicle with vehicle collision;2;1;Going straight;na;Not a Pedestrian;Improper parking;Slight Injury
10:15:00;Friday;Male;Above high school;Owner;5-10yr;Pick up upto 10Q;Owner;Unknown;unknown;Residential areas;Two-way (divided with broken lines road marking);Tangent road with flat terrain;Crossing;Asphalt roads;Dry;Daylight;Normal;Collision with roadside objects;3;1;Overtaking;18-30;Not a Pedestrian;Other;Slight Injury
10:15:00;Friday;Male;Junior high school;Employee;2-5yr;Lorry (41?100Q);Owner;2-5yrs;No defect;Other;Two-way (divided with broken lines road marking);Tangent road with flat terrain;Crossing;Asphalt roads;Dry;Daylight;Normal;Vehicle with vehicle collision;3;1;Going straight;na;Not a Pedestrian;Changing lane to the left;Slight Injury
10:15:00;Friday;Female;Junior high school;Employee;2-5yr;Public (12 seats);Owner;Unknown;unknown;Residential areas;Two-way (divided with broken lines road marking);Tangent road with flat terrain;Crossing;Asphalt roads;Dry;Daylight;Normal;Rollover;3;1;Going straight;31-50;Not a Pedestrian;Changing lane to the right;Slight Injury
13:45:00;Wednesday;Male;Junior high school;Employee;2-5yr;Other;Owner;Unknown;unknown;Other;Undivided Two way;Tangent road with flat terrain;No junction;Asphalt roads;Dry;Daylight;Normal;Vehicle with vehicle collision;1;1;Going straight;na;Not a Pedestrian;No priority to pedestrian;Serious Injury
08:45:00;Monday;Male;Junior high school;Employee;5-10yr;Lorry (41?100Q);Owner;2-5yrs;unknown;Residential areas;Double carriageway (median);Tangent road with flat terrain;Y Shape;Asphalt roads;Wet or damp;Daylight;Normal;Vehicle with vehicle collision;2;1;U-Turn;18-30;Not a Pedestrian;Overspeed;Slight Injury
08:45:00;Monday;Male;Junior high school;Employee;1-2yr;Pick up upto 10Q;Owner;unknown;unknown;Office areas;Two-way (divided with broken lines road marking);Tangent road with flat terrain;Y Shape;Asphalt roads;Wet or damp;Daylight;Normal;Vehicle with vehicle collision;2;1;Going straight;na;Not a Pedestrian;Changing lane to the left;Slight Injury
08:55:00;Friday;Male;Junior high school;Owner;2-5yr;Other;Owner;5-10yrs;unknown;Office areas;Two-way (divided with broken lines road marking);Tangent road with mild grade and flat terrain;Crossing;Asphalt roads;Dry;Daylight;Normal;Vehicle with vehicle collision;1;1;Going straight;18-30;Not a Pedestrian;No priority to vehicle;Slight Injury
17:52:00;Thursday;Male;High school;Owner;2-5yr;Lorry (41?100Q);Owner;Unknown;unknown;Office areas;Double carriageway (median);Tangent road with flat terrain;No junction;Asphalt roads;Dry;Darkness - lights lit;Normal;Vehicle with vehicle collision;2;1;Going straight;18-30;Not a Pedestrian;Changing lane to the right;Slight Injury
17:52:00;Thursday;Male;unknown;Employee;unknown;Ridden horse;Owner;unknown;unknown;  Recreational areas;Two-way (divided with broken lines road marking);Tangent road with flat terrain;No junction;Asphalt roads;Dry;Darkness - lights lit;Normal;Collision with pedestrians;2;1;Going straight;Over 51;Not a Pedestrian;No distancing;Slight Injury
14:20:00;Friday;Male;Junior high school;Owner;1-2yr;Automobile;Owner;unknown;unknown;Other;Two-way (divided with broken lines road marking);Tangent road with flat terrain;No junction;Asphalt roads;Dry;Daylight;Normal;Rollover;1;1;Turnover;na;Not a Pedestrian;No priority to pedestrian;Serious Injury
19:40:00;Friday;Male;Junior high school;unknown;Below 1yr;Automobile;Owner;unknown;unknown;Other;other;Tangent road with flat terrain;Crossing;Asphalt roads;Dry;Darkness - lights lit;Normal;Vehicle with vehicle collision;2;1;Going straight;18-30;Not a Pedestrian;No distancing;Slight Injury
19:40:00;Friday;Male;High school;Employee;1-2yr;Stationwagen;Owner;5-10yrs;unknown;Other;Two-way (divided with broken lines road marking);Tangent road with flat terrain;Crossing;Asphalt roads;Dry;Darkness - lights lit;Normal;Rollover;2;1;Going straight;na;Not a Pedestrian;No priority to vehicle;Slight Injury
06:42:00;Saturday;Male;Above high school;Employee;1-2yr;Other;Owner;unknown;unknown;Other;Double carriageway (median);Tangent road with flat terrain;Y Shape;Asphalt roads;Wet or damp;Darkness - lights lit;Normal;Vehicle with vehicle collision;2;1;Moving Backward;na;Not a Pedestrian;Other;Slight Injury
06:42:00;Saturday;Male;Junior high school;Employee;Above 10yr;Lorry (41?100Q);Owner;2-5yrs;No defect;Other;Undivided Two way;Tangent road with mountainous terrain and;Y Shape;Asphalt roads;Wet or damp;Darkness - lights lit;Normal;Vehicle with vehicle collision;2;1;Going straight;31-50;Not a Pedestrian;Driving carelessly;Slight Injury
11:02:00;Saturday;Male;High school;Employee;1-2yr;Lorry (41?100Q);Owner;2-5yrs;No defect;Office areas;Two-way (divided with broken lines road marking);Tangent road with flat terrain;Crossing;Asphalt roads;Dry;Daylight;Normal;Vehicle with vehicle collision;2;1;Moving Backward;31-50;Not a Pedestrian;Changing lane to the left;Slight Injury
11:02:00;Saturday;Unknown;Junior high school;Employee;2-5yr;Long lorry;Owner;Above 10yr;No defect;Office areas;Two-way (divided with broken lines road marking);Tangent road with flat terrain;Crossing;Asphalt roads;Dry;Daylight;Normal;Fall from vehicles;2;1;Going straight;na;Not a Pedestrian;Driving carelessly;Slight Injury
01:39:00;Sunday;Male;Above high school;Other;2-5yr;Stationwagen;Owner;Unknown;No defect;Office areas;One way;Tangent road with flat terrain;Y Shape;Asphalt roads;Dry;Darkness - lights lit;Normal;Vehicle with vehicle collision;2;1;Going straight;18-30;Not a Pedestrian;Changing lane to the left;Slight Injury
01:39:00;Sunday;Male;High school;Employee;Above 10yr;Public (12 seats);Owner;Above 10yr;No defect;Residential areas;Double carriageway (median);Tangent road with flat terrain;Y Shape;Asphalt roads;Dry;Darkness - lights lit;Normal;Collision with roadside objects;2;1;Going straight;na;Not a Pedestrian;No priority to vehicle;Slight Injury
08:00:00;Sunday;Male;Elementary school;Employee;5-10yr;Automobile;Governmental;Below 1yr;No defect;  Recreational areas;Two-way (divided with broken lines road marking);Tangent road with flat terrain;Crossing;Asphalt roads;Dry;Daylight;Normal;Vehicle with vehicle collision;2;1;Going straight;18-30;Not a Pedestrian;No distancing;Slight Injury
08:00:00;Sunday;Male;High school;Employee;1-2yr;Public (12 seats);Owner;Unknown;No defect; Church areas;Double carriageway (median);Tangent road with flat terrain;Crossing;Asphalt roads;Dry;Daylight;Normal;Vehicle with vehicle collision;2;1;U-Turn;na;Not a Pedestrian;Changing lane to the right;Slight Injury
08:45:00;Tuesday;Male;High school;Employee;5-10yr;Lorry (41?100Q);Owner;Unknown;No defect;Office areas;Undivided Two way;Tangent road with flat terrain;Y Shape;Asphalt roads;Dry;Daylight;Normal;Vehicle with vehicle collision;1;1;Going straight;18-30;Not a Pedestrian;Changing lane to the right;Slight Injury
07:11:00;Monday;Male;High school;Employee;2-5yr;Automobile;Owner;Unknown;No defect;Other;Two-way (divided with broken lines road marking);Tangent road with flat terrain;No junction;Asphalt roads;Wet or damp;Daylight;Normal;Collision with pedestrians;2;1;Going straight;31-50;Not a Pedestrian;Driving at high speed;Slight Injury
07:11:00;Monday;Male;Junior high school;Employee;1-2yr;Lorry (41?100Q);Owner;unknown;unknown;Residential areas;other;Steep grade downward with mountainous terrain;No junction;Asphalt roads;Wet or damp;Daylight;Normal;Vehicle with vehicle collision;2;1;Going straight;na;Not a Pedestrian;No distancing;Slight Injury
17:30:00;Monday;Male;Above high school;Employee;Above 10yr;Lorry (41?100Q);Owner;unknown;No defect;School areas;other;Tangent road with flat terrain;Crossing;Asphalt roads;Dry;Darkness - lights lit;Normal;Vehicle with vehicle collision;2;1;Going straight;na;Not a Pedestrian;Changing lane to the right;Slight Injury
17:30:00;Monday;Male;Above high school;Employee;2-5yr;Pick up upto 10Q;Owner;1-2yr;No defect;Office areas;Two-way (divided with broken lines road marking);Tangent road with flat terrain;Crossing;Asphalt roads;Dry;Darkness - lights lit;Normal;Vehicle with vehicle collision;2;1;Going straight;18-30;Not a Pedestrian;Changing lane to the left;Slight Injury
07:45:00;Monday;Male;Elementary school;Employee;5-10yr;Other;Owner;Above 10yr;No defect;Other;other;Tangent road with flat terrain;Crossing;Asphalt roads;Dry;Daylight;Normal;Rollover;2;1;Going straight;18-30;Not a Pedestrian;Getting off the vehicle improperly;Serious Injury
07:45:00;Monday;Male;Elementary school;Employee;1-2yr;Automobile;Owner;Unknown;No defect;Other;Two-way (divided with broken lines road marking);Tangent road with flat terrain;Crossing;Asphalt roads;Dry;Daylight;Normal;Collision with roadside objects;2;1;Stopping;na;Not a Pedestrian;Other;Serious Injury
08:05:00;Thursday;Male;Junior high school;Employee;unknown;Automobile;Organization;2-5yrs;unknown;Office areas;Two-way (divided with broken lines road marking);Tangent road with mountainous terrain and;Y Shape;Asphalt roads;Dry;Daylight;Normal;Vehicle with vehicle collision;2;1;Turnover;31-50;Not a Pedestrian;Other;Slight Injury
08:05:00;Thursday;Male;unknown;unknown;unknown;Lorry (11?40Q);Owner;unknown;unknown;Office areas;Two-way (divided with broken lines road marking);Tangent road with flat terrain;Y Shape;Asphalt roads;Dry;Daylight;Normal;Vehicle with vehicle collision;2;1;Getting off;na;Not a Pedestrian;No distancing;Slight Injury
17:39:00;Wednesday;Male;Elementary school;Employee;5-10yr;Bajaj;Owner;5-10yrs;unknown;Other;Undivided Two way;Tangent road with flat terrain;Y Shape;Asphalt roads;Dry;Darkness - lights lit;Normal;Collision with roadside objects;2;1;Moving Backward;31-50;Not a Pedestrian;No priority to vehicle;Slight Injury
17:39:00;Wednesday;Female;Junior high school;Employee;2-5yr;Automobile;Owner;5-10yrs;No defect;Office areas;Two-way (divided with broken lines road marking);Tangent road with flat terrain;Y Shape;Asphalt roads;Dry;Darkness - lights lit;Normal;Vehicle with vehicle collision;2;1;Moving Backward;na;Not a Pedestrian;Overtaking;Slight Injury
07:37:00;Tuesday;Male;Junior high school;Employee;5-10yr;Lorry (41?100Q);Owner;2-5yrs;No defect; Industrial areas;Two-way (divided with broken lines road marking);Tangent road with flat terrain;No junction;Asphalt roads;Dry;Daylight;Normal;Vehicle with vehicle collision;2;2;Going straight;31-50;Not a Pedestrian;No priority to pedestrian;Slight Injury
07:37:00;Tuesday;Male;High school;Employee;2-5yr;Lorry (11?40Q);Owner;Unknown;No defect;Office areas;Undivided Two way;Tangent road with flat terrain;No junction;Asphalt roads;Dry;Daylight;Normal;Vehicle with vehicle collision;2;2;Turnover;31-50;Not a Pedestrian;No distancing;Slight Injury
07:37:00;Tuesday;Male;Junior high school;Employee;1-2yr;Lorry (11?40Q);Owner;unknown;unknown;Other;Undivided Two way;Tangent road with flat terrain;No junction;Asphalt roads;Dry;Daylight;Normal;Rollover;2;2;Going straight;na;Not a Pedestrian;Changing lane to the right;Slight Injury
00:26:00;Thursday;Male;Junior high school;Employee;1-2yr;Automobile;Owner;Above 10yr;unknown;Other;Two-way (divided with broken lines road marking);Tangent road with flat terrain;No junction;Asphalt roads;Dry;Darkness - lights lit;Normal;Rollover;3;1;Going straight;Under 18;Not a Pedestrian;Driving carelessly;Slight Injury
00:26:00;Thursday;Female;Junior high school;Employee;5-10yr;unknown;Owner;Unknown;unknown;Office areas;Two-way (divided with broken lines road marking);Tangent road with flat terrain;No junction;Asphalt roads;Dry;Darkness - lights lit;Normal;Collision with pedestrians;3;1;U-Turn;18-30;Not a Pedestrian;Changing lane to the right;Slight Injury
00:26:00;Thursday;Female;Illiterate;Employee;unknown;Automobile;unknown;unknown;unknown; Church areas;unknown;Tangent road with flat terrain;No junction;Asphalt roads;Dry;Darkness - lights lit;Normal;Vehicle with vehicle collision;3;1;Going straight;na;Not a Pedestrian;Overtaking;Slight Injury
11:20:00;Wednesday;Male;Junior high school;Employee;5-10yr;Public (13?45 seats);Owner;unknown;unknown;Office areas;other;Tangent road with flat terrain;Crossing;Asphalt roads;Dry;Daylight;Normal;Vehicle with vehicle collision;2;1;Going straight;na;Not a Pedestrian;Other;Slight Injury
11:20:00;Wednesday;Male;Junior high school;Employee;1-2yr;Public (12 seats);Owner;unknown;unknown;Residential areas;other;Tangent road with flat terrain;Crossing;Asphalt roads;Dry;Daylight;Normal;Vehicle with vehicle collision;2;1;U-Turn;Over 51;Not a Pedestrian;Driving to the left;Slight Injury
20:37:00;Tuesday;Male;Junior high school;Employee;2-5yr;Other;Owner;Unknown;No defect;  Recreational areas;Two-way (divided with broken lines road marking);Tangent road with flat terrain;No junction;Asphalt roads;Dry;Darkness - lights lit;Normal;Collision with pedestrians;2;1;Stopping;na;Not a Pedestrian;Driving at high speed;Slight Injury
20:37:00;Tuesday;Male;Junior high school;Employee;Above 10yr;Automobile;Governmental;5-10yrs;unknown;Other;other;Tangent road with flat terrain;No junction;Asphalt roads;Dry;Darkness - lights lit;Normal;Collision with pedestrians;2;1;Going straight;31-50;Not a Pedestrian;Unknown;Slight Injury
17:00:00;Tuesday;Male;Junior high school;Owner;5-10yr;Automobile;Owner;Unknown;No defect; Church areas;Undivided Two way;Tangent road with flat terrain;Y Shape;Asphalt roads;Dry;Daylight;Normal;Vehicle with vehicle collision;2;1;Moving Backward;na;Not a Pedestrian;Changing lane to the right;Slight Injury