Time;Day_of_week;Sex_of_driver;Educational_level;Vehicle_driver_relation;Driving_experience;Type_of_vehicle;Owner_of_vehicle;Service_year_of_vehicle;Defect_of_vehicle;Area_accident_occured;Lanes_or_Medians;Road_allignment;Types_of_Junction;Road_surface_type;Road_surface_conditions;Light_conditions;Weather_conditions;Type_of_collision;Number_of_vehicles_involved;Number_of_casualties;Vehicle_movement;Age_band_of_casualty;Pedestrian_movement;Cause_of_accident;Accident_severity
15:45:00;Monday;Male;Junior high school;Employee;1-2yr;Lorry (41?100Q);Owner;Unknown;No defect;Other;other;Tangent road with flat terrain;Y Shape;Asphalt roads;Dry;Daylight;Normal;Collision with pedestrians;3;1;Going straight;na;Not a Pedestrian;Driving to the left;Slight Injury
15:45:00;Monday;Male;Junior high school;Employee;Above 10yr;Pick up upto 10Q;Other;Unknown;unknown;Other;Two-way (divided with broken lines road marking);Tangent road with flat terrain;Y Shape;Asphalt roads;Dry;Daylight;Normal;Collision with pedestrians;3;1;Going straight;31-50;Not a Pedestrian;Moving Backward;Slight Injury
11:05:00;Monday;Male;Junior high school;Owner;Above 10yr;Public (> 45 seats);Owner;5-10yrs;unknown;Office areas;Two-way (divided with broken lines road marking);Tangent road with flat terrain;Crossing;Asphalt roads;Dry;Daylight;Normal;Vehicle with vehicle collision;1;1;Going straight;na;Not a Pedestrian;No priority to vehicle;Slight Injury
09:10:00;Monday;Male;Junior high school;Employee;Above 10yr;Stationwagen;Owner;Above 10yr;No defect;Office areas;Two-way (divided with broken lines road marking);Tangent road with flat terrain;Y Shape;Asphalt roads;Dry;Daylight;Normal;Vehicle with vehicle collision;2;1;Going straight;31-50;Not a Pedestrian;No distancing;Slight Injury
09:10:00;Monday;Male;Junior high school;Employee;No Licence;Automobile;Owner;2-5yrs;No defect;Residential areas;Two-way (divided with broken lines road marking);Tangent road with flat terrain;Y Shape;Asphalt roads;Dry;Daylight;Normal;Vehicle with vehicle collision;2;1;Reversing;18-30;Not a Pedestrian;Driving carelessly;Slight Injury
09:30:00;Tuesday;Female;Junior high school;Employee;1-2yr;Public (12 seats);Owner;unknown;No defect;Other;Two-way (divided with broken lines road marking);Tangent road with flat terrain;Y Shape;Asphalt roads;Dry;Daylight;Normal;Vehicle with vehicle collision;1;1;Other;na;Not a Pedestrian;Changing lane to the left;Serious Injury
20:08:00;Tuesday;Female;Illiterate;Owner;1-2yr;Automobile;Governmental;unknown;No defect;Other;Undivided Two way;Tangent road with flat terrain;Y Shape;Asphalt roads;Dry;Darkness - lights lit;Normal;Vehicle with vehicle collision;2;1;Going straight;31-50;Not a Pedestrian;No priority to vehicle;Slight Injury
20:08:00;Tuesday;Male;Junior high school;Owner;Below 1yr;Automobile;Owner;unknown;No defect;Office areas;Two-way (divided with broken lines road marking);Tangent road with flat terrain;Y Shape;Asphalt roads;Dry;Darkness - lights lit;Normal;Collision with roadside objects;2;1;Going straight;na;Not a Pedestrian;No priority to vehicle;Slight Injury
18:54:00;Tuesday;Male;Junior high school;Owner;1-2yr;Automobile;Owner;unknown;No defect;Office areas;Two-way (divided with broken lines road marking);Tangent road with flat terrain;Crossing;Asphalt roads;Dry;Daylight;Normal;Vehicle with vehicle collision;1;1;Going straight;31-50;Not a Pedestrian;No distancing;Slight Injury
14:28:00;Tuesday;Male;Junior high school;Owner;2-5yr;Lorry (41?100Q);Owner;Unknown;No defect; Church areas;Undivided Two way;Tangent road with flat terrain;Crossing;Asphalt roads;Dry;Daylight;Normal;Vehicle with vehicle collision;1;1;Going straight;na;Not a Pedestrian;Driving to the left;Slight Injury
13:35:00;Tuesday;Male;Unknown;Owner;5-10yr;Automobile;Governmental;Unknown;No defect;Other;One way;Tangent road with flat terrain;No junction;Asphalt roads;Dry;Daylight;Normal;Vehicle with vehicle collision;2;1;Going straight;na;Not a Pedestrian;Driving carelessly;Slight Injury
13:35:00;Tuesday;Male;Unknown;Owner;Above 10yr;Automobile;Owner;Unknown;No defect;Office areas;Undivided Two way;Tangent road with flat terrain;No junction;Asphalt roads;Dry;Daylight;Normal;Vehicle with vehicle collision;2;1;Going straight;31-50;Not a Pedestrian;Driving carelessly;Slight Injury
16:00:00;Tuesday;Female;Junior high school;Owner;2-5yr;Public (12 seats);Owner;1-2yr;unknown;Office areas;Two-way (divided with broken lines road marking);Tangent road with flat terrain;Y Shape;Asphalt roads;Dry;Daylight;Normal;Vehicle with vehicle collision;2;1;Going straight;na;Not a Pedestrian;Changing lane to the right;Slight Injury
16:00:00;Tuesday;Male;Elementary school;Owner;Above 10yr;Taxi;Owner;Below 1yr;unknown;Residential areas;Two-way (divided with broken lines road marking);Tangent road with flat terrain;Y Shape;Asphalt roads;Dry;Daylight;Normal;Vehicle with vehicle collision;2;1;Going straight;5;Not a Pedestrian;Driving carelessly;Slight Injury
14:01:00;Tuesday;Male;Writing & reading;Owner;5-10yr;Automobile;unknown;unknown;unknown;Other;Undivided Two way;Tangent road with flat terrain;Y Shape;Earth roads;Dry;Daylight;Normal;Vehicle with vehicle collision;1;1;Going straight;18-30;Not a Pedestrian;Changing lane to the left;Slight Injury
19:17:00;Tuesday;Male;unknown;Owner;unknown;Public (12 seats);Owner;5-10yrs;unknown;Residential areas;Two-way (divided with broken lines road marking);Tangent road with flat terrain;Y Shape;Asphalt roads;Dry;Darkness - lights lit;Normal;Vehicle with vehicle collision;1;1;Moving Backward;na;Not a Pedestrian;Driving carelessly;Serious Injury
13:22:00;Wednesday;Male;Junior high school;Owner;5-10yr;Stationwagen;Governmental;unknown;unknown;Office areas;Two-way (divided with broken lines road marking);Tangent road with flat terrain;No junction;unknown;Dry;Daylight;Normal;Vehicle with vehicle collision;1;1;Moving Backward;18-30;Not a Pedestrian;Driving carelessly;Slight Injury
08:05:00;Wednesday;Male;Junior high school;Owner;Below 1yr;Stationwagen;Owner;5-10yrs;unknown;Office areas;Undivided Two way;Tangent road with flat terrain;Crossing;Asphalt roads;Dry;Daylight;Normal;Vehicle with vehicle collision;1;2;Turnover;Under 18;Not a Pedestrian;Driving under the influence of drugs;Serious Injury
08:05:00;Wednesday;Male;Junior high school;Owner;2-5yr;Automobile;Owner;Above 10yr;unknown;Other;Undivided Two way;Tangent road with flat terrain;Crossing;Asphalt roads;Dry;Daylight;Normal;Vehicle with vehicle collision;1;2;Other;18-30;Not a Pedestrian;Driving carelessly;Serious Injury
13:15:00;Wednesday;Male;Elementary school;Employee;2-5yr;Lorry (41?100Q);Owner;1-2yr;No defect;Other;other;Steep grade downward with mountainous terrain;Crossing;Asphalt roads;Dry;Daylight;Normal;Vehicle with vehicle collision;2;2;Other;na;Not a Pedestrian;No distancing;Slight Injury
13:15:00;Wednesday;Male;Junior high school;Employee;2-5yr;Automobile;Owner;2-5yrs;unknown;Office areas;One way;Steep grade downward with mountainous terrain;Crossing;Asphalt roads;Dry;Daylight;Normal;Vehicle with vehicle collision;2;2;Going straight;18-30;Not a Pedestrian;Driving carelessly;Slight Injury
22:40:00;Wednesday;Male;Junior high school;Employee;2-5yr;Public (12 seats);Owner;unknown;No defect;Residential areas;Two-way (divided with broken lines road marking);Tangent road with flat terrain;Crossing;Asphalt roads;Dry;Darkness - lights lit;Normal;Vehicle with vehicle collision;1;1;Going straight;na;Not a Pedestrian;Driving to the left;Slight Injury
22:38:00;Wednesday;Male;Junior high school;Employee;5-10yr;Automobile;Owner;unknown;No defect;Other;Two-way (divided with broken lines road marking);Tangent road with flat terrain;Crossing;Asphalt roads;Dry;Darkness - lights lit;Normal;Vehicle with vehicle collision;2;2;Other;na;Not a Pedestrian;Overtaking;Slight Injury
22:38:00;Wednesday;Male;Junior high school;Employee;5-10yr;Automobile;Organization;2-5yrs;unknown;Residential areas;Undivided Two way;Tangent road with flat terrain;Crossing;Asphalt roads;Dry;Darkness - lights lit;Normal;Collision with roadside objects;2;2;Other;Over 51;Not a Pedestrian;No distancing;Slight Injury
22:38:00;Wednesday;Male;Junior high school;Employee;Above 10yr;Lorry (41?100Q);Owner;unknown;No defect; Church areas;Two-way (divided with broken lines road marking);Tangent road with flat terrain;Crossing;Asphalt roads;Dry;Darkness - lights lit;Normal;Vehicle with vehicle collision;2;2;Going straight;na;Not a Pedestrian;Driving carelessly;Slight Injury
17:15:00;Monday;Male;Elementary school;Employee;5-10yr;Automobile;Governmental;unknown;No defect;Residential areas;Two-way (divided with broken lines road marking);Tangent road with flat terrain;Unknown;Asphalt roads;Dry;Darkness - lights lit;Normal;Vehicle with vehicle collision;1;1;Reversing;Under 18;Not a Pedestrian;No priority to vehicle;Slight Injury
10:30:00;Saturday;Male;Junior high school;Employee;5-10yr;Motorcycle;Owner;unknown;No defect;Office areas;One way;Tangent road with flat terrain;No junction;Gravel roads;Wet or damp;Daylight;Raining;Vehicle with vehicle collision;2;2;Other;Under 18;Not a Pedestrian;No priority to vehicle;Slight Injury
19:15:00;Sunday;Male;Junior high school;Employee;Above 10yr;unknown;Governmental;Below 1yr;No defect;Residential areas;Two-way (divided with broken lines road marking);Tangent road with flat terrain;No junction;Asphalt roads;Dry;Daylight;Normal;Vehicle with vehicle collision;1;1;Turnover;5;Not a Pedestrian;No priority to vehicle;Serious Injury
16:39:00;Friday;Male;Elementary school;Owner;unknown;Automobile;Owner;Unknown;No defect;Other;One way;Tangent road with flat terrain;Other;Asphalt roads;Dry;Daylight;Normal;Collision with pedestrians;2;1;Going straight;Under 18;Not a Pedestrian;No priority to vehicle;Slight Injury
16:39:00;Friday;Male;Junior high school;Owner;5-10yr;Automobile;Owner;Unknown;unknown; Industrial areas;Two-way (divided with broken lines road marking);Tangent road with flat terrain;Other;Asphalt roads;Dry;Daylight;Normal;Vehicle with vehicle collision;2;1;Going straight;Under 18;Not a Pedestrian;No distancing;Slight Injury
16:44:00;Sunday;Male;Junior high school;Employee;5-10yr;Automobile;Owner;Unknown;unknown; Church areas;Two-way (divided with broken lines road marking);Tangent road with flat terrain;Y Shape;Asphalt roads;Dry;Daylight;Normal;Vehicle with vehicle collision;2;1;Going straight;Under 18;Not a Pedestrian;Moving Backward;Slight Injury
16:44:00;Sunday;Male;Junior high school;Employee;Below 1yr;Public (> 45 seats);Owner;2-5yrs;No defect;Residential areas;Undivided Two way;Steep grade downward with mountainous terrain;Y Shape;Asphalt roads;Dry;Daylight;Normal;Vehicle with vehicle collision;2;1;Going straight;18-30;Not a Pedestrian;No distancing;Slight Injury
16:20:00;Thursday;Male;unknown;unknown;unknown;unknown;unknown;unknown;unknown;unknown;Two-way (divided with broken lines road marking);Tangent road with flat terrain;No junction;Asphalt roads;Dry;Daylight;Normal;Vehicle with vehicle collision;1;1;Going straight;Over 51;Crossing from nearside - masked by parked or statioNot a Pedestrianry vehicle;Changing lane to the left;Slight Injury
18:49:00;Wednesday;Male;Junior high school;Employee;5-10yr;Automobile;unknown;unknown;unknown;unknown;Two-way (divided with broken lines road marking);Tangent road with flat terrain;Y Shape;Asphalt roads;Dry;Daylight;Normal;Vehicle with vehicle collision;2;1;Going straight;na;Not a Pedestrian;Changing lane to the left;Slight Injury
18:49:00;Wednesday;Male;Junior high school;Employee;5-10yr;Automobile;Owner;1-2yr;No defect;Office areas;Undivided Two way;Tangent road with flat terrain;Y Shape;Asphalt roads;Dry;Daylight;Normal;Vehicle with vehicle collision;2;1;Going straight;18-30;Not a Pedestrian;No priority to pedestrian;Slight Injury
08:18:00;Friday;Male;Junior high school;Employee;Above 10yr;Other;Owner;Above 10yr;No defect; Outside rural areas;Two-way (divided with broken lines road marking);Tangent road with mountainous terrain and;Y Shape;Asphalt roads;Dry;Daylight;Normal;Vehicle with vehicle collision;2;1;Going straight;na;Not a Pedestrian;Moving Backward;Slight Injury
08:18:00;Friday;Male;High school;Employee;Above 10yr;Stationwagen;Owner;Above 10yr;No defect; Church areas;Two-way (divided with broken lines road marking);Steep grade downward with mountainous terrain;Y Shape;Asphalt roads;Dry;Daylight;Normal;Vehicle with vehicle collision;2;1;Going straight;31-50;Not a Pedestrian;Changing lane to the left;Slight Injury
09:31:00;Monday;Male;Junior high school;Employee;Above 10yr;Lorry (41?100Q);Owner;unknown;No defect;Office areas;other;Tangent road with mountainous terrain and;Crossing;Asphalt roads;Dry;Daylight;Normal;Collision with pedestrians;1;1;Other;na;Not a Pedestrian;No distancing;Serious Injury
16:30:00;Friday;Male;Junior high school;Employee;Above 10yr;Taxi;Owner;Above 10yr;unknown; Church areas;Two-way (divided with broken lines road marking);Steep grade downward with mountainous terrain;Y Shape;Asphalt roads;Dry;Daylight;Normal;Vehicle with vehicle collision;1;1;Going straight;5;Not a Pedestrian;No priority to vehicle;Slight Injury
21:00:00;Thursday;Male;Junior high school;Employee;Above 10yr;Other;unknown;unknown;unknown;Office areas;other;Tangent road with mountainous terrain and;No junction;Asphalt roads;Dry;Darkness - no lighting;Unknown;Vehicle with vehicle collision;2;1;Going straight;31-50;Not a Pedestrian;Changing lane to the right;Slight Injury
21:00:00;Thursday;Male;Junior high school;Employee;Above 10yr;Public (12 seats);Governmental;unknown;No defect;Office areas;Undivided Two way;Tangent road with flat terrain;No junction;Asphalt roads;Dry;Darkness - no lighting;Unknown;Vehicle with vehicle collision;2;1;Moving Backward;na;Not a Pedestrian;No distancing;Slight Injury
18:00:00;Friday;Female;Junior high school;Employee;5-10yr;Automobile;Owner;1-2yr;No defect;School areas;Two-way (divided with broken lines road marking);Tangent road with flat terrain;No junction;Asphalt roads;Dry;Daylight;Normal;Vehicle with vehicle collision;1;1;Going straight;31-50;Not a Pedestrian;No distancing;Slight Injury
20:13:00;Monday;Male;Junior high school;Employee;2-5yr;Automobile;Owner;Below 1yr;No defect;Residential areas;Two-way (divided with broken lines road marking);Tangent road with flat terrain;Y Shape;Asphalt roads;Wet or damp;Daylight;Raining;Collision with roadside objects;2;1;Moving Backward;na;Not a Pedestrian;Getting off the vehicle improperly;Slight Injury
20:13:00;Monday;Male;Junior high school;Employee;Below 1yr;Public (13?45 seats);Owner;unknown;No defect;Office areas;other;Tangent road with mountainous terrain and;Y Shape;Asphalt roads;Wet or damp;Daylight;Raining;Vehicle with vehicle collision;2;1;Other;Over 51;Not a Pedestrian;No priority to pedestrian;Slight Injury
04:45:00;Saturday;Male;Junior high school;Employee;Below 1yr;Lorry (41?100Q);Owner;Unknown;No defect;Rural village areasOffice areas;other;Tangent road with flat terrain;No junction;Other;Dry;Darkness - lights lit;Normal;Vehicle with vehicle collision;2;1;Going straight;18-30;Not a Pedestrian;Changing lane to the left;Slight Injury
04:45:00;Saturday;Male;Junior high school;Employee;2-5yr;Lorry (41?100Q);Owner;Unknown;No defect;Other;Two-way (divided with broken lines road marking);Tangent road with flat terrain;No junction;Asphalt roads;Dry;Darkness - lights lit;Normal;Vehicle with vehicle collision;2;1;Reversing;na;Not a Pedestrian;No distancing;Slight Injury
08:12:00;Thursday;Male;Elementary school;Employee;Below 1yr;Lorry (11?40Q);Owner;Unknown;No defect;Residential areas;Undivided Two way;Tangent road with flat terrain;No junction;Asphalt roads;Dry;Daylight;Normal;Vehicle with vehicle collision;1;1;Going straight;18-30;Not a Pedestrian;Driving carelessly;Slight Injury
09:45:00;Thursday;Female;Junior high school;Employee;Below 1yr;Motorcycle;Owner;Unknown;No defect;Office areas;Undivided Two way;Tangent road with flat terrain;T Shape;Asphalt roads;Dry;Daylight;Normal;Vehicle with vehicle collision;2;1;Other;31-50;Not a Pedestrian;No distancing;Slight Injury
09:45:00;Thursday;Male;Junior high school;Employee;unknown;Lorry (41?100Q);Owner;Unknown;No defect;Office areas;Undivided Two way;Tangent road with flat terrain;T Shape;Asphalt roads;Dry;Daylight;Normal;Vehicle with vehicle collision;2;1;Other;na;Not a Pedestrian;Changing lane to the right;Slight Injury
13:24:00;Thursday;Male;unknown;Employee;5-10yr;Stationwagen;Owner;Unknown;No defect;Residential areas;Undivided Two way;Tangent road with flat terrain;No junction;Asphalt roads;Dry;Daylight;Unknown;Vehicle with vehicle collision;1;1;Other;31-50;Not a Pedestrian;Overtaking;Slight Injury
12:42:00;Saturday;Male;Writing & reading;Employee;Below 1yr;Automobile;Owner;Unknown;No defect;Office areas;Undivided Two way;Tangent road with flat terrain;No junction;Asphalt roads;Dry;Daylight;Normal;Collision with roadside objects;1;1;Stopping;na;Not a Pedestrian;Driving carelessly;Slight Injury
11:50:00;Friday;Male;Junior high school;Employee;Below 1yr;Other;Owner;Unknown;No defect;Office areas;Undivided Two way;Tangent road with flat terrain;No junction;Asphalt roads;Dry;Daylight;Normal;Vehicle with vehicle collision;1;1;Other;18-30;Not a Pedestrian;Moving Backward;Serious Injury
14:50:00;Friday;Male;Junior high school;Employee;1-2yr;Other;Owner;Unknown;No defect;Office areas;unknown;Tangent road with flat terrain;Other;Other;Dry;Daylight;Unknown;Vehicle with vehicle collision;2;3;Other;na;Not a Pedestrian;No distancing;Slight Injury
14:50:00;Friday;Male;Elementary school;Employee;Above 10yr;Taxi;Owner;Unknown;No defect;Office areas;Two-way (divided with broken lines road marking);Tangent road with flat terrain;Other;Asphalt roads;Dry;Daylight;Unknown;Vehicle with vehicle collision;2;3;Other;Over 51;Not a Pedestrian;Overtaking;Slight Injury
14:50:00;Friday;Male;Elementary school;Employee;Above 10yr;Automobile;Owner;Unknown;No defect;Other;Undivided Two way;Tangent road with flat terrain;Other;Asphalt roads;Dry;Daylight;Unknown;Vehicle with vehicle collision;2;3;Going straight;na;Not a Pedestrian;Driving carelessly;Slight Injury
14:50:00;Friday;Male;Elementary school;Employee;Below 1yr;Long lorry;Owner;Unknown;No defect;Other;Two-way (divided with broken lines road marking);Tangent road with flat terrain;Other;Asphalt roads;Dry;Daylight;Unknown;Rollover;2;3;Going straight;Under 18;Not a Pedestrian;Driving carelessly;Slight Injury
16:15:00;Wednesday;Male;High school;Employee;2-5yr;Long lorry;Owner;2-5yrs;unknown;Other;Two-way (divided with broken lines road marking);Tangent road with flat terrain;Crossing;Asphalt roads;Dry;Daylight;Normal;Vehicle with vehicle collision;2;1;Going straight;5;Not a Pedestrian;Moving Backward;Slight Injury
16:15:00;Wednesday;Male;Junior high school;Employee;2-5yr;Lorry (41?100Q);Owner;2-5yrs;unknown;Residential areas;One way;Tangent road with flat terrain;Crossing;Asphalt roads;Dry;Daylight;Normal;Vehicle with vehicle collision;2;1;Going straight;na;Not a Pedestrian;Driving carelessly;Slight Injury
23:50:00;Saturday;Male;Above high school;Employee;Above 10yr;Lorry (41?100Q);Owner;2-5yrs;unknown;School areas;Undivided Two way;Tangent road with mild grade and flat terrain;No junction;Asphalt roads;Wet or damp;Darkness - lights lit;Normal;Collision with roadside objects;2;1;Going straight;18-30;Not a Pedestrian;Driving to the left;Slight Injury
23:50:00;Saturday;Male;Junior high school;Employee;2-5yr;Lorry (11?40Q);Owner;2-5yrs;unknown;Residential areas;Undivided Two way;Tangent road with mild grade and flat terrain;No junction;Asphalt roads;Wet or damp;Darkness - lights lit;Normal;Vehicle with vehicle collision;2;1;Going straight;31-50;Not a Pedestrian;Changing lane to the left;Slight Injury
15:20:00;Tuesday;Male;Junior high school;Employee;2-5yr;Automobile;Owner;2-5yrs;No defect;Office areas;Two-way (divided with broken lines road marking);Tangent road with flat terrain;No junction;Asphalt roads;Dry;Daylight;Normal;Vehicle with vehicle collision;2;1;Going straight;na;Not a Pedestrian;No distancing;Slight Injury
15:20:00;Tuesday;Male;High school;Employee;1-2yr;Taxi;Owner;unknown;No defect; Church areas;One way;Tangent road with flat terrain;No junction;unknown;Dry;Daylight;Normal;Vehicle with vehicle collision;2;1;Going straight;18-30;Not a Pedestrian;No distancing;Slight Injury
14:52:00;Tuesday;Male;Junior high school;Employee;5-10yr;Other;Owner;unknown;No defect;Other;Undivided Two way;Tangent road with flat terrain;Y Shape;Other;Dry;Daylight;Normal;Collision with roadside objects;2;1;Going straight;na;Not a Pedestrian;Changing lane to the right;Serious Injury
14:52:00;Tuesday;Male;Junior high school;Employee;Below 1yr;Automobile;Owner;2-5yrs;No defect;Other;One way;Tangent road with flat terrain;Y Shape;Asphalt roads;Dry;Daylight;Normal;Collision with roadside objects;2;1;Going straight;Under 18;Not a Pedestrian;Driving under the influence of drugs;Serious Injury
19:35:00;Tuesday;Male;Junior high school;Employee;Below 1yr;Automobile;Owner;5-10yrs;No defect;Other;Two-way (divided with broken lines road marking);Tangent road with flat terrain;No junction;Asphalt roads;Dry;Darkness - lights unlit;Normal;Vehicle with vehicle collision;2;1;Going straight;31-50;Not a Pedestrian;Changing lane to the right;Serious Injury
19:35:00;Tuesday;Male;Elementary school;Employee;unknown;Automobile;Owner;unknown;No defect;Other;Two-way (divided with broken lines road marking);Tangent road with flat terrain;No junction;Asphalt roads;Dry;Darkness - lights unlit;Normal;Vehicle with vehicle collision;2;1;Reversing;Over 51;Not a Pedestrian;Changing lane to the left;Serious Injury
17:35:00;Saturday;Male;Junior high school;Employee;Below 1yr;Automobile;Owner;unknown;No defect;Office areas;Undivided Two way;Tangent road with flat terrain;Crossing;Asphalt roads;Dry;Daylight;Normal;Collision with roadside objects;2;8;Going straight;31-50;Not a Pedestrian;Moving Backward;Slight Injury
17:35:00;Saturday;Male;Junior high school;Employee;1-2yr;Public (> 45 seats);Owner;unknown;No defect;Office areas;Two-way (divided with solid lines road marking);Tangent road with flat terrain;Crossing;Asphalt roads with some distress;Dry;Daylight;Normal;Collision with roadside objects;2;8;Other;na;Not a Pedestrian;No distancing;Slight Injury
17:35:00;Saturday;Male;Elementary school;Employee;2-5yr;Lorry (11?40Q);Owner;Unknown;No defect;Residential areas;Undivided Two way;Tangent road with flat terrain;Crossing;unknown;Dry;Daylight;Normal;Vehicle with vehicle collision;2;8;unknown;31-50;Not a Pedestrian;Changing lane to the right;Slight Injury
17:35:00;Saturday;Male;High school;Employee;1-2yr;Lorry (41?100Q);Owner;Unknown;No defect;Office areas;One way;Tangent road with flat terrain;Crossing;Asphalt roads;Dry;Daylight;Normal;Vehicle with vehicle collision;2;8;Getting off;18-30;Not a Pedestrian;Moving Backward;Slight Injury
17:35:00;Saturday;Male;Junior high school;Employee;5-10yr;Lorry (41?100Q);Owner;Unknown;No defect;Residential areas;Two-way (divided with broken lines road marking);Tangent road with flat terrain;Crossing;Asphalt roads;Dry;Daylight;Normal;Vehicle with vehicle collision;2;8;Going straight;Under 18;Not a Pedestrian;No distancing;Slight Injury
17:35:00;Saturday;Male;Junior high school;Employee;Below 1yr;Stationwagen;Owner;Unknown;No defect;Office areas;Undivided Two way;Tangent road with flat terrain;Crossing;Asphalt roads;Dry;Daylight;Normal;Collision with roadside objects;2;8;Going straight;na;Not a Pedestrian;Driving to the left;Slight Injury
17:35:00;Saturday;Male;High school;Employee;Above 10yr;Other;Owner;Unknown;No defect;Other;Two-way (divided with broken lines road marking);Tangent road with flat terrain;Crossing;Asphalt roads;Dry;Daylight;Normal;Vehicle with vehicle collision;2;8;Going straight;18-30;Not a Pedestrian;Driving to the left;Slight Injury
17:35:00;Saturday;Male;Elementary school;Owner;5-10yr;Automobile;Owner;Unknown;No defect;Office areas;One way;Tangent road with flat terrain;Crossing;Earth roads;Dry;Daylight;Normal;Vehicle with vehicle collision;2;8;Going straight;18-30;Not a Pedestrian;Moving Backward;Slight Injury
14:50:00;Thursday;Female;Elementary school;Employee;Below 1yr;Pick up upto 10Q;Owner;Unknown;No defect;School areas;Undivided Two way;Tangent road with flat terrain;Unknown;Asphalt roads;Dry;Daylight;Normal;Vehicle with vehicle collision;2;1;Turnover;na;Not a Pedestrian;Moving Backward;Slight Injury
14:50:00;Thursday;Male;Junior high school;Employee;5-10yr;Motorcycle;Owner;unknown;unknown;Residential areas;One way;Tangent road with flat terrain;Unknown;Asphalt roads;Dry;Daylight;Normal;Rollover;2;1;Entering a junction;na;Not a Pedestrian;Overtaking;Slight Injury
16:40:00;Tuesday;Male;Elementary school;Owner;5-10yr;Automobile;Owner;unknown;unknown;Office areas;Undivided Two way;Tangent road with flat terrain;Unknown;Asphalt roads;Wet or damp;Daylight;Raining;Vehicle with vehicle collision;1;1;Entering a junction;18-30;Not a Pedestrian;Driving carelessly;Slight Injury
19:04:00;Thursday;Unknown;Junior high school;Employee;2-5yr;Pick up upto 10Q;Owner;Unknown;No defect;Residential areas;Undivided Two way;Tangent road with flat terrain;No junction;Asphalt roads;Dry;Daylight;Normal;Vehicle with vehicle collision;1;1;Entering a junction;Over 51;Not a Pedestrian;Changing lane to the left;Slight Injury
20:36:00;Thursday;Male;Junior high school;Employee;Above 10yr;Motorcycle;Owner;Unknown;No defect;Office areas;Undivided Two way;Tangent road with flat terrain;No junction;Asphalt roads;Dry;Darkness - lights lit;Normal;Collision with pedestrians;1;1;Entering a junction;18-30;Not a Pedestrian;Driving under the influence of drugs;Fatal injury
19:51:00;Thursday;Male;Junior high school;Employee;5-10yr;Stationwagen;Owner;2-5yrs;No defect;Office areas;Two-way (divided with broken lines road marking);Tangent road with flat terrain;Other;Asphalt roads;Dry;Darkness - lights lit;Normal;Vehicle with vehicle collision;2;1;Other;na;Not a Pedestrian;No distancing;Slight Injury
19:51:00;Thursday;Male;High school;Employee;1-2yr;Lorry (41?100Q);Owner;unknown;unknown;Residential areas;Undivided Two way;Tangent road with flat terrain;Other;Asphalt roads;Dry;Darkness - lights lit;Normal;Vehicle with vehicle collision;2;1;Entering a junction;18-30;Not a Pedestrian;Moving Backward;Slight Injury
15:51:00;Thursday;Male;Elementary school;Employee;5-10yr;Taxi;Owner;Unknown;unknown;Other;Two-way (divided with broken lines road marking);Tangent road with flat terrain;No junction;Asphalt roads;Dry;Daylight;Other;Vehicle with vehicle collision;1;1;Turnover;na;Not a Pedestrian;Changing lane to the left;Slight Injury
16:30:00;Friday;Female;Elementary school;Employee;2-5yr;Automobile;Owner;Above 10yr;unknown; Industrial areas;Undivided Two way;Tangent road with flat terrain;Y Shape;Asphalt roads;Dry;Daylight;Normal;Vehicle with vehicle collision;2;1;Entering a junction;na;Not a Pedestrian;Changing lane to the right;Serious Injury
16:30:00;Friday;Male;Junior high school;Employee;Below 1yr;Long lorry;Owner;Unknown;unknown;Office areas;Two-way (divided with broken lines road marking);Tangent road with flat terrain;Y Shape;Asphalt roads;Dry;Daylight;Normal;Collision with roadside objects;2;1;Entering a junction;18-30;Not a Pedestrian;No distancing;Serious Injury
14:36:00;Thursday;Male;Junior high school;Employee;Below 1yr;Automobile;Organization;Unknown;unknown;  Recreational areas;Two-way (divided with broken lines road marking);Tangent road with flat terrain;Crossing;Asphalt roads;Dry;Daylight;Normal;Vehicle with vehicle collision;2;1;Entering a junction;31-50;Not a Pedestrian;Driving at high speed;Slight Injury
14:36:00;Thursday;Male;Junior high school;Employee;5-10yr;Public (12 seats);Owner;1-2yr;No defect;Residential areas;Two-way (divided with broken lines road marking);Tangent road with flat terrain;Crossing;Gravel roads;Dry;Daylight;Normal;Vehicle with vehicle collision;2;1;Entering a junction;na;Not a Pedestrian;Changing lane to the right;Slight Injury
13:50:00;Thursday;Male;Junior high school;Owner;5-10yr;Lorry (11?40Q);Owner;Above 10yr;unknown;Residential areas;Undivided Two way;Tangent road with flat terrain;No junction;Asphalt roads;Dry;Daylight;Normal;Vehicle with vehicle collision;2;2;Entering a junction;18-30;Not a Pedestrian;No priority to vehicle;Serious Injury
13:50:00;Thursday;Male;Elementary school;Employee;1-2yr;Pick up upto 10Q;Owner;5-10yrs;unknown; Church areas;Undivided Two way;Steep grade downward with mountainous terrain;No junction;Asphalt roads;Dry;Daylight;Normal;Vehicle with vehicle collision;2;2;Other;18-30;Not a Pedestrian;No distancing;Serious Injury
17:19:00;Monday;Male;Junior high school;Employee;unknown;Lorry (41?100Q);Owner;5-10yrs;unknown;Residential areas;Undivided Two way;Tangent road with flat terrain;No junction;Asphalt roads;Dry;Daylight;Normal;Collision with roadside objects;1;1;Going straight;na;Not a Pedestrian;Turnover;Slight Injury