Time;Day_of_week;Sex_of_driver;Educational_level;Vehicle_driver_relation;Driving_experience;Type_of_vehicle;Owner_of_vehicle;Service_year_of_vehicle;Defect_of_vehicle;Area_accident_occured;Lanes_or_Medians;Road_allignment;Types_of_Junction;Road_surface_type;Road_surface_conditions;Light_conditions;Weather_conditions;Type_of_collision;Number_of_vehicles_involved;Number_of_casualties;Vehicle_movement;Age_band_of_casualty;Pedestrian_movement;Cause_of_accident;Accident_severity
10:40:00;Sunday;Male;Elementary school;Employee;Above 10yr;Other;Owner;Unknown;No defect;unknown;other;Tangent road with flat terrain;No junction;Asphalt roads;Dry;Daylight;Normal;Vehicle with vehicle collision;2;2;Going straight;31-50;Not a Pedestrian;No distancing;Slight Injury
10:40:00;Sunday;Male;Junior high school;Owner;1-2yr;Automobile;Owner;5-10yrs;No defect;Other;Undivided Two way;Tangent road with flat terrain;No junction;Asphalt roads;Dry;Daylight;Normal;Collision with roadside objects;2;2;Other;na;Not a Pedestrian;Changing lane to the right;Slight Injury
23:31:00;Saturday;Male;unknown;unknown;unknown;Long lorry;Owner;Unknown;unknown;Other;Two-way (divided with solid lines road marking);Tangent road with flat terrain;Y Shape;Asphalt roads;Dry;Darkness - lights lit;Normal;Vehicle with vehicle collision;2;1;Going straight;Under 18;Not a Pedestrian;No distancing;Slight Injury
23:31:00;Saturday;Male;Junior high school;Employee;Above 10yr;Lorry (11?40Q);Owner;Unknown;No defect; Church areas;Two-way (divided with solid lines road marking);Tangent road with flat terrain;Y Shape;Asphalt roads;Dry;Darkness - lights lit;Normal;Rollover;2;1;Going straight;na;Not a Pedestrian;Changing lane to the left;Slight Injury
06:59:00;Wednesday;Male;Elementary school;Owner;2-5yr;Long lorry;Governmental;unknown;No defect;Other;Two-way (divided with solid lines road marking);Tangent road with flat terrain;Y Shape;Asphalt roads;Dry;Darkness - lights lit;Normal;Vehicle with vehicle collision;1;1;Going straight;31-50;Not a Pedestrian;Driving carelessly;Slight Injury
16:30:00;Thursday;Male;Junior high school;Employee;5-10yr;Automobile;Owner;Unknown;No defect; Church areas;Two-way (divided with solid lines road marking);Tangent road with flat terrain;No junction;Asphalt roads;Dry;Daylight;Normal;Vehicle with vehicle collision;3;1;Going straight;na;Not a Pedestrian;Changing lane to the right;Slight Injury
16:30:00;Thursday;Male;Junior high school;Employee;Below 1yr;Taxi;Owner;Unknown;No defect; Church areas;Two-way (divided with broken lines road marking);Tangent road with flat terrain;No junction;Asphalt roads;Dry;Daylight;Normal;Vehicle with vehicle collision;3;1;Going straight;Over 51;Not a Pedestrian;No priority to vehicle;Slight Injury
16:30:00;Thursday;Male;Junior high school;Employee;5-10yr;Taxi;Owner;Above 10yr;No defect;Other;Undivided Two way;Tangent road with flat terrain;No junction;Asphalt roads;Dry;Daylight;Normal;Vehicle with vehicle collision;3;1;Reversing;na;Not a Pedestrian;No distancing;Slight Injury
11:05:00;Saturday;Male;High school;Employee;Above 10yr;Long lorry;Governmental;5-10yrs;No defect;Other;Undivided Two way;Tangent road with flat terrain;Y Shape;Asphalt roads;Dry;Daylight;Normal;Vehicle with vehicle collision;1;1;Moving Backward;na;Not a Pedestrian;No priority to pedestrian;Slight Injury
08:48:00;Wednesday;Male;Junior high school;Employee;5-10yr;Lorry (11?40Q);Owner;5-10yrs;No defect;School areas;other;Tangent road with flat terrain;Unknown;Asphalt roads;Wet or damp;Daylight;Raining;Collision with pedestrians;2;1;Overtaking;31-50;Not a Pedestrian;No priority to pedestrian;Slight Injury
08:48:00;Wednesday;Male;Elementary school;Employee;1-2yr;Lorry (11?40Q);Owner;Above 10yr;No defect;Residential areas;Undivided Two way;Tangent road with flat terrain;Unknown;Asphalt roads;Wet or damp;Daylight;Raining;Rollover;2;1;Going straight;31-50;Not a Pedestrian;No priority to vehicle;Slight Injury
08:47:00;Tuesday;Male;Junior high school;Employee;unknown;Long lorry;unknown;1-2yr;No defect;Other;Two-way (divided with broken lines road marking);Tangent road with flat terrain;Crossing;Asphalt roads;Wet or damp;Daylight;Raining;Vehicle with vehicle collision;2;3;Going straight;18-30;Not a Pedestrian;Changing lane to the left;Slight Injury
08:47:00;Tuesday;Male;Elementary school;Employee;1-2yr;Turbo;Owner;Above 10yr;No defect;Office areas;Undivided Two way;Tangent road with flat terrain;Crossing;Asphalt roads;Wet or damp;Daylight;Raining;Rollover;2;3;Going straight;18-30;Not a Pedestrian;Changing lane to the left;Slight Injury
08:47:00;Tuesday;Male;Junior high school;Owner;1-2yr;Long lorry;Owner;Above 10yr;No defect;Residential areas;Undivided Two way;Tangent road with flat terrain;Crossing;Asphalt roads;Wet or damp;Daylight;Raining;Vehicle with vehicle collision;2;3;Reversing;na;Not a Pedestrian;No distancing;Slight Injury
22:20:00;Monday;Male;Above high school;Owner;1-2yr;Long lorry;Owner;Above 10yr;No defect;Other;One way;Steep grade downward with mountainous terrain;No junction;Asphalt roads;Dry;Darkness - lights lit;Normal;Vehicle with vehicle collision;2;1;Going straight;31-50;Not a Pedestrian;No priority to vehicle;Slight Injury
22:20:00;Monday;Female;Junior high school;Owner;5-10yr;Public (13?45 seats);Owner;Above 10yr;No defect;Residential areas;Two-way (divided with broken lines road marking);Tangent road with flat terrain;No junction;Asphalt roads;Dry;Darkness - lights lit;Normal;Vehicle with vehicle collision;2;1;Going straight;na;Not a Pedestrian;No distancing;Slight Injury
15:00:00;Monday;Female;Junior high school;Employee;5-10yr;Automobile;Owner;5-10yrs;No defect;Residential areas;Undivided Two way;Tangent road with flat terrain;Y Shape;Asphalt roads;Dry;Daylight;Normal;Fall from vehicles;1;1;Other;na;Not a Pedestrian;No distancing;Serious Injury
11:57:00;Saturday;Male;Elementary school;Employee;5-10yr;Automobile;Owner;unknown;No defect;Residential areas;Two-way (divided with broken lines road marking);Tangent road with flat terrain;Y Shape;Asphalt roads;Dry;Daylight;Normal;Vehicle with vehicle collision;2;1;Entering a junction;18-30;Not a Pedestrian;Changing lane to the right;Slight Injury
11:57:00;Saturday;Male;High school;Owner;Below 1yr;Pick up upto 10Q;Owner;1-2yr;No defect;Other;other;Tangent road with flat terrain;Y Shape;Other;Dry;Daylight;Normal;Collision with roadside objects;2;1;Turnover;na;Not a Pedestrian;Changing lane to the left;Slight Injury
11:54:00;Saturday;Male;Junior high school;Employee;Above 10yr;unknown;Owner;5-10yrs;No defect;Other;Undivided Two way;Tangent road with flat terrain;No junction;unknown;Dry;Daylight;Normal;Vehicle with vehicle collision;2;1;Going straight;31-50;Not a Pedestrian;No distancing;Slight Injury
11:54:00;Saturday;Male;Junior high school;Employee;5-10yr;Stationwagen;Owner;5-10yrs;No defect;Other;One way;Tangent road with flat terrain;No junction;Asphalt roads;Dry;Daylight;Normal;Vehicle with vehicle collision;2;1;Going straight;Under 18;Not a Pedestrian;Overturning;Slight Injury
21:00:00;Monday;Male;Junior high school;Employee;Below 1yr;unknown;Owner;1-2yr;No defect; Hospital areas;Undivided Two way;Tangent road with flat terrain;Crossing;Asphalt roads;Dry;Darkness - lights lit;Normal;Vehicle with vehicle collision;2;1;Going straight;18-30;Not a Pedestrian;No priority to vehicle;Slight Injury
21:00:00;Monday;Male;Junior high school;Employee;Above 10yr;Automobile;Owner;2-5yrs;No defect;Residential areas;Undivided Two way;Tangent road with flat terrain;Crossing;Asphalt roads;Dry;Darkness - lights lit;Normal;Collision with pedestrians;2;1;Going straight;31-50;Not a Pedestrian;Moving Backward;Slight Injury
14:23:00;Wednesday;Male;Junior high school;Employee;5-10yr;Automobile;Owner;5-10yrs;No defect;Residential areas;One way;Tangent road with flat terrain;No junction;Asphalt roads;Dry;Daylight;Normal;Vehicle with vehicle collision;1;2;Going straight;na;Not a Pedestrian;Driving under the influence of drugs;Slight Injury
14:23:00;Wednesday;Male;Junior high school;Owner;Above 10yr;Long lorry;Owner;5-10yrs;No defect;Residential areas;Undivided Two way;Tangent road with flat terrain;No junction;Asphalt roads;Dry;Daylight;Normal;Vehicle with vehicle collision;1;2;Going straight;na;Not a Pedestrian;Moving Backward;Slight Injury
08:30:00;Wednesday;Male;Junior high school;Employee;5-10yr;Public (13?45 seats);Owner;1-2yr;No defect;Other;Two-way (divided with broken lines road marking);Tangent road with flat terrain;Other;Asphalt roads;Wet or damp;Daylight;Raining;Vehicle with vehicle collision;2;1;Going straight;18-30;Not a Pedestrian;Changing lane to the right;Slight Injury
08:30:00;Wednesday;Male;Junior high school;Employee;1-2yr;Public (13?45 seats);Owner;1-2yr;No defect;Office areas;Two-way (divided with broken lines road marking);Tangent road with flat terrain;Other;Asphalt roads;Wet or damp;Daylight;Raining;Rollover;2;1;Going straight;18-30;Not a Pedestrian;Overspeed;Slight Injury
14:37:00;Saturday;Male;Junior high school;Employee;1-2yr;Lorry (11?40Q);Owner;2-5yrs;No defect;Other;other;Tangent road with flat terrain;Other;Asphalt roads;Dry;Daylight;Normal;Collision with roadside objects;2;1;Getting off;na;Not a Pedestrian;Driving under the influence of drugs;Serious Injury
14:37:00;Saturday;Male;Junior high school;Employee;1-2yr;Lorry (11?40Q);Owner;Unknown;No defect;Office areas;Double carriageway (median);Tangent road with flat terrain;Other;Asphalt roads;Dry;Daylight;Normal;Vehicle with vehicle collision;2;1;Getting off;31-50;Not a Pedestrian;Driving carelessly;Serious Injury
15:51:00;Monday;Male;High school;Employee;2-5yr;Pick up upto 10Q;Owner;Unknown;No defect;Residential areas;Two-way (divided with broken lines road marking);Tangent road with flat terrain;Y Shape;Asphalt roads;Dry;Daylight;Normal;Vehicle with vehicle collision;1;2;Getting off;na;Not a Pedestrian;No distancing;Slight Injury
15:51:00;Monday;Male;High school;Owner;Above 10yr;Automobile;Owner;Unknown;No defect;Office areas;Double carriageway (median);Gentle horizontal curve;Y Shape;Asphalt roads;Dry;Daylight;Normal;Collision with roadside objects;1;2;Moving Backward;18-30;Crossing from nearside - masked by parked or statioNot a Pedestrianry vehicle;No priority to vehicle;Slight Injury
12:40:00;Saturday;Male;Elementary school;Employee;2-5yr;Automobile;Owner;unknown;No defect;Office areas;Double carriageway (median);Tangent road with flat terrain;Crossing;Asphalt roads;Dry;Daylight;Normal;Vehicle with vehicle collision;1;1;Going straight;Under 18;Not a Pedestrian;Overspeed;Serious Injury
11:01:00;Wednesday;Male;Junior high school;Employee;Above 10yr;Automobile;Organization;Unknown;No defect;Other;Double carriageway (median);Tangent road with flat terrain;Y Shape;Other;Wet or damp;Daylight;Raining;Vehicle with vehicle collision;2;1;Going straight;na;Not a Pedestrian;Driving under the influence of drugs;Slight Injury
11:01:00;Wednesday;Male;High school;Employee;2-5yr;Long lorry;Owner;Unknown;No defect;Office areas;Two-way (divided with broken lines road marking);Tangent road with flat terrain;Y Shape;Asphalt roads;Wet or damp;Daylight;Raining;Vehicle with vehicle collision;2;1;Waiting to go;18-30;Not a Pedestrian;Changing lane to the right;Slight Injury
17:41:00;Wednesday;Male;Junior high school;Other;No Licence;Long lorry;Owner;Unknown;No defect;Office areas;unknown;Tangent road with flat terrain;Crossing;Asphalt roads;Wet or damp;Darkness - lights unlit;Normal;Rollover;2;1;Going straight;na;Not a Pedestrian;Changing lane to the right;Slight Injury
17:41:00;Wednesday;Male;Junior high school;Employee;1-2yr;Automobile;Governmental;Unknown;unknown;Office areas;One way;Tangent road with flat terrain;Crossing;Asphalt roads;Wet or damp;Darkness - lights unlit;Normal;Rollover;2;1;Other;Under 18;Not a Pedestrian;Changing lane to the right;Slight Injury
16:55:00;Thursday;Male;Junior high school;Owner;5-10yr;Stationwagen;Owner;Unknown;unknown;Other;Undivided Two way;Tangent road with flat terrain;Y Shape;Asphalt roads;Dry;Daylight;Normal;Collision with pedestrians;1;1;Going straight;na;Not a Pedestrian;Changing lane to the right;Slight Injury
10:30:00;Saturday;Male;Junior high school;Employee;1-2yr;unknown;Owner;Unknown;unknown;Residential areas;unknown;Tangent road with flat terrain;Crossing;Asphalt roads;Wet or damp;Daylight;Raining;Vehicle with vehicle collision;1;1;Going straight;Over 51;Not a Pedestrian;Moving Backward;Slight Injury
18:20:00;Wednesday;Male;Junior high school;Employee;Above 10yr;Other;Owner;2-5yrs;No defect;Residential areas;Two-way (divided with broken lines road marking);Gentle horizontal curve;Y Shape;Asphalt roads;Dry;Daylight;Normal;Vehicle with vehicle collision;2;2;Going straight;5;Not a Pedestrian;No distancing;Serious Injury
18:20:00;Wednesday;Male;Junior high school;Employee;1-2yr;Special vehicle;Owner;5-10yrs;unknown; Church areas;Two-way (divided with broken lines road marking);Tangent road with flat terrain;Y Shape;Asphalt roads;Dry;Daylight;Normal;Vehicle with vehicle collision;2;2;Going straight;18-30;Not a Pedestrian;Overspeed;Serious Injury
17:22:00;Monday;Male;Junior high school;Employee;1-2yr;Lorry (41?100Q);Owner;5-10yrs;unknown;Other;Two-way (divided with broken lines road marking);Tangent road with flat terrain;Unknown;Asphalt roads;Dry;Darkness - lights lit;Normal;Collision with pedestrians;1;1;Overtaking;na;Not a Pedestrian;No distancing;Slight Injury
16:19:00;Friday;Male;Junior high school;Employee;2-5yr;Pick up upto 10Q;Owner;Unknown;unknown;Residential areas;Two-way (divided with broken lines road marking);Tangent road with flat terrain;Unknown;Asphalt roads;Dry;Daylight;Normal;Collision with pedestrians;1;1;Going straight;Over 51;Unknown or other;Driving carelessly;Slight Injury
20:43:00;Sunday;Male;High school;Employee;1-2yr;Lorry (11?40Q);Owner;2-5yrs;unknown;Other;Undivided Two way;Tangent road with flat terrain;Y Shape;Other;Wet or damp;Darkness - lights lit;Raining;Vehicle with vehicle collision;2;1;Going straight;na;Not a Pedestrian;No distancing;Slight Injury
20:43:00;Sunday;Male;Junior high school;Employee;1-2yr;Lorry (41?100Q);Owner;2-5yrs;unknown;Residential areas;Undivided Two way;Tangent road with flat terrain;Y Shape;Asphalt roads;Wet or damp;Darkness - lights lit;Raining;Vehicle with vehicle collision;2;1;Going straight;31-50;Not a Pedestrian;No distancing;Slight Injury
22:35:00;Wednesday;Male;Elementary school;Employee;Above 10yr;Motorcycle;Owner;2-5yrs;unknown;Residential areas;Two-way (divided with broken lines road marking);Tangent road with flat terrain;No junction;Asphalt roads;Dry;Darkness - lights lit;Normal;Vehicle with vehicle collision;1;3;Turnover;18-30;Not a Pedestrian;No distancing;Slight Injury
22:35:00;Wednesday;Male;Junior high school;Employee;Above 10yr;Automobile;Owner;5-10yrs;No defect;Other;Two-way (divided with broken lines road marking);Tangent road with flat terrain;No junction;unknown;Dry;Darkness - lights lit;Normal;Collision with roadside objects;1;3;Going straight;na;Not a Pedestrian;Changing lane to the right;Slight Injury
22:35:00;Wednesday;Male;Elementary school;Employee;Above 10yr;Automobile;unknown;unknown;unknown;Other;Two-way (divided with broken lines road marking);Tangent road with flat terrain;No junction;Asphalt roads;Dry;Darkness - lights lit;Normal;Vehicle with vehicle collision;1;3;Going straight;31-50;Not a Pedestrian;No distancing;Slight Injury
05:50:00;Wednesday;Male;Junior high school;Employee;Above 10yr;Automobile;Owner;Unknown;No defect;Other;Undivided Two way;Tangent road with flat terrain;No junction;Asphalt roads;Wet or damp;Darkness - lights lit;Raining;Collision with roadside objects;2;1;Getting off;31-50;Not a Pedestrian;No priority to vehicle;Slight Injury
05:50:00;Wednesday;Female;Junior high school;Employee;1-2yr;Stationwagen;Owner;Unknown;No defect;Other;Double carriageway (median);Tangent road with flat terrain;No junction;Asphalt roads;Wet or damp;Darkness - lights lit;Raining;Vehicle with vehicle collision;2;1;Moving Backward;18-30;Not a Pedestrian;Changing lane to the left;Slight Injury
09:22:00;Monday;Male;Junior high school;Employee;5-10yr;unknown;Owner;Unknown;unknown;Residential areas;Two-way (divided with broken lines road marking);Tangent road with flat terrain;No junction;Earth roads;Dry;Daylight;Normal;Vehicle with vehicle collision;2;1;Getting off;na;Not a Pedestrian;Moving Backward;Slight Injury
09:22:00;Monday;Male;High school;Owner;2-5yr;Public (> 45 seats);Owner;2-5yrs;unknown;  Recreational areas;Undivided Two way;Tangent road with flat terrain;No junction;Asphalt roads;Dry;Daylight;Normal;Collision with roadside objects;2;1;Overtaking;18-30;Not a Pedestrian;Driving carelessly;Slight Injury
09:26:00;Wednesday;Male;Junior high school;Employee;2-5yr;Public (> 45 seats);Owner;unknown;unknown;Other;other;Tangent road with flat terrain;Y Shape;Asphalt roads;Wet or damp;Daylight;Raining;Vehicle with vehicle collision;2;1;Going straight;na;Not a Pedestrian;Changing lane to the left;Slight Injury
09:26:00;Wednesday;Unknown;Junior high school;Employee;5-10yr;Stationwagen;Owner;unknown;unknown;Office areas;Undivided Two way;Tangent road with flat terrain;Y Shape;Asphalt roads;Wet or damp;Daylight;Raining;Vehicle with vehicle collision;2;1;Going straight;18-30;Not a Pedestrian;No priority to pedestrian;Slight Injury
13:40:00;Sunday;Male;Junior high school;Employee;5-10yr;Automobile;unknown;unknown;unknown;Other;Undivided Two way;Tangent road with flat terrain;Y Shape;Asphalt roads;Dry;Daylight;Normal;Collision with roadside objects;3;2;Going straight;na;Not a Pedestrian;No distancing;Slight Injury
13:40:00;Sunday;Male;Junior high school;Employee;2-5yr;Bicycle;Owner;Unknown;unknown;Office areas;Undivided Two way;Tangent road with flat terrain;Y Shape;Asphalt roads;Dry;Daylight;Normal;Collision with roadside objects;3;2;Reversing;Under 18;Not a Pedestrian;No distancing;Slight Injury
13:40:00;Sunday;Male;High school;Employee;Above 10yr;Automobile;Owner;Unknown;unknown;Office areas;One way;Tangent road with flat terrain;Y Shape;Asphalt roads;Dry;Daylight;Normal;Vehicle with vehicle collision;3;2;Getting off;na;Not a Pedestrian;Overturning;Slight Injury
04:38:00;Saturday;Male;Elementary school;Employee;5-10yr;Lorry (41?100Q);Owner;Unknown;unknown;Office areas;Undivided Two way;Tangent road with flat terrain;Crossing;Asphalt roads;Dry;Darkness - lights lit;Normal;Vehicle with vehicle collision;2;2;Going straight;18-30;Not a Pedestrian;No distancing;Slight Injury
04:38:00;Saturday;Male;Junior high school;Employee;Above 10yr;Automobile;Owner;Unknown;No defect;Other;Undivided Two way;Tangent road with flat terrain;Crossing;Asphalt roads;Dry;Darkness - lights lit;Normal;Vehicle with vehicle collision;2;2;Going straight;na;Not a Pedestrian;Drunk driving;Slight Injury
02:32:00;Thursday;Male;Writing & reading;Employee;2-5yr;Public (13?45 seats);Governmental;Unknown;unknown;Other;Double carriageway (median);Tangent road with flat terrain;Y Shape;Asphalt roads;Dry;Darkness - lights lit;Normal;Vehicle with vehicle collision;1;2;Going straight;na;Not a Pedestrian;Moving Backward;Serious Injury
02:32:00;Thursday;Male;Junior high school;Employee;2-5yr;Special vehicle;Owner;Unknown;No defect;Office areas;Two-way (divided with solid lines road marking);Tangent road with flat terrain;Y Shape;Asphalt roads;Dry;Darkness - lights lit;Normal;Vehicle with vehicle collision;1;2;Reversing;18-30;Not a Pedestrian;No priority to pedestrian;Serious Injury
19:00:00;Tuesday;Female;High school;Employee;2-5yr;Automobile;Owner;Unknown;unknown;Residential areas;other;Tangent road with flat terrain;No junction;Asphalt roads;Wet or damp;Darkness - lights lit;Other;Vehicle with vehicle collision;2;1;Going straight;Under 18;Not a Pedestrian;Changing lane to the left;Slight Injury
19:00:00;Tuesday;Male;Junior high school;Employee;1-2yr;Public (13?45 seats);Governmental;2-5yrs;unknown;  Recreational areas;Undivided Two way;Tangent road with flat terrain;No junction;Asphalt roads;Wet or damp;Darkness - lights lit;Other;Vehicle with vehicle collision;2;1;Stopping;31-50;Not a Pedestrian;Changing lane to the left;Slight Injury
13:38:00;Friday;Male;High school;Employee;5-10yr;unknown;Owner;1-2yr;No defect;Other;other;Tangent road with flat terrain;No junction;Asphalt roads;Dry;Daylight;Normal;Vehicle with vehicle collision;1;1;Overtaking;na;Not a Pedestrian;Getting off the vehicle improperly;Slight Injury
07:53:00;Thursday;Male;Elementary school;Employee;2-5yr;Lorry (41?100Q);Owner;Above 10yr;No defect;Residential areas;other;Tangent road with flat terrain;Crossing;Asphalt roads;Wet or damp;Daylight;Raining;Vehicle with vehicle collision;2;3;Going straight;18-30;Not a Pedestrian;No distancing;Slight Injury
07:53:00;Thursday;Male;Junior high school;Employee;1-2yr;Lorry (41?100Q);Owner;Unknown;No defect;Other;other;Tangent road with flat terrain;Crossing;Asphalt roads;Wet or damp;Daylight;Raining;Vehicle with vehicle collision;2;3;Reversing;na;Not a Pedestrian;Changing lane to the right;Slight Injury
07:53:00;Thursday;Male;Elementary school;Employee;1-2yr;Public (12 seats);Owner;Unknown;unknown;Other;other;Tangent road with flat terrain;Crossing;Asphalt roads;Wet or damp;Daylight;Raining;Vehicle with vehicle collision;2;3;Going straight;Under 18;Not a Pedestrian;Changing lane to the right;Slight Injury
20:13:00;Tuesday;Male;High school;Employee;No Licence;Lorry (41?100Q);Owner;5-10yrs;unknown;Other;One way;Tangent road with flat terrain;No junction;Asphalt roads;Wet or damp;Darkness - lights lit;Raining;Vehicle with vehicle collision;1;1;Going straight;na;Not a Pedestrian;Moving Backward;Serious Injury
16:28:00;Tuesday;Male;Junior high school;Owner;5-10yr;Lorry (41?100Q);Owner;Unknown;No defect;Other;Two-way (divided with broken lines road marking);Tangent road with flat terrain;No junction;Earth roads;Wet or damp;Daylight;Raining;Vehicle with vehicle collision;3;1;Reversing;18-30;Not a Pedestrian;Driving at high speed;Slight Injury
16:28:00;Tuesday;Male;Junior high school;Employee;1-2yr;Public (12 seats);Owner;2-5yrs;No defect;Other;other;Tangent road with flat terrain;No junction;Asphalt roads;Wet or damp;Daylight;Raining;Vehicle with vehicle collision;3;1;Going straight;na;Not a Pedestrian;Changing lane to the left;Slight Injury
16:28:00;Tuesday;Male;Junior high school;Employee;2-5yr;Public (> 45 seats);Owner;Unknown;No defect;School areas;Undivided Two way;Tangent road with flat terrain;No junction;Asphalt roads;Wet or damp;Daylight;Raining;Vehicle with vehicle collision;3;1;Waiting to go;31-50;Not a Pedestrian;Changing lane to the right;Slight Injury
00:55:00;Saturday;Male;Junior high school;Employee;5-10yr;Automobile;Owner;unknown;No defect;Office areas;Two-way (divided with broken lines road marking);Tangent road with flat terrain;Y Shape;Asphalt roads;Dry;Darkness - lights lit;Normal;Vehicle with vehicle collision;1;3;Going straight;na;Not a Pedestrian;No distancing;Serious Injury
00:55:00;Saturday;Male;unknown;unknown;unknown;Pick up upto 10Q;Owner;Unknown;No defect;Office areas;Two-way (divided with broken lines road marking);Tangent road with flat terrain;Y Shape;Asphalt roads;Dry;Darkness - lights lit;Normal;Vehicle with vehicle collision;1;3;Going straight;18-30;Not a Pedestrian;Changing lane to the right;Serious Injury
00:55:00;Saturday;Male;unknown;unknown;unknown;Stationwagen;Owner;5-10yrs;No defect;Office areas;Two-way (divided with broken lines road marking);Tangent road with flat terrain;Y Shape;Asphalt roads;Dry;Darkness - lights lit;Normal;Vehicle with vehicle collision;1;3;Going straight;31-50;Not a Pedestrian;Changing lane to the right;Serious Injury
18:30:00;Monday;Male;Junior high school;Employee;2-5yr;Other;Owner;Unknown;No defect;School areas;unknown;Tangent road with flat terrain;No junction;Asphalt roads;Dry;Darkness - lights lit;Normal;Collision with roadside objects;2;2;Going straight;na;Not a Pedestrian;No distancing;Serious Injury
18:30:00;Monday;Male;Junior high school;Employee;Above 10yr;unknown;Governmental;unknown;No defect;School areas;Undivided Two way;Tangent road with flat terrain;No junction;Asphalt roads;Dry;Darkness - lights lit;Normal;Vehicle with vehicle collision;2;2;Getting off;18-30;Not a Pedestrian;Changing lane to the right;Serious Injury
18:30:00;Monday;Male;Junior high school;Owner;Above 10yr;Automobile;Owner;unknown;No defect;Office areas;Two-way (divided with broken lines road marking);Tangent road with flat terrain;No junction;Asphalt roads;Dry;Darkness - lights lit;Normal;Collision with pedestrians;2;2;Going straight;31-50;Unknown or other;Driving carelessly;Serious Injury
08:15:00;Tuesday;Male;unknown;unknown;unknown;Stationwagen;Owner;unknown;No defect;Office areas;Two-way (divided with broken lines road marking);Tangent road with flat terrain;No junction;Asphalt roads;Dry;Daylight;Normal;Vehicle with vehicle collision;2;1;Going straight;18-30;Not a Pedestrian;Driving carelessly;Serious Injury
08:15:00;Tuesday;Male;Elementary school;Owner;Above 10yr;Pick up upto 10Q;Governmental;Above 10yr;No defect;School areas;Two-way (divided with broken lines road marking);Tangent road with flat terrain;No junction;Asphalt roads;Dry;Daylight;Normal;Collision with roadside objects;2;1;Going straight;5;Not a Pedestrian;Changing lane to the right;Serious Injury
18:26:00;Monday;Unknown;unknown;unknown;unknown;Lorry (41?100Q);Owner;1-2yr;No defect;unknown;Two-way (divided with broken lines road marking);Tangent road with flat terrain;Crossing;Earth roads;Dry;Darkness - lights lit;Normal;Vehicle with vehicle collision;2;3;Reversing;na;Not a Pedestrian;Overturning;Slight Injury
18:26:00;Monday;Male;Junior high school;Owner;5-10yr;Automobile;Owner;Above 10yr;No defect;Other;Two-way (divided with broken lines road marking);Tangent road with flat terrain;Crossing;Asphalt roads;Dry;Darkness - lights lit;Normal;Vehicle with vehicle collision;2;3;Turnover;na;Not a Pedestrian;Changing lane to the right;Slight Injury
18:26:00;Monday;Male;Junior high school;Owner;Above 10yr;unknown;Owner;Below 1yr;No defect;Other;Undivided Two way;Tangent road with flat terrain;Crossing;Asphalt roads;Dry;Darkness - lights lit;Normal;Vehicle with vehicle collision;2;3;Going straight;18-30;Not a Pedestrian;Moving Backward;Slight Injury
00:10:00;Saturday;Male;High school;Owner;Above 10yr;Lorry (41?100Q);Owner;Above 10yr;No defect;Other;Two-way (divided with broken lines road marking);Tangent road with flat terrain;No junction;Asphalt roads;Dry;Darkness - lights lit;Normal;Vehicle with vehicle collision;3;3;Going straight;na;Not a Pedestrian;No distancing;Serious Injury
00:10:00;Saturday;Male;unknown;unknown;unknown;Lorry (41?100Q);Owner;Unknown;No defect;Residential areas;Undivided Two way;Tangent road with flat terrain;No junction;Asphalt roads;Dry;Darkness - lights lit;Normal;Vehicle with vehicle collision;3;3;Going straight;18-30;Not a Pedestrian;Overturning;Serious Injury
00:10:00;Saturday;Male;Elementary school;Employee;5-10yr;Lorry (41?100Q);Governmental;1-2yr;No defect;Other;Undivided Two way;Tangent road with flat terrain;No junction;Asphalt roads;Dry;Darkness - lights lit;Normal;Rollover;3;3;Going straight;na;Not a Pedestrian;Driving carelessly;Serious Injury
00:10:00;Saturday;Male;Elementary school;Owner;Above 10yr;Pick up upto 10Q;Owner;1-2yr;No defect;Other;Undivided Two way;Tangent road with flat terrain;No junction;Asphalt roads;Dry;Darkness - lights lit;Normal;Collision with roadside objects;3;3;Getting off;31-50;Not a Pedestrian;Changing lane to the right;Serious Injury
00:10:00;Saturday;Male;Junior high school;Owner;Below 1yr;Pick up upto 10Q;Owner;unknown;No defect; Industrial areas;Undivided Two way;Tangent road with flat terrain;No junction;Asphalt roads;Dry;Darkness - lights lit;Normal;Vehicle with vehicle collision;3;3;Going straight;Under 18;Not a Pedestrian;Driving at high speed;Serious Injury
00:10:00;Saturday;Male;Junior high school;Owner;2-5yr;Automobile;Owner;unknown;No defect;  Recreational areas;Undivided Two way;Tangent road with flat terrain;No junction;Asphalt roads;Dry;Darkness - lights lit;Normal;Collision with roadside objects;3;3;Going straight;18-30;Not a Pedestrian;Changing lane to the left;Serious Injury
08:13:00;Wednesday;Male;Junior high school;Owner;2-5yr;Other;Owner;Above 10yr;No defect; Church areas;Two-way (divided with broken lines road marking);Tangent road with flat terrain;Y Shape;Gravel roads;Wet or damp;Daylight;Raining and Windy;Vehicle with vehicle collision;2;2;Going straight;na;Not a Pedestrian;Driving carelessly;Slight Injury
08:13:00;Wednesday;Male;High school;Owner;5-10yr;unknown;Owner;unknown;unknown;Office areas;Two-way (divided with broken lines road marking);Tangent road with flat terrain;Y Shape;Asphalt roads;Wet or damp;Daylight;Raining and Windy;Vehicle with vehicle collision;2;2;Going straight;Under 18;Not a Pedestrian;No distancing;Slight Injury