Time;Day_of_week;Sex_of_driver;Educational_level;Vehicle_driver_relation;Driving_experience;Type_of_vehicle;Owner_of_vehicle;Service_year_of_vehicle;Defect_of_vehicle;Area_accident_occured;Lanes_or_Medians;Road_allignment;Types_of_Junction;Road_surface_type;Road_surface_conditions;Light_conditions;Weather_conditions;Type_of_collision;Number_of_vehicles_involved;Number_of_casualties;Vehicle_movement;Age_band_of_casualty;Pedestrian_movement;Cause_of_accident;Accident_severity
08:13:00;Wednesday;Male;Junior high school;Owner;unknown;Automobile;Owner;unknown;unknown;Other;Two-way (divided with broken lines road marking);Tangent road with flat terrain;Y Shape;Asphalt roads;Wet or damp;Daylight;Raining and Windy;Vehicle with vehicle collision;2;2;Going straight;18-30;Not a Pedestrian;Moving Backward;Slight Injury
17:46:00;Monday;Male;unknown;Owner;Below 1yr;Motorcycle;Owner;unknown;unknown;Office areas;Undivided Two way;Tangent road with flat terrain;Y Shape;Asphalt roads;Wet or damp;Darkness - lights lit;Raining and Windy;Vehicle with vehicle collision;2;1;Going straight;na;Not a Pedestrian;No priority to pedestrian;Slight Injury
17:46:00;Monday;Male;Elementary school;Owner;Above 10yr;Automobile;Owner;unknown;unknown;Office areas;Two-way (divided with broken lines road marking);Tangent road with flat terrain;Y Shape;Asphalt roads;Wet or damp;Darkness - lights lit;Raining and Windy;Vehicle with vehicle collision;2;1;Going straight;18-30;Not a Pedestrian;Moving Backward;Slight Injury
02:40:00;Saturday;Female;Elementary school;Owner;Below 1yr;Automobile;Owner;unknown;unknown;Other;Two-way (divided with broken lines road marking);Tangent road with flat terrain;No junction;Asphalt roads;Dry;Darkness - lights lit;Normal;Collision with roadside objects;1;2;Going straight;Over 51;Not a Pedestrian;Changing lane to the right;Slight Injury
02:40:00;Saturday;Female;Junior high school;Owner;5-10yr;Public (12 seats);Owner;Above 10yr;unknown;Residential areas;Undivided Two way;Tangent road with flat terrain;No junction;Asphalt roads;Dry;Darkness - lights lit;Normal;Vehicle with vehicle collision;1;2;Going straight;18-30;Not a Pedestrian;No distancing;Slight Injury
13:00:00;Saturday;Male;Junior high school;Owner;5-10yr;Long lorry;Owner;Above 10yr;unknown;Office areas;other;Tangent road with mountainous terrain and;Y Shape;Asphalt roads;Wet or damp;Daylight;Normal;Collision with roadside objects;3;5;Going straight;na;Not a Pedestrian;Drunk driving;Slight Injury
13:00:00;Saturday;Male;unknown;Owner;unknown;unknown;Owner;Above 10yr;No defect;Residential areas;other;Tangent road with flat terrain;Y Shape;Asphalt roads;Wet or damp;Daylight;Normal;Vehicle with vehicle collision;3;5;Reversing;na;Not a Pedestrian;Changing lane to the right;Slight Injury
13:00:00;Saturday;Male;Junior high school;Employee;1-2yr;Automobile;unknown;unknown;unknown;School areas;Two-way (divided with broken lines road marking);Tangent road with flat terrain;Y Shape;Asphalt roads;Wet or damp;Daylight;Normal;Vehicle with vehicle collision;3;5;Going straight;31-50;Not a Pedestrian;Driving carelessly;Slight Injury
13:00:00;Saturday;Male;High school;Owner;5-10yr;Public (> 45 seats);Owner;Above 10yr;No defect;Office areas;Two-way (divided with broken lines road marking);Sharp reverse curve;Y Shape;Asphalt roads;Wet or damp;Daylight;Normal;Vehicle with vehicle collision;3;5;Turnover;na;Not a Pedestrian;Driving to the left;Slight Injury
13:00:00;Saturday;Male;Junior high school;Employee;5-10yr;Pick up upto 10Q;Owner;5-10yrs;No defect;Other;other;Tangent road with flat terrain;Y Shape;Asphalt roads;Wet or damp;Daylight;Normal;Vehicle with vehicle collision;3;5;Going straight;18-30;Not a Pedestrian;Changing lane to the right;Slight Injury
13:00:00;Saturday;Male;Junior high school;Employee;5-10yr;Lorry (41?100Q);Owner;Above 10yr;No defect;Other;Undivided Two way;Tangent road with flat terrain;Y Shape;Asphalt roads;Wet or damp;Daylight;Normal;Vehicle with vehicle collision;3;5;Going straight;18-30;Not a Pedestrian;Changing lane to the right;Slight Injury
13:00:00;Saturday;Male;Junior high school;Employee;5-10yr;Automobile;Owner;Above 10yr;No defect; Church areas;other;Tangent road with flat terrain;Y Shape;Asphalt roads;Wet or damp;Daylight;Normal;Vehicle with vehicle collision;3;5;Going straight;Over 51;Not a Pedestrian;Driving carelessly;Slight Injury
22:30:00;Saturday;Male;Junior high school;Employee;Above 10yr;Public (13?45 seats);Owner;unknown;No defect;Office areas;Two-way (divided with broken lines road marking);Tangent road with flat terrain;No junction;Asphalt roads;Dry;Darkness - lights lit;Normal;Vehicle with vehicle collision;2;1;Going straight;31-50;Not a Pedestrian;Changing lane to the left;Slight Injury
22:30:00;Saturday;Male;Junior high school;Employee;5-10yr;Automobile;Owner;unknown;No defect;Other;Two-way (divided with broken lines road marking);Tangent road with flat terrain;No junction;Asphalt roads;Dry;Darkness - lights lit;Normal;Vehicle with vehicle collision;2;1;Reversing;na;Not a Pedestrian;No priority to vehicle;Slight Injury
17:35:00;Saturday;Male;Junior high school;Employee;No Licence;Public (> 45 seats);Owner;unknown;No defect;Office areas;Two-way (divided with broken lines road marking);Tangent road with mild grade and flat terrain;Y Shape;Asphalt roads;Dry;Darkness - lights lit;Normal;Vehicle with vehicle collision;3;2;Going straight;31-50;Not a Pedestrian;Driving carelessly;Serious Injury
17:35:00;Saturday;Male;Above high school;Employee;Below 1yr;Public (12 seats);Owner;unknown;No defect;Office areas;Two-way (divided with broken lines road marking);Tangent road with flat terrain;Y Shape;Asphalt roads;Dry;Darkness - lights lit;Normal;Vehicle with vehicle collision;3;2;Turnover;31-50;Not a Pedestrian;Changing lane to the right;Serious Injury
17:35:00;Saturday;Female;Elementary school;Employee;5-10yr;Automobile;Owner;Above 10yr;No defect;Office areas;Two-way (divided with broken lines road marking);Sharp reverse curve;Y Shape;Asphalt roads;Dry;Darkness - lights lit;Normal;Vehicle with vehicle collision;3;2;Going straight;na;Not a Pedestrian;Driving carelessly;Serious Injury
12:00:00;Thursday;Male;Elementary school;Employee;5-10yr;Lorry (41?100Q);Owner;Above 10yr;No defect; Church areas;Undivided Two way;Sharp reverse curve;No junction;Asphalt roads;Dry;Daylight;Normal;Rollover;2;1;Going straight;5;Not a Pedestrian;Driving under the influence of drugs;Slight Injury
12:00:00;Thursday;Female;Junior high school;Employee;5-10yr;Automobile;Owner;Above 10yr;No defect;Office areas;Undivided Two way;Gentle horizontal curve;No junction;Asphalt roads;Dry;Daylight;Normal;Collision with roadside objects;2;1;Going straight;na;Not a Pedestrian;No distancing;Slight Injury
09:10:00;Wednesday;Male;High school;Employee;5-10yr;Pick up upto 10Q;Owner;5-10yrs;No defect;Other;Double carriageway (median);Gentle horizontal curve;No junction;Earth roads;Dry;Daylight;Normal;Vehicle with vehicle collision;1;1;Going straight;18-30;Not a Pedestrian;Changing lane to the left;Slight Injury
16:35:00;Friday;Male;Junior high school;Employee;5-10yr;Public (12 seats);Owner;unknown;unknown;Other;Two-way (divided with broken lines road marking);Tangent road with flat terrain;Y Shape;Asphalt roads;Dry;Daylight;Normal;Vehicle with vehicle collision;1;1;Going straight;na;Not a Pedestrian;No priority to vehicle;Serious Injury
22:08:00;Tuesday;Male;Junior high school;Employee;2-5yr;Automobile;Owner;5-10yrs;No defect; Church areas;Unknown;Tangent road with mountainous terrain and;No junction;Asphalt roads;Wet or damp;Darkness - lights lit;Normal;Collision with roadside objects;2;1;Getting off;18-30;Not a Pedestrian;Moving Backward;Slight Injury
22:08:00;Tuesday;Male;Writing & reading;Employee;5-10yr;Automobile;Owner;1-2yr;unknown;School areas;Undivided Two way;Tangent road with flat terrain;No junction;Asphalt roads;Wet or damp;Darkness - lights lit;Normal;Vehicle with vehicle collision;2;1;Moving Backward;na;Not a Pedestrian;Moving Backward;Slight Injury
07:01:00;Thursday;Male;Junior high school;Employee;Above 10yr;Automobile;unknown;unknown;unknown; Church areas;Two-way (divided with broken lines road marking);Tangent road with flat terrain;Unknown;Asphalt roads;Wet or damp;Darkness - lights lit;Raining;Vehicle with vehicle collision;1;1;Going straight;31-50;Not a Pedestrian;No distancing;Serious Injury
22:26:00;Saturday;Male;Junior high school;Employee;1-2yr;Stationwagen;Owner;Above 10yr;unknown;Office areas;Undivided Two way;Tangent road with flat terrain;Y Shape;Asphalt roads;Wet or damp;Darkness - lights lit;Normal;Vehicle with vehicle collision;2;1;Turnover;18-30;Not a Pedestrian;Changing lane to the right;Slight Injury
22:26:00;Saturday;Male;Writing & reading;Employee;Below 1yr;Other;Owner;2-5yrs;No defect;Other;other;Tangent road with flat terrain;Y Shape;Asphalt roads;Wet or damp;Darkness - lights lit;Normal;Rollover;2;1;Going straight;na;Not a Pedestrian;Changing lane to the right;Slight Injury
08:25:00;Thursday;Unknown;Elementary school;Employee;1-2yr;Other;Owner;Above 10yr;unknown; Church areas;Two-way (divided with broken lines road marking);Steep grade upward with mountainous terrain;Y Shape;Asphalt roads;Wet or damp;Daylight;Windy;Rollover;2;1;unknown;18-30;Not a Pedestrian;Moving Backward;Slight Injury
08:25:00;Thursday;Male;Junior high school;Employee;5-10yr;Other;Governmental;1-2yr;No defect;Other;Double carriageway (median);Tangent road with flat terrain;Y Shape;Gravel roads;Wet or damp;Daylight;Windy;Collision with pedestrians;2;1;Going straight;31-50;Not a Pedestrian;Driving carelessly;Slight Injury
22:06:00;Wednesday;Female;Elementary school;Employee;Above 10yr;Public (13?45 seats);Governmental;Above 10yr;unknown;Other;Double carriageway (median);Tangent road with flat terrain;Y Shape;Asphalt roads;Wet or damp;Darkness - lights lit;Windy;Vehicle with vehicle collision;2;1;Going straight;na;Not a Pedestrian;Driving under the influence of drugs;Slight Injury
22:06:00;Wednesday;Male;Junior high school;Employee;5-10yr;Lorry (41?100Q);Organization;5-10yrs;No defect;Office areas;Two-way (divided with broken lines road marking);Gentle horizontal curve;Y Shape;Asphalt roads;Wet or damp;Darkness - lights lit;Windy;Vehicle with vehicle collision;2;1;Going straight;na;Not a Pedestrian;No distancing;Slight Injury
17:20:00;Thursday;Male;Elementary school;Employee;2-5yr;Public (12 seats);Organization;Above 10yr;No defect;Other;Two-way (divided with broken lines road marking);Tangent road with flat terrain;No junction;Asphalt roads;Wet or damp;Darkness - lights lit;Normal;Vehicle with vehicle collision;2;1;Going straight;18-30;Not a Pedestrian;No distancing;Slight Injury
17:20:00;Thursday;Male;Junior high school;Employee;2-5yr;Automobile;Owner;2-5yrs;No defect;Other;Two-way (divided with broken lines road marking);Tangent road with flat terrain;No junction;Other;Wet or damp;Darkness - lights lit;Normal;Collision with pedestrians;2;1;Turnover;na;Not a Pedestrian;No priority to vehicle;Slight Injury
14:50:00;Saturday;Male;Junior high school;Employee;Above 10yr;Automobile;Governmental;unknown;No defect;Residential areas;Two-way (divided with broken lines road marking);Tangent road with flat terrain;Y Shape;Asphalt roads;Wet or damp;Daylight;Normal;Collision with pedestrians;2;1;Turnover;31-50;Not a Pedestrian;Driving to the left;Slight Injury
14:50:00;Saturday;Male;Junior high school;Employee;2-5yr;Stationwagen;Owner;2-5yrs;No defect;Office areas;Two-way (divided with broken lines road marking);Tangent road with flat terrain;Y Shape;Asphalt roads;Wet or damp;Daylight;Normal;Vehicle with vehicle collision;2;1;Going straight;18-30;Not a Pedestrian;No priority to vehicle;Slight Injury
10:00:00;Tuesday;Male;Junior high school;Owner;Below 1yr;Lorry (41?100Q);Owner;2-5yrs;No defect; Church areas;One way;Tangent road with flat terrain;Y Shape;Asphalt roads;Wet or damp;Daylight;Normal;Vehicle with vehicle collision;2;1;Getting off;na;Not a Pedestrian;No priority to vehicle;Slight Injury
10:00:00;Tuesday;Male;Junior high school;Employee;2-5yr;Lorry (41?100Q);Owner;1-2yr;No defect;unknown;Undivided Two way;Tangent road with flat terrain;Y Shape;Asphalt roads;Wet or damp;Daylight;Normal;Vehicle with vehicle collision;2;1;Getting off;18-30;Not a Pedestrian;No priority to vehicle;Slight Injury
12:05:00;Saturday;Male;Junior high school;Employee;Above 10yr;Lorry (41?100Q);Owner;Above 10yr;unknown;  Market areas;other;Steep grade downward with mountainous terrain;Y Shape;Asphalt roads;Dry;Daylight;Normal;Collision with roadside objects;2;1;Going straight;na;Not a Pedestrian;No distancing;Slight Injury
12:05:00;Saturday;Male;Junior high school;Employee;2-5yr;Public (> 45 seats);Owner;Above 10yr;No defect;Residential areas;unknown;Tangent road with flat terrain;Y Shape;Asphalt roads;Dry;Daylight;Normal;Vehicle with vehicle collision;2;1;Overtaking;Over 51;Not a Pedestrian;Moving Backward;Slight Injury
16:30:00;Monday;Male;Elementary school;Employee;Above 10yr;Public (12 seats);Owner;5-10yrs;No defect;Office areas;Undivided Two way;Tangent road with flat terrain;T Shape;Asphalt roads;Wet or damp;Darkness - lights lit;Other;Collision with roadside objects;1;1;Reversing;na;Not a Pedestrian;Changing lane to the right;Serious Injury
21:00:00;Saturday;Female;Elementary school;Employee;Above 10yr;Other;Owner;unknown;No defect;  Recreational areas;other;unknown;Crossing;Asphalt roads;Dry;Darkness - lights lit;Normal;Vehicle with vehicle collision;2;1;Going straight;31-50;Not a Pedestrian;Driving carelessly;Slight Injury
21:00:00;Saturday;Male;Elementary school;Other;Above 10yr;Public (12 seats);Governmental;unknown;No defect;Office areas;other;Tangent road with mild grade and flat terrain;Crossing;Asphalt roads;Dry;Darkness - lights lit;Normal;Vehicle with vehicle collision;2;1;Getting off;na;Not a Pedestrian;Changing lane to the left;Slight Injury
11:00:00;Sunday;Male;Junior high school;Employee;Above 10yr;Other;Owner;5-10yrs;No defect; Industrial areas;other;Tangent road with flat terrain;No junction;Asphalt roads;Wet or damp;Daylight;Normal;Collision with roadside objects;2;1;Getting off;na;Not a Pedestrian;No distancing;Serious Injury
11:00:00;Sunday;Male;Junior high school;Employee;Below 1yr;Public (12 seats);unknown;unknown;unknown;unknown;unknown;unknown;No junction;Asphalt roads;Wet or damp;Daylight;Normal;Vehicle with vehicle collision;2;1;Reversing;31-50;Not a Pedestrian;Changing lane to the right;Serious Injury
10:50:00;Friday;Male;Elementary school;Employee;5-10yr;Stationwagen;Owner;unknown;No defect;Residential areas;Undivided Two way;Tangent road with flat terrain;No junction;Asphalt roads;Dry;Daylight;Unknown;Vehicle with vehicle collision;1;1;Turnover;na;Not a Pedestrian;Driving under the influence of drugs;Slight Injury
15:00:00;Saturday;Male;Junior high school;Employee;2-5yr;Automobile;Governmental;Above 10yr;No defect;Residential areas;other;Tangent road with flat terrain;Y Shape;Asphalt roads;Wet or damp;Daylight;Raining;Collision with roadside objects;2;1;Moving Backward;31-50;Not a Pedestrian;No distancing;Slight Injury
15:00:00;Saturday;Male;Junior high school;Employee;Above 10yr;Lorry (41?100Q);Owner;1-2yr;No defect; Industrial areas;other;Tangent road with flat terrain;Y Shape;Asphalt roads;Wet or damp;Daylight;Raining;Collision with roadside objects;2;1;Going straight;na;Not a Pedestrian;Overturning;Slight Injury
17:35:00;Saturday;Male;Junior high school;Employee;Below 1yr;Special vehicle;Owner;2-5yrs;No defect;Residential areas;Undivided Two way;Tangent road with flat terrain;Y Shape;Gravel roads;Wet or damp;Darkness - lights lit;Normal;Vehicle with vehicle collision;2;1;Going straight;18-30;Not a Pedestrian;No distancing;Serious Injury
17:35:00;Saturday;Male;Junior high school;Owner;2-5yr;Lorry (41?100Q);Owner;Unknown;No defect;Residential areas;other;Tangent road with flat terrain;Y Shape;Asphalt roads;Wet or damp;Darkness - lights lit;Normal;Vehicle with vehicle collision;2;1;Going straight;31-50;Not a Pedestrian;Changing lane to the right;Serious Injury
18:05:00;Saturday;Male;Junior high school;Employee;Above 10yr;Lorry (41?100Q);Owner;unknown;No defect;Office areas;Undivided Two way;Tangent road with flat terrain;No junction;Asphalt roads;Wet or damp;Darkness - lights lit;Other;Vehicle with vehicle collision;2;1;Going straight;na;Not a Pedestrian;No priority to vehicle;Slight Injury
18:05:00;Saturday;Male;Writing & reading;Employee;2-5yr;Public (> 45 seats);Owner;2-5yrs;No defect;Office areas;Double carriageway (median);Escarpments;No junction;Asphalt roads;Wet or damp;Darkness - lights lit;Other;Vehicle with vehicle collision;2;1;Reversing;na;Not a Pedestrian;Changing lane to the right;Slight Injury
13:00:00;Thursday;Male;Junior high school;Employee;2-5yr;Automobile;Owner;Above 10yr;No defect;Office areas;other;Tangent road with flat terrain;No junction;Other;Dry;Daylight;Normal;Vehicle with vehicle collision;1;1;Going straight;31-50;Unknown or other;Changing lane to the left;Slight Injury
18:40:00;Sunday;Female;High school;Employee;2-5yr;Automobile;Owner;1-2yr;No defect;Office areas;Undivided Two way;Escarpments;No junction;Asphalt roads;Dry;Darkness - lights lit;Cloudy;Vehicle with vehicle collision;1;1;Going straight;Under 18;Not a Pedestrian;No distancing;Slight Injury
01:59:00;Monday;Male;Junior high school;Employee;1-2yr;Automobile;Owner;unknown;No defect;Office areas;One way;Tangent road with flat terrain;Y Shape;Other;Wet or damp;Darkness - lights lit;Cloudy;Vehicle with vehicle collision;2;1;Going straight;na;Not a Pedestrian;No priority to pedestrian;Slight Injury
01:59:00;Monday;Male;High school;Employee;5-10yr;Public (> 45 seats);Owner;unknown;No defect;Office areas;Undivided Two way;Tangent road with flat terrain;Y Shape;Asphalt roads;Wet or damp;Darkness - lights lit;Cloudy;Vehicle with vehicle collision;2;1;Going straight;na;Not a Pedestrian;Driving carelessly;Slight Injury
11:15:00;Monday;Male;Elementary school;Employee;2-5yr;Lorry (11?40Q);Owner;unknown;No defect;Office areas;other;Tangent road with flat terrain;No junction;Asphalt roads;Dry;Daylight;Unknown;Vehicle with vehicle collision;1;1;Getting off;31-50;Not a Pedestrian;No distancing;Slight Injury
16:15:00;Tuesday;Male;Junior high school;Employee;1-2yr;Pick up upto 10Q;Owner;Above 10yr;No defect;Residential areas;other;Tangent road with flat terrain;No junction;Asphalt roads;Dry;Daylight;Normal;Vehicle with vehicle collision;2;2;Going straight;na;Not a Pedestrian;Driving carelessly;Slight Injury
16:15:00;Tuesday;Male;Elementary school;Employee;1-2yr;Lorry (11?40Q);Owner;5-10yrs;No defect;Residential areas;One way;Tangent road with flat terrain;No junction;Asphalt roads;Dry;Daylight;Normal;Vehicle with vehicle collision;2;2;Going straight;18-30;Not a Pedestrian;Driving carelessly;Slight Injury
16:15:00;Tuesday;Male;High school;Employee;No Licence;Pick up upto 10Q;Owner;unknown;No defect;Other;One way;Tangent road with flat terrain;No junction;Asphalt roads;Dry;Daylight;Normal;Vehicle with vehicle collision;2;2;Going straight;18-30;Not a Pedestrian;Moving Backward;Slight Injury
10:59:00;Friday;Male;Junior high school;Owner;5-10yr;Special vehicle;Owner;5-10yrs;No defect; Church areas;Undivided Two way;Tangent road with flat terrain;No junction;Asphalt roads;Dry;Daylight;Normal;Vehicle with vehicle collision;1;1;Going straight;na;Not a Pedestrian;Overtaking;Slight Injury
15:29:00;Wednesday;Male;Junior high school;Employee;1-2yr;Lorry (11?40Q);Owner;unknown;No defect;  Recreational areas;other;Tangent road with flat terrain;Crossing;Asphalt roads;Dry;Daylight;Normal;Vehicle with vehicle collision;1;1;Reversing;31-50;Not a Pedestrian;No priority to vehicle;Slight Injury
15:50:00;Wednesday;Unknown;Junior high school;Employee;2-5yr;unknown;Owner;unknown;unknown; Industrial areas;Undivided Two way;Tangent road with flat terrain;Other;Asphalt roads;Dry;Daylight;Normal;Vehicle with vehicle collision;2;2;Moving Backward;na;Not a Pedestrian;No priority to vehicle;Slight Injury
15:50:00;Wednesday;Male;Junior high school;Employee;5-10yr;unknown;unknown;unknown;unknown;Residential areas;other;unknown;Other;Asphalt roads;Dry;Daylight;Normal;Vehicle with vehicle collision;2;2;Going straight;Over 51;Not a Pedestrian;Changing lane to the left;Slight Injury
15:50:00;Wednesday;Male;unknown;unknown;unknown;Lorry (41?100Q);Owner;Above 10yr;No defect;Residential areas;other;Tangent road with rolling terrain;Other;Asphalt roads;Dry;Daylight;Normal;Vehicle with vehicle collision;2;2;Going straight;na;Not a Pedestrian;No priority to vehicle;Slight Injury
08:51:00;Friday;Male;unknown;unknown;unknown;Other;Owner;2-5yrs;No defect;Office areas;Double carriageway (median);Tangent road with flat terrain;Y Shape;Asphalt roads;Wet or damp;Daylight;Normal;Vehicle with vehicle collision;2;1;Going straight;31-50;Not a Pedestrian;No distancing;Slight Injury
08:51:00;Friday;Male;Junior high school;Employee;2-5yr;Other;Owner;2-5yrs;No defect;  Market areas;Undivided Two way;Tangent road with flat terrain;Y Shape;Asphalt roads;Wet or damp;Daylight;Normal;Collision with roadside objects;2;1;Going straight;na;Not a Pedestrian;Moving Backward;Slight Injury
08:53:00;Monday;Male;Junior high school;Employee;Above 10yr;Automobile;unknown;unknown;unknown;Unknown;other;Tangent road with flat terrain;Y Shape;Asphalt roads;Wet or damp;Daylight;Normal;Vehicle with vehicle collision;2;1;Going straight;18-30;Not a Pedestrian;Changing lane to the right;Slight Injury
08:53:00;Monday;Male;Junior high school;Owner;Above 10yr;Other;Owner;unknown;No defect; Industrial areas;other;Tangent road with flat terrain;Y Shape;Asphalt roads;Wet or damp;Daylight;Normal;Collision with pedestrians;2;1;Going straight;Over 51;Not a Pedestrian;No distancing;Slight Injury
17:10:00;Thursday;Male;unknown;unknown;unknown;Automobile;Owner;unknown;No defect;Residential areas;Two-way (divided with solid lines road marking);Tangent road with flat terrain;Other;Asphalt roads;Wet or damp;Darkness - lights lit;Other;Vehicle with vehicle collision;2;1;Turnover;na;Not a Pedestrian;Overtaking;Slight Injury
17:10:00;Thursday;Male;Elementary school;Owner;Above 10yr;Public (13?45 seats);Governmental;Below 1yr;No defect;Residential areas;Undivided Two way;Tangent road with flat terrain;Other;Asphalt roads;Wet or damp;Darkness - lights lit;Other;Collision with roadside objects;2;1;Going straight;na;Not a Pedestrian;No distancing;Slight Injury
18:10:00;Sunday;Female;unknown;unknown;unknown;Lorry (41?100Q);Owner;5-10yrs;No defect;Other;Undivided Two way;Tangent road with flat terrain;No junction;Asphalt roads;Dry;Daylight;Unknown;Vehicle with vehicle collision;2;1;Other;31-50;Not a Pedestrian;Changing lane to the left;Slight Injury
18:10:00;Sunday;Male;Junior high school;Owner;5-10yr;unknown;Governmental;unknown;No defect;Residential areas;other;Tangent road with flat terrain;No junction;Asphalt roads;Dry;Daylight;Unknown;Vehicle with vehicle collision;2;1;Going straight;na;Not a Pedestrian;Driving under the influence of drugs;Slight Injury
06:00:00;Tuesday;Male;Junior high school;Owner;Above 10yr;Automobile;Owner;1-2yr;No defect;Rural village areas;Undivided Two way;Gentle horizontal curve;Unknown;Asphalt roads;Dry;Darkness - lights lit;Normal;Vehicle with vehicle collision;2;1;Going straight;18-30;Not a Pedestrian;No distancing;Slight Injury
06:00:00;Tuesday;Male;High school;Owner;Above 10yr;unknown;Owner;2-5yrs;No defect;Rural village areas;Undivided Two way;Gentle horizontal curve;Unknown;Asphalt roads;Dry;Darkness - lights lit;Normal;Vehicle with vehicle collision;2;1;Going straight;Over 51;Not a Pedestrian;No distancing;Slight Injury
15:23:00;Monday;Male;unknown;unknown;unknown;Lorry (41?100Q);Owner;unknown;No defect;Office areas;Double carriageway (median);Tangent road with flat terrain;Y Shape;Asphalt roads;Dry;Daylight;Normal;Vehicle with vehicle collision;1;1;Going straight;na;Not a Pedestrian;Changing lane to the right;Slight Injury
09:04:00;Thursday;Male;Elementary school;Employee;5-10yr;unknown;Owner;2-5yrs;No defect;Residential areas;Undivided Two way;Gentle horizontal curve;No junction;Earth roads;Snow;Daylight;Fog or mist;Rollover;1;1;Going straight;na;Not a Pedestrian;Changing lane to the left;Slight Injury
04:00:00;Saturday;Male;Elementary school;Owner;Above 10yr;Lorry (41?100Q);Owner;unknown;unknown;Residential areas;other;Tangent road with flat terrain;No junction;Asphalt roads;Wet or damp;Darkness - lights lit;Other;Collision with roadside objects;2;1;Moving Backward;18-30;Not a Pedestrian;Moving Backward;Slight Injury
04:00:00;Saturday;Male;Junior high school;Owner;Below 1yr;Taxi;Owner;unknown;7; Outside rural areas;other;Tangent road with flat terrain;No junction;Asphalt roads;Wet or damp;Darkness - lights lit;Other;Vehicle with vehicle collision;2;1;Moving Backward;na;Not a Pedestrian;No distancing;Slight Injury
11:28:00;Tuesday;Male;Junior high school;Owner;2-5yr;Lorry (41?100Q);Owner;Above 10yr;unknown;Residential areas;other;Tangent road with flat terrain;Y Shape;Asphalt roads;Dry;Daylight;Normal;Vehicle with vehicle collision;1;1;Moving Backward;18-30;Not a Pedestrian;No distancing;Slight Injury
09:21:00;Tuesday;Male;Junior high school;Owner;2-5yr;Lorry (41?100Q);Owner;5-10yrs;5; Church areas;other;Tangent road with flat terrain;Crossing;Asphalt roads;Wet or damp;Daylight;Normal;Collision with roadside objects;2;1;Other;18-30;Not a Pedestrian;Driving carelessly;Slight Injury
09:21:00;Tuesday;Male;High school;Owner;5-10yr;Other;Owner;unknown;No defect;Office areas;Undivided Two way;Tangent road with flat terrain;Crossing;Asphalt roads;Wet or damp;Daylight;Normal;Vehicle with vehicle collision;2;1;Going straight;na;Not a Pedestrian;Moving Backward;Slight Injury
06:45:00;Monday;Male;Junior high school;Owner;unknown;Stationwagen;Owner;Unknown;No defect;Office areas;Two-way (divided with broken lines road marking);Tangent road with mountainous terrain and;No junction;Asphalt roads;Dry;Daylight;Other;Vehicle with vehicle collision;2;1;Unknown;na;Not a Pedestrian;No distancing;Serious Injury
06:45:00;Monday;Male;unknown;Owner;Below 1yr;Stationwagen;Governmental;unknown;No defect;Office areas;Two-way (divided with broken lines road marking);Escarpments;No junction;Asphalt roads;Dry;Daylight;Other;Vehicle with vehicle collision;2;1;Turnover;18-30;Not a Pedestrian;Changing lane to the right;Serious Injury
18:00:00;Monday;Male;Elementary school;Owner;Above 10yr;Lorry (41?100Q);Owner;2-5yrs;unknown;Other;Undivided Two way;Tangent road with mountainous terrain and;Y Shape;Asphalt roads;Dry;Darkness - lights lit;Normal;Vehicle with vehicle collision;2;1;Getting off;5;Not a Pedestrian;Driving carelessly;Slight Injury
18:00:00;Monday;Male;Elementary school;Owner;Below 1yr;Lorry (41?100Q);Owner;2-5yrs;unknown;Other;Undivided Two way;Tangent road with flat terrain;Y Shape;Asphalt roads;Dry;Darkness - lights lit;Normal;Vehicle with vehicle collision;2;1;Going straight;18-30;Not a Pedestrian;Driving to the left;Slight Injury
08:15:00;Friday;Male;Junior high school;Owner;5-10yr;Other;Owner;Unknown;No defect;Residential areas;Two-way (divided with broken lines road marking);Tangent road with flat terrain;No junction;Asphalt roads;Wet or damp;Daylight;Normal;Vehicle with vehicle collision;2;2;Going straight;Under 18;Not a Pedestrian;Changing lane to the right;Slight Injury
08:15:00;Friday;Male;Junior high school;Owner;5-10yr;Automobile;Owner;unknown;unknown;Other;Two-way (divided with broken lines road marking);Tangent road with flat terrain;No junction;Gravel roads;Wet or damp;Daylight;Normal;Collision with pedestrians;2;2;Going straight;na;Not a Pedestrian;Driving carelessly;Slight Injury
08:15:00;Friday;Male;unknown;Owner;unknown;unknown;Owner;Below 1yr;unknown;Other;Undivided Two way;Tangent road with mild grade and flat terrain;No junction;Asphalt roads;Wet or damp;Daylight;Normal;Vehicle with vehicle collision;2;2;Turnover;Over 51;Not a Pedestrian;Changing lane to the right;Slight Injury
10:00:00;Monday;Male;Junior high school;Employee;1-2yr;Taxi;Owner;5-10yrs;unknown;Other;Two-way (divided with broken lines road marking);Tangent road with flat terrain;Other;Earth roads;Dry;Daylight;Normal;Collision with roadside objects;1;1;Reversing;18-30;Unknown or other;No priority to vehicle;Slight Injury
16:45:00;Saturday;Male;High school;Owner;5-10yr;Lorry (41?100Q);Governmental;5-10yrs;No defect;Other;Undivided Two way;Tangent road with flat terrain;Y Shape;Asphalt roads;Dry;Darkness - lights lit;Normal;Vehicle with vehicle collision;2;1;Moving Backward;18-30;Not a Pedestrian;Changing lane to the right;Slight Injury