Time;Day_of_week;Sex_of_driver;Educational_level;Vehicle_driver_relation;Driving_experience;Type_of_vehicle;Owner_of_vehicle;Service_year_of_vehicle;Defect_of_vehicle;Area_accident_occured;Lanes_or_Medians;Road_allignment;Types_of_Junction;Road_surface_type;Road_surface_conditions;Light_conditions;Weather_conditions;Type_of_collision;Number_of_vehicles_involved;Number_of_casualties;Vehicle_movement;Age_band_of_casualty;Pedestrian_movement;Cause_of_accident;Accident_severity
16:45:00;Saturday;Male;Junior high school;Employee;5-10yr;Other;Owner;2-5yrs;No defect;Other;Double carriageway (median);Tangent road with mild grade and flat terrain;Y Shape;Asphalt roads;Dry;Darkness - lights lit;Normal;Vehicle with vehicle collision;2;1;Other;na;Not a Pedestrian;Turnover;Slight Injury
06:25:00;Sunday;Male;Junior high school;Employee;5-10yr;Automobile;Owner;unknown;No defect;Other;Two-way (divided with broken lines road marking);Tangent road with flat terrain;Y Shape;Asphalt roads;Wet or damp;Darkness - lights lit;Raining and Windy;Vehicle with vehicle collision;1;2;Going straight;31-50;Not a Pedestrian;No priority to vehicle;Slight Injury
06:25:00;Sunday;Male;Junior high school;Employee;5-10yr;Public (> 45 seats);Owner;2-5yrs;unknown; Church areas;Two-way (divided with broken lines road marking);Tangent road with flat terrain;Y Shape;Earth roads;Wet or damp;Darkness - lights lit;Raining and Windy;Vehicle with vehicle collision;1;2;Going straight;Under 18;Not a Pedestrian;Driving at high speed;Slight Injury
07:26:00;Monday;Male;Junior high school;Employee;Above 10yr;Stationwagen;Owner;5-10yrs;unknown;Other;Undivided Two way;Tangent road with flat terrain;Other;Asphalt roads;Wet or damp;Darkness - lights lit;Normal;Vehicle with vehicle collision;1;1;Going straight;Over 51;Not a Pedestrian;No distancing;Slight Injury
12:30:00;Wednesday;Male;Junior high school;Employee;5-10yr;Automobile;Organization;2-5yrs;unknown; Industrial areas;Two-way (divided with broken lines road marking);Tangent road with flat terrain;Other;Asphalt roads;Dry;Daylight;Unknown;Vehicle with vehicle collision;1;1;Going straight;18-30;Not a Pedestrian;No distancing;Slight Injury
14:30:00;Wednesday;Male;Junior high school;Employee;No Licence;Lorry (41?100Q);Owner;unknown;No defect;Residential areas;Double carriageway (median);Tangent road with flat terrain;Crossing;Asphalt roads;Dry;Daylight;Normal;Vehicle with vehicle collision;2;1;Going straight;18-30;Not a Pedestrian;Driving carelessly;Slight Injury
14:30:00;Wednesday;Male;Above high school;Employee;Below 1yr;Other;Governmental;Above 10yr;No defect;Other;Two-way (divided with broken lines road marking);Tangent road with flat terrain;Crossing;Asphalt roads;Dry;Daylight;Normal;Vehicle with vehicle collision;2;1;Going straight;na;Not a Pedestrian;Driving carelessly;Slight Injury
16:15:00;Tuesday;Male;Elementary school;Employee;5-10yr;Public (13?45 seats);Owner;unknown;No defect;Office areas;Two-way (divided with broken lines road marking);Tangent road with flat terrain;Y Shape;Asphalt roads;Dry;Daylight;Other;Vehicle with vehicle collision;1;1;Going straight;18-30;Not a Pedestrian;Moving Backward;Slight Injury
12:25:00;Sunday;Male;Elementary school;Employee;5-10yr;Other;Owner;unknown;No defect; Industrial areas;Unknown;Tangent road with flat terrain;No junction;Asphalt roads;Wet or damp;Daylight;Other;Collision with roadside objects;2;1;Going straight;na;Not a Pedestrian;No distancing;Slight Injury
12:25:00;Sunday;Female;Junior high school;Employee;5-10yr;Other;Owner;1-2yr;No defect; Industrial areas;Double carriageway (median);Tangent road with flat terrain;No junction;Asphalt roads;Wet or damp;Daylight;Other;Vehicle with vehicle collision;2;1;Going straight;18-30;Not a Pedestrian;Changing lane to the right;Slight Injury
10:30:00;Tuesday;Male;High school;Employee;5-10yr;Ridden horse;Owner;unknown;No defect;Other;Two-way (divided with broken lines road marking);Tangent road with flat terrain;Y Shape;Asphalt roads;Dry;Daylight;Normal;Collision with roadside objects;1;1;Other;na;Not a Pedestrian;Overtaking;Slight Injury
20:35:00;Friday;Male;Junior high school;Employee;5-10yr;Lorry (41?100Q);Organization;Above 10yr;unknown; Hospital areas;Two-way (divided with broken lines road marking);Tangent road with flat terrain;Y Shape;Asphalt roads;Dry;Darkness - lights lit;Normal;Vehicle with vehicle collision;2;2;Moving Backward;na;Not a Pedestrian;No distancing;Slight Injury
20:35:00;Friday;Male;Junior high school;Employee;2-5yr;Lorry (41?100Q);Owner;Unknown;unknown;Office areas;One way;Tangent road with flat terrain;Y Shape;Asphalt roads;Dry;Darkness - lights lit;Normal;Vehicle with vehicle collision;2;2;Going straight;31-50;Not a Pedestrian;Overtaking;Slight Injury
20:35:00;Friday;Male;Writing & reading;Employee;5-10yr;Pick up upto 10Q;Owner;2-5yrs;No defect; Church areas;Undivided Two way;Tangent road with flat terrain;Y Shape;Asphalt roads;Dry;Darkness - lights lit;Normal;unknown;2;2;Moving Backward;na;Not a Pedestrian;Moving Backward;Slight Injury
14:25:00;Friday;Male;Junior high school;Employee;Above 10yr;Lorry (11?40Q);Organization;5-10yrs;No defect; Hospital areas;Undivided Two way;Tangent road with mountainous terrain and;Y Shape;Asphalt roads;Wet or damp;Daylight;Raining;Collision with pedestrians;1;1;Going straight;31-50;Not a Pedestrian;No distancing;Slight Injury
11:05:00;Wednesday;Male;Junior high school;Employee;1-2yr;Automobile;Owner;Above 10yr;No defect;Office areas;other;Tangent road with flat terrain;No junction;Asphalt roads;Dry;Daylight;Normal;Vehicle with vehicle collision;1;2;Moving Backward;na;Not a Pedestrian;No distancing;Slight Injury
11:05:00;Wednesday;Male;Writing & reading;Employee;Below 1yr;Automobile;Owner;2-5yrs;No defect;Other;Two-way (divided with broken lines road marking);Escarpments;No junction;Asphalt roads;Dry;Daylight;Normal;Vehicle with vehicle collision;1;2;unknown;18-30;Not a Pedestrian;No priority to vehicle;Slight Injury
15:20:00;Saturday;Female;Elementary school;Employee;1-2yr;Pick up upto 10Q;Owner;1-2yr;unknown;Office areas;Undivided Two way;Tangent road with flat terrain;No junction;Asphalt roads;Dry;Daylight;Normal;Vehicle with vehicle collision;1;1;Going straight;18-30;Not a Pedestrian;No priority to vehicle;Slight Injury
19:00:00;Friday;Male;Junior high school;Employee;5-10yr;Automobile;Owner;2-5yrs;unknown;Office areas;Two-way (divided with broken lines road marking);Tangent road with mountainous terrain and;No junction;Asphalt roads;Dry;Daylight;Normal;Collision with pedestrians;1;1;Going straight;na;Not a Pedestrian;Changing lane to the left;Serious Injury
08:52:00;Friday;Male;Junior high school;Employee;1-2yr;Other;Owner;unknown;No defect;Other;Double carriageway (median);Steep grade downward with mountainous terrain;No junction;Asphalt roads;Wet or damp;Daylight;Normal;Collision with roadside objects;2;1;Going straight;31-50;Not a Pedestrian;No distancing;Slight Injury
08:52:00;Friday;Male;Elementary school;Owner;5-10yr;Lorry (41?100Q);Owner;1-2yr;No defect;Office areas;Undivided Two way;Tangent road with mild grade and flat terrain;No junction;Asphalt roads;Wet or damp;Daylight;Normal;unknown;2;1;Going straight;na;Not a Pedestrian;Driving under the influence of drugs;Slight Injury
12:00:00;Wednesday;Female;Junior high school;Employee;2-5yr;Public (13?45 seats);Owner;unknown;No defect;Residential areas;Undivided Two way;Tangent road with flat terrain;Y Shape;Asphalt roads;Dry;Daylight;Normal;Vehicle with vehicle collision;1;1;Other;na;Not a Pedestrian;Changing lane to the left;Slight Injury
08:31:00;Monday;Male;Junior high school;Owner;Below 1yr;Pick up upto 10Q;Owner;Unknown;unknown;Other;Two-way (divided with broken lines road marking);Tangent road with flat terrain;Y Shape;Asphalt roads;Dry;Daylight;Normal;unknown;2;1;Going straight;31-50;Not a Pedestrian;Changing lane to the right;Slight Injury
08:31:00;Monday;Male;Writing & reading;Employee;5-10yr;Stationwagen;Owner;2-5yrs;unknown;Office areas;Double carriageway (median);Tangent road with flat terrain;Y Shape;Earth roads;Dry;Daylight;Normal;unknown;2;1;Moving Backward;na;Not a Pedestrian;Driving to the left;Slight Injury
22:31:00;Tuesday;Male;Writing & reading;Employee;5-10yr;Other;Owner;5-10yrs;unknown;Office areas;Undivided Two way;Tangent road with mountainous terrain and;Y Shape;Asphalt roads;Dry;Darkness - lights lit;Normal;unknown;2;1;Moving Backward;18-30;Not a Pedestrian;Driving at high speed;Serious Injury
22:31:00;Tuesday;Male;Junior high school;Employee;5-10yr;Pick up upto 10Q;unknown;unknown;unknown;Office areas;other;Tangent road with flat terrain;Y Shape;Asphalt roads;Dry;Darkness - lights lit;Normal;Vehicle with vehicle collision;2;1;Moving Backward;na;Not a Pedestrian;Overtaking;Serious Injury
18:20:00;Saturday;Male;Junior high school;Employee;2-5yr;Public (13?45 seats);Owner;5-10yrs;No defect;Other;Two-way (divided with broken lines road marking);Tangent road with mild grade and flat terrain;No junction;Other;Wet or damp;Darkness - lights lit;Raining;Vehicle with vehicle collision;1;1;Going straight;18-30;Not a Pedestrian;Changing lane to the right;Serious Injury
10:19:00;Tuesday;Male;Junior high school;Employee;Above 10yr;Public (12 seats);Owner;unknown;No defect; Church areas;Undivided Two way;Tangent road with flat terrain;Y Shape;Asphalt roads;Wet or damp;Daylight;Normal;Collision with roadside objects;2;2;Going straight;31-50;Not a Pedestrian;Changing lane to the right;Slight Injury
10:19:00;Tuesday;Male;Junior high school;Employee;5-10yr;Lorry (41?100Q);Owner;Unknown;No defect; Industrial areas;Undivided Two way;Tangent road with flat terrain;Y Shape;Asphalt roads;Wet or damp;Daylight;Normal;Collision with roadside objects;2;2;Going straight;Over 51;Not a Pedestrian;Moving Backward;Slight Injury
18:25:00;Wednesday;Male;Junior high school;Employee;Above 10yr;Pick up upto 10Q;Owner;1-2yr;No defect;Office areas;Double carriageway (median);Tangent road with flat terrain;Y Shape;Asphalt roads;Dry;Daylight;Normal;Vehicle with vehicle collision;1;1;Going straight;18-30;Not a Pedestrian;Moving Backward;Serious Injury
12:30:00;Friday;Male;Junior high school;Employee;2-5yr;Lorry (41?100Q);Owner;Unknown;No defect; Church areas;Undivided Two way;Tangent road with flat terrain;No junction;Asphalt roads;Wet or damp;Daylight;Raining;Vehicle with vehicle collision;2;1;Other;na;Not a Pedestrian;Changing lane to the left;Slight Injury
12:30:00;Friday;Male;Junior high school;Employee;Below 1yr;Pick up upto 10Q;Owner;unknown;unknown;Office areas;Undivided Two way;Tangent road with flat terrain;No junction;Asphalt roads;Wet or damp;Daylight;Raining;Vehicle with vehicle collision;2;1;Going straight;na;Not a Pedestrian;Moving Backward;Slight Injury
15:15:00;Monday;Male;Junior high school;Employee;Below 1yr;Long lorry;Owner;unknown;No defect;Office areas;other;Tangent road with flat terrain;Other;Asphalt roads;Dry;Daylight;Unknown;Vehicle with vehicle collision;1;1;Going straight;18-30;Not a Pedestrian;No distancing;Slight Injury
16:19:00;Monday;Male;Junior high school;Owner;5-10yr;unknown;Owner;unknown;unknown;Residential areas;Two-way (divided with broken lines road marking);Tangent road with flat terrain;Crossing;Asphalt roads;Dry;Daylight;Normal;Vehicle with vehicle collision;2;2;Going straight;na;Not a Pedestrian;Moving Backward;Slight Injury
16:19:00;Monday;Male;Junior high school;Employee;2-5yr;Other;Owner;5-10yrs;unknown;Office areas;Two-way (divided with broken lines road marking);Tangent road with flat terrain;Crossing;Asphalt roads;Dry;Daylight;Normal;Rollover;2;2;Reversing;18-30;Not a Pedestrian;Changing lane to the right;Slight Injury
16:19:00;Monday;Male;Elementary school;Employee;Below 1yr;unknown;Owner;5-10yrs;unknown;Residential areas;Undivided Two way;Tangent road with flat terrain;Crossing;Asphalt roads;Dry;Daylight;Normal;Vehicle with vehicle collision;2;2;Moving Backward;na;Not a Pedestrian;Changing lane to the left;Slight Injury
17:15:00;Tuesday;Male;Junior high school;Employee;2-5yr;Public (13?45 seats);Owner;2-5yrs;unknown;Office areas;Double carriageway (median);Tangent road with flat terrain;Y Shape;Asphalt roads;Dry;Daylight;Normal;Collision with roadside objects;2;1;Going straight;Over 51;Not a Pedestrian;No priority to vehicle;Slight Injury
17:15:00;Tuesday;Male;Junior high school;Employee;5-10yr;Special vehicle;Owner;2-5yrs;No defect;Office areas;Double carriageway (median);Tangent road with flat terrain;Y Shape;Asphalt roads;Dry;Daylight;Normal;Collision with pedestrians;2;1;Going straight;na;Not a Pedestrian;No distancing;Slight Injury
18:30:00;Wednesday;Male;High school;Employee;Above 10yr;Lorry (41?100Q);unknown;unknown;No defect;Other;Two-way (divided with broken lines road marking);Tangent road with flat terrain;Y Shape;Asphalt roads;Wet or damp;Darkness - lights lit;Normal;Vehicle with vehicle collision;1;1;Reversing;18-30;Not a Pedestrian;No priority to vehicle;Slight Injury
18:00:00;Tuesday;Male;High school;Employee;Above 10yr;Lorry (41?100Q);Owner;Unknown;No defect;Other;Two-way (divided with broken lines road marking);Tangent road with flat terrain;Y Shape;Asphalt roads;Dry;Darkness - lights lit;Normal;Vehicle with vehicle collision;3;1;Going straight;na;Not a Pedestrian;Driving under the influence of drugs;Serious Injury
18:00:00;Tuesday;Male;Junior high school;Employee;5-10yr;Public (> 45 seats);Owner;Above 10yr;No defect;Residential areas;Two-way (divided with broken lines road marking);Tangent road with flat terrain;Y Shape;Asphalt roads;Dry;Darkness - lights lit;Normal;Vehicle with vehicle collision;3;1;Reversing;31-50;Not a Pedestrian;Changing lane to the right;Serious Injury
18:00:00;Tuesday;Male;Elementary school;Employee;1-2yr;Automobile;Owner;Unknown;unknown; Church areas;Two-way (divided with broken lines road marking);Tangent road with flat terrain;Y Shape;Asphalt roads;Dry;Darkness - lights lit;Normal;Vehicle with vehicle collision;3;1;Other;na;Not a Pedestrian;No distancing;Serious Injury
08:40:00;Monday;Male;Elementary school;Employee;5-10yr;Automobile;Governmental;Unknown;No defect; Church areas;Double carriageway (median);Tangent road with flat terrain;No junction;Asphalt roads;Dry;Daylight;Normal;Vehicle with vehicle collision;2;1;unknown;31-50;Not a Pedestrian;No distancing;Slight Injury
08:40:00;Monday;Female;Junior high school;Employee;5-10yr;Automobile;Owner;2-5yrs;No defect;Residential areas;Double carriageway (median);Tangent road with flat terrain;No junction;Asphalt roads;Dry;Daylight;Normal;Vehicle with vehicle collision;2;1;Going straight;18-30;Not a Pedestrian;Changing lane to the left;Slight Injury
19:30:00;Monday;Male;Junior high school;Employee;1-2yr;Public (> 45 seats);Owner;unknown;No defect;Office areas;Two-way (divided with broken lines road marking);Tangent road with mild grade and flat terrain;No junction;Asphalt roads;Wet or damp;Darkness - lights lit;Raining;Vehicle with vehicle collision;2;1;Going straight;na;Not a Pedestrian;Changing lane to the right;Slight Injury
19:30:00;Monday;Male;Junior high school;Owner;5-10yr;Lorry (11?40Q);Owner;5-10yrs;No defect;Office areas;Two-way (divided with broken lines road marking);Tangent road with mild grade and flat terrain;No junction;Asphalt roads;Wet or damp;Darkness - lights lit;Raining;Collision with roadside objects;2;1;Going straight;na;Not a Pedestrian;Changing lane to the right;Slight Injury
21:25:00;Monday;Female;High school;Owner;Above 10yr;Pick up upto 10Q;Owner;2-5yrs;unknown;Residential areas;Two-way (divided with broken lines road marking);Tangent road with flat terrain;Y Shape;Asphalt roads;Wet or damp;Darkness - lights lit;Raining;Rollover;2;1;Going straight;31-50;Not a Pedestrian;Driving under the influence of drugs;Slight Injury
21:25:00;Monday;Male;unknown;Owner;Below 1yr;Lorry (11?40Q);Owner;5-10yrs;unknown; Church areas;other;Tangent road with flat terrain;Y Shape;Gravel roads;Wet or damp;Darkness - lights lit;Raining;Vehicle with vehicle collision;2;1;Going straight;na;Not a Pedestrian;Moving Backward;Slight Injury
09:20:00;Tuesday;Male;Writing & reading;Owner;5-10yr;Pick up upto 10Q;Owner;unknown;unknown;Other;Two-way (divided with broken lines road marking);Tangent road with flat terrain;No junction;Asphalt roads;Dry;Daylight;Normal;Collision with pedestrians;2;1;Going straight;31-50;Not a Pedestrian;Changing lane to the left;Slight Injury
09:20:00;Tuesday;Male;Above high school;Employee;Above 10yr;Special vehicle;Owner;unknown;unknown;Office areas;Two-way (divided with broken lines road marking);Tangent road with flat terrain;No junction;Asphalt roads;Dry;Daylight;Normal;Vehicle with vehicle collision;2;1;Going straight;18-30;Not a Pedestrian;No priority to pedestrian;Slight Injury
16:38:00;Wednesday;Male;High school;Employee;Below 1yr;Lorry (11?40Q);Owner;unknown;unknown;Other;Two-way (divided with broken lines road marking);Tangent road with flat terrain;Y Shape;Asphalt roads;Dry;Daylight;Normal;Vehicle with vehicle collision;2;2;Going straight;na;Not a Pedestrian;No distancing;Slight Injury
16:38:00;Wednesday;Male;Junior high school;Employee;1-2yr;unknown;Owner;unknown;unknown;Other;Two-way (divided with broken lines road marking);Tangent road with flat terrain;Y Shape;Asphalt roads;Dry;Daylight;Normal;Collision with pedestrians;2;2;Going straight;na;Not a Pedestrian;No distancing;Slight Injury
16:38:00;Wednesday;Female;Junior high school;Employee;Above 10yr;unknown;Owner;unknown;unknown;unknown;unknown;Tangent road with flat terrain;Y Shape;Asphalt roads;Dry;Daylight;Normal;Collision with pedestrians;2;2;Going straight;18-30;Not a Pedestrian;Changing lane to the left;Slight Injury
10:01:00;Friday;Male;Junior high school;Owner;Above 10yr;Lorry (41?100Q);Governmental;2-5yrs;unknown;Residential areas;Two-way (divided with broken lines road marking);unknown;Y Shape;Asphalt roads;Dry;Daylight;Normal;Vehicle with vehicle collision;2;2;Going straight;na;Not a Pedestrian;Changing lane to the right;Serious Injury
10:01:00;Friday;Male;Junior high school;Employee;Above 10yr;Other;Owner;Below 1yr;unknown; Church areas;Undivided Two way;Tangent road with flat terrain;Y Shape;Asphalt roads;Dry;Daylight;Normal;Vehicle with vehicle collision;2;2;Going straight;31-50;Not a Pedestrian;Driving carelessly;Serious Injury
10:01:00;Friday;Male;Junior high school;Employee;No Licence;Other;unknown;unknown;unknown;Other;Undivided Two way;Tangent road with flat terrain;Y Shape;Asphalt roads;Dry;Daylight;Normal;Vehicle with vehicle collision;2;2;Going straight;Over 51;Not a Pedestrian;No distancing;Serious Injury
11:30:00;Wednesday;Male;Junior high school;Employee;1-2yr;Automobile;Owner;Unknown;unknown;Other;One way;Tangent road with flat terrain;Y Shape;Asphalt roads;Dry;Daylight;Normal;Vehicle with vehicle collision;4;2;Going straight;na;Not a Pedestrian;Changing lane to the left;Slight Injury
11:30:00;Wednesday;Male;Illiterate;Owner;1-2yr;Other;Owner;Unknown;No defect;Residential areas;Two-way (divided with broken lines road marking);Tangent road with flat terrain;Y Shape;Asphalt roads;Dry;Daylight;Normal;Vehicle with vehicle collision;4;2;Going straight;31-50;Not a Pedestrian;Moving Backward;Slight Injury
11:30:00;Wednesday;Male;Junior high school;Owner;Below 1yr;Automobile;Owner;Unknown;unknown;Office areas;One way;Tangent road with flat terrain;Y Shape;Asphalt roads;Dry;Daylight;Normal;Collision with roadside objects;4;2;Moving Backward;Over 51;Crossing from nearside - masked by parked or statioNot a Pedestrianry vehicle;No distancing;Slight Injury
11:30:00;Wednesday;Male;Junior high school;Owner;1-2yr;Public (13?45 seats);Owner;Unknown;No defect; Industrial areas;Two-way (divided with broken lines road marking);Tangent road with flat terrain;Y Shape;Asphalt roads;Dry;Daylight;Normal;Vehicle with vehicle collision;4;2;Going straight;Over 51;Not a Pedestrian;No priority to pedestrian;Slight Injury
15:40:00;Tuesday;Male;Junior high school;Owner;2-5yr;Lorry (41?100Q);Governmental;unknown;No defect;Residential areas;Double carriageway (median);Tangent road with flat terrain;Y Shape;Asphalt roads;Dry;Daylight;Normal;Vehicle with vehicle collision;2;2;Going straight;na;Not a Pedestrian;Changing lane to the left;Slight Injury
15:40:00;Tuesday;Male;Unknown;Owner;5-10yr;unknown;Owner;unknown;No defect;Office areas;Unknown;Tangent road with flat terrain;Y Shape;Asphalt roads;Dry;Daylight;Normal;Vehicle with vehicle collision;2;2;Going straight;18-30;Not a Pedestrian;No distancing;Slight Injury
15:40:00;Tuesday;Male;Unknown;Owner;Above 10yr;Automobile;Owner;2-5yrs;unknown;Other;unknown;Tangent road with flat terrain;Y Shape;Asphalt roads;Dry;Daylight;Normal;Vehicle with vehicle collision;2;2;unknown;Over 51;Not a Pedestrian;Driving carelessly;Slight Injury
12:04:00;Sunday;Male;Junior high school;Owner;2-5yr;unknown;Owner;Unknown;unknown; Church areas;other;Tangent road with flat terrain;Y Shape;Asphalt roads;Dry;Daylight;Normal;Vehicle with vehicle collision;2;2;Turnover;18-30;Not a Pedestrian;No priority to vehicle;Slight Injury
12:04:00;Sunday;Male;Elementary school;Owner;Above 10yr;Lorry (41?100Q);Owner;Above 10yr;unknown; Industrial areas;unknown;Tangent road with flat terrain;Y Shape;Asphalt roads;Dry;Daylight;Normal;Vehicle with vehicle collision;2;2;Going straight;na;Not a Pedestrian;Changing lane to the right;Slight Injury
10:21:00;Monday;Male;Writing & reading;Owner;5-10yr;unknown;Owner;Unknown;No defect;  Recreational areas;One way;Tangent road with flat terrain;No junction;Gravel roads;Dry;Daylight;Normal;Vehicle with vehicle collision;3;2;Going straight;18-30;Not a Pedestrian;Moving Backward;Slight Injury
10:21:00;Monday;Male;unknown;Owner;unknown;Lorry (41?100Q);Owner;Unknown;No defect;  Market areas;Undivided Two way;Tangent road with flat terrain;No junction;Asphalt roads;Dry;Daylight;Normal;Vehicle with vehicle collision;3;2;Going straight;na;Not a Pedestrian;No priority to vehicle;Slight Injury
10:21:00;Monday;Male;Junior high school;Owner;5-10yr;Taxi;Owner;Unknown;No defect;Other;Two-way (divided with broken lines road marking);Tangent road with flat terrain;No junction;Gravel roads;Dry;Daylight;Normal;Vehicle with vehicle collision;3;2;Going straight;18-30;Not a Pedestrian;No priority to pedestrian;Slight Injury
10:21:00;Monday;Male;Junior high school;Owner;Below 1yr;Lorry (41?100Q);Owner;Unknown;unknown;Other;Two-way (divided with broken lines road marking);Tangent road with flat terrain;No junction;Asphalt roads;Dry;Daylight;Normal;Vehicle with vehicle collision;3;2;Going straight;na;Not a Pedestrian;Changing lane to the left;Slight Injury
20:50:00;Monday;Male;Junior high school;Owner;2-5yr;Lorry (41?100Q);Owner;Unknown;No defect; Industrial areas;Two-way (divided with broken lines road marking);unknown;Y Shape;Asphalt roads;Dry;Darkness - lights lit;Normal;Vehicle with vehicle collision;1;1;Going straight;18-30;Not a Pedestrian;Changing lane to the left;Fatal injury
18:00:00;Friday;Male;Elementary school;Employee;2-5yr;Other;Governmental;2-5yrs;unknown;Other;Two-way (divided with broken lines road marking);Tangent road with flat terrain;Crossing;Asphalt roads;Wet or damp;Daylight;Other;Vehicle with vehicle collision;2;1;Going straight;na;Not a Pedestrian;Driving under the influence of drugs;Slight Injury
18:00:00;Friday;Male;Junior high school;Employee;2-5yr;Stationwagen;Governmental;unknown;unknown;Office areas;other;Tangent road with flat terrain;Crossing;Asphalt roads;Wet or damp;Daylight;Other;Vehicle with vehicle collision;2;1;Going straight;31-50;Not a Pedestrian;Moving Backward;Slight Injury
19:30:00;Thursday;Male;Junior high school;Employee;2-5yr;Stationwagen;Owner;Unknown;unknown;unknown;other;Tangent road with flat terrain;Y Shape;Asphalt roads;Dry;Darkness - lights lit;Unknown;Vehicle with vehicle collision;2;1;Going straight;na;Not a Pedestrian;Changing lane to the right;Slight Injury
19:30:00;Thursday;Male;Junior high school;Employee;5-10yr;Lorry (41?100Q);Owner;unknown;unknown;Office areas;Two-way (divided with broken lines road marking);Tangent road with flat terrain;Y Shape;Asphalt roads;Dry;Darkness - lights lit;Unknown;Vehicle with vehicle collision;2;1;Turnover;31-50;Not a Pedestrian;Changing lane to the right;Slight Injury
07:20:00;Wednesday;Male;Junior high school;Employee;5-10yr;Lorry (41?100Q);Owner;unknown;unknown;Office areas;Undivided Two way;Tangent road with flat terrain;No junction;Asphalt roads;Dry;Daylight;Unknown;Collision with roadside objects;2;1;unknown;18-30;Not a Pedestrian;No distancing;Serious Injury
07:20:00;Wednesday;Male;Junior high school;Employee;Above 10yr;Other;Organization;Unknown;unknown;Other;other;Tangent road with flat terrain;No junction;Asphalt roads;Dry;Daylight;Unknown;Vehicle with vehicle collision;2;1;Reversing;na;Not a Pedestrian;Moving Backward;Serious Injury
15:45:00;Thursday;Female;Elementary school;Employee;5-10yr;Automobile;Governmental;2-5yrs;unknown;Other;other;Tangent road with flat terrain;No junction;Asphalt roads;Dry;Daylight;Unknown;Vehicle with vehicle collision;2;1;Other;31-50;Not a Pedestrian;No distancing;Slight Injury
15:45:00;Thursday;Male;Junior high school;Employee;5-10yr;unknown;Owner;Unknown;No defect;Other;Undivided Two way;Tangent road with flat terrain;No junction;Asphalt roads;Dry;Daylight;Unknown;Vehicle with vehicle collision;2;1;Going straight;na;Not a Pedestrian;Driving carelessly;Slight Injury
11:55:00;Friday;Male;Junior high school;Employee;Above 10yr;Taxi;Owner;Above 10yr;unknown;Other;other;Tangent road with flat terrain;No junction;Asphalt roads;Wet or damp;Daylight;Raining;Vehicle with vehicle collision;1;1;Going straight;Over 51;Not a Pedestrian;No priority to pedestrian;Slight Injury
19:00:00;Thursday;Male;Elementary school;Owner;unknown;Lorry (41?100Q);unknown;unknown;unknown;Residential areas;Undivided Two way;Tangent road with flat terrain;Crossing;Asphalt roads;Dry;Daylight;Normal;Collision with pedestrians;1;1;Turnover;Over 51;Not a Pedestrian;No priority to vehicle;Slight Injury
19:00:00;Wednesday;Male;Junior high school;Owner;5-10yr;Other;Owner;2-5yrs;No defect; Church areas;Undivided Two way;Tangent road with flat terrain;Other;Asphalt roads;Dry;Daylight;Normal;Vehicle with vehicle collision;1;1;Other;18-30;Not a Pedestrian;Moving Backward;Slight Injury
08:48:00;Tuesday;Male;Junior high school;Employee;5-10yr;Automobile;Owner;2-5yrs;unknown;Office areas;Double carriageway (median);Tangent road with flat terrain;Y Shape;Asphalt roads;Dry;Daylight;Normal;Vehicle with vehicle collision;2;1;Going straight;na;Not a Pedestrian;Changing lane to the right;Slight Injury
08:48:00;Tuesday;Female;Junior high school;Employee;Below 1yr;Public (> 45 seats);Owner;2-5yrs;unknown; Church areas;other;Tangent road with flat terrain;Y Shape;Asphalt roads;Dry;Daylight;Normal;Vehicle with vehicle collision;2;1;Going straight;18-30;Not a Pedestrian;No distancing;Slight Injury
12:30:00;Wednesday;Male;unknown;unknown;unknown;Stationwagen;Owner;2-5yrs;unknown;Other;Two-way (divided with broken lines road marking);Tangent road with flat terrain;No junction;Asphalt roads;Dry;Daylight;Normal;Vehicle with vehicle collision;1;1;Other;na;Not a Pedestrian;Driving carelessly;Slight Injury
16:00:00;Friday;Male;Junior high school;Employee;5-10yr;Automobile;Owner;unknown;unknown;unknown;other;Tangent road with flat terrain;No junction;Asphalt roads;Dry;Daylight;Normal;Vehicle with vehicle collision;1;1;Going straight;na;Not a Pedestrian;Changing lane to the left;Slight Injury
09:30:00;Tuesday;Male;Junior high school;Employee;5-10yr;Lorry (41?100Q);Owner;1-2yr;unknown;School areas;other;Steep grade downward with mountainous terrain;Y Shape;Asphalt roads;Wet or damp;Daylight;Other;Vehicle with vehicle collision;2;2;Turnover;Over 51;Not a Pedestrian;Moving Backward;Slight Injury
09:30:00;Tuesday;Unknown;Junior high school;Employee;Above 10yr;Other;Owner;5-10yrs;unknown;Office areas;Two-way (divided with broken lines road marking);Tangent road with mild grade and flat terrain;Y Shape;Asphalt roads;Wet or damp;Daylight;Other;Vehicle with vehicle collision;2;2;Going straight;31-50;Not a Pedestrian;No distancing;Slight Injury
13:31:00;Sunday;Male;High school;Employee;Above 10yr;Public (13?45 seats);Owner;Below 1yr;unknown;Other;other;Steep grade downward with mountainous terrain;No junction;Asphalt roads;Dry;Daylight;Normal;Vehicle with vehicle collision;2;2;Turnover;na;Not a Pedestrian;Changing lane to the right;Slight Injury
13:31:00;Sunday;Male;Junior high school;Employee;Above 10yr;Other;Owner;Unknown;unknown;Office areas;Undivided Two way;Tangent road with flat terrain;No junction;Asphalt roads;Dry;Daylight;Normal;Collision with pedestrians;2;2;Going straight;31-50;Not a Pedestrian;No priority to vehicle;Slight Injury