Time;Day_of_week;Sex_of_driver;Educational_level;Vehicle_driver_relation;Driving_experience;Type_of_vehicle;Owner_of_vehicle;Service_year_of_vehicle;Defect_of_vehicle;Area_accident_occured;Lanes_or_Medians;Road_allignment;Types_of_Junction;Road_surface_type;Road_surface_conditions;Light_conditions;Weather_conditions;Type_of_collision;Number_of_vehicles_involved;Number_of_casualties;Vehicle_movement;Age_band_of_casualty;Pedestrian_movement;Cause_of_accident;Accident_severity
13:31:00;Sunday;Male;Junior high school;Employee;Above 10yr;Other;Owner;unknown;unknown;Other;Undivided Two way;Tangent road with flat terrain;No junction;Asphalt roads;Dry;Daylight;Normal;Vehicle with vehicle collision;2;2;Moving Backward;na;Not a Pedestrian;Getting off the vehicle improperly;Slight Injury
00:50:00;Saturday;Female;Junior high school;Employee;Above 10yr;Ridden horse;Owner;2-5yrs;unknown;Other;Two-way (divided with broken lines road marking);Tangent road with flat terrain;Unknown;Asphalt roads;Wet or damp;Darkness - lights lit;Raining;Vehicle with vehicle collision;2;1;unknown;31-50;Not a Pedestrian;No distancing;Slight Injury
00:50:00;Saturday;Male;Junior high school;Employee;Above 10yr;Lorry (41?100Q);Owner;unknown;unknown;Office areas;Undivided Two way;Tangent road with flat terrain;Unknown;Asphalt roads;Wet or damp;Darkness - lights lit;Raining;Vehicle with vehicle collision;2;1;Going straight;na;Not a Pedestrian;No distancing;Slight Injury
17:15:00;Tuesday;Male;Junior high school;Employee;5-10yr;Lorry (41?100Q);Owner;unknown;No defect;Other;Double carriageway (median);Tangent road with flat terrain;No junction;Asphalt roads;Dry;Daylight;Normal;Vehicle with vehicle collision;2;1;Going straight;na;Not a Pedestrian;Changing lane to the left;Slight Injury
17:15:00;Tuesday;Male;Junior high school;Employee;2-5yr;Pick up upto 10Q;Owner;unknown;unknown; Church areas;other;Tangent road with flat terrain;No junction;Asphalt roads;Dry;Daylight;Normal;Collision with roadside objects;2;1;Reversing;31-50;Not a Pedestrian;No priority to vehicle;Slight Injury
13:20:00;Friday;Male;Junior high school;Employee;Below 1yr;Lorry (11?40Q);Owner;unknown;No defect;Office areas;Two-way (divided with broken lines road marking);Tangent road with flat terrain;No junction;Asphalt roads;Dry;Daylight;Unknown;Vehicle with vehicle collision;2;1;Reversing;na;Not a Pedestrian;Driving carelessly;Slight Injury
13:20:00;Friday;Male;Junior high school;Employee;Below 1yr;Automobile;Owner;Above 10yr;No defect;Office areas;Two-way (divided with broken lines road marking);Tangent road with flat terrain;No junction;Asphalt roads;Dry;Daylight;Unknown;Vehicle with vehicle collision;2;1;Reversing;18-30;Not a Pedestrian;Changing lane to the right;Slight Injury
19:45:00;Tuesday;Male;Junior high school;Employee;2-5yr;Automobile;Owner;2-5yrs;unknown;Other;Undivided Two way;Tangent road with mountainous terrain and;No junction;Asphalt roads;Dry;Daylight;Unknown;Vehicle with vehicle collision;2;1;Going straight;31-50;Not a Pedestrian;No distancing;Slight Injury
19:45:00;Tuesday;Male;Elementary school;Employee;Below 1yr;Lorry (11?40Q);Owner;2-5yrs;unknown;Residential areas;Undivided Two way;Tangent road with flat terrain;No junction;Asphalt roads;Dry;Daylight;Unknown;Vehicle with vehicle collision;2;1;Going straight;na;Not a Pedestrian;Changing lane to the right;Slight Injury
19:35:00;Tuesday;Female;Junior high school;Employee;Below 1yr;Motorcycle;Owner;Unknown;No defect;Residential areas;Undivided Two way;Tangent road with flat terrain;No junction;Asphalt roads;Dry;Daylight;Normal;Vehicle with vehicle collision;2;1;Going straight;18-30;Not a Pedestrian;No distancing;Slight Injury
19:35:00;Tuesday;Male;Junior high school;Employee;unknown;Lorry (41?100Q);Owner;5-10yrs;7;unknown;Two-way (divided with broken lines road marking);Tangent road with flat terrain;No junction;Asphalt roads;Dry;Daylight;Normal;Vehicle with vehicle collision;2;1;Going straight;18-30;Not a Pedestrian;Driving under the influence of drugs;Slight Injury
14:15:00;Sunday;Male;unknown;Employee;5-10yr;Stationwagen;Owner;Unknown;7;Other;other;Tangent road with flat terrain;No junction;Asphalt roads;Dry;Daylight;Normal;Vehicle with vehicle collision;2;1;Moving Backward;18-30;Not a Pedestrian;Changing lane to the left;Slight Injury
14:15:00;Sunday;Male;Writing & reading;Employee;Below 1yr;Automobile;Owner;Unknown;No defect;Office areas;unknown;Steep grade downward with mountainous terrain;No junction;Asphalt roads;Dry;Daylight;Normal;Collision with roadside objects;2;1;Going straight;na;Not a Pedestrian;Getting off the vehicle improperly;Slight Injury
21:30:00;Friday;Male;Junior high school;Employee;Below 1yr;Other;Governmental;Unknown;No defect;School areas;Double carriageway (median);Tangent road with flat terrain;Crossing;Asphalt roads;Dry;Darkness - lights lit;Normal;Vehicle with vehicle collision;2;2;Moving Backward;31-50;Not a Pedestrian;Overloading;Slight Injury
21:30:00;Friday;Male;Junior high school;Employee;1-2yr;Other;Owner;Unknown;No defect;Other;Two-way (divided with broken lines road marking);Steep grade downward with mountainous terrain;Crossing;Asphalt roads;Dry;Darkness - lights lit;Normal;Vehicle with vehicle collision;2;2;Moving Backward;na;Not a Pedestrian;Driving carelessly;Slight Injury
21:30:00;Friday;Male;Elementary school;Employee;Above 10yr;Taxi;Owner;5-10yrs;No defect;Other;Two-way (divided with broken lines road marking);Tangent road with rolling terrain;Crossing;Asphalt roads;Dry;Darkness - lights lit;Normal;Vehicle with vehicle collision;2;2;Going straight;18-30;Not a Pedestrian;Overtaking;Slight Injury
20:35:00;Saturday;Female;Elementary school;Employee;Above 10yr;Automobile;Governmental;Unknown;No defect; Church areas;Two-way (divided with broken lines road marking);Tangent road with flat terrain;Y Shape;Asphalt roads;Dry;Daylight;Normal;Vehicle with vehicle collision;1;1;Other;na;Not a Pedestrian;No distancing;Slight Injury
19:10:00;Thursday;Male;Elementary school;Employee;Below 1yr;Long lorry;unknown;unknown;unknown;Office areas;unknown;Tangent road with mild grade and flat terrain;Y Shape;Asphalt roads;Dry;Daylight;Normal;Rollover;2;1;Going straight;na;Not a Pedestrian;Overturning;Slight Injury
19:10:00;Thursday;Male;High school;Employee;2-5yr;Long lorry;Owner;unknown;unknown;Other;Two-way (divided with broken lines road marking);Tangent road with mild grade and flat terrain;Y Shape;Asphalt roads;Dry;Daylight;Normal;Vehicle with vehicle collision;2;1;Other;18-30;Not a Pedestrian;Driving carelessly;Slight Injury
19:03:00;Sunday;Male;Junior high school;Employee;2-5yr;Lorry (41?100Q);Governmental;unknown;No defect;Residential areas;Double carriageway (median);Tangent road with flat terrain;Y Shape;Asphalt roads;Dry;Darkness - lights lit;Normal;Vehicle with vehicle collision;2;1;Going straight;18-30;Not a Pedestrian;No priority to pedestrian;Serious Injury
19:03:00;Sunday;Male;Above high school;Employee;Above 10yr;Lorry (41?100Q);Owner;unknown;unknown;Office areas;Two-way (divided with broken lines road marking);Tangent road with flat terrain;Y Shape;Asphalt roads;Dry;Darkness - lights lit;Normal;Collision with roadside objects;2;1;Reversing;na;Not a Pedestrian;No distancing;Serious Injury
14:50:00;Friday;Male;Junior high school;Employee;2-5yr;Lorry (11?40Q);Owner;unknown;unknown;Office areas;Undivided Two way;Tangent road with flat terrain;Crossing;Asphalt roads;Dry;Daylight;Normal;Vehicle with vehicle collision;2;1;unknown;31-50;Not a Pedestrian;No priority to vehicle;Slight Injury
14:50:00;Friday;Male;Junior high school;Employee;2-5yr;Automobile;Owner;Below 1yr;unknown;Office areas;Two-way (divided with broken lines road marking);Tangent road with flat terrain;Crossing;Asphalt roads;Dry;Daylight;Normal;Vehicle with vehicle collision;2;1;Going straight;Over 51;Not a Pedestrian;Getting off the vehicle improperly;Slight Injury
17:40:00;Wednesday;Male;High school;Employee;1-2yr;Taxi;Organization;1-2yr;unknown; Church areas;unknown;Tangent road with flat terrain;Y Shape;Asphalt roads;Dry;Daylight;Normal;Vehicle with vehicle collision;2;2;Going straight;18-30;Not a Pedestrian;No priority to pedestrian;Slight Injury
17:40:00;Wednesday;Male;Junior high school;Employee;5-10yr;Other;Owner;unknown;unknown;Office areas;Two-way (divided with broken lines road marking);Tangent road with flat terrain;Y Shape;Asphalt roads;Dry;Daylight;Normal;Collision with roadside objects;2;2;Going straight;na;Not a Pedestrian;Changing lane to the right;Slight Injury
17:40:00;Wednesday;Male;Junior high school;Employee;Below 1yr;Automobile;Owner;1-2yr;unknown;Office areas;Two-way (divided with broken lines road marking);Tangent road with mild grade and flat terrain;Y Shape;Asphalt roads;Dry;Daylight;Normal;Collision with roadside objects;2;2;Going straight;31-50;Not a Pedestrian;Moving Backward;Slight Injury
21:20:00;Friday;Female;Junior high school;Employee;Below 1yr;Automobile;Owner;unknown;unknown;Office areas;Two-way (divided with broken lines road marking);Tangent road with mild grade and flat terrain;Y Shape;Asphalt roads;Wet or damp;Daylight;Raining;Vehicle with vehicle collision;2;1;Going straight;na;Not a Pedestrian;Changing lane to the left;Slight Injury
21:20:00;Friday;Male;Elementary school;Employee;unknown;Automobile;Owner;5-10yrs;No defect;Office areas;Two-way (divided with broken lines road marking);Tangent road with flat terrain;Y Shape;Asphalt roads;Wet or damp;Daylight;Raining;Vehicle with vehicle collision;2;1;Going straight;18-30;Not a Pedestrian;No distancing;Slight Injury
16:00:00;Sunday;Male;Junior high school;Employee;Below 1yr;Automobile;Owner;unknown;No defect;Other;Two-way (divided with broken lines road marking);Tangent road with flat terrain;Y Shape;Asphalt roads;Dry;Daylight;Unknown;Collision with roadside objects;2;2;Other;na;Not a Pedestrian;Driving carelessly;Slight Injury
16:00:00;Sunday;Male;Junior high school;Employee;1-2yr;Public (> 45 seats);Owner;unknown;No defect;Residential areas;Double carriageway (median);Tangent road with flat terrain;Y Shape;Asphalt roads;Dry;Daylight;Unknown;Collision with roadside objects;2;2;Going straight;18-30;Not a Pedestrian;Driving under the influence of drugs;Slight Injury
16:00:00;Sunday;Male;Elementary school;Employee;2-5yr;Lorry (11?40Q);Owner;unknown;No defect; Church areas;Undivided Two way;Tangent road with flat terrain;Y Shape;Asphalt roads;Dry;Daylight;Unknown;Vehicle with vehicle collision;2;2;Going straight;na;Not a Pedestrian;Driving carelessly;Slight Injury
12:09:00;Thursday;Male;High school;Employee;1-2yr;Lorry (41?100Q);Owner;unknown;No defect;Other;Two-way (divided with broken lines road marking);Tangent road with flat terrain;No junction;Asphalt roads;Dry;Daylight;Normal;Vehicle with vehicle collision;1;1;Going straight;na;Not a Pedestrian;Driving carelessly;Slight Injury
08:48:00;Friday;Male;Junior high school;Employee;5-10yr;Lorry (41?100Q);Owner;unknown;No defect;  Recreational areas;Two-way (divided with broken lines road marking);Tangent road with flat terrain;Y Shape;Asphalt roads;Dry;Daylight;Normal;Vehicle with vehicle collision;2;1;Going straight;Over 51;Crossing from nearside - masked by parked or statioNot a Pedestrianry vehicle;Changing lane to the right;Slight Injury
08:48:00;Friday;Male;Junior high school;Employee;Below 1yr;Stationwagen;unknown;unknown;unknown;unknown;unknown;Tangent road with flat terrain;Y Shape;Asphalt roads;Dry;Daylight;Normal;Collision with roadside objects;2;1;Reversing;na;Not a Pedestrian;No distancing;Slight Injury
08:56:00;Saturday;Male;High school;Employee;Above 10yr;Other;Owner;Unknown;No defect; Industrial areas;Undivided Two way;Tangent road with mild grade and flat terrain;Y Shape;Asphalt roads;Dry;Daylight;Normal;Vehicle with vehicle collision;2;3;Going straight;18-30;Not a Pedestrian;Driving carelessly;Slight Injury
08:56:00;Saturday;Male;Elementary school;Owner;5-10yr;Automobile;Owner;unknown;No defect;Other;Two-way (divided with broken lines road marking);Tangent road with flat terrain;Y Shape;Asphalt roads;Dry;Daylight;Normal;Collision with roadside-parked vehicles;2;3;Going straight;18-30;Not a Pedestrian;No priority to pedestrian;Slight Injury
08:56:00;Saturday;Male;Elementary school;Employee;Below 1yr;Pick up upto 10Q;Owner;Unknown;unknown;Other;other;Tangent road with flat terrain;Y Shape;Asphalt roads;Dry;Daylight;Normal;Vehicle with vehicle collision;2;3;Other;18-30;Not a Pedestrian;No distancing;Slight Injury
19:17:00;Saturday;Male;Junior high school;Employee;5-10yr;Motorcycle;Owner;5-10yrs;No defect; Church areas;other;Tangent road with flat terrain;No junction;Asphalt roads;Wet or damp;Darkness - lights lit;Normal;Collision with roadside objects;2;1;Going straight;na;Not a Pedestrian;Moving Backward;Slight Injury
19:17:00;Saturday;Male;Elementary school;Owner;5-10yr;Automobile;Owner;5-10yrs;No defect; Church areas;Undivided Two way;Tangent road with flat terrain;No junction;Asphalt roads;Wet or damp;Darkness - lights lit;Normal;Vehicle with vehicle collision;2;1;Going straight;na;Not a Pedestrian;Moving Backward;Slight Injury
16:05:00;Monday;Male;Junior high school;Employee;2-5yr;Pick up upto 10Q;Owner;unknown;No defect;Other;Two-way (divided with broken lines road marking);Tangent road with flat terrain;Y Shape;Asphalt roads;Dry;Daylight;Normal;Vehicle with vehicle collision;1;1;Going straight;18-30;Not a Pedestrian;No priority to vehicle;Serious Injury
21:30:00;Saturday;Female;Junior high school;Employee;Above 10yr;Motorcycle;Owner;unknown;No defect;Other;One way;Tangent road with flat terrain;No junction;Asphalt roads;Dry;Darkness - lights lit;Normal;Vehicle with vehicle collision;2;1;Turnover;18-30;Crossing from nearside - masked by parked or statioNot a Pedestrianry vehicle;No distancing;Slight Injury
21:30:00;Saturday;Male;Junior high school;Employee;5-10yr;Stationwagen;Governmental;2-5yrs;unknown;  Recreational areas;Two-way (divided with broken lines road marking);Tangent road with flat terrain;No junction;Asphalt roads;Dry;Darkness - lights lit;Normal;Vehicle with vehicle collision;2;1;Going straight;31-50;Not a Pedestrian;Moving Backward;Slight Injury
06:27:00;Monday;Male;High school;Employee;1-2yr;Lorry (41?100Q);Owner;2-5yrs;unknown;Other;Undivided Two way;Tangent road with flat terrain;Y Shape;Asphalt roads;Dry;Daylight;Normal;Vehicle with vehicle collision;1;1;Going straight;18-30;Not a Pedestrian;Changing lane to the right;Slight Injury
16:50:00;Tuesday;Male;Junior high school;Employee;Above 10yr;Taxi;Owner;5-10yrs;unknown;Office areas;Undivided Two way;Tangent road with flat terrain;No junction;Asphalt roads;Dry;Daylight;Normal;Collision with roadside-parked vehicles;3;2;Reversing;na;Not a Pedestrian;Moving Backward;Slight Injury
16:50:00;Tuesday;Male;Elementary school;Owner;2-5yr;Automobile;Owner;5-10yrs;No defect; Church areas;Two-way (divided with broken lines road marking);Tangent road with flat terrain;No junction;Asphalt roads;Dry;Daylight;Normal;Collision with roadside-parked vehicles;3;2;Other;na;Not a Pedestrian;Changing lane to the right;Slight Injury
16:50:00;Tuesday;Male;Junior high school;Employee;5-10yr;Long lorry;Owner;2-5yrs;unknown;Office areas;Two-way (divided with broken lines road marking);Tangent road with flat terrain;No junction;Asphalt roads;Dry;Daylight;Normal;Collision with animals;3;2;Going straight;31-50;Not a Pedestrian;Driving carelessly;Slight Injury
16:50:00;Tuesday;Male;Junior high school;Employee;Below 1yr;Automobile;unknown;unknown;No defect;Office areas;Undivided Two way;Tangent road with mountainous terrain and;No junction;Asphalt roads;Dry;Daylight;Normal;Collision with animals;3;2;Going straight;18-30;Unknown or other;Changing lane to the right;Slight Injury
18:45:00;Tuesday;Male;Junior high school;Employee;5-10yr;Public (12 seats);Owner;2-5yrs;No defect;Other;Undivided Two way;Tangent road with flat terrain;Crossing;Asphalt roads;Wet or damp;Daylight;Windy;Collision with animals;1;1;Moving Backward;31-50;Not a Pedestrian;No distancing;Slight Injury
22:15:00;Sunday;Female;High school;Employee;Above 10yr;Lorry (11?40Q);Governmental;unknown;unknown;Residential areas;Two-way (divided with broken lines road marking);Tangent road with flat terrain;Y Shape;Asphalt roads;Dry;Darkness - lights lit;Normal;Collision with animals;2;1;Reversing;na;Not a Pedestrian;Moving Backward;Slight Injury
22:15:00;Sunday;Male;Junior high school;Employee;5-10yr;Pick up upto 10Q;Owner;2-5yrs;No defect;Office areas;Two-way (divided with broken lines road marking);Tangent road with mild grade and flat terrain;Y Shape;Asphalt roads;Dry;Darkness - lights lit;Normal;Collision with animals;2;1;Going straight;5;Not a Pedestrian;Driving carelessly;Slight Injury
21:45:00;Monday;Male;Elementary school;Employee;1-2yr;Lorry (41?100Q);Owner;2-5yrs;unknown;Residential areas;other;Tangent road with flat terrain;No junction;Asphalt roads;Wet or damp;Darkness - lights lit;Other;Collision with animals;4;1;Going straight;31-50;Not a Pedestrian;No distancing;Slight Injury
21:45:00;Monday;Female;Junior high school;Employee;unknown;Other;Owner;Unknown;No defect;Residential areas;Two-way (divided with broken lines road marking);Tangent road with flat terrain;No junction;Asphalt roads;Wet or damp;Darkness - lights lit;Other;Collision with animals;4;1;Moving Backward;31-50;Not a Pedestrian;No priority to vehicle;Slight Injury
21:45:00;Monday;Male;Above high school;Employee;1-2yr;Automobile;Owner;unknown;No defect;Other;Double carriageway (median);Tangent road with flat terrain;No junction;Asphalt roads;Wet or damp;Darkness - lights lit;Other;Collision with animals;4;1;Going straight;na;Not a Pedestrian;Changing lane to the right;Slight Injury
21:45:00;Monday;Male;Junior high school;Employee;Above 10yr;Long lorry;Owner;unknown;No defect; Hospital areas;One way;Tangent road with flat terrain;No junction;Asphalt roads;Wet or damp;Darkness - lights lit;Other;Collision with animals;4;1;Going straight;31-50;Not a Pedestrian;Moving Backward;Slight Injury
14:41:00;Sunday;Male;Junior high school;Employee;1-2yr;Lorry (11?40Q);Governmental;unknown;No defect;Other;Undivided Two way;Tangent road with flat terrain;Y Shape;Asphalt roads;Dry;Daylight;Normal;Collision with animals;1;1;Going straight;na;Not a Pedestrian;Driving under the influence of drugs;Serious Injury
16:11:00;Sunday;Male;Junior high school;Employee;5-10yr;Long lorry;Owner;unknown;No defect;Other;Undivided Two way;Tangent road with flat terrain;Y Shape;Asphalt roads;Dry;Daylight;Normal;Collision with animals;1;1;Going straight;Under 18;Not a Pedestrian;Changing lane to the right;Serious Injury
22:14:00;Thursday;Male;Junior high school;Employee;2-5yr;Automobile;Owner;unknown;No defect;  Recreational areas;One way;Tangent road with mild grade and flat terrain;No junction;Asphalt roads;Wet or damp;Darkness - lights lit;Raining;Collision with animals;3;3;Going straight;18-30;Not a Pedestrian;No priority to vehicle;Serious Injury
22:14:00;Thursday;Male;unknown;unknown;unknown;Taxi;Owner;unknown;No defect;Other;Undivided Two way;Tangent road with flat terrain;No junction;Asphalt roads;Wet or damp;Darkness - lights lit;Raining;Other;3;3;Going straight;31-50;Not a Pedestrian;Changing lane to the left;Serious Injury
22:14:00;Thursday;Male;Junior high school;Employee;2-5yr;Taxi;Owner;unknown;No defect;Other;Undivided Two way;Tangent road with flat terrain;No junction;Asphalt roads;Wet or damp;Darkness - lights lit;Raining;Rollover;3;3;unknown;18-30;Not a Pedestrian;Driving carelessly;Serious Injury
22:14:00;Thursday;Male;Junior high school;Employee;2-5yr;Long lorry;Owner;unknown;No defect;Other;Undivided Two way;Tangent road with flat terrain;No junction;Asphalt roads;Wet or damp;Darkness - lights lit;Raining;Collision with animals;3;3;Going straight;na;Not a Pedestrian;No priority to pedestrian;Serious Injury
15:00:00;Tuesday;Male;Junior high school;Employee;Above 10yr;Lorry (11?40Q);Owner;Below 1yr;No defect;Office areas;Two-way (divided with broken lines road marking);Tangent road with flat terrain;Y Shape;Asphalt roads;Dry;Daylight;Other;Rollover;2;1;Reversing;na;Not a Pedestrian;No priority to pedestrian;Slight Injury
15:00:00;Tuesday;Male;Junior high school;Employee;1-2yr;Lorry (11?40Q);Owner;2-5yrs;No defect;Other;Two-way (divided with broken lines road marking);Tangent road with mild grade and flat terrain;Y Shape;Asphalt roads;Dry;Daylight;Other;Collision with animals;2;1;Going straight;31-50;Not a Pedestrian;Changing lane to the right;Slight Injury
15:40:00;Thursday;Male;Above high school;Owner;1-2yr;Long lorry;Owner;unknown;No defect;Residential areas;Two-way (divided with broken lines road marking);Tangent road with flat terrain;No junction;Asphalt roads;Dry;Daylight;Unknown;Collision with animals;2;2;Going straight;na;Not a Pedestrian;Drunk driving;Slight Injury
15:40:00;Thursday;Male;Above high school;Employee;No Licence;Turbo;Owner;5-10yrs;No defect;Other;Undivided Two way;Tangent road with flat terrain;No junction;Asphalt roads;Dry;Daylight;Unknown;Vehicle with vehicle collision;2;2;Going straight;31-50;Not a Pedestrian;Changing lane to the left;Slight Injury
15:40:00;Thursday;Male;Junior high school;Employee;1-2yr;Long lorry;Owner;Unknown;No defect;Other;Undivided Two way;Tangent road with flat terrain;No junction;Asphalt roads;Dry;Daylight;Unknown;Fall from vehicles;2;2;Going straight;31-50;Not a Pedestrian;Changing lane to the left;Slight Injury
11:22:00;Saturday;Male;Junior high school;Employee;5-10yr;Long lorry;Owner;unknown;unknown; Church areas;Undivided Two way;Tangent road with flat terrain;No junction;Asphalt roads;Dry;Daylight;Normal;Collision with roadside-parked vehicles;2;1;Going straight;na;Not a Pedestrian;Driving to the left;Slight Injury
11:22:00;Saturday;Male;Junior high school;Employee;Above 10yr;Public (13?45 seats);Owner;1-2yr;5;Office areas;Undivided Two way;Tangent road with flat terrain;No junction;Asphalt roads;Dry;Daylight;Normal;Collision with roadside-parked vehicles;2;1;Going straight;Under 18;Unknown or other;Changing lane to the left;Slight Injury
12:00:00;Saturday;Male;Junior high school;Employee;Above 10yr;Automobile;Owner;Above 10yr;No defect;School areas;other;Tangent road with flat terrain;O Shape;Asphalt roads;Dry;Daylight;Unknown;Rollover;2;1;Other;18-30;Not a Pedestrian;Driving under the influence of drugs;Slight Injury
12:00:00;Saturday;Male;Junior high school;Owner;5-10yr;Automobile;Owner;2-5yrs;No defect;Other;Undivided Two way;Tangent road with flat terrain;O Shape;Asphalt roads;Dry;Daylight;Unknown;Collision with animals;2;1;Moving Backward;na;Not a Pedestrian;No priority to pedestrian;Slight Injury
13:35:00;Monday;Male;Elementary school;Employee;2-5yr;Pick up upto 10Q;Owner;1-2yr;No defect;Office areas;Undivided Two way;Tangent road with flat terrain;Y Shape;Asphalt roads;Dry;Daylight;Normal;Collision with animals;2;1;Other;31-50;Not a Pedestrian;Changing lane to the left;Serious Injury
13:35:00;Monday;Male;Junior high school;Employee;2-5yr;unknown;Owner;1-2yr;No defect;Residential areas;other;Steep grade downward with mountainous terrain;Y Shape;Asphalt roads;Dry;Daylight;Normal;Fall from vehicles;2;1;Going straight;18-30;Not a Pedestrian;Moving Backward;Serious Injury
15:32:00;Wednesday;Male;Junior high school;Employee;Below 1yr;Stationwagen;Owner;1-2yr;No defect; Industrial areas;One way;Tangent road with flat terrain;Y Shape;Asphalt roads;Dry;Daylight;Normal;Collision with roadside-parked vehicles;1;1;Going straight;na;Not a Pedestrian;No distancing;Slight Injury
15:55:00;Tuesday;Unknown;Junior high school;Employee;2-5yr;unknown;Owner;2-5yrs;No defect;Other;Undivided Two way;Tangent road with flat terrain;No junction;Asphalt roads;Wet or damp;Daylight;Raining;Collision with animals;2;2;Going straight;na;Not a Pedestrian;Changing lane to the right;Slight Injury
15:55:00;Tuesday;Male;Junior high school;Employee;2-5yr;Automobile;Owner;1-2yr;No defect;Residential areas;Undivided Two way;Tangent road with flat terrain;No junction;Asphalt roads;Wet or damp;Daylight;Raining;Collision with animals;2;2;Other;5;Not a Pedestrian;No priority to vehicle;Slight Injury
15:55:00;Tuesday;Male;Elementary school;Employee;5-10yr;Automobile;Owner;1-2yr;No defect;  Recreational areas;Two-way (divided with broken lines road marking);Tangent road with flat terrain;No junction;Asphalt roads;Wet or damp;Daylight;Raining;Collision with pedestrians;2;2;Going straight;Over 51;Not a Pedestrian;Moving Backward;Slight Injury
08:35:00;Monday;Male;Junior high school;Employee;Above 10yr;Long lorry;Owner;Unknown;7;Office areas;other;Tangent road with flat terrain;Other;Asphalt roads;Dry;Daylight;Unknown;Vehicle with vehicle collision;2;1;unknown;31-50;Not a Pedestrian;Overtaking;Slight Injury
08:35:00;Monday;Male;unknown;unknown;unknown;Public (13?45 seats);Owner;unknown;No defect; Outside rural areas;Two-way (divided with broken lines road marking);Tangent road with flat terrain;Other;Asphalt roads;Dry;Daylight;Unknown;Vehicle with vehicle collision;2;1;Going straight;Under 18;Not a Pedestrian;Changing lane to the left;Slight Injury
19:50:00;Friday;Male;Junior high school;Employee;2-5yr;Public (13?45 seats);Owner;1-2yr;No defect; Outside rural areas;Two-way (divided with broken lines road marking);Tangent road with flat terrain;Y Shape;Asphalt roads;Dry;Daylight;Normal;Collision with pedestrians;2;1;Going straight;na;Not a Pedestrian;Changing lane to the right;Slight Injury
19:50:00;Friday;Male;Junior high school;Employee;5-10yr;Lorry (11?40Q);Owner;1-2yr;No defect; Outside rural areas;Undivided Two way;Tangent road with flat terrain;Y Shape;Asphalt roads;Dry;Daylight;Normal;Vehicle with vehicle collision;2;1;Going straight;31-50;Not a Pedestrian;Overtaking;Slight Injury
07:15:00;Thursday;Male;Above high school;Employee;2-5yr;Lorry (11?40Q);Governmental;Below 1yr;No defect; Outside rural areas;Undivided Two way;Tangent road with flat terrain;Unknown;Asphalt roads;Wet or damp;Daylight;Raining;Collision with roadside objects;1;1;Going straight;31-50;Not a Pedestrian;Overloading;Slight Injury
15:11:00;Friday;Male;unknown;unknown;unknown;Pick up upto 10Q;Owner;unknown;No defect; Outside rural areas;other;Steep grade downward with mountainous terrain;No junction;Asphalt roads;Dry;Daylight;Normal;Vehicle with vehicle collision;1;1;Moving Backward;31-50;Not a Pedestrian;Other;Serious Injury
17:45:00;Wednesday;Male;unknown;Employee;1-2yr;Automobile;Owner;unknown;No defect;School areas;other;Steep grade downward with mountainous terrain;Y Shape;Asphalt roads;Dry;Daylight;Unknown;Vehicle with vehicle collision;2;1;Moving Backward;na;Not a Pedestrian;No priority to vehicle;Slight Injury
17:45:00;Wednesday;Male;Junior high school;Employee;2-5yr;Automobile;Owner;Above 10yr;No defect; Outside rural areas;Two-way (divided with broken lines road marking);Tangent road with flat terrain;Y Shape;Asphalt roads;Dry;Daylight;Unknown;Vehicle with vehicle collision;2;1;Going straight;na;Not a Pedestrian;Changing lane to the right;Slight Injury
14:30:00;Friday;Male;Junior high school;Employee;Above 10yr;Automobile;Owner;unknown;No defect; Outside rural areas;Undivided Two way;Tangent road with flat terrain;Y Shape;unknown;Wet or damp;Daylight;Other;Rollover;2;1;Going straight;18-30;Not a Pedestrian;Moving Backward;Serious Injury
14:30:00;Friday;Male;Junior high school;Employee;Below 1yr;Long lorry;Owner;unknown;No defect; Outside rural areas;Two-way (divided with broken lines road marking);Escarpments;Y Shape;Asphalt roads;Wet or damp;Daylight;Other;Vehicle with vehicle collision;2;1;Turnover;18-30;Not a Pedestrian;Changing lane to the left;Serious Injury
20:40:00;Sunday;Male;Junior high school;Employee;2-5yr;Long lorry;Owner;2-5yrs;No defect; Outside rural areas;Two-way (divided with broken lines road marking);Tangent road with mountainous terrain and;No junction;Asphalt roads;Dry;Daylight;Normal;Vehicle with vehicle collision;1;1;Going straight;Over 51;Not a Pedestrian;No priority to pedestrian;Slight Injury
07:18:00;Thursday;Male;Junior high school;Employee;Below 1yr;Automobile;Owner;2-5yrs;No defect;Office areas;Undivided Two way;Tangent road with mountainous terrain and;No junction;Asphalt roads;Wet or damp;Daylight;Normal;Vehicle with vehicle collision;2;1;Going straight;na;Not a Pedestrian;No distancing;Slight Injury
07:18:00;Thursday;Male;High school;Employee;5-10yr;Stationwagen;Owner;2-5yrs;No defect; Outside rural areas;Undivided Two way;Tangent road with mountainous terrain and;No junction;Asphalt roads;Wet or damp;Daylight;Normal;Collision with pedestrians;2;1;Going straight;18-30;Not a Pedestrian;No priority to vehicle;Slight Injury
17:07:00;Wednesday;Male;Above high school;Employee;1-2yr;unknown;Owner;unknown;No defect; Outside rural areas;Undivided Two way;Tangent road with mountainous terrain and;Y Shape;Asphalt roads;Dry;Daylight;Normal;Vehicle with vehicle collision;1;1;Going straight;18-30;Not a Pedestrian;No distancing;Slight Injury