Time;Day_of_week;Sex_of_driver;Educational_level;Vehicle_driver_relation;Driving_experience;Type_of_vehicle;Owner_of_vehicle;Service_year_of_vehicle;Defect_of_vehicle;Area_accident_occured;Lanes_or_Medians;Road_allignment;Types_of_Junction;Road_surface_type;Road_surface_conditions;Light_conditions;Weather_conditions;Type_of_collision;Number_of_vehicles_involved;Number_of_casualties;Vehicle_movement;Age_band_of_casualty;Pedestrian_movement;Cause_of_accident;Accident_severity
13:45:00;Thursday;Male;Junior high school;Employee;Below 1yr;Other;Owner;2-5yrs;No defect; Outside rural areas;Undivided Two way;Tangent road with flat terrain;No junction;Asphalt roads;Dry;Daylight;Normal;Collision with roadside objects;2;1;Going straight;31-50;Not a Pedestrian;No distancing;Slight Injury
13:45:00;Thursday;Male;unknown;unknown;unknown;Special vehicle;Owner;unknown;No defect;Office areas;Undivided Two way;Tangent road with flat terrain;No junction;Asphalt roads;Dry;Daylight;Normal;Vehicle with vehicle collision;2;1;Going straight;31-50;Not a Pedestrian;Moving Backward;Slight Injury
18:40:00;Friday;Male;High school;Employee;Below 1yr;Lorry (41?100Q);Owner;unknown;No defect;  Recreational areas;Undivided Two way;Tangent road with flat terrain;Y Shape;Asphalt roads;Dry;Darkness - lights lit;Normal;Rollover;2;4;Going straight;na;Not a Pedestrian;Changing lane to the right;Slight Injury
18:40:00;Friday;Male;High school;Employee;Below 1yr;Pick up upto 10Q;Owner;Above 10yr;No defect;Office areas;Undivided Two way;Tangent road with flat terrain;Y Shape;Asphalt roads;Dry;Darkness - lights lit;Normal;Vehicle with vehicle collision;2;4;Going straight;18-30;Not a Pedestrian;No priority to pedestrian;Slight Injury
18:40:00;Friday;Male;unknown;unknown;unknown;Lorry (11?40Q);Owner;2-5yrs;No defect;Other;Two-way (divided with broken lines road marking);Tangent road with mild grade and flat terrain;Y Shape;Asphalt roads;Dry;Darkness - lights lit;Normal;Vehicle with vehicle collision;2;4;unknown;na;Not a Pedestrian;Moving Backward;Slight Injury
18:40:00;Friday;Male;High school;Employee;2-5yr;Lorry (41?100Q);Owner;Above 10yr;No defect;Residential areas;Two-way (divided with broken lines road marking);Tangent road with flat terrain;Y Shape;Asphalt roads;Dry;Darkness - lights lit;Normal;Vehicle with vehicle collision;2;4;Other;31-50;Not a Pedestrian;Getting off the vehicle improperly;Slight Injury
06:53:00;Wednesday;Male;Junior high school;Employee;Above 10yr;Motorcycle;Owner;Above 10yr;No defect;Residential areas;other;Tangent road with flat terrain;No junction;Asphalt roads;Wet or damp;Daylight;Raining and Windy;Vehicle with vehicle collision;1;1;Getting off;18-30;Not a Pedestrian;Overtaking;Slight Injury
16:10:00;Monday;Male;Junior high school;Employee;Above 10yr;Automobile;Owner;unknown;No defect;Residential areas;Undivided Two way;Tangent road with flat terrain;Y Shape;Asphalt roads;Dry;Daylight;Normal;Vehicle with vehicle collision;2;2;Going straight;Over 51;Not a Pedestrian;Overloading;Slight Injury
16:10:00;Monday;Male;Junior high school;Employee;5-10yr;Automobile;Owner;Above 10yr;No defect;Other;Undivided Two way;Tangent road with flat terrain;Y Shape;Asphalt roads;Dry;Daylight;Normal;Collision with roadside objects;2;2;Going straight;5;Not a Pedestrian;Changing lane to the right;Slight Injury
16:10:00;Monday;Male;Junior high school;Employee;1-2yr;Automobile;Owner;unknown;No defect;Office areas;Two-way (divided with broken lines road marking);Tangent road with flat terrain;Y Shape;Asphalt roads;Dry;Daylight;Normal;Vehicle with vehicle collision;2;2;Going straight;18-30;Not a Pedestrian;Improper parking;Slight Injury
08:39:00;Monday;Male;Unknown;Employee;Below 1yr;Stationwagen;Owner;unknown;unknown;Other;Two-way (divided with broken lines road marking);Tangent road with flat terrain;Y Shape;Asphalt roads;Dry;Daylight;Normal;Vehicle with vehicle collision;1;1;Other;Under 18;Not a Pedestrian;Other;Slight Injury
13:30:00;Tuesday;Male;Junior high school;Employee;Below 1yr;unknown;Owner;Above 10yr;unknown;Other;other;Tangent road with flat terrain;Other;Asphalt roads;Dry;Daylight;Normal;Collision with roadside objects;2;1;Going straight;Under 18;Not a Pedestrian;Changing lane to the left;Slight Injury
13:30:00;Tuesday;Male;High school;Employee;2-5yr;Public (> 45 seats);Owner;5-10yrs;unknown;Office areas;Two-way (divided with broken lines road marking);Tangent road with flat terrain;Other;Asphalt roads;Dry;Daylight;Normal;Collision with roadside objects;2;1;Moving Backward;na;Not a Pedestrian;Changing lane to the right;Slight Injury
19:10:00;Monday;Male;Junior high school;Owner;1-2yr;Public (> 45 seats);Owner;Below 1yr;unknown; Church areas;other;Tangent road with flat terrain;No junction;Asphalt roads;Dry;Daylight;Normal;Vehicle with vehicle collision;2;2;Other;na;Not a Pedestrian;No priority to pedestrian;Serious Injury
19:10:00;Monday;Male;Junior high school;Employee;5-10yr;Stationwagen;Owner;Unknown;No defect;Other;Two-way (divided with broken lines road marking);Tangent road with flat terrain;No junction;Asphalt roads;Dry;Daylight;Normal;Vehicle with vehicle collision;2;2;Going straight;31-50;Not a Pedestrian;Overspeed;Serious Injury
17:15:00;Thursday;Male;Elementary school;Employee;2-5yr;Automobile;Owner;unknown;unknown;Other;One way;Tangent road with flat terrain;No junction;Asphalt roads;Dry;Daylight;Normal;Vehicle with vehicle collision;2;1;Going straight;31-50;Not a Pedestrian;Changing lane to the left;Slight Injury
17:15:00;Thursday;Male;Elementary school;Owner;5-10yr;Bicycle;Owner;unknown;unknown;Office areas;Double carriageway (median);Tangent road with flat terrain;No junction;Asphalt roads;Dry;Daylight;Normal;Vehicle with vehicle collision;2;1;Going straight;na;Not a Pedestrian;No priority to vehicle;Slight Injury
10:25:00;Sunday;Male;Junior high school;Employee;Above 10yr;Automobile;Owner;unknown;unknown;Office areas;One way;Tangent road with mild grade and flat terrain;No junction;Asphalt roads;Dry;Daylight;Normal;Collision with roadside objects;2;4;unknown;18-30;Not a Pedestrian;Changing lane to the right;Slight Injury
10:25:00;Sunday;Male;Junior high school;Employee;5-10yr;Lorry (41?100Q);Owner;unknown;unknown;Office areas;Undivided Two way;Tangent road with flat terrain;No junction;Asphalt roads;Dry;Daylight;Normal;Vehicle with vehicle collision;2;4;Going straight;18-30;Not a Pedestrian;No distancing;Slight Injury
10:25:00;Sunday;Male;High school;Employee;5-10yr;Automobile;Owner;unknown;No defect;Office areas;Double carriageway (median);Tangent road with flat terrain;No junction;Asphalt roads;Dry;Daylight;Normal;Vehicle with vehicle collision;2;4;Going straight;31-50;Not a Pedestrian;No priority to pedestrian;Slight Injury
10:25:00;Sunday;Male;Junior high school;Employee;5-10yr;Public (13?45 seats);Owner;Unknown;unknown;unknown;Two-way (divided with broken lines road marking);Tangent road with flat terrain;No junction;Asphalt roads;Dry;Daylight;Normal;Vehicle with vehicle collision;2;4;Going straight;18-30;Not a Pedestrian;No distancing;Slight Injury
20:40:00;Thursday;Male;Junior high school;Employee;Above 10yr;Special vehicle;Owner;Below 1yr;unknown;Office areas;Undivided Two way;Tangent road with flat terrain;Y Shape;Asphalt roads;Wet or damp;Darkness - lights lit;Raining;Vehicle with vehicle collision;2;5;Going straight;na;Not a Pedestrian;No priority to vehicle;Slight Injury
20:40:00;Thursday;Male;Junior high school;unknown;1-2yr;Automobile;Owner;Unknown;unknown;Other;unknown;Tangent road with flat terrain;Y Shape;Asphalt roads;Wet or damp;Darkness - lights lit;Raining;Vehicle with vehicle collision;2;5;Going straight;18-30;Not a Pedestrian;Other;Slight Injury
20:40:00;Thursday;Male;Junior high school;Employee;2-5yr;Public (13?45 seats);Owner;unknown;unknown;Other;Double carriageway (median);Tangent road with flat terrain;Y Shape;Gravel roads;Wet or damp;Darkness - lights lit;Raining;Vehicle with vehicle collision;2;5;Going straight;na;Not a Pedestrian;Driving carelessly;Slight Injury
20:40:00;Thursday;Male;Junior high school;Employee;1-2yr;unknown;Governmental;Unknown;unknown;Other;Two-way (divided with broken lines road marking);Tangent road with flat terrain;Y Shape;Asphalt roads;Wet or damp;Darkness - lights lit;Raining;Collision with roadside objects;2;5;Going straight;Under 18;Not a Pedestrian;Changing lane to the left;Slight Injury
20:40:00;Thursday;Male;unknown;unknown;unknown;Lorry (41?100Q);Owner;unknown;unknown;Office areas;unknown;Tangent road with flat terrain;Y Shape;Asphalt roads;Wet or damp;Darkness - lights lit;Raining;Vehicle with vehicle collision;2;5;Going straight;Under 18;Not a Pedestrian;Driving carelessly;Slight Injury
15:20:00;Friday;Male;Elementary school;Employee;5-10yr;Lorry (41?100Q);Owner;unknown;unknown;Office areas;unknown;Tangent road with flat terrain;No junction;Asphalt roads;Dry;Daylight;Unknown;Collision with pedestrians;2;1;Going straight;na;Not a Pedestrian;Changing lane to the left;Slight Injury
15:20:00;Friday;Male;Junior high school;Employee;5-10yr;Public (12 seats);Owner;unknown;unknown;Office areas;Two-way (divided with broken lines road marking);Tangent road with flat terrain;No junction;Asphalt roads;Dry;Daylight;Unknown;Collision with roadside objects;2;1;Going straight;31-50;Not a Pedestrian;No priority to vehicle;Slight Injury
14:38:00;Tuesday;Female;Junior high school;Employee;Above 10yr;Lorry (41?100Q);Governmental;unknown;No defect;Office areas;Two-way (divided with broken lines road marking);Tangent road with flat terrain;No junction;Asphalt roads;Dry;Daylight;Normal;Collision with roadside objects;4;1;Going straight;Under 18;Not a Pedestrian;No distancing;Slight Injury
14:38:00;Tuesday;Female;Junior high school;Employee;2-5yr;Lorry (41?100Q);Owner;2-5yrs;unknown; Church areas;Undivided Two way;Tangent road with flat terrain;No junction;Asphalt roads;Dry;Daylight;Normal;Vehicle with vehicle collision;4;1;unknown;na;Not a Pedestrian;Changing lane to the right;Slight Injury
14:38:00;Tuesday;Male;Junior high school;Owner;Above 10yr;Public (12 seats);Governmental;unknown;unknown;Office areas;Two-way (divided with broken lines road marking);Tangent road with flat terrain;No junction;Asphalt roads;Dry;Daylight;Normal;Rollover;4;1;Going straight;18-30;Not a Pedestrian;Changing lane to the right;Slight Injury
14:38:00;Tuesday;Male;Junior high school;Employee;2-5yr;Public (> 45 seats);Governmental;Unknown;unknown;Residential areas;Two-way (divided with broken lines road marking);Tangent road with flat terrain;No junction;Asphalt roads;Dry;Daylight;Normal;Vehicle with vehicle collision;4;1;Going straight;5;Not a Pedestrian;Driving at high speed;Slight Injury
12:00:00;Wednesday;Male;Elementary school;Other;5-10yr;Automobile;Owner;unknown;unknown;School areas;Two-way (divided with broken lines road marking);Tangent road with flat terrain;Y Shape;Asphalt roads;Dry;Daylight;Unknown;Vehicle with vehicle collision;2;1;Going straight;31-50;Not a Pedestrian;No distancing;Slight Injury
12:00:00;Wednesday;Male;Elementary school;Employee;5-10yr;Pick up upto 10Q;Owner;Unknown;unknown;Office areas;Undivided Two way;Tangent road with flat terrain;Y Shape;Asphalt roads with some distress;Dry;Daylight;Unknown;Vehicle with vehicle collision;2;1;Going straight;na;Not a Pedestrian;Changing lane to the right;Slight Injury
16:15:00;Friday;Male;Junior high school;unknown;5-10yr;Stationwagen;Owner;5-10yrs;unknown;Other;Undivided Two way;Tangent road with flat terrain;Crossing;Asphalt roads;Dry;Daylight;Normal;Vehicle with vehicle collision;2;1;Turnover;18-30;Not a Pedestrian;Changing lane to the left;Slight Injury
16:15:00;Friday;Male;Junior high school;Employee;5-10yr;Other;Owner;unknown;unknown;Other;Double carriageway (median);Tangent road with flat terrain;Crossing;Asphalt roads;Dry;Daylight;Normal;Vehicle with vehicle collision;2;1;Moving Backward;31-50;Not a Pedestrian;Getting off the vehicle improperly;Slight Injury
10:30:00;Wednesday;Male;Elementary school;Employee;Above 10yr;unknown;Governmental;unknown;No defect;Other;Double carriageway (median);Tangent road with flat terrain;Other;Asphalt roads;Dry;Daylight;Normal;Vehicle with vehicle collision;1;1;Going straight;na;Not a Pedestrian;Other;Slight Injury
00:30:00;Saturday;Male;Junior high school;unknown;Below 1yr;Automobile;Owner;5-10yrs;No defect;Other;Two-way (divided with broken lines road marking);Tangent road with flat terrain;No junction;Asphalt roads;Dry;Darkness - lights lit;Normal;Vehicle with vehicle collision;2;2;Going straight;na;Not a Pedestrian;Other;Slight Injury
00:30:00;Saturday;Male;Junior high school;Employee;5-10yr;Stationwagen;Owner;Unknown;No defect;Office areas;Double carriageway (median);Tangent road with mild grade and flat terrain;No junction;Asphalt roads;Dry;Darkness - lights lit;Normal;Vehicle with vehicle collision;2;2;Moving Backward;18-30;Not a Pedestrian;No distancing;Slight Injury
00:30:00;Saturday;Male;Elementary school;Employee;1-2yr;Pick up upto 10Q;Owner;unknown;unknown;Office areas;Two-way (divided with broken lines road marking);Tangent road with flat terrain;No junction;Asphalt roads;Dry;Darkness - lights lit;Normal;Collision with roadside objects;2;2;Going straight;na;Not a Pedestrian;No priority to vehicle;Slight Injury
18:47:00;Friday;Male;unknown;unknown;unknown;Lorry (41?100Q);Owner;unknown;unknown;Office areas;unknown;Tangent road with mild grade and flat terrain;No junction;Asphalt roads;Wet or damp;Daylight;Raining;Vehicle with vehicle collision;3;1;Moving Backward;18-30;Not a Pedestrian;Overtaking;Slight Injury
18:47:00;Friday;Male;Junior high school;Employee;Above 10yr;Automobile;Owner;unknown;unknown;Office areas;unknown;Tangent road with mild grade and flat terrain;No junction;Asphalt roads;Wet or damp;Daylight;Raining;Vehicle with vehicle collision;3;1;Going straight;na;Not a Pedestrian;No priority to pedestrian;Slight Injury
18:47:00;Friday;Male;High school;Owner;2-5yr;unknown;Owner;unknown;unknown;Office areas;One way;Tangent road with flat terrain;No junction;Asphalt roads;Wet or damp;Daylight;Raining;Vehicle with vehicle collision;3;1;Going straight;18-30;Not a Pedestrian;No distancing;Slight Injury
17:40:00;Thursday;Male;Junior high school;Employee;1-2yr;Lorry (41?100Q);unknown;unknown;unknown;Office areas;Two-way (divided with broken lines road marking);Tangent road with flat terrain;Y Shape;Asphalt roads;Dry;Daylight;Normal;Vehicle with vehicle collision;2;2;Going straight;31-50;Not a Pedestrian;Changing lane to the right;Slight Injury
17:40:00;Thursday;Male;Junior high school;Employee;1-2yr;Lorry (41?100Q);Owner;unknown;unknown;Office areas;unknown;Tangent road with flat terrain;Y Shape;Asphalt roads;Dry;Daylight;Normal;Collision with pedestrians;2;2;Other;na;Not a Pedestrian;Driving carelessly;Slight Injury
13:00:00;Friday;Male;Above high school;Owner;2-5yr;Lorry (41?100Q);Owner;5-10yrs;unknown;Other;Undivided Two way;Tangent road with flat terrain;Y Shape;Asphalt roads;Dry;Daylight;Normal;Vehicle with vehicle collision;3;1;Other;Under 18;Not a Pedestrian;Changing lane to the right;Slight Injury
13:00:00;Friday;Male;unknown;unknown;unknown;Pick up upto 10Q;Owner;unknown;No defect;Other;Two-way (divided with broken lines road marking);Tangent road with flat terrain;Y Shape;Asphalt roads;Dry;Daylight;Normal;Vehicle with vehicle collision;3;1;Going straight;na;Not a Pedestrian;Overtaking;Slight Injury
13:00:00;Friday;Male;Elementary school;Owner;2-5yr;Pick up upto 10Q;unknown;2-5yrs;No defect;Residential areas;Two-way (divided with broken lines road marking);Tangent road with flat terrain;Y Shape;Asphalt roads;Dry;Daylight;Normal;Vehicle with vehicle collision;3;1;Reversing;31-50;Not a Pedestrian;Other;Slight Injury
16:15:00;Friday;Male;Junior high school;Employee;1-2yr;Automobile;Owner;unknown;No defect;Other;Two-way (divided with broken lines road marking);Tangent road with flat terrain;Y Shape;Asphalt roads;Dry;Daylight;Normal;Vehicle with vehicle collision;1;1;Going straight;na;Not a Pedestrian;Driving to the left;Slight Injury
11:55:00;Wednesday;Male;unknown;Owner;5-10yr;Other;Owner;5-10yrs;No defect;Other;Two-way (divided with broken lines road marking);Tangent road with flat terrain;No junction;Asphalt roads;Dry;Daylight;Unknown;Vehicle with vehicle collision;2;1;Going straight;Over 51;Not a Pedestrian;Driving at high speed;Slight Injury
11:55:00;Wednesday;Male;Junior high school;Employee;Below 1yr;unknown;Governmental;unknown;No defect;Other;Two-way (divided with broken lines road marking);Tangent road with flat terrain;No junction;Asphalt roads;Dry;Daylight;Unknown;Vehicle with vehicle collision;2;1;Going straight;na;Not a Pedestrian;Unknown;Slight Injury
10:40:00;Wednesday;Female;Junior high school;Employee;2-5yr;Automobile;Owner;5-10yrs;unknown;Other;Undivided Two way;Tangent road with flat terrain;No junction;Asphalt roads;Dry;Daylight;Normal;Collision with roadside objects;2;1;Going straight;na;Not a Pedestrian;Changing lane to the right;Slight Injury
10:40:00;Wednesday;Male;Junior high school;Employee;5-10yr;Motorcycle;Owner;unknown;unknown; Industrial areas;Undivided Two way;Tangent road with flat terrain;No junction;Asphalt roads;Dry;Daylight;Normal;Vehicle with vehicle collision;2;1;Moving Backward;31-50;Not a Pedestrian;No distancing;Slight Injury
00:15:00;Sunday;Female;Junior high school;Employee;Above 10yr;Automobile;Owner;5-10yrs;unknown; Industrial areas;Undivided Two way;Tangent road with flat terrain;Y Shape;Asphalt roads;Dry;Darkness - lights lit;Normal;Vehicle with vehicle collision;3;1;Going straight;18-30;Crossing from nearside - masked by parked or statioNot a Pedestrianry vehicle;Other;Slight Injury
00:15:00;Sunday;Female;Elementary school;Employee;2-5yr;Automobile;Owner;unknown;No defect; Church areas;Double carriageway (median);Tangent road with flat terrain;Y Shape;Asphalt roads;Dry;Darkness - lights lit;Normal;Vehicle with vehicle collision;3;1;Going straight;18-30;Crossing from driver's nearside;No priority to vehicle;Slight Injury
00:15:00;Sunday;Male;Elementary school;Owner;Above 10yr;Public (12 seats);Owner;unknown;No defect;Other;Undivided Two way;Tangent road with flat terrain;Y Shape;Asphalt roads;Dry;Darkness - lights lit;Normal;Vehicle with vehicle collision;3;1;Going straight;18-30;Not a Pedestrian;Changing lane to the left;Slight Injury
15:20:00;Saturday;Male;Junior high school;Employee;1-2yr;Automobile;Owner;Above 10yr;unknown;Other;Undivided Two way;Tangent road with flat terrain;Y Shape;Asphalt roads;Dry;Daylight;Normal;Vehicle with vehicle collision;3;4;Going straight;na;Not a Pedestrian;No priority to pedestrian;Slight Injury
15:20:00;Saturday;Male;Junior high school;Employee;5-10yr;Public (> 45 seats);Owner;Unknown;No defect;Office areas;Undivided Two way;Tangent road with flat terrain;Y Shape;Asphalt roads;Dry;Daylight;Normal;Vehicle with vehicle collision;3;4;Going straight;18-30;Not a Pedestrian;Overtaking;Slight Injury
15:20:00;Saturday;Male;Junior high school;Employee;2-5yr;Lorry (41?100Q);Owner;Unknown;No defect;Office areas;Undivided Two way;Tangent road with flat terrain;Y Shape;Asphalt roads;Dry;Daylight;Normal;Vehicle with vehicle collision;3;4;Moving Backward;na;Not a Pedestrian;Driving carelessly;Slight Injury
15:20:00;Saturday;Male;Junior high school;Employee;2-5yr;Public (> 45 seats);Governmental;Below 1yr;unknown;Residential areas;Two-way (divided with broken lines road marking);Tangent road with flat terrain;Y Shape;Asphalt roads;Dry;Daylight;Normal;Vehicle with vehicle collision;3;4;Going straight;31-50;Not a Pedestrian;No priority to vehicle;Slight Injury
15:20:00;Saturday;Male;Junior high school;Employee;2-5yr;unknown;Owner;Unknown;No defect; Industrial areas;Undivided Two way;Tangent road with flat terrain;Y Shape;Asphalt roads;Dry;Daylight;Normal;Rollover;3;4;Going straight;Over 51;Crossing from driver's nearside;No priority to pedestrian;Slight Injury
18:26:00;Thursday;Male;Junior high school;Employee;2-5yr;unknown;Owner;unknown;No defect;Office areas;Undivided Two way;Tangent road with flat terrain;No junction;Asphalt roads;Dry;Daylight;Normal;Vehicle with vehicle collision;2;1;Moving Backward;31-50;Not a Pedestrian;Changing lane to the right;Slight Injury
18:26:00;Thursday;Male;Junior high school;Employee;Above 10yr;Automobile;Owner;unknown;No defect;Other;Undivided Two way;Tangent road with flat terrain;No junction;Asphalt roads;Dry;Daylight;Normal;Vehicle with vehicle collision;2;1;Moving Backward;18-30;Not a Pedestrian;Driving carelessly;Slight Injury
11:20:00;Thursday;Male;Junior high school;Employee;Above 10yr;Automobile;Owner;unknown;unknown;Other;Two-way (divided with broken lines road marking);Tangent road with flat terrain;Y Shape;Asphalt roads;Dry;Daylight;Normal;Vehicle with vehicle collision;1;1;Going straight;Under 18;Not a Pedestrian;Changing lane to the right;Slight Injury
18:39:00;Monday;Male;Elementary school;Employee;5-10yr;Lorry (41?100Q);Owner;unknown;No defect;Residential areas;Undivided Two way;Tangent road with flat terrain;Y Shape;Asphalt roads;Dry;Daylight;Normal;Collision with roadside objects;2;1;Turnover;na;Not a Pedestrian;Changing lane to the right;Slight Injury
18:39:00;Monday;Male;unknown;Employee;unknown;Automobile;Owner;unknown;unknown;Office areas;Two-way (divided with broken lines road marking);Tangent road with flat terrain;Y Shape;Asphalt roads;Dry;Daylight;Normal;Vehicle with vehicle collision;2;1;Turnover;18-30;Not a Pedestrian;Changing lane to the left;Slight Injury
19:30:00;Thursday;Male;unknown;Employee;2-5yr;Public (13?45 seats);Organization;unknown;unknown;Residential areas;other;Tangent road with flat terrain;Crossing;Asphalt roads;Dry;Daylight;Normal;Vehicle with vehicle collision;2;1;Going straight;na;Not a Pedestrian;Overturning;Slight Injury
19:30:00;Thursday;Unknown;Elementary school;Employee;5-10yr;Automobile;Owner;unknown;unknown;Office areas;Two-way (divided with broken lines road marking);Tangent road with flat terrain;Crossing;Asphalt roads;Dry;Daylight;Normal;Vehicle with vehicle collision;2;1;Going straight;18-30;Not a Pedestrian;Driving carelessly;Slight Injury
14:55:00;Saturday;Male;Junior high school;Employee;5-10yr;Public (> 45 seats);Owner;Above 10yr;No defect;Residential areas;unknown;Tangent road with flat terrain;Crossing;Asphalt roads;Dry;Daylight;Normal;Collision with roadside objects;2;2;Going straight;18-30;Not a Pedestrian;No distancing;Slight Injury
14:55:00;Saturday;Male;Junior high school;Employee;Above 10yr;Lorry (41?100Q);Owner;5-10yrs;No defect;Office areas;Undivided Two way;Tangent road with flat terrain;Crossing;Asphalt roads;Dry;Daylight;Normal;Vehicle with vehicle collision;2;2;Going straight;Over 51;Not a Pedestrian;Driving carelessly;Slight Injury
14:45:00;Sunday;Male;Junior high school;Employee;5-10yr;Automobile;Owner;unknown;No defect;  Recreational areas;other;unknown;Y Shape;Asphalt roads;Dry;Daylight;Normal;Vehicle with vehicle collision;2;1;Going straight;18-30;Not a Pedestrian;Changing lane to the left;Serious Injury
14:45:00;Sunday;Male;Junior high school;Employee;Above 10yr;Lorry (11?40Q);Governmental;unknown;No defect;Office areas;other;Tangent road with mild grade and flat terrain;Y Shape;Asphalt roads;Dry;Daylight;Normal;Vehicle with vehicle collision;2;1;Going straight;18-30;Not a Pedestrian;No priority to vehicle;Serious Injury
08:40:00;Tuesday;Male;Elementary school;Employee;Below 1yr;Public (13?45 seats);Owner;5-10yrs;No defect; Industrial areas;other;Tangent road with flat terrain;No junction;Asphalt roads;Wet or damp;Daylight;Raining;Vehicle with vehicle collision;1;1;Getting off;18-30;Not a Pedestrian;Changing lane to the right;Slight Injury
15:05:00;Wednesday;Male;Elementary school;Employee;5-10yr;Public (13?45 seats);unknown;unknown;unknown;unknown;unknown;unknown;No junction;Asphalt roads;Wet or damp;Daylight;Raining;Collision with roadside objects;2;1;Moving Backward;na;Not a Pedestrian;No distancing;Slight Injury
15:05:00;Wednesday;Male;Elementary school;Employee;1-2yr;unknown;Owner;unknown;No defect;Residential areas;Undivided Two way;Tangent road with flat terrain;No junction;Asphalt roads;Wet or damp;Daylight;Raining;Vehicle with vehicle collision;2;1;Other;na;Not a Pedestrian;Moving Backward;Slight Injury
12:08:00;Saturday;Male;Elementary school;Employee;5-10yr;Long lorry;Governmental;Above 10yr;No defect;Residential areas;other;Tangent road with flat terrain;No junction;Asphalt roads;Dry;Daylight;Normal;Vehicle with vehicle collision;2;2;Going straight;18-30;Not a Pedestrian;Moving Backward;Slight Injury
12:08:00;Saturday;Male;Elementary school;Employee;5-10yr;Lorry (41?100Q);Owner;1-2yr;No defect; Industrial areas;other;Tangent road with flat terrain;No junction;Asphalt roads;Dry;Daylight;Normal;Vehicle with vehicle collision;2;2;Going straight;18-30;Not a Pedestrian;No distancing;Slight Injury
12:08:00;Saturday;Male;Elementary school;Employee;2-5yr;Lorry (11?40Q);Owner;2-5yrs;No defect;Residential areas;Undivided Two way;Tangent road with flat terrain;No junction;Asphalt roads;Dry;Daylight;Normal;Vehicle with vehicle collision;2;2;Going straight;na;Not a Pedestrian;No distancing;Slight Injury
23:21:00;Thursday;Male;Elementary school;Employee;5-10yr;Lorry (41?100Q);Owner;Unknown;No defect;Residential areas;other;Tangent road with flat terrain;No junction;Asphalt roads;Dry;Darkness - lights lit;Normal;Vehicle with vehicle collision;1;2;Going straight;18-30;Not a Pedestrian;No distancing;Slight Injury
23:21:00;Thursday;Male;unknown;unknown;5-10yr;Public (12 seats);Owner;unknown;No defect;Office areas;Undivided Two way;Tangent road with flat terrain;No junction;Asphalt roads;Dry;Darkness - lights lit;Normal;Collision with pedestrians;1;2;Going straight;na;Not a Pedestrian;No priority to pedestrian;Slight Injury
08:40:00;Thursday;Female;Junior high school;Employee;Above 10yr;unknown;Owner;2-5yrs;No defect;Office areas;Double carriageway (median);Escarpments;No junction;Asphalt roads;Dry;Daylight;Normal;Vehicle with vehicle collision;3;2;Going straight;na;Not a Pedestrian;Driving carelessly;Slight Injury
08:40:00;Thursday;Male;Junior high school;Employee;Above 10yr;Taxi;Owner;Above 10yr;No defect;Office areas;other;Tangent road with flat terrain;No junction;Asphalt roads;Dry;Daylight;Normal;Vehicle with vehicle collision;3;2;Going straight;Under 18;Not a Pedestrian;Changing lane to the right;Slight Injury
08:40:00;Thursday;Male;Elementary school;Employee;Below 1yr;unknown;Owner;1-2yr;No defect;Office areas;Undivided Two way;Escarpments;No junction;Asphalt roads;Dry;Daylight;Normal;Collision with roadside objects;3;2;Going straight;18-30;Not a Pedestrian;Changing lane to the left;Slight Injury
08:40:00;Thursday;Male;Elementary school;Employee;5-10yr;Automobile;Owner;unknown;No defect;Office areas;One way;Tangent road with flat terrain;No junction;Asphalt roads;Dry;Daylight;Normal;Vehicle with vehicle collision;3;2;Going straight;na;Not a Pedestrian;Driving carelessly;Slight Injury
17:40:00;Monday;Male;Elementary school;Owner;5-10yr;unknown;Owner;unknown;No defect;Office areas;Undivided Two way;Tangent road with flat terrain;Crossing;Asphalt roads;Dry;Daylight;Unknown;Vehicle with vehicle collision;2;1;Going straight;18-30;Unknown or other;Driving carelessly;Slight Injury
17:40:00;Monday;Male;Elementary school;Employee;2-5yr;Lorry (41?100Q);Owner;unknown;No defect;Office areas;other;Tangent road with flat terrain;Crossing;Asphalt roads;Dry;Daylight;Unknown;Collision with pedestrians;2;1;Going straight;na;Not a Pedestrian;No distancing;Slight Injury
10:56:00;Friday;Male;Elementary school;Employee;Above 10yr;Automobile;Owner;Above 10yr;No defect;Residential areas;other;Tangent road with flat terrain;Other;Asphalt roads;Wet or damp;Daylight;Normal;Vehicle with vehicle collision;1;2;Going straight;Over 51;Not a Pedestrian;Other;Slight Injury
10:56:00;Friday;Male;Elementary school;Employee;2-5yr;Automobile;Owner;5-10yrs;No defect;Residential areas;One way;Tangent road with flat terrain;Other;Asphalt roads;Wet or damp;Daylight;Normal;Vehicle with vehicle collision;1;2;Moving Backward;31-50;Not a Pedestrian;Changing lane to the right;Slight Injury
13:00:00;Tuesday;Male;Junior high school;Employee;Above 10yr;Lorry (41?100Q);Owner;unknown;No defect;Other;One way;Tangent road with flat terrain;O Shape;Asphalt roads;Dry;Daylight;Normal;Collision with pedestrians;2;1;Going straight;na;Not a Pedestrian;Changing lane to the right;Slight Injury
13:00:00;Tuesday;Male;Junior high school;Employee;Below 1yr;Automobile;Owner;5-10yrs;No defect; Church areas;Undivided Two way;Tangent road with flat terrain;O Shape;Asphalt roads;Dry;Daylight;Normal;Collision with pedestrians;2;1;Moving Backward;5;Not a Pedestrian;No distancing;Slight Injury