Time;Day_of_week;Sex_of_driver;Educational_level;Vehicle_driver_relation;Driving_experience;Type_of_vehicle;Owner_of_vehicle;Service_year_of_vehicle;Defect_of_vehicle;Area_accident_occured;Lanes_or_Medians;Road_allignment;Types_of_Junction;Road_surface_type;Road_surface_conditions;Light_conditions;Weather_conditions;Type_of_collision;Number_of_vehicles_involved;Number_of_casualties;Vehicle_movement;Age_band_of_casualty;Pedestrian_movement;Cause_of_accident;Accident_severity
09:30:00;Friday;Male;Junior high school;Employee;2-5yr;Automobile;Owner;unknown;No defect;  Recreational areas;other;Tangent road with flat terrain;Y Shape;Asphalt roads;Dry;Daylight;Normal;Collision with pedestrians;1;1;Moving Backward;Over 51;Not a Pedestrian;No distancing;Slight Injury
15:00:00;Wednesday;Male;Elementary school;Employee;5-10yr;Automobile;Owner;unknown;unknown; Industrial areas;Undivided Two way;Tangent road with flat terrain;No junction;Asphalt roads;Dry;Daylight;Normal;Collision with roadside objects;2;1;Going straight;Under 18;Not a Pedestrian;Overturning;Slight Injury
15:00:00;Wednesday;Male;Elementary school;Employee;5-10yr;Taxi;unknown;unknown;unknown;Residential areas;other;unknown;No junction;Asphalt roads;Dry;Daylight;Normal;Vehicle with vehicle collision;2;1;Going straight;na;Not a Pedestrian;Driving at high speed;Slight Injury
17:10:00;Thursday;Male;Elementary school;Employee;1-2yr;unknown;Owner;Above 10yr;No defect;Residential areas;other;Tangent road with rolling terrain;Crossing;Asphalt roads;Dry;Daylight;Normal;Vehicle with vehicle collision;2;1;Going straight;Under 18;Not a Pedestrian;No priority to vehicle;Serious Injury
17:10:00;Thursday;Male;Elementary school;Employee;unknown;unknown;Owner;2-5yrs;No defect;Office areas;Double carriageway (median);Tangent road with flat terrain;Crossing;Asphalt roads;Dry;Daylight;Normal;Vehicle with vehicle collision;2;1;Going straight;18-30;Not a Pedestrian;No priority to pedestrian;Serious Injury
15:04:00;Saturday;Male;Junior high school;Employee;1-2yr;Automobile;Owner;2-5yrs;No defect;  Market areas;Undivided Two way;Tangent road with flat terrain;Y Shape;Asphalt roads;Wet or damp;Daylight;Normal;Vehicle with vehicle collision;2;4;Going straight;Under 18;Not a Pedestrian;No priority to vehicle;Fatal injury
15:04:00;Saturday;Male;unknown;Employee;5-10yr;Pick up upto 10Q;unknown;unknown;unknown;Unknown;other;Tangent road with flat terrain;Y Shape;Asphalt roads;Wet or damp;Daylight;Normal;Vehicle with vehicle collision;2;4;Going straight;na;Not a Pedestrian;Other;Fatal injury
15:04:00;Saturday;Male;Elementary school;Owner;1-2yr;unknown;Owner;unknown;No defect; Industrial areas;other;Tangent road with flat terrain;Y Shape;Asphalt roads;Wet or damp;Daylight;Normal;Vehicle with vehicle collision;2;4;unknown;Over 51;Not a Pedestrian;Other;Fatal injury
15:04:00;Saturday;Male;Junior high school;Employee;5-10yr;Automobile;Owner;unknown;No defect;Residential areas;Two-way (divided with solid lines road marking);Tangent road with flat terrain;Y Shape;Asphalt roads with some distress;Wet or damp;Daylight;Normal;Collision with pedestrians;2;4;Other;na;Not a Pedestrian;Moving Backward;Fatal injury
15:15:00;Tuesday;Male;Junior high school;Employee;2-5yr;Public (12 seats);Governmental;Below 1yr;No defect;Residential areas;Undivided Two way;Tangent road with flat terrain;Y Shape;Asphalt roads;Dry;Daylight;Normal;Collision with roadside objects;1;1;Going straight;5;Not a Pedestrian;No distancing;Serious Injury
11:27:00;Sunday;Male;Junior high school;Employee;2-5yr;Public (13?45 seats);Owner;5-10yrs;No defect;Other;Undivided Two way;Tangent road with flat terrain;Y Shape;Asphalt roads;Dry;Daylight;Normal;Vehicle with vehicle collision;2;1;unknown;na;Not a Pedestrian;Moving Backward;Slight Injury
11:27:00;Sunday;Male;Junior high school;Employee;5-10yr;Lorry (11?40Q);Governmental;unknown;No defect;Residential areas;other;Tangent road with flat terrain;Y Shape;Asphalt roads;Dry;Daylight;Normal;Vehicle with vehicle collision;2;1;Overtaking;na;Not a Pedestrian;No priority to vehicle;Slight Injury
10:15:00;Monday;Male;Junior high school;Owner;Below 1yr;Stationwagen;Owner;1-2yr;No defect;Rural village areas;Undivided Two way;Gentle horizontal curve;Y Shape;Asphalt roads;Dry;Daylight;Normal;Vehicle with vehicle collision;2;1;Reversing;na;Not a Pedestrian;Driving carelessly;Slight Injury
10:15:00;Monday;Male;High school;Employee;Below 1yr;Ridden horse;Owner;2-5yrs;No defect;Rural village areas;Undivided Two way;Gentle horizontal curve;Y Shape;Gravel roads;Dry;Daylight;Normal;Vehicle with vehicle collision;2;1;Going straight;18-30;Not a Pedestrian;No distancing;Slight Injury
22:30:00;Saturday;Male;Junior high school;Employee;unknown;Stationwagen;Owner;unknown;No defect;Office areas;Double carriageway (median);Tangent road with flat terrain;Y Shape;Asphalt roads;Wet or damp;Darkness - lights lit;Raining;With Train;2;1;Other;31-50;Not a Pedestrian;Other;Slight Injury
22:30:00;Saturday;Male;Junior high school;Employee;Below 1yr;Automobile;Owner;2-5yrs;No defect;Residential areas;Undivided Two way;Gentle horizontal curve;Y Shape;Asphalt roads;Wet or damp;Darkness - lights lit;Raining;Vehicle with vehicle collision;2;1;Moving Backward;31-50;Not a Pedestrian;Changing lane to the right;Slight Injury
14:25:00;Friday;Male;Junior high school;Employee;2-5yr;Automobile;Owner;unknown;unknown;Residential areas;other;Tangent road with flat terrain;No junction;Asphalt roads;Dry;Daylight;Normal;Vehicle with vehicle collision;2;1;Going straight;31-50;Not a Pedestrian;No distancing;Slight Injury
14:25:00;Friday;Female;Junior high school;Employee;2-5yr;Other;Owner;unknown;7; Outside rural areas;other;Tangent road with flat terrain;No junction;Asphalt roads;Dry;Daylight;Normal;Vehicle with vehicle collision;2;1;Other;18-30;Not a Pedestrian;Driving carelessly;Slight Injury
22:15:00;Friday;Male;Junior high school;Employee;5-10yr;Taxi;Owner;Above 10yr;unknown;Residential areas;other;Tangent road with flat terrain;Crossing;Asphalt roads;Dry;Darkness - lights lit;Normal;Vehicle with vehicle collision;2;2;Moving Backward;31-50;Not a Pedestrian;No distancing;Slight Injury
22:15:00;Friday;Male;Elementary school;Employee;5-10yr;Automobile;Owner;5-10yrs;5; Church areas;other;Tangent road with flat terrain;Crossing;Asphalt roads;Dry;Darkness - lights lit;Normal;Vehicle with vehicle collision;2;2;Going straight;na;Not a Pedestrian;No priority to vehicle;Slight Injury
22:15:00;Friday;Male;unknown;Owner;5-10yr;Stationwagen;Owner;unknown;No defect;Office areas;Undivided Two way;Tangent road with flat terrain;Crossing;Asphalt roads;Dry;Darkness - lights lit;Normal;Vehicle with vehicle collision;2;2;Going straight;na;Not a Pedestrian;Changing lane to the right;Slight Injury
14:30:00;Tuesday;Male;Junior high school;Employee;5-10yr;Automobile;Owner;Unknown;No defect;Office areas;Two-way (divided with broken lines road marking);Tangent road with mountainous terrain and;Y Shape;Asphalt roads;Dry;Daylight;Normal;Vehicle with vehicle collision;1;1;Moving Backward;na;Not a Pedestrian;No priority to pedestrian;Slight Injury
14:28:00;Saturday;Male;Junior high school;Owner;5-10yr;Public (12 seats);Governmental;unknown;No defect;Office areas;Two-way (divided with broken lines road marking);Escarpments;Y Shape;Asphalt roads;Wet or damp;Daylight;Raining;Vehicle with vehicle collision;2;1;Going straight;Over 51;Not a Pedestrian;No priority to vehicle;Slight Injury
14:28:00;Saturday;Male;Illiterate;Employee;2-5yr;unknown;Owner;2-5yrs;unknown;Other;Undivided Two way;Tangent road with mountainous terrain and;Y Shape;Asphalt roads;Wet or damp;Daylight;Raining;Vehicle with vehicle collision;2;1;Getting off;31-50;Not a Pedestrian;Changing lane to the left;Slight Injury
22:05:00;Saturday;Male;Junior high school;Employee;5-10yr;Automobile;Owner;2-5yrs;unknown;Other;Undivided Two way;Tangent road with flat terrain;Crossing;Asphalt roads;Dry;Darkness - no lighting;Normal;Collision with pedestrians;2;3;Going straight;na;Not a Pedestrian;Turnover;Slight Injury
22:05:00;Saturday;Male;Junior high school;Employee;Below 1yr;Lorry (41?100Q);Owner;Unknown;No defect;Residential areas;Two-way (divided with broken lines road marking);Tangent road with flat terrain;Crossing;Asphalt roads;Dry;Darkness - no lighting;Normal;Collision with roadside objects;2;3;Going straight;18-30;Not a Pedestrian;Driving to the left;Slight Injury
22:05:00;Saturday;Male;Junior high school;Employee;1-2yr;unknown;Owner;unknown;unknown;Other;Two-way (divided with broken lines road marking);Tangent road with flat terrain;Crossing;Asphalt roads;Dry;Darkness - no lighting;Normal;Collision with roadside objects;2;3;Moving Backward;na;Not a Pedestrian;Driving carelessly;Slight Injury
08:45:00;Monday;Male;Elementary school;Employee;2-5yr;Public (> 45 seats);Owner;Below 1yr;unknown;Other;Undivided Two way;Tangent road with mild grade and flat terrain;No junction;Asphalt roads;Dry;Daylight;Normal;Vehicle with vehicle collision;2;1;Going straight;Under 18;Not a Pedestrian;Driving to the left;Slight Injury
08:45:00;Monday;Male;Elementary school;Employee;2-5yr;unknown;Owner;5-10yrs;unknown;Other;Two-way (divided with broken lines road marking);Tangent road with flat terrain;No junction;Asphalt roads;Dry;Daylight;Normal;Vehicle with vehicle collision;2;1;Going straight;Over 51;Not a Pedestrian;Driving carelessly;Slight Injury
09:00:00;Friday;Female;Elementary school;Employee;5-10yr;Public (12 seats);Governmental;5-10yrs;No defect;Other;Undivided Two way;Tangent road with flat terrain;No junction;Asphalt roads;Dry;Daylight;Normal;Vehicle with vehicle collision;1;1;Going straight;5;Crossing from nearside - masked by parked or statioNot a Pedestrianry vehicle;No priority to pedestrian;Slight Injury
10:30:00;Friday;Unknown;Junior high school;Employee;5-10yr;Public (12 seats);Owner;2-5yrs;No defect;Other;Double carriageway (median);Tangent road with mild grade and flat terrain;No junction;Asphalt roads;Wet or damp;Daylight;Raining;Vehicle with vehicle collision;2;1;Going straight;na;Not a Pedestrian;Driving carelessly;Slight Injury
10:30:00;Friday;Male;unknown;unknown;unknown;Automobile;Owner;unknown;No defect;Other;Two-way (divided with broken lines road marking);Tangent road with flat terrain;No junction;Asphalt roads;Wet or damp;Daylight;Raining;Vehicle with vehicle collision;2;1;Going straight;31-50;Not a Pedestrian;Changing lane to the right;Slight Injury
18:30:00;Friday;Male;Junior high school;Employee;Above 10yr;unknown;Owner;2-5yrs;unknown; Church areas;Two-way (divided with broken lines road marking);Tangent road with flat terrain;No junction;Asphalt roads;Dry;Daylight;Normal;Collision with roadside objects;2;1;Moving Backward;na;Not a Pedestrian;Moving Backward;Slight Injury
18:30:00;Friday;Male;Junior high school;Employee;Above 10yr;Automobile;Owner;5-10yrs;unknown;Other;Undivided Two way;Tangent road with flat terrain;No junction;Asphalt roads;Dry;Daylight;Normal;Vehicle with vehicle collision;2;1;Going straight;Over 51;Not a Pedestrian;Driving carelessly;Slight Injury
17:11:00;Wednesday;Male;Junior high school;Owner;Above 10yr;Lorry (41?100Q);Organization;2-5yrs;unknown; Industrial areas;Two-way (divided with broken lines road marking);Tangent road with flat terrain;Unknown;Earth roads;Dry;Daylight;Normal;Vehicle with vehicle collision;1;1;Going straight;18-30;Not a Pedestrian;Changing lane to the right;Slight Injury
13:02:00;Tuesday;Male;Junior high school;Employee;unknown;Public (12 seats);Owner;unknown;No defect;Residential areas;Double carriageway (median);Tangent road with flat terrain;No junction;Asphalt roads;Dry;Daylight;Normal;Vehicle with vehicle collision;2;3;Moving Backward;na;Not a Pedestrian;Driving carelessly;Slight Injury
13:02:00;Tuesday;Male;Junior high school;Employee;5-10yr;Lorry (11?40Q);Governmental;Above 10yr;No defect;Other;Two-way (divided with broken lines road marking);Tangent road with flat terrain;No junction;Asphalt roads;Dry;Daylight;Normal;Vehicle with vehicle collision;2;3;Moving Backward;18-30;Not a Pedestrian;Driving carelessly;Slight Injury
13:02:00;Tuesday;Male;Junior high school;Employee;2-5yr;Automobile;Owner;unknown;No defect;Office areas;Two-way (divided with broken lines road marking);Tangent road with flat terrain;No junction;Asphalt roads;Dry;Daylight;Normal;Vehicle with vehicle collision;2;3;Going straight;na;Not a Pedestrian;Driving carelessly;Slight Injury
13:02:00;Tuesday;Male;Elementary school;Employee;5-10yr;Automobile;Owner;unknown;No defect; Industrial areas;Unknown;Tangent road with flat terrain;No junction;Asphalt roads;Dry;Daylight;Normal;Vehicle with vehicle collision;2;3;Going straight;18-30;Not a Pedestrian;Changing lane to the right;Slight Injury
17:10:00;Wednesday;Male;Junior high school;Employee;2-5yr;Automobile;Owner;1-2yr;No defect; Industrial areas;Double carriageway (median);Tangent road with flat terrain;Crossing;Asphalt roads;Dry;Daylight;Unknown;Collision with pedestrians;2;1;Going straight;Over 51;Not a Pedestrian;Changing lane to the right;Slight Injury
17:10:00;Wednesday;Male;High school;Owner;5-10yr;Bajaj;Owner;unknown;No defect;Other;Two-way (divided with broken lines road marking);Tangent road with flat terrain;Crossing;Asphalt roads;Dry;Daylight;Unknown;Collision with pedestrians;2;1;Going straight;31-50;Not a Pedestrian;Driving carelessly;Slight Injury
15:20:00;Wednesday;Male;Junior high school;Employee;Above 10yr;Public (12 seats);Organization;Above 10yr;unknown; Hospital areas;Two-way (divided with broken lines road marking);Tangent road with flat terrain;No junction;Asphalt roads;Dry;Daylight;Normal;Collision with roadside objects;1;1;Going straight;na;Not a Pedestrian;Overtaking;Slight Injury
20:25:00;Saturday;Male;Junior high school;Employee;2-5yr;Lorry (11?40Q);Owner;Unknown;unknown;Office areas;One way;Tangent road with flat terrain;No junction;Asphalt roads;Dry;Daylight;Normal;Collision with pedestrians;2;2;Going straight;Over 51;Not a Pedestrian;Changing lane to the right;Slight Injury
20:25:00;Saturday;Male;Elementary school;Employee;2-5yr;unknown;Owner;2-5yrs;No defect; Church areas;Undivided Two way;Tangent road with flat terrain;No junction;Asphalt roads;Dry;Daylight;Normal;Vehicle with vehicle collision;2;2;Going straight;na;Not a Pedestrian;No distancing;Slight Injury
20:25:00;Saturday;Male;High school;Owner;Above 10yr;unknown;Organization;5-10yrs;No defect; Hospital areas;Undivided Two way;Tangent road with mountainous terrain and;No junction;Asphalt roads with some distress;Dry;Daylight;Normal;Vehicle with vehicle collision;2;2;Going straight;na;Not a Pedestrian;Other;Slight Injury
07:49:00;Thursday;Male;Elementary school;Employee;1-2yr;Automobile;Owner;Above 10yr;No defect;Office areas;other;Tangent road with flat terrain;Y Shape;Asphalt roads;Dry;Daylight;Normal;Vehicle with vehicle collision;2;3;Going straight;18-30;Not a Pedestrian;Changing lane to the right;Serious Injury
07:49:00;Thursday;Male;Junior high school;Employee;Above 10yr;Lorry (11?40Q);Owner;2-5yrs;No defect;Other;Two-way (divided with broken lines road marking);Escarpments;Y Shape;Asphalt roads;Dry;Daylight;Normal;Collision with roadside objects;2;3;Going straight;18-30;Not a Pedestrian;Changing lane to the right;Serious Injury
07:49:00;Thursday;Male;unknown;unknown;unknown;Lorry (41?100Q);Owner;1-2yr;unknown;Office areas;Undivided Two way;Tangent road with flat terrain;Y Shape;Asphalt roads;Dry;Daylight;Normal;Collision with roadside objects;2;3;Other;na;Not a Pedestrian;Overtaking;Serious Injury
07:49:00;Thursday;Male;Junior high school;Owner;5-10yr;Pick up upto 10Q;Owner;2-5yrs;unknown;Office areas;Two-way (divided with broken lines road marking);Tangent road with mountainous terrain and;Y Shape;Asphalt roads;Dry;Daylight;Normal;Vehicle with vehicle collision;2;3;Going straight;31-50;Not a Pedestrian;Other;Serious Injury
14:00:00;Monday;Male;Above high school;Employee;5-10yr;Lorry (11?40Q);Owner;unknown;No defect;Other;Double carriageway (median);Steep grade downward with mountainous terrain;Y Shape;Asphalt roads;Dry;Daylight;Normal;Vehicle with vehicle collision;2;1;Reversing;Under 18;Not a Pedestrian;Driving to the left;Slight Injury
14:00:00;Monday;Male;Junior high school;Employee;5-10yr;Stationwagen;Owner;1-2yr;No defect;Office areas;Undivided Two way;Tangent road with mild grade and flat terrain;Y Shape;Asphalt roads;Dry;Daylight;Normal;Vehicle with vehicle collision;2;1;Going straight;na;Not a Pedestrian;Overtaking;Slight Injury
08:20:00;Sunday;Male;Junior high school;Employee;Above 10yr;Other;Owner;unknown;No defect;Residential areas;Undivided Two way;Tangent road with flat terrain;Y Shape;Asphalt roads;Dry;Daylight;Unknown;Vehicle with vehicle collision;1;1;Reversing;Over 51;Not a Pedestrian;No priority to vehicle;Slight Injury
15:55:00;Monday;Male;Junior high school;Employee;1-2yr;Other;Owner;Unknown;unknown;Other;Two-way (divided with broken lines road marking);Tangent road with flat terrain;Other;Asphalt roads;Dry;Daylight;Normal;Vehicle with vehicle collision;2;1;Going straight;na;Not a Pedestrian;Moving Backward;Slight Injury
15:55:00;Monday;Male;Junior high school;Employee;2-5yr;Lorry (11?40Q);Owner;2-5yrs;unknown;Office areas;Double carriageway (median);Tangent road with flat terrain;Other;Asphalt roads;Dry;Daylight;Normal;Vehicle with vehicle collision;2;1;Reversing;na;Not a Pedestrian;Other;Slight Injury
13:15:00;Friday;Male;Junior high school;Employee;Below 1yr;Automobile;Owner;5-10yrs;unknown;Office areas;Undivided Two way;Tangent road with mountainous terrain and;Y Shape;Asphalt roads;Dry;Daylight;Normal;Vehicle with vehicle collision;2;2;unknown;31-50;Not a Pedestrian;No priority to vehicle;Serious Injury
13:15:00;Friday;Male;Junior high school;Employee;Above 10yr;Public (> 45 seats);unknown;unknown;unknown;Office areas;other;Tangent road with flat terrain;Y Shape;Asphalt roads;Dry;Daylight;Normal;Vehicle with vehicle collision;2;2;Going straight;18-30;Not a Pedestrian;No priority to pedestrian;Serious Injury
13:15:00;Friday;Male;Junior high school;Employee;1-2yr;Lorry (41?100Q);Owner;5-10yrs;No defect;Other;Two-way (divided with broken lines road marking);Tangent road with mild grade and flat terrain;Y Shape;Asphalt roads;Dry;Daylight;Normal;Vehicle with vehicle collision;2;2;Reversing;na;Not a Pedestrian;Changing lane to the right;Serious Injury
12:30:00;Friday;Male;Above high school;Employee;5-10yr;Public (> 45 seats);Owner;unknown;No defect; Church areas;Undivided Two way;Tangent road with flat terrain;No junction;Asphalt roads;Dry;Daylight;Normal;Collision with roadside objects;1;1;Other;na;Not a Pedestrian;Changing lane to the right;Slight Injury
14:10:00;Wednesday;Male;Junior high school;Employee;5-10yr;unknown;Owner;Unknown;No defect; Industrial areas;Undivided Two way;Tangent road with flat terrain;Y Shape;Asphalt roads;Dry;Daylight;Normal;Collision with roadside objects;2;1;Going straight;Under 18;Not a Pedestrian;Changing lane to the right;Slight Injury
14:10:00;Wednesday;Male;Elementary school;Owner;Below 1yr;unknown;Owner;1-2yr;No defect;Office areas;Double carriageway (median);Tangent road with flat terrain;Y Shape;Asphalt roads;Dry;Daylight;Normal;Collision with pedestrians;2;1;Going straight;18-30;Not a Pedestrian;Driving to the left;Slight Injury
10:34:00;Monday;Male;unknown;unknown;unknown;Automobile;Owner;Unknown;No defect; Church areas;Undivided Two way;Tangent road with flat terrain;Crossing;Asphalt roads;Dry;Daylight;Normal;Vehicle with vehicle collision;1;1;Going straight;na;Not a Pedestrian;Changing lane to the left;Slight Injury
12:45:00;Wednesday;Male;Junior high school;Employee;Above 10yr;Automobile;Owner;unknown;unknown;Office areas;Undivided Two way;Tangent road with flat terrain;No junction;Asphalt roads;Dry;Daylight;Normal;Vehicle with vehicle collision;1;1;Moving Backward;18-30;Not a Pedestrian;Moving Backward;Slight Injury
08:20:00;Sunday;Male;Junior high school;unknown;unknown;Lorry (41?100Q);Owner;unknown;No defect;Office areas;other;Tangent road with flat terrain;Y Shape;Asphalt roads;Wet or damp;Daylight;Raining;Vehicle with vehicle collision;1;1;Going straight;na;Not a Pedestrian;Driving at high speed;Serious Injury
17:44:00;Saturday;Male;Junior high school;Employee;1-2yr;Automobile;Owner;unknown;unknown;Residential areas;Two-way (divided with broken lines road marking);Tangent road with flat terrain;Y Shape;unknown;Dry;Daylight;Normal;Vehicle with vehicle collision;2;1;Going straight;na;Not a Pedestrian;Moving Backward;Slight Injury
17:44:00;Saturday;Male;Junior high school;Owner;2-5yr;Public (13?45 seats);Owner;5-10yrs;unknown;Office areas;Two-way (divided with broken lines road marking);Tangent road with flat terrain;Y Shape;Asphalt roads;Dry;Daylight;Normal;Vehicle with vehicle collision;2;1;Going straight;31-50;Not a Pedestrian;No distancing;Slight Injury
12:00:00;Saturday;Male;unknown;Employee;unknown;Automobile;Owner;5-10yrs;unknown;Residential areas;Undivided Two way;Tangent road with flat terrain;Crossing;Asphalt roads;Dry;Daylight;Normal;Vehicle with vehicle collision;2;2;Going straight;Over 51;Not a Pedestrian;Other;Slight Injury
12:00:00;Saturday;Male;Junior high school;Employee;Above 10yr;Public (> 45 seats);Owner;2-5yrs;unknown;Office areas;Double carriageway (median);Tangent road with flat terrain;Crossing;Asphalt roads;Dry;Daylight;Normal;Vehicle with vehicle collision;2;2;Other;na;Not a Pedestrian;No priority to vehicle;Slight Injury
12:00:00;Saturday;Male;Junior high school;Owner;2-5yr;Lorry (41?100Q);Owner;2-5yrs;No defect;Office areas;Double carriageway (median);Tangent road with flat terrain;Crossing;Asphalt roads;Dry;Daylight;Normal;Vehicle with vehicle collision;2;2;unknown;na;Not a Pedestrian;Changing lane to the right;Slight Injury
14:51:00;Friday;Male;Junior high school;Employee;5-10yr;Automobile;unknown;unknown;No defect;Other;Two-way (divided with broken lines road marking);Tangent road with flat terrain;Y Shape;Asphalt roads;Dry;Daylight;Normal;Vehicle with vehicle collision;2;2;Going straight;Under 18;Not a Pedestrian;Other;Slight Injury
14:51:00;Friday;Male;Junior high school;Employee;2-5yr;Lorry (11?40Q);Owner;Unknown;No defect;Other;Two-way (divided with broken lines road marking);Tangent road with flat terrain;Y Shape;Asphalt roads;Dry;Daylight;Normal;Collision with pedestrians;2;2;Turnover;31-50;Not a Pedestrian;No distancing;Slight Injury
13:30:00;Friday;Male;Junior high school;Employee;1-2yr;Public (13?45 seats);Owner;Above 10yr;No defect;Residential areas;Two-way (divided with broken lines road marking);Tangent road with flat terrain;No junction;Asphalt roads;Dry;Daylight;Normal;Collision with pedestrians;2;1;Going straight;na;Not a Pedestrian;Driving carelessly;Slight Injury
13:30:00;Friday;Male;Junior high school;Employee;5-10yr;Public (13?45 seats);Owner;Unknown;unknown; Church areas;Two-way (divided with broken lines road marking);Tangent road with flat terrain;No junction;Asphalt roads;Dry;Daylight;Normal;Vehicle with vehicle collision;2;1;Moving Backward;31-50;Not a Pedestrian;No distancing;Slight Injury
19:57:00;Saturday;Male;Junior high school;Employee;2-5yr;unknown;Governmental;Unknown;No defect; Church areas;Double carriageway (median);Tangent road with flat terrain;Crossing;Asphalt roads;Dry;Darkness - lights lit;Normal;Vehicle with vehicle collision;1;1;Moving Backward;31-50;Not a Pedestrian;Moving Backward;Slight Injury
19:02:00;Tuesday;Male;Elementary school;Employee;5-10yr;Long lorry;Owner;2-5yrs;No defect;Residential areas;Double carriageway (median);Tangent road with flat terrain;Other;Asphalt roads;Dry;Daylight;Normal;Vehicle with vehicle collision;2;2;Going straight;Under 18;Unknown or other;No distancing;Serious Injury
19:02:00;Tuesday;Male;Above high school;Owner;5-10yr;Lorry (41?100Q);Owner;unknown;No defect;Office areas;Two-way (divided with broken lines road marking);Tangent road with mild grade and flat terrain;Other;Asphalt roads;Dry;Daylight;Normal;Vehicle with vehicle collision;2;2;Other;18-30;Unknown or other;Moving Backward;Serious Injury
21:06:00;Friday;Male;Junior high school;Employee;2-5yr;Lorry (11?40Q);Owner;5-10yrs;No defect;Office areas;Two-way (divided with broken lines road marking);Tangent road with mild grade and flat terrain;Y Shape;Asphalt roads;Dry;Darkness - lights lit;Normal;Vehicle with vehicle collision;2;1;Going straight;na;Not a Pedestrian;No priority to pedestrian;Slight Injury
21:06:00;Friday;Male;Junior high school;Employee;2-5yr;Lorry (41?100Q);Owner;2-5yrs;unknown;Residential areas;Two-way (divided with broken lines road marking);Tangent road with flat terrain;Y Shape;Asphalt roads;Dry;Darkness - lights lit;Normal;Vehicle with vehicle collision;2;1;Going straight;31-50;Not a Pedestrian;Changing lane to the left;Slight Injury
06:02:00;Sunday;Male;Junior high school;Employee;2-5yr;Public (12 seats);Owner;5-10yrs;unknown; Church areas;other;Tangent road with flat terrain;No junction;Asphalt roads;Wet or damp;Daylight;Raining;Vehicle with vehicle collision;1;1;Going straight;18-30;Not a Pedestrian;No distancing;Slight Injury
12:20:00;Saturday;Male;Junior high school;Employee;5-10yr;unknown;Owner;unknown;unknown;Other;Two-way (divided with broken lines road marking);Tangent road with flat terrain;Crossing;Asphalt roads;Dry;Daylight;Normal;Vehicle with vehicle collision;2;2;Going straight;18-30;Not a Pedestrian;Other;Slight Injury
12:20:00;Saturday;Male;Junior high school;Employee;1-2yr;Taxi;Owner;unknown;unknown;Office areas;Two-way (divided with broken lines road marking);Tangent road with flat terrain;Crossing;Asphalt roads;Dry;Daylight;Normal;Vehicle with vehicle collision;2;2;Going straight;na;Not a Pedestrian;No distancing;Slight Injury
16:40:00;Tuesday;Male;Junior high school;Owner;2-5yr;unknown;Owner;unknown;unknown;Other;Two-way (divided with broken lines road marking);Tangent road with flat terrain;Y Shape;Asphalt roads;Dry;Daylight;Normal;Vehicle with vehicle collision;1;1;Going straight;Over 51;Unknown or other;No priority to pedestrian;Slight Injury
12:25:00;Tuesday;Female;High school;Owner;2-5yr;Automobile;Owner;unknown;unknown;Other;Two-way (divided with broken lines road marking);Tangent road with flat terrain;No junction;Asphalt roads;Dry;Daylight;Normal;Vehicle with vehicle collision;2;1;Going straight;31-50;Not a Pedestrian;Moving Backward;Slight Injury
12:25:00;Tuesday;Male;unknown;Employee;unknown;unknown;Owner;unknown;unknown;unknown;unknown;Tangent road with flat terrain;No junction;Asphalt roads;Dry;Daylight;Normal;Vehicle with vehicle collision;2;1;Going straight;na;Not a Pedestrian;No priority to pedestrian;Slight Injury
12:00:00;Monday;Male;Junior high school;Owner;1-2yr;Lorry (41?100Q);Governmental;2-5yrs;unknown;Residential areas;Two-way (divided with broken lines road marking);unknown;Y Shape;Asphalt roads;Dry;Daylight;Unknown;Vehicle with vehicle collision;2;1;Other;31-50;Not a Pedestrian;No distancing;Slight Injury
12:00:00;Monday;Male;Junior high school;unknown;Below 1yr;Automobile;Owner;Below 1yr;unknown; Church areas;Undivided Two way;Tangent road with flat terrain;Y Shape;Asphalt roads;Dry;Daylight;Unknown;Vehicle with vehicle collision;2;1;Going straight;na;Not a Pedestrian;No priority to pedestrian;Slight Injury
06:54:00;Sunday;Male;High school;Employee;1-2yr;Automobile;unknown;unknown;unknown;Other;Undivided Two way;Tangent road with flat terrain;No junction;Asphalt roads;Wet or damp;Daylight;Raining;Vehicle with vehicle collision;2;1;Overtaking;Under 18;Not a Pedestrian;Driving carelessly;Slight Injury
06:54:00;Sunday;Male;Above high school;Employee;1-2yr;Lorry (41?100Q);Owner;Unknown;unknown;Other;One way;Tangent road with flat terrain;No junction;Asphalt roads;Wet or damp;Daylight;Raining;Vehicle with vehicle collision;2;1;Going straight;na;Not a Pedestrian;Getting off the vehicle improperly;Slight Injury
21:45:00;Tuesday;Male;Junior high school;Employee;Above 10yr;Automobile;Owner;Unknown;No defect;Residential areas;Two-way (divided with broken lines road marking);Tangent road with flat terrain;Crossing;Asphalt roads;Dry;Darkness - lights lit;Normal;Vehicle with vehicle collision;2;1;Going straight;18-30;Crossing from nearside - masked by parked or statioNot a Pedestrianry vehicle;Driving carelessly;Slight Injury
21:45:00;Tuesday;Male;High school;Employee;1-2yr;Automobile;Owner;Unknown;unknown;Office areas;One way;Tangent road with flat terrain;Crossing;Asphalt roads;Dry;Darkness - lights lit;Normal;Vehicle with vehicle collision;2;1;Going straight;Under 18;Unknown or other;Changing lane to the left;Slight Injury
16:50:00;Wednesday;Male;Junior high school;Employee;2-5yr;Automobile;Owner;Unknown;No defect; Industrial areas;Two-way (divided with broken lines road marking);Tangent road with flat terrain;No junction;Asphalt roads;Dry;Daylight;Normal;Vehicle with vehicle collision;2;1;U-Turn;18-30;Unknown or other;No priority to vehicle;Slight Injury