Time;Day_of_week;Sex_of_driver;Educational_level;Vehicle_driver_relation;Driving_experience;Type_of_vehicle;Owner_of_vehicle;Service_year_of_vehicle;Defect_of_vehicle;Area_accident_occured;Lanes_or_Medians;Road_allignment;Types_of_Junction;Road_surface_type;Road_surface_conditions;Light_conditions;Weather_conditions;Type_of_collision;Number_of_vehicles_involved;Number_of_casualties;Vehicle_movement;Age_band_of_casualty;Pedestrian_movement;Cause_of_accident;Accident_severity
16:50:00;Wednesday;Male;Above high school;Other;2-5yr;Taxi;Governmental;unknown;No defect;Residential areas;Double carriageway (median);Tangent road with flat terrain;No junction;Asphalt roads;Dry;Daylight;Normal;Vehicle with vehicle collision;2;1;Going straight;na;Not a Pedestrian;Changing lane to the right;Slight Injury
14:14:00;Saturday;Male;High school;Employee;Above 10yr;unknown;Owner;unknown;No defect;Office areas;Unknown;Tangent road with flat terrain;Y Shape;Asphalt roads;Dry;Daylight;Normal;Vehicle with vehicle collision;1;1;Going straight;31-50;Not a Pedestrian;Changing lane to the right;Serious Injury
05:30:00;Wednesday;Female;Elementary school;Employee;5-10yr;unknown;Owner;2-5yrs;unknown;Other;unknown;Tangent road with flat terrain;Y Shape;Asphalt roads;Wet or damp;Daylight;Other;Collision with roadside objects;2;1;Going straight;na;Not a Pedestrian;No distancing;Slight Injury
05:30:00;Wednesday;Male;High school;Employee;1-2yr;Automobile;Owner;Unknown;unknown; Church areas;other;Tangent road with flat terrain;Y Shape;Asphalt roads;Wet or damp;Daylight;Other;Collision with roadside objects;2;1;Going straight;18-30;Not a Pedestrian;No distancing;Slight Injury
14:02:00;Monday;Male;High school;Employee;5-10yr;Pick up upto 10Q;Owner;Above 10yr;unknown; Industrial areas;unknown;Tangent road with flat terrain;Other;Asphalt roads;Dry;Daylight;Normal;Vehicle with vehicle collision;2;1;Turnover;18-30;Crossing from driver's nearside;Changing lane to the left;Slight Injury
14:02:00;Monday;Male;High school;Employee;2-5yr;unknown;Owner;Unknown;No defect;  Recreational areas;One way;Tangent road with flat terrain;Other;Asphalt roads;Dry;Daylight;Normal;Vehicle with vehicle collision;2;1;Going straight;na;Not a Pedestrian;Changing lane to the right;Slight Injury
20:04:00;Sunday;Male;Junior high school;Employee;1-2yr;Automobile;Owner;Unknown;No defect;  Market areas;Undivided Two way;Tangent road with flat terrain;O Shape;Asphalt roads;Dry;Daylight;Normal;Vehicle with vehicle collision;2;1;Going straight;31-50;Not a Pedestrian;No priority to vehicle;Slight Injury
20:04:00;Sunday;Male;Above high school;Employee;Above 10yr;Public (12 seats);Owner;Unknown;No defect;Other;Two-way (divided with broken lines road marking);Tangent road with flat terrain;O Shape;Asphalt roads;Dry;Daylight;Normal;Vehicle with vehicle collision;2;1;Moving Backward;18-30;Not a Pedestrian;Changing lane to the left;Slight Injury
22:46:00;Friday;Male;Above high school;Employee;2-5yr;Public (13?45 seats);Owner;Unknown;unknown;Other;Two-way (divided with broken lines road marking);Tangent road with flat terrain;No junction;Asphalt roads;Wet or damp;Darkness - lights lit;Raining;Collision with roadside objects;1;2;Going straight;na;Not a Pedestrian;No priority to vehicle;Slight Injury
22:46:00;Friday;Male;Elementary school;Employee;5-10yr;Lorry (11?40Q);Owner;Unknown;No defect; Industrial areas;Two-way (divided with broken lines road marking);unknown;No junction;Asphalt roads;Wet or damp;Darkness - lights lit;Raining;Vehicle with vehicle collision;1;2;Moving Backward;5;Not a Pedestrian;Moving Backward;Slight Injury
13:11:00;Wednesday;Male;Elementary school;Employee;1-2yr;Stationwagen;Governmental;2-5yrs;unknown;Other;Two-way (divided with broken lines road marking);Tangent road with flat terrain;Y Shape;Asphalt roads;Wet or damp;Daylight;Raining;Collision with roadside objects;2;1;Going straight;na;Not a Pedestrian;Turnover;Slight Injury
13:11:00;Wednesday;Male;Junior high school;Employee;unknown;Ridden horse;Governmental;unknown;unknown;Office areas;other;Tangent road with flat terrain;Y Shape;Asphalt roads;Wet or damp;Daylight;Raining;Collision with roadside objects;2;1;Going straight;na;Not a Pedestrian;No distancing;Slight Injury
20:15:00;Thursday;Male;unknown;unknown;unknown;Stationwagen;Owner;Unknown;unknown;unknown;other;Tangent road with flat terrain;No junction;Asphalt roads;Dry;Daylight;Normal;Collision with pedestrians;3;1;Going straight;18-30;Not a Pedestrian;No distancing;Slight Injury
20:15:00;Thursday;Male;Elementary school;Employee;5-10yr;Automobile;Owner;unknown;unknown;Office areas;Two-way (divided with broken lines road marking);Tangent road with flat terrain;No junction;Asphalt roads;Dry;Daylight;Normal;Vehicle with vehicle collision;3;1;Going straight;na;Not a Pedestrian;No distancing;Slight Injury
20:15:00;Thursday;Male;Junior high school;Employee;2-5yr;Automobile;Owner;unknown;unknown;Office areas;Undivided Two way;Tangent road with flat terrain;No junction;Asphalt roads;Dry;Daylight;Normal;Collision with roadside objects;3;1;U-Turn;31-50;Not a Pedestrian;Changing lane to the left;Slight Injury
15:20:00;Wednesday;Male;Junior high school;Employee;5-10yr;Other;Organization;Unknown;unknown;Other;other;Tangent road with flat terrain;No junction;Asphalt roads;Dry;Daylight;Normal;Vehicle with vehicle collision;2;2;Going straight;na;Not a Pedestrian;No priority to vehicle;Slight Injury
15:20:00;Wednesday;Male;High school;Employee;2-5yr;Taxi;Governmental;2-5yrs;unknown;Other;other;Tangent road with flat terrain;No junction;Asphalt roads;Dry;Daylight;Normal;Vehicle with vehicle collision;2;2;Going straight;31-50;Not a Pedestrian;Driving at high speed;Slight Injury
10:51:00;Thursday;Male;Junior high school;Employee;1-2yr;Automobile;Owner;Unknown;No defect;Other;Undivided Two way;Tangent road with flat terrain;Crossing;Asphalt roads;Dry;Daylight;Normal;Vehicle with vehicle collision;2;2;Going straight;31-50;Not a Pedestrian;Overtaking;Slight Injury
10:51:00;Thursday;Male;Junior high school;Employee;1-2yr;Stationwagen;Owner;Above 10yr;unknown;Other;other;Tangent road with flat terrain;Crossing;Asphalt roads;Dry;Daylight;Normal;Vehicle with vehicle collision;2;2;Going straight;18-30;Crossing from driver's nearside;Other;Slight Injury
10:51:00;Thursday;Male;Junior high school;Employee;5-10yr;Automobile;unknown;unknown;unknown;Residential areas;Undivided Two way;Tangent road with flat terrain;Crossing;Asphalt roads;Dry;Daylight;Normal;Vehicle with vehicle collision;2;2;Going straight;na;Not a Pedestrian;Changing lane to the left;Slight Injury
09:06:00;Thursday;Male;Illiterate;Employee;unknown;Public (12 seats);Owner;2-5yrs;No defect; Church areas;Undivided Two way;Tangent road with flat terrain;Y Shape;Asphalt roads;Dry;Daylight;Normal;Vehicle with vehicle collision;2;2;Going straight;18-30;Not a Pedestrian;No priority to pedestrian;Slight Injury
09:06:00;Thursday;Male;Junior high school;Employee;5-10yr;unknown;Owner;2-5yrs;unknown;Office areas;Double carriageway (median);Tangent road with flat terrain;Y Shape;Asphalt roads;Dry;Daylight;Normal;Collision with roadside objects;2;2;Stopping;18-30;Unknown or other;Changing lane to the left;Slight Injury
08:56:00;Sunday;Male;Junior high school;Employee;1-2yr;Automobile;Owner;2-5yrs;unknown; Church areas;other;Tangent road with flat terrain;No junction;Asphalt roads;Wet or damp;Daylight;Normal;Vehicle with vehicle collision;1;1;Turnover;31-50;Unknown or other;No distancing;Slight Injury
14:30:00;Monday;Male;Junior high school;Employee;2-5yr;Lorry (41?100Q);Owner;2-5yrs;unknown;Other;Two-way (divided with broken lines road marking);Tangent road with flat terrain;No junction;Asphalt roads;Wet or damp;Daylight;Unknown;Collision with roadside objects;2;1;Getting off;18-30;Unknown or other;Moving Backward;Slight Injury
14:30:00;Monday;Male;Junior high school;Employee;Above 10yr;unknown;Owner;unknown;unknown;unknown;other;Tangent road with flat terrain;No junction;Asphalt roads;Wet or damp;Daylight;Unknown;Vehicle with vehicle collision;2;1;Moving Backward;18-30;Not a Pedestrian;Changing lane to the left;Slight Injury
22:20:00;Saturday;Male;Junior high school;Owner;5-10yr;Public (> 45 seats);Owner;1-2yr;unknown;School areas;other;Steep grade downward with mountainous terrain;Y Shape;Asphalt roads;Dry;Darkness - lights lit;Normal;Vehicle with vehicle collision;2;2;Moving Backward;na;Not a Pedestrian;Other;Serious Injury
22:20:00;Saturday;Male;High school;Employee;1-2yr;unknown;Owner;5-10yrs;unknown;Office areas;Two-way (divided with broken lines road marking);Tangent road with mild grade and flat terrain;Y Shape;Asphalt roads;Dry;Darkness - lights lit;Normal;Vehicle with vehicle collision;2;2;Going straight;18-30;Not a Pedestrian;No distancing;Serious Injury
15:30:00;Monday;Male;Junior high school;Employee;Above 10yr;Public (12 seats);Owner;Below 1yr;unknown;Other;other;Steep grade downward with mountainous terrain;Unknown;Asphalt roads;Dry;Daylight;Normal;Collision with roadside objects;1;1;Turnover;na;Not a Pedestrian;Moving Backward;Slight Injury
06:30:00;Wednesday;Female;Junior high school;Employee;1-2yr;Public (12 seats);Owner;Unknown;unknown;Office areas;Undivided Two way;Tangent road with flat terrain;No junction;Asphalt roads;Dry;Daylight;Normal;Collision with roadside objects;2;1;Going straight;18-30;Not a Pedestrian;No distancing;Serious Injury
06:30:00;Wednesday;Male;Junior high school;Employee;2-5yr;Automobile;Owner;unknown;unknown;Other;Undivided Two way;Tangent road with flat terrain;No junction;Asphalt roads;Dry;Daylight;Normal;Vehicle with vehicle collision;2;1;Going straight;Under 18;Crossing from driver's nearside;Changing lane to the left;Serious Injury
14:27:00;Friday;Male;Junior high school;Employee;Above 10yr;unknown;Owner;2-5yrs;unknown;Other;Two-way (divided with broken lines road marking);Tangent road with flat terrain;No junction;Asphalt roads;Dry;Daylight;Normal;Vehicle with vehicle collision;2;2;U-Turn;na;Not a Pedestrian;Changing lane to the left;Slight Injury
14:27:00;Friday;Male;Junior high school;Employee;2-5yr;Automobile;Owner;unknown;unknown;Office areas;Undivided Two way;Tangent road with flat terrain;No junction;Asphalt roads;Dry;Daylight;Normal;Vehicle with vehicle collision;2;2;Going straight;31-50;Not a Pedestrian;No priority to pedestrian;Slight Injury
14:27:00;Friday;Male;Elementary school;Employee;5-10yr;Lorry (41?100Q);Owner;unknown;No defect;Other;Double carriageway (median);Tangent road with flat terrain;No junction;Asphalt roads;Dry;Daylight;Normal;Vehicle with vehicle collision;2;2;Going straight;na;Not a Pedestrian;Changing lane to the left;Slight Injury
16:46:00;Saturday;Male;unknown;unknown;unknown;Public (12 seats);Owner;unknown;unknown; Church areas;other;Tangent road with flat terrain;No junction;Asphalt roads;Dry;Daylight;Normal;Vehicle with vehicle collision;2;2;U-Turn;18-30;Not a Pedestrian;Driving carelessly;Slight Injury
16:46:00;Saturday;Male;Elementary school;Employee;1-2yr;Lorry (11?40Q);Owner;unknown;No defect;Office areas;Two-way (divided with broken lines road marking);Tangent road with flat terrain;No junction;Asphalt roads;Dry;Daylight;Normal;Vehicle with vehicle collision;2;2;Stopping;na;Not a Pedestrian;Driving carelessly;Slight Injury
09:45:00;Monday;Female;Elementary school;Employee;5-10yr;Automobile;Owner;Above 10yr;No defect;Office areas;Two-way (divided with broken lines road marking);Tangent road with flat terrain;No junction;Asphalt roads;Dry;Daylight;Normal;Vehicle with vehicle collision;2;1;Going straight;18-30;Not a Pedestrian;No priority to pedestrian;Slight Injury
09:45:00;Monday;Male;Elementary school;Employee;5-10yr;Automobile;Owner;2-5yrs;unknown;Other;Undivided Two way;Tangent road with mountainous terrain and;No junction;Asphalt roads;Dry;Daylight;Normal;Collision with roadside objects;2;1;Moving Backward;18-30;Not a Pedestrian;Getting off the vehicle improperly;Slight Injury
14:35:00;Sunday;Male;Junior high school;Employee;1-2yr;Automobile;Owner;2-5yrs;unknown;Residential areas;Undivided Two way;Tangent road with flat terrain;No junction;Asphalt roads;Dry;Daylight;Unknown;Collision with roadside objects;2;2;Getting off;na;Not a Pedestrian;No distancing;Slight Injury
14:35:00;Sunday;Male;Junior high school;Employee;5-10yr;Bajaj;Owner;Unknown;No defect;Residential areas;Undivided Two way;Tangent road with flat terrain;No junction;Asphalt roads;Dry;Daylight;Unknown;Collision with roadside objects;2;2;Going straight;31-50;Not a Pedestrian;Changing lane to the left;Slight Injury
14:35:00;Sunday;Female;Junior high school;Employee;5-10yr;Public (12 seats);Owner;5-10yrs;7;unknown;Two-way (divided with broken lines road marking);Tangent road with flat terrain;No junction;Asphalt roads;Dry;Daylight;Unknown;Vehicle with vehicle collision;2;2;Going straight;na;Not a Pedestrian;No priority to vehicle;Slight Injury
00:29:00;Wednesday;Male;Junior high school;Employee;2-5yr;Lorry (11?40Q);Owner;Unknown;7;Other;other;Tangent road with flat terrain;Y Shape;Asphalt roads;Wet or damp;Darkness - lights lit;Raining;Vehicle with vehicle collision;2;4;Turnover;na;Not a Pedestrian;No distancing;Slight Injury
00:29:00;Wednesday;Male;Junior high school;Employee;1-2yr;unknown;Owner;Unknown;No defect;Office areas;unknown;Steep grade downward with mountainous terrain;Y Shape;Asphalt roads;Wet or damp;Darkness - lights lit;Raining;Vehicle with vehicle collision;2;4;Moving Backward;31-50;Not a Pedestrian;No priority to pedestrian;Slight Injury
00:29:00;Wednesday;Male;Junior high school;Employee;5-10yr;unknown;Governmental;Unknown;No defect;School areas;Double carriageway (median);Tangent road with flat terrain;Y Shape;Asphalt roads;Wet or damp;Darkness - lights lit;Raining;Vehicle with vehicle collision;2;4;Going straight;31-50;Not a Pedestrian;No priority to pedestrian;Slight Injury
00:29:00;Wednesday;Male;Junior high school;Employee;Below 1yr;Automobile;Owner;Unknown;No defect;Other;Two-way (divided with broken lines road marking);Steep grade downward with mountainous terrain;Y Shape;Asphalt roads;Wet or damp;Darkness - lights lit;Raining;Collision with pedestrians;2;4;Moving Backward;na;Not a Pedestrian;No priority to vehicle;Slight Injury
00:29:00;Wednesday;Male;Junior high school;Employee;5-10yr;Lorry (11?40Q);Owner;5-10yrs;No defect;Other;Two-way (divided with broken lines road marking);Tangent road with rolling terrain;Y Shape;Asphalt roads;Wet or damp;Darkness - lights lit;Raining;Collision with pedestrians;2;4;Going straight;na;Not a Pedestrian;Driving carelessly;Slight Injury
07:00:00;Thursday;Male;Junior high school;Owner;5-10yr;Lorry (41?100Q);Governmental;Unknown;No defect; Church areas;Two-way (divided with broken lines road marking);Tangent road with flat terrain;Y Shape;Asphalt roads;Dry;Daylight;Normal;Vehicle with vehicle collision;2;1;unknown;31-50;Not a Pedestrian;Changing lane to the right;Slight Injury
07:00:00;Thursday;Male;unknown;Owner;5-10yr;Pick up upto 10Q;unknown;unknown;unknown;Office areas;unknown;Tangent road with mild grade and flat terrain;Y Shape;Asphalt roads;Dry;Daylight;Normal;Vehicle with vehicle collision;2;1;Going straight;na;Not a Pedestrian;Changing lane to the left;Slight Injury
21:51:00;Friday;Male;Junior high school;Employee;5-10yr;Lorry (11?40Q);Owner;unknown;unknown;Other;Two-way (divided with broken lines road marking);Tangent road with mild grade and flat terrain;Y Shape;Earth roads;Dry;Darkness - lights lit;Normal;Vehicle with vehicle collision;4;1;unknown;18-30;Not a Pedestrian;Moving Backward;Slight Injury
21:51:00;Friday;Male;High school;Employee;2-5yr;Stationwagen;Governmental;unknown;No defect;Residential areas;Double carriageway (median);Tangent road with flat terrain;Y Shape;Asphalt roads;Dry;Darkness - lights lit;Normal;Vehicle with vehicle collision;4;1;Going straight;na;Not a Pedestrian;Driving carelessly;Slight Injury
21:51:00;Friday;Male;Above high school;Employee;5-10yr;Other;Owner;unknown;unknown;Office areas;Two-way (divided with broken lines road marking);Tangent road with flat terrain;Y Shape;Asphalt roads;Dry;Darkness - lights lit;Normal;Vehicle with vehicle collision;4;1;unknown;18-30;Not a Pedestrian;Driving to the left;Slight Injury
21:51:00;Friday;Male;Junior high school;Employee;Above 10yr;Other;Owner;unknown;unknown;Office areas;Undivided Two way;Tangent road with flat terrain;Y Shape;Asphalt roads;Dry;Darkness - lights lit;Normal;Vehicle with vehicle collision;4;1;Going straight;na;Not a Pedestrian;Driving to the left;Slight Injury
12:35:00;Monday;Male;Junior high school;Employee;Below 1yr;Lorry (11?40Q);Owner;Below 1yr;unknown;Office areas;Two-way (divided with broken lines road marking);Tangent road with flat terrain;No junction;Asphalt roads;Dry;Daylight;Normal;Vehicle with vehicle collision;2;1;Going straight;18-30;Not a Pedestrian;No priority to pedestrian;Slight Injury
12:35:00;Monday;Male;Elementary school;Employee;5-10yr;unknown;Organization;1-2yr;unknown; Church areas;unknown;Tangent road with flat terrain;No junction;Asphalt roads;Dry;Daylight;Normal;Vehicle with vehicle collision;2;1;Going straight;18-30;Not a Pedestrian;Changing lane to the left;Slight Injury
13:52:00;Wednesday;Male;Elementary school;Employee;2-5yr;Automobile;Owner;unknown;unknown;Office areas;Two-way (divided with broken lines road marking);Tangent road with flat terrain;No junction;Asphalt roads;Dry;Daylight;Normal;Vehicle with vehicle collision;2;1;Going straight;na;Not a Pedestrian;Changing lane to the right;Slight Injury
13:52:00;Wednesday;Male;Junior high school;Employee;2-5yr;Lorry (41?100Q);Owner;1-2yr;unknown;Office areas;Two-way (divided with broken lines road marking);Tangent road with mild grade and flat terrain;No junction;Asphalt roads;Dry;Daylight;Normal;Vehicle with vehicle collision;2;1;Going straight;na;Not a Pedestrian;Driving carelessly;Slight Injury
16:10:00;Friday;Male;Junior high school;Employee;1-2yr;Other;Owner;unknown;unknown;Office areas;Two-way (divided with broken lines road marking);Tangent road with mild grade and flat terrain;Y Shape;Asphalt roads;Wet or damp;Daylight;Raining;Collision with roadside objects;2;1;Other;31-50;Not a Pedestrian;No distancing;Slight Injury
16:10:00;Friday;Male;Junior high school;Employee;2-5yr;Lorry (41?100Q);Owner;5-10yrs;No defect;Office areas;Two-way (divided with broken lines road marking);Tangent road with flat terrain;Y Shape;Asphalt roads;Wet or damp;Daylight;Raining;Rollover;2;1;Other;na;Not a Pedestrian;Getting off the vehicle improperly;Slight Injury
17:30:00;Monday;Male;Junior high school;Employee;2-5yr;Automobile;Owner;unknown;No defect;Other;Two-way (divided with broken lines road marking);Tangent road with flat terrain;Crossing;Asphalt roads;Dry;Daylight;Normal;Vehicle with vehicle collision;2;2;Going straight;Over 51;Not a Pedestrian;Driving under the influence of drugs;Slight Injury
17:30:00;Monday;Male;Junior high school;Employee;Above 10yr;Pick up upto 10Q;Owner;unknown;No defect;Residential areas;Double carriageway (median);Tangent road with flat terrain;Crossing;Asphalt roads;Dry;Daylight;Normal;Vehicle with vehicle collision;2;2;Going straight;na;Not a Pedestrian;Changing lane to the right;Slight Injury
17:30:00;Monday;Male;High school;Employee;Below 1yr;Lorry (41?100Q);Owner;unknown;No defect; Church areas;Undivided Two way;Tangent road with flat terrain;Crossing;Asphalt roads;Dry;Daylight;Normal;Vehicle with vehicle collision;2;2;Getting off;18-30;Not a Pedestrian;Driving carelessly;Slight Injury
18:57:00;Tuesday;Male;Junior high school;Employee;2-5yr;Public (13?45 seats);Owner;unknown;No defect;Other;Two-way (divided with broken lines road marking);Tangent road with flat terrain;Y Shape;Asphalt roads;Dry;Daylight;Normal;Vehicle with vehicle collision;2;2;Going straight;na;Not a Pedestrian;Moving Backward;Fatal injury
18:57:00;Tuesday;Male;High school;Employee;Above 10yr;Long lorry;Owner;unknown;No defect;  Recreational areas;Two-way (divided with broken lines road marking);Tangent road with flat terrain;Y Shape;Asphalt roads;Dry;Daylight;Normal;Vehicle with vehicle collision;2;2;Going straight;18-30;Unknown or other;Turnover;Fatal injury
15:44:00;Thursday;Female;Junior high school;Employee;Above 10yr;Automobile;unknown;unknown;unknown;unknown;unknown;Tangent road with flat terrain;Y Shape;Asphalt roads;Dry;Daylight;Normal;Collision with roadside objects;1;1;Going straight;31-50;Walking along in carriageway, back to traffic;Changing lane to the right;Serious Injury
09:11:00;Thursday;Male;High school;Employee;5-10yr;Automobile;Owner;Unknown;No defect; Industrial areas;Undivided Two way;Tangent road with mild grade and flat terrain;Y Shape;Asphalt roads;Dry;Daylight;Normal;Collision with roadside objects;2;1;Going straight;31-50;Not a Pedestrian;Driving carelessly;Slight Injury
09:11:00;Thursday;Male;Junior high school;Employee;Above 10yr;Other;Owner;unknown;No defect;Other;Two-way (divided with broken lines road marking);Tangent road with flat terrain;Y Shape;Asphalt roads;Dry;Daylight;Normal;Vehicle with vehicle collision;2;1;Going straight;na;Not a Pedestrian;No priority to vehicle;Slight Injury
09:00:00;Friday;Male;Junior high school;Employee;1-2yr;unknown;Owner;Unknown;unknown;Other;other;Tangent road with flat terrain;Y Shape;Asphalt roads;Wet or damp;Daylight;Raining;Collision with roadside objects;2;1;Getting off;na;Not a Pedestrian;Moving Backward;Slight Injury
09:00:00;Friday;Male;Junior high school;Employee;2-5yr;Long lorry;Owner;5-10yrs;No defect; Church areas;other;Tangent road with flat terrain;Y Shape;Asphalt roads;Wet or damp;Daylight;Raining;Vehicle with vehicle collision;2;1;Going straight;18-30;Not a Pedestrian;Changing lane to the left;Slight Injury
08:41:00;Wednesday;Male;Elementary school;Employee;2-5yr;Public (12 seats);Owner;5-10yrs;No defect; Church areas;Undivided Two way;Tangent road with flat terrain;Y Shape;Asphalt roads;Dry;Daylight;Normal;Vehicle with vehicle collision;2;1;Going straight;Under 18;Unknown or other;Overturning;Slight Injury
08:41:00;Wednesday;Male;Elementary school;Other;5-10yr;Public (12 seats);Owner;unknown;No defect;Other;Two-way (divided with broken lines road marking);Tangent road with flat terrain;Y Shape;Asphalt roads;Dry;Daylight;Normal;Vehicle with vehicle collision;2;1;Other;18-30;Not a Pedestrian;No distancing;Slight Injury
00:10:00;Sunday;Male;Junior high school;Employee;5-10yr;Other;Owner;unknown;No defect;Other;One way;Tangent road with flat terrain;No junction;Asphalt roads;Dry;Darkness - lights lit;Normal;Vehicle with vehicle collision;2;1;Going straight;18-30;Crossing from offside - masked by  parked or statioNot a Pedestrianry vehicle;Driving carelessly;Slight Injury
00:10:00;Sunday;Male;High school;Owner;5-10yr;Other;Governmental;2-5yrs;unknown;  Recreational areas;Two-way (divided with broken lines road marking);Tangent road with flat terrain;No junction;Asphalt roads;Dry;Darkness - lights lit;Normal;Vehicle with vehicle collision;2;1;Going straight;18-30;Not a Pedestrian;No distancing;Slight Injury
16:20:00;Wednesday;Male;Junior high school;Employee;Above 10yr;Other;Owner;2-5yrs;unknown;Other;Undivided Two way;Tangent road with flat terrain;No junction;Asphalt roads;Wet or damp;Daylight;Raining;Vehicle with vehicle collision;3;1;Going straight;na;Not a Pedestrian;Changing lane to the left;Slight Injury
16:20:00;Wednesday;Male;Junior high school;Employee;Below 1yr;Public (12 seats);Owner;5-10yrs;unknown;Office areas;Undivided Two way;Tangent road with flat terrain;No junction;Asphalt roads;Wet or damp;Daylight;Raining;Collision with pedestrians;3;1;Going straight;18-30;Not a Pedestrian;No priority to pedestrian;Slight Injury
16:20:00;Wednesday;Male;Junior high school;Other;Below 1yr;Lorry (41?100Q);Owner;5-10yrs;No defect; Church areas;Two-way (divided with broken lines road marking);Tangent road with flat terrain;No junction;Asphalt roads;Wet or damp;Daylight;Raining;Vehicle with vehicle collision;3;1;Going straight;18-30;Not a Pedestrian;No distancing;Slight Injury
17:40:00;Tuesday;Male;Junior high school;Employee;Above 10yr;Other;Owner;2-5yrs;unknown;Office areas;Two-way (divided with broken lines road marking);Tangent road with flat terrain;No junction;Asphalt roads;Dry;Daylight;Normal;Collision with roadside objects;2;1;Reversing;Over 51;Unknown or other;No distancing;Slight Injury
17:40:00;Tuesday;Male;High school;Owner;5-10yr;Public (12 seats);unknown;unknown;No defect;Office areas;Undivided Two way;Tangent road with mountainous terrain and;No junction;Asphalt roads;Dry;Daylight;Normal;Vehicle with vehicle collision;2;1;Other;na;Not a Pedestrian;Changing lane to the left;Slight Injury
15:00:00;Wednesday;Male;Elementary school;Owner;5-10yr;Other;Owner;2-5yrs;No defect;Other;Undivided Two way;Tangent road with flat terrain;No junction;Asphalt roads;Dry;Daylight;Normal;Collision with roadside objects;2;4;Going straight;18-30;Not a Pedestrian;No distancing;Slight Injury
15:00:00;Wednesday;Male;Junior high school;Employee;2-5yr;Lorry (11?40Q);Governmental;unknown;unknown;Residential areas;Two-way (divided with broken lines road marking);Tangent road with flat terrain;No junction;Asphalt roads;Dry;Daylight;Normal;Vehicle with vehicle collision;2;4;Going straight;31-50;Crossing from nearside - masked by parked or statioNot a Pedestrianry vehicle;Changing lane to the left;Slight Injury
15:00:00;Wednesday;Male;Junior high school;Employee;2-5yr;Other;Owner;2-5yrs;No defect;Office areas;Two-way (divided with broken lines road marking);Tangent road with mild grade and flat terrain;No junction;Asphalt roads;Dry;Daylight;Normal;Vehicle with vehicle collision;2;4;Going straight;18-30;Crossing from nearside - masked by parked or statioNot a Pedestrianry vehicle;No distancing;Slight Injury
15:00:00;Wednesday;Male;Above high school;Employee;5-10yr;Other;Owner;2-5yrs;unknown;Residential areas;other;Tangent road with flat terrain;No junction;Asphalt roads;Dry;Daylight;Normal;Collision with pedestrians;2;4;Going straight;Over 51;Unknown or other;No distancing;Slight Injury
15:00:00;Wednesday;Male;Junior high school;Owner;2-5yr;Other;Owner;Unknown;No defect;Residential areas;Two-way (divided with broken lines road marking);Tangent road with flat terrain;No junction;Asphalt roads;Dry;Daylight;Normal;Vehicle with vehicle collision;2;4;Going straight;31-50;Crossing from nearside - masked by parked or statioNot a Pedestrianry vehicle;No distancing;Slight Injury
14:30:00;Friday;Male;unknown;unknown;unknown;Pick up upto 10Q;Owner;unknown;No defect;Other;Double carriageway (median);Tangent road with flat terrain;Crossing;Asphalt roads;Dry;Daylight;Unknown;Vehicle with vehicle collision;2;2;Going straight;18-30;Unknown or other;Changing lane to the left;Slight Injury
14:30:00;Friday;Male;Junior high school;Employee;2-5yr;Automobile;Owner;unknown;No defect; Hospital areas;One way;Tangent road with flat terrain;Crossing;Asphalt roads;Dry;Daylight;Unknown;Vehicle with vehicle collision;2;2;Going straight;31-50;Not a Pedestrian;Changing lane to the right;Slight Injury
14:30:00;Friday;Male;Junior high school;Employee;5-10yr;Other;Governmental;unknown;No defect;Other;Undivided Two way;Tangent road with flat terrain;Crossing;Asphalt roads;Dry;Daylight;Unknown;Vehicle with vehicle collision;2;2;Going straight;na;Not a Pedestrian;Moving Backward;Slight Injury
06:59:00;Wednesday;Male;Junior high school;Employee;2-5yr;Lorry (41?100Q);Owner;unknown;No defect;Other;Undivided Two way;Tangent road with flat terrain;No junction;Asphalt roads;Dry;Daylight;Normal;Collision with pedestrians;1;1;Going straight;18-30;Unknown or other;Changing lane to the right;Serious Injury
12:56:00;Wednesday;Female;Elementary school;Employee;1-2yr;Public (13?45 seats);Owner;unknown;No defect;  Recreational areas;One way;Tangent road with mild grade and flat terrain;Crossing;Asphalt roads;Dry;Daylight;Normal;Vehicle with vehicle collision;2;2;Moving Backward;31-50;Unknown or other;No distancing;Slight Injury
12:56:00;Wednesday;Male;High school;Employee;unknown;Automobile;Owner;unknown;No defect;Other;Undivided Two way;Tangent road with flat terrain;Crossing;Asphalt roads;Dry;Daylight;Normal;Vehicle with vehicle collision;2;2;Moving Backward;31-50;Not a Pedestrian;Overtaking;Slight Injury
12:56:00;Wednesday;Male;Junior high school;Owner;1-2yr;Pick up upto 10Q;Owner;unknown;No defect;Other;Undivided Two way;Tangent road with flat terrain;Crossing;Asphalt roads;Dry;Daylight;Normal;Vehicle with vehicle collision;2;2;Turnover;na;Not a Pedestrian;Other;Slight Injury
21:39:00;Sunday;Male;Junior high school;Employee;2-5yr;Lorry (41?100Q);Owner;unknown;No defect;Other;Undivided Two way;Tangent road with flat terrain;Crossing;Asphalt roads;Dry;Darkness - lights lit;Normal;Vehicle with vehicle collision;2;2;Other;na;Not a Pedestrian;Other;Slight Injury