Time;Day_of_week;Sex_of_driver;Educational_level;Vehicle_driver_relation;Driving_experience;Type_of_vehicle;Owner_of_vehicle;Service_year_of_vehicle;Defect_of_vehicle;Area_accident_occured;Lanes_or_Medians;Road_allignment;Types_of_Junction;Road_surface_type;Road_surface_conditions;Light_conditions;Weather_conditions;Type_of_collision;Number_of_vehicles_involved;Number_of_casualties;Vehicle_movement;Age_band_of_casualty;Pedestrian_movement;Cause_of_accident;Accident_severity
21:39:00;Sunday;Male;Junior high school;Employee;1-2yr;Public (12 seats);Owner;Below 1yr;No defect;Office areas;Two-way (divided with broken lines road marking);Tangent road with flat terrain;Crossing;Asphalt roads;Dry;Darkness - lights lit;Normal;Collision with roadside objects;2;2;Other;18-30;Not a Pedestrian;Changing lane to the right;Slight Injury
00:06:00;Saturday;Male;Elementary school;Employee;Above 10yr;Other;Owner;2-5yrs;No defect;Other;Two-way (divided with broken lines road marking);Tangent road with mild grade and flat terrain;Y Shape;Asphalt roads;Dry;Darkness - lights lit;Normal;Vehicle with vehicle collision;1;1;Going straight;18-30;Not a Pedestrian;No priority to pedestrian;Slight Injury
01:08:00;Sunday;Male;Junior high school;Employee;2-5yr;Lorry (41?100Q);Owner;unknown;No defect;Residential areas;Two-way (divided with broken lines road marking);Tangent road with flat terrain;No junction;Asphalt roads;Wet or damp;Darkness - lights lit;Normal;Vehicle with vehicle collision;1;1;Going straight;na;Not a Pedestrian;No priority to vehicle;Slight Injury
14:17:00;Saturday;Female;Junior high school;Employee;2-5yr;Pick up upto 10Q;Owner;5-10yrs;No defect;Other;Undivided Two way;Tangent road with flat terrain;Other;Asphalt roads;Dry;Daylight;Normal;Vehicle with vehicle collision;3;1;Other;na;Not a Pedestrian;Changing lane to the left;Slight Injury
14:17:00;Saturday;Male;Junior high school;Employee;2-5yr;Other;Owner;Unknown;No defect;Other;Undivided Two way;Tangent road with flat terrain;Other;Asphalt roads;Dry;Daylight;Normal;Vehicle with vehicle collision;3;1;Other;5;Not a Pedestrian;Changing lane to the left;Slight Injury
14:17:00;Saturday;Male;Junior high school;Employee;2-5yr;Lorry (41?100Q);Owner;unknown;unknown; Church areas;Undivided Two way;Tangent road with flat terrain;Other;Asphalt roads;Dry;Daylight;Normal;Collision with roadside objects;3;1;Going straight;na;Not a Pedestrian;Overtaking;Slight Injury
13:55:00;Tuesday;Male;Elementary school;Employee;2-5yr;Ridden horse;Owner;1-2yr;5;Office areas;Undivided Two way;Tangent road with flat terrain;No junction;Asphalt roads;Dry;Daylight;Normal;Vehicle with vehicle collision;2;1;Reversing;5;Not a Pedestrian;No distancing;Slight Injury
13:55:00;Tuesday;Male;Junior high school;Employee;2-5yr;Automobile;Owner;Above 10yr;No defect;School areas;other;Tangent road with flat terrain;No junction;Asphalt roads;Dry;Daylight;Normal;Vehicle with vehicle collision;2;1;Other;31-50;Unknown or other;No priority to vehicle;Slight Injury
07:30:00;Thursday;Male;Elementary school;Employee;5-10yr;Automobile;Owner;2-5yrs;No defect;Other;Undivided Two way;Tangent road with flat terrain;No junction;Asphalt roads;Wet or damp;Daylight;Normal;Vehicle with vehicle collision;4;1;Turnover;18-30;Crossing from nearside - masked by parked or statioNot a Pedestrianry vehicle;Changing lane to the right;Slight Injury
07:30:00;Thursday;Male;Elementary school;Employee;2-5yr;Stationwagen;Owner;1-2yr;No defect;Office areas;Undivided Two way;Tangent road with flat terrain;No junction;Asphalt roads;Wet or damp;Daylight;Normal;Vehicle with vehicle collision;4;1;Going straight;na;Not a Pedestrian;Changing lane to the left;Slight Injury
07:30:00;Thursday;Male;Junior high school;Employee;Above 10yr;Other;Owner;1-2yr;No defect;Residential areas;other;Steep grade downward with mountainous terrain;No junction;Asphalt roads;Wet or damp;Daylight;Normal;Vehicle with vehicle collision;4;1;Going straight;18-30;Not a Pedestrian;No distancing;Slight Injury
07:30:00;Thursday;Male;Junior high school;Employee;Above 10yr;Lorry (41?100Q);Owner;1-2yr;No defect; Industrial areas;One way;Tangent road with flat terrain;No junction;Asphalt roads;Wet or damp;Daylight;Normal;Vehicle with vehicle collision;4;1;Going straight;31-50;Not a Pedestrian;Driving carelessly;Slight Injury
19:20:00;Wednesday;Male;High school;Employee;Above 10yr;Lorry (41?100Q);Owner;2-5yrs;No defect;Other;Undivided Two way;Tangent road with flat terrain;Y Shape;Asphalt roads;Wet or damp;Daylight;Windy;Vehicle with vehicle collision;2;1;Going straight;na;Not a Pedestrian;No priority to pedestrian;Slight Injury
19:20:00;Wednesday;Male;Junior high school;Employee;5-10yr;Long lorry;Owner;1-2yr;No defect;Residential areas;Undivided Two way;Tangent road with flat terrain;Y Shape;Asphalt roads;Wet or damp;Daylight;Windy;Vehicle with vehicle collision;2;1;Going straight;18-30;Not a Pedestrian;Driving carelessly;Slight Injury
20:30:00;Tuesday;Male;Junior high school;Owner;2-5yr;Stationwagen;Owner;1-2yr;No defect;  Recreational areas;Two-way (divided with broken lines road marking);Tangent road with flat terrain;No junction;Asphalt roads;Dry;Daylight;Normal;Vehicle with vehicle collision;2;2;Going straight;na;Not a Pedestrian;Moving Backward;Slight Injury
20:30:00;Tuesday;Male;Elementary school;Employee;1-2yr;Public (12 seats);Owner;Unknown;7;Office areas;other;Tangent road with flat terrain;No junction;Asphalt roads;Dry;Daylight;Normal;Vehicle with vehicle collision;2;2;Going straight;31-50;Not a Pedestrian;No distancing;Slight Injury
14:38:00;Wednesday;Male;Junior high school;Employee;2-5yr;Automobile;Owner;unknown;No defect; Outside rural areas;Two-way (divided with broken lines road marking);Tangent road with flat terrain;Crossing;Asphalt roads;Dry;Daylight;Normal;Vehicle with vehicle collision;3;1;Going straight;18-30;Not a Pedestrian;No distancing;Slight Injury
14:38:00;Wednesday;Male;Junior high school;Employee;5-10yr;Public (12 seats);Owner;1-2yr;No defect; Outside rural areas;Two-way (divided with broken lines road marking);Tangent road with flat terrain;Crossing;Asphalt roads;Dry;Daylight;Normal;Collision with roadside objects;3;1;Going straight;18-30;Unknown or other;No distancing;Slight Injury
14:38:00;Wednesday;Male;unknown;unknown;unknown;Lorry (41?100Q);Owner;1-2yr;No defect; Outside rural areas;Undivided Two way;Tangent road with flat terrain;Crossing;Asphalt roads;Dry;Daylight;Normal;Collision with roadside objects;3;1;Other;18-30;Not a Pedestrian;Changing lane to the left;Slight Injury
13:46:00;Sunday;Male;Elementary school;Owner;5-10yr;Automobile;Governmental;Below 1yr;No defect; Outside rural areas;Undivided Two way;Tangent road with flat terrain;No junction;Asphalt roads;Dry;Daylight;Normal;Collision with roadside objects;1;1;Going straight;na;Not a Pedestrian;Changing lane to the left;Slight Injury
19:15:00;Monday;Male;High school;Other;Above 10yr;Lorry (41?100Q);Owner;unknown;No defect; Outside rural areas;other;Steep grade downward with mountainous terrain;Unknown;Asphalt roads;Dry;Darkness - lights lit;Normal;Collision with pedestrians;2;1;Going straight;Over 51;Not a Pedestrian;Moving Backward;Slight Injury
19:15:00;Monday;Male;Junior high school;Employee;Above 10yr;Lorry (41?100Q);Owner;unknown;No defect;School areas;other;Steep grade downward with mountainous terrain;Unknown;Asphalt roads;Dry;Darkness - lights lit;Normal;Vehicle with vehicle collision;2;1;Moving Backward;18-30;Unknown or other;Changing lane to the right;Slight Injury
13:00:00;Tuesday;Male;Junior high school;Employee;1-2yr;Pick up upto 10Q;Owner;Above 10yr;No defect; Outside rural areas;Two-way (divided with broken lines road marking);Tangent road with flat terrain;Y Shape;Asphalt roads;Dry;Daylight;Other;Vehicle with vehicle collision;1;1;Going straight;Over 51;Not a Pedestrian;No priority to vehicle;Slight Injury
22:35:00;Monday;Male;High school;Owner;unknown;Other;Owner;unknown;No defect; Outside rural areas;Undivided Two way;Tangent road with flat terrain;No junction;Asphalt roads;Wet or damp;Darkness - lights lit;Raining;Collision with pedestrians;2;1;Moving Backward;18-30;Not a Pedestrian;Moving Backward;Serious Injury
22:35:00;Monday;Male;Junior high school;Employee;2-5yr;Automobile;Owner;unknown;No defect; Outside rural areas;Two-way (divided with broken lines road marking);Escarpments;No junction;Asphalt roads;Wet or damp;Darkness - lights lit;Raining;Vehicle with vehicle collision;2;1;Other;31-50;Unknown or other;Driving carelessly;Serious Injury
09:09:00;Sunday;Male;Junior high school;Employee;5-10yr;Automobile;Owner;2-5yrs;No defect; Outside rural areas;Two-way (divided with broken lines road marking);Tangent road with mountainous terrain and;No junction;Asphalt roads;Dry;Daylight;Normal;Vehicle with vehicle collision;2;1;Going straight;31-50;Not a Pedestrian;Driving carelessly;Slight Injury
09:09:00;Sunday;Male;Junior high school;Employee;2-5yr;Lorry (11?40Q);Owner;2-5yrs;No defect;Office areas;Undivided Two way;Tangent road with mountainous terrain and;No junction;Asphalt roads;Dry;Daylight;Normal;Vehicle with vehicle collision;2;1;Reversing;na;Not a Pedestrian;Driving under the influence of drugs;Slight Injury
12:30:00;Tuesday;Male;Junior high school;Employee;Above 10yr;Bajaj;Owner;2-5yrs;No defect; Outside rural areas;Undivided Two way;Tangent road with mountainous terrain and;Y Shape;Asphalt roads;Dry;Daylight;Normal;Vehicle with vehicle collision;3;2;Going straight;na;Not a Pedestrian;No priority to pedestrian;Slight Injury
12:30:00;Tuesday;Male;Elementary school;Employee;5-10yr;Automobile;Owner;unknown;No defect; Outside rural areas;Undivided Two way;Tangent road with mountainous terrain and;Y Shape;Asphalt roads;Dry;Daylight;Normal;Vehicle with vehicle collision;3;2;Other;31-50;Not a Pedestrian;No priority to vehicle;Slight Injury
12:30:00;Tuesday;Male;Junior high school;Employee;5-10yr;Lorry (41?100Q);Owner;2-5yrs;No defect; Outside rural areas;Undivided Two way;Tangent road with flat terrain;Y Shape;Asphalt roads;Dry;Daylight;Normal;Vehicle with vehicle collision;3;2;Other;31-50;Not a Pedestrian;Driving carelessly;Slight Injury
11:45:00;Wednesday;Male;Above high school;Employee;1-2yr;Lorry (11?40Q);Owner;unknown;No defect;Office areas;Undivided Two way;Tangent road with flat terrain;No junction;Asphalt roads;Dry;Daylight;Raining;Collision with roadside objects;1;1;Other;na;Not a Pedestrian;Moving Backward;Serious Injury
00:45:00;Tuesday;Male;Elementary school;Employee;Above 10yr;Lorry (11?40Q);Owner;unknown;No defect;  Recreational areas;Undivided Two way;Tangent road with flat terrain;No junction;Asphalt roads;Wet or damp;Darkness - lights lit;Normal;Collision with pedestrians;1;1;Stopping;31-50;In carriageway, statioNot a Pedestrianry - not crossing  (standing or playing);Driving carelessly;Serious Injury
18:40:00;Sunday;Male;Elementary school;Employee;5-10yr;Automobile;Owner;Above 10yr;No defect;Office areas;Undivided Two way;Tangent road with flat terrain;Y Shape;Asphalt roads;Dry;Daylight;Normal;Vehicle with vehicle collision;2;1;Other;31-50;Not a Pedestrian;No priority to vehicle;Slight Injury
18:40:00;Sunday;Male;Elementary school;Employee;2-5yr;unknown;Owner;2-5yrs;No defect;Other;Two-way (divided with broken lines road marking);Tangent road with mild grade and flat terrain;Y Shape;Asphalt roads;Dry;Daylight;Normal;Vehicle with vehicle collision;2;1;Other;na;Not a Pedestrian;Changing lane to the right;Slight Injury
08:42:00;Monday;Male;Elementary school;Employee;2-5yr;Automobile;Owner;Above 10yr;No defect;Residential areas;Two-way (divided with broken lines road marking);Tangent road with flat terrain;No junction;Asphalt roads;Dry;Daylight;Unknown;Collision with roadside objects;1;1;Other;18-30;Not a Pedestrian;Changing lane to the left;Slight Injury
22:22:00;Tuesday;Male;Junior high school;Employee;5-10yr;Public (13?45 seats);Owner;Above 10yr;No defect;Residential areas;other;Tangent road with flat terrain;No junction;Asphalt roads;Dry;Darkness - lights lit;Normal;Vehicle with vehicle collision;1;2;Going straight;na;Not a Pedestrian;No priority to vehicle;Fatal injury
22:22:00;Tuesday;Male;Junior high school;Employee;1-2yr;Public (12 seats);Owner;unknown;No defect;Residential areas;Undivided Two way;Tangent road with flat terrain;No junction;Asphalt roads;Dry;Darkness - lights lit;Normal;Vehicle with vehicle collision;1;2;Going straight;na;Not a Pedestrian;Driving carelessly;Fatal injury
07:50:00;Friday;Male;Junior high school;Employee;5-10yr;Other;Owner;Above 10yr;No defect;Other;Undivided Two way;Tangent road with flat terrain;Y Shape;Asphalt roads;Dry;Daylight;Normal;Vehicle with vehicle collision;2;1;Going straight;18-30;Not a Pedestrian;Moving Backward;Slight Injury
07:50:00;Friday;Male;Junior high school;Employee;5-10yr;Automobile;Owner;unknown;No defect;Office areas;Two-way (divided with broken lines road marking);Tangent road with flat terrain;Y Shape;Asphalt roads;Dry;Daylight;Normal;Vehicle with vehicle collision;2;1;Going straight;na;Not a Pedestrian;No distancing;Slight Injury
17:30:00;Tuesday;Male;Above high school;Employee;5-10yr;Automobile;Owner;unknown;unknown;Other;Two-way (divided with broken lines road marking);Tangent road with flat terrain;No junction;Asphalt roads;Dry;Daylight;Normal;Vehicle with vehicle collision;1;1;Going straight;31-50;Not a Pedestrian;Changing lane to the left;Serious Injury
14:55:00;Friday;Male;Junior high school;Employee;Above 10yr;Public (13?45 seats);Owner;Above 10yr;unknown;Other;other;Tangent road with flat terrain;Other;Asphalt roads;Dry;Daylight;Normal;Vehicle with vehicle collision;1;1;Going straight;31-50;Unknown or other;Changing lane to the left;Serious Injury
20:25:00;Tuesday;Male;Elementary school;Employee;2-5yr;Public (13?45 seats);Owner;5-10yrs;unknown;Office areas;Two-way (divided with broken lines road marking);Tangent road with flat terrain;Crossing;Asphalt roads;Dry;Daylight;Normal;Vehicle with vehicle collision;2;3;Going straight;31-50;Not a Pedestrian;No distancing;Slight Injury
20:25:00;Tuesday;Male;Junior high school;Employee;5-10yr;Automobile;Owner;Below 1yr;unknown; Church areas;other;Tangent road with flat terrain;Crossing;Asphalt roads;Dry;Daylight;Normal;Vehicle with vehicle collision;2;3;Going straight;na;Not a Pedestrian;Changing lane to the left;Slight Injury
20:25:00;Tuesday;Male;unknown;unknown;unknown;Other;Owner;Unknown;No defect;Other;Two-way (divided with broken lines road marking);Tangent road with flat terrain;Crossing;unknown;Dry;Daylight;Normal;Collision with roadside objects;2;3;Going straight;na;Not a Pedestrian;Driving carelessly;Slight Injury
20:25:00;Tuesday;Male;Junior high school;Employee;5-10yr;Pick up upto 10Q;Owner;unknown;unknown;Other;One way;Tangent road with flat terrain;Crossing;Asphalt roads;Dry;Daylight;Normal;Collision with roadside objects;2;3;Going straight;Under 18;Not a Pedestrian;Changing lane to the left;Slight Injury
14:57:00;Thursday;Male;Junior high school;Employee;unknown;Lorry (41?100Q);Owner;unknown;unknown;Office areas;Double carriageway (median);Tangent road with flat terrain;Unknown;Asphalt roads;Dry;Daylight;Normal;Collision with roadside objects;3;1;Going straight;Over 51;Not a Pedestrian;No distancing;Slight Injury
14:57:00;Thursday;Male;Junior high school;Employee;unknown;Automobile;Owner;unknown;unknown;Office areas;One way;Tangent road with mild grade and flat terrain;Unknown;Asphalt roads;Dry;Daylight;Normal;Vehicle with vehicle collision;3;1;Reversing;na;Not a Pedestrian;Changing lane to the right;Slight Injury
14:57:00;Thursday;Male;Junior high school;Employee;1-2yr;Automobile;Owner;unknown;unknown;Office areas;Undivided Two way;Tangent road with flat terrain;Unknown;Asphalt roads;Dry;Daylight;Normal;Collision with pedestrians;3;1;Going straight;31-50;Not a Pedestrian;No distancing;Slight Injury
14:18:00;Sunday;Male;Above high school;Owner;5-10yr;Lorry (41?100Q);Owner;unknown;No defect;Office areas;Double carriageway (median);Tangent road with flat terrain;Y Shape;Asphalt roads;Dry;Daylight;Normal;Vehicle with vehicle collision;2;1;Other;na;Not a Pedestrian;Driving to the left;Slight Injury
14:18:00;Sunday;Male;Junior high school;Employee;2-5yr;unknown;Owner;Unknown;unknown;unknown;Two-way (divided with broken lines road marking);Tangent road with flat terrain;Y Shape;Asphalt roads;Dry;Daylight;Normal;Collision with pedestrians;2;1;unknown;31-50;Not a Pedestrian;No distancing;Slight Injury
14:56:00;Tuesday;Male;Junior high school;Owner;5-10yr;Other;Owner;Below 1yr;unknown;Office areas;Undivided Two way;Tangent road with flat terrain;Y Shape;Asphalt roads;Dry;Daylight;Normal;Vehicle with vehicle collision;2;1;Getting off;na;Not a Pedestrian;Overtaking;Serious Injury
14:56:00;Tuesday;Male;High school;Employee;2-5yr;Automobile;Owner;Unknown;unknown;Other;unknown;Tangent road with flat terrain;Y Shape;Asphalt roads;Dry;Daylight;Normal;Collision with pedestrians;2;1;Going straight;18-30;Not a Pedestrian;Driving under the influence of drugs;Serious Injury
02:12:00;Sunday;Male;Junior high school;Employee;Above 10yr;Automobile;Owner;unknown;unknown;Other;Double carriageway (median);Tangent road with flat terrain;No junction;Asphalt roads;Dry;Darkness - lights lit;Normal;Vehicle with vehicle collision;4;2;Going straight;na;Not a Pedestrian;No priority to pedestrian;Slight Injury
02:12:00;Sunday;Male;Junior high school;Employee;Below 1yr;Automobile;Governmental;Unknown;unknown;Other;Two-way (divided with broken lines road marking);Tangent road with flat terrain;No junction;Asphalt roads;Dry;Darkness - lights lit;Normal;Vehicle with vehicle collision;4;2;Going straight;Over 51;Not a Pedestrian;Moving Backward;Slight Injury
02:12:00;Sunday;Male;Junior high school;Employee;Below 1yr;Automobile;Owner;unknown;unknown;Office areas;unknown;Tangent road with flat terrain;No junction;Asphalt roads;Dry;Darkness - lights lit;Normal;Vehicle with vehicle collision;4;2;Going straight;18-30;Crossing from nearside - masked by parked or statioNot a Pedestrianry vehicle;Changing lane to the right;Slight Injury
02:12:00;Sunday;Female;unknown;Owner;unknown;Lorry (41?100Q);Owner;unknown;unknown;Office areas;unknown;Tangent road with flat terrain;No junction;Asphalt roads;Dry;Darkness - lights lit;Normal;Vehicle with vehicle collision;4;2;Turnover;18-30;Not a Pedestrian;Changing lane to the left;Slight Injury
15:00:00;Tuesday;Male;Junior high school;Employee;2-5yr;Other;Owner;unknown;unknown;Office areas;Two-way (divided with broken lines road marking);Tangent road with flat terrain;Y Shape;Asphalt roads;Dry;Daylight;Normal;Vehicle with vehicle collision;1;1;Entering a junction;na;Not a Pedestrian;Changing lane to the right;Slight Injury
21:05:00;Friday;Male;unknown;unknown;unknown;Pick up upto 10Q;Governmental;unknown;No defect;Office areas;Two-way (divided with broken lines road marking);Tangent road with flat terrain;Other;Asphalt roads;Dry;Darkness - lights lit;Normal;Vehicle with vehicle collision;2;1;Entering a junction;31-50;Not a Pedestrian;Driving under the influence of drugs;Slight Injury
21:05:00;Friday;Male;Elementary school;Employee;No Licence;Stationwagen;Owner;2-5yrs;unknown; Church areas;Undivided Two way;Tangent road with flat terrain;Other;Asphalt roads;Dry;Darkness - lights lit;Normal;Vehicle with vehicle collision;2;1;Entering a junction;na;Not a Pedestrian;No priority to vehicle;Slight Injury
10:02:00;Thursday;Male;Junior high school;Employee;Above 10yr;Other;Governmental;unknown;unknown;Office areas;Two-way (divided with broken lines road marking);Tangent road with flat terrain;Y Shape;Asphalt roads;Dry;Daylight;Normal;Vehicle with vehicle collision;2;1;Entering a junction;Under 18;Not a Pedestrian;No priority to vehicle;Slight Injury
10:02:00;Thursday;Male;Junior high school;Owner;Above 10yr;Pick up upto 10Q;Governmental;Unknown;unknown;Residential areas;Two-way (divided with broken lines road marking);Tangent road with flat terrain;Y Shape;Asphalt roads;Dry;Daylight;Normal;Vehicle with vehicle collision;2;1;Other;18-30;Unknown or other;Changing lane to the left;Slight Injury
23:30:00;Friday;Male;Junior high school;Employee;Above 10yr;Stationwagen;Owner;unknown;unknown;School areas;Two-way (divided with broken lines road marking);Tangent road with flat terrain;Y Shape;Asphalt roads;Dry;Darkness - lights lit;Normal;Vehicle with vehicle collision;2;2;Entering a junction;na;Not a Pedestrian;Changing lane to the right;Slight Injury
23:30:00;Friday;Male;Junior high school;Employee;Above 10yr;Lorry (41?100Q);Owner;Unknown;unknown;Office areas;Undivided Two way;Tangent road with flat terrain;Y Shape;Asphalt roads;Dry;Darkness - lights lit;Normal;Vehicle with vehicle collision;2;2;Turnover;na;Not a Pedestrian;Changing lane to the right;Slight Injury
23:30:00;Friday;Male;Junior high school;Owner;5-10yr;Automobile;Owner;5-10yrs;unknown;Other;Undivided Two way;Tangent road with flat terrain;Y Shape;Asphalt roads;Dry;Darkness - lights lit;Normal;Vehicle with vehicle collision;2;2;Entering a junction;na;Not a Pedestrian;Changing lane to the left;Slight Injury
09:10:00;Tuesday;Male;Junior high school;Employee;Below 1yr;unknown;Owner;unknown;unknown;Other;Double carriageway (median);Tangent road with flat terrain;No junction;Asphalt roads;Dry;Daylight;Normal;Rollover;1;1;Entering a junction;18-30;Not a Pedestrian;Changing lane to the left;Slight Injury
18:49:00;Wednesday;Male;Junior high school;Employee;2-5yr;Automobile;Governmental;unknown;No defect;Other;Double carriageway (median);Tangent road with flat terrain;Y Shape;Asphalt roads;Dry;Daylight;Normal;Collision with roadside objects;2;1;Entering a junction;31-50;Not a Pedestrian;Getting off the vehicle improperly;Serious Injury
18:49:00;Wednesday;Male;Junior high school;Employee;unknown;Automobile;Owner;5-10yrs;No defect;Other;Two-way (divided with broken lines road marking);Tangent road with flat terrain;Y Shape;Asphalt roads;Dry;Daylight;Normal;Vehicle with vehicle collision;2;1;Entering a junction;31-50;Not a Pedestrian;Overtaking;Serious Injury
11:30:00;Friday;Male;Above high school;Employee;1-2yr;Turbo;Owner;Unknown;No defect;Office areas;Double carriageway (median);Tangent road with mild grade and flat terrain;Y Shape;Asphalt roads;Dry;Daylight;Normal;Vehicle with vehicle collision;2;1;Entering a junction;Over 51;Crossing from driver's nearside;Changing lane to the left;Slight Injury
11:30:00;Friday;Unknown;Junior high school;Employee;1-2yr;unknown;Owner;unknown;unknown;Office areas;Two-way (divided with broken lines road marking);Tangent road with flat terrain;Y Shape;Asphalt roads;Dry;Daylight;Normal;Vehicle with vehicle collision;2;1;Other;Over 51;Crossing from offside - masked by  parked or statioNot a Pedestrianry vehicle;Driving under the influence of drugs;Slight Injury
19:24:00;Monday;Female;Junior high school;Employee;1-2yr;Stationwagen;Owner;unknown;unknown;Office areas;unknown;Tangent road with mild grade and flat terrain;Crossing;Asphalt roads;Wet or damp;Darkness - lights lit;Raining;Collision with pedestrians;1;1;Going straight;18-30;Not a Pedestrian;Driving carelessly;Serious Injury
16:25:00;Monday;Male;Unknown;Employee;5-10yr;Automobile;Owner;unknown;unknown;Office areas;unknown;Tangent road with mild grade and flat terrain;No junction;Asphalt roads;Dry;Daylight;Normal;Collision with pedestrians;1;1;Going straight;na;Not a Pedestrian;Moving Backward;Serious Injury
17:15:00;Sunday;Male;Junior high school;Employee;Above 10yr;Automobile;Owner;unknown;unknown;Office areas;One way;Tangent road with flat terrain;No junction;Asphalt roads;Dry;Daylight;Unknown;Vehicle with vehicle collision;2;1;Other;18-30;Not a Pedestrian;No distancing;Slight Injury
17:15:00;Sunday;Male;Junior high school;Employee;Above 10yr;Automobile;unknown;unknown;unknown;Office areas;Two-way (divided with broken lines road marking);Tangent road with flat terrain;No junction;Gravel roads;Dry;Daylight;Unknown;Vehicle with vehicle collision;2;1;Going straight;na;Not a Pedestrian;No priority to vehicle;Slight Injury
10:18:00;Sunday;Male;Junior high school;Employee;5-10yr;Pick up upto 10Q;Owner;unknown;unknown;Office areas;unknown;Tangent road with flat terrain;No junction;Asphalt roads;Dry;Daylight;Normal;Collision with pedestrians;2;1;Going straight;Under 18;Unknown or other;Overturning;Slight Injury
10:18:00;Sunday;Male;Junior high school;Employee;2-5yr;Lorry (41?100Q);Owner;5-10yrs;unknown;Other;Undivided Two way;Tangent road with flat terrain;No junction;Asphalt roads;Dry;Daylight;Normal;Collision with pedestrians;2;1;Going straight;na;Not a Pedestrian;Changing lane to the left;Slight Injury
18:55:00;Sunday;Male;Junior high school;Employee;Below 1yr;Lorry (41?100Q);Owner;unknown;No defect;Other;Two-way (divided with broken lines road marking);Tangent road with flat terrain;No junction;Asphalt roads;Wet or damp;Daylight;Normal;Collision with pedestrians;1;4;Going straight;5;Not a Pedestrian;No distancing;Serious Injury
18:55:00;Sunday;Male;Junior high school;Employee;1-2yr;Automobile;unknown;2-5yrs;No defect;Residential areas;Two-way (divided with broken lines road marking);Tangent road with flat terrain;No junction;Asphalt roads;Wet or damp;Daylight;Normal;Vehicle with vehicle collision;1;4;Going straight;31-50;Not a Pedestrian;Moving Backward;Serious Injury
18:55:00;Sunday;Male;Junior high school;Employee;5-10yr;Lorry (41?100Q);Owner;unknown;No defect;Other;Two-way (divided with broken lines road marking);Tangent road with flat terrain;No junction;Asphalt roads;Wet or damp;Daylight;Normal;Collision with roadside objects;1;4;Reversing;na;Not a Pedestrian;No priority to vehicle;Serious Injury
18:55:00;Sunday;Male;Junior high school;Employee;Below 1yr;Lorry (41?100Q);Owner;5-10yrs;No defect;Other;Two-way (divided with broken lines road marking);Tangent road with flat terrain;No junction;Asphalt roads;Wet or damp;Daylight;Normal;Vehicle with vehicle collision;1;4;Moving Backward;na;Not a Pedestrian;No priority to vehicle;Serious Injury
22:00:00;Friday;Female;Elementary school;Employee;5-10yr;Lorry (41?100Q);Governmental;unknown;No defect;Other;Two-way (divided with broken lines road marking);Tangent road with flat terrain;Y Shape;Asphalt roads;Dry;Darkness - lights lit;Normal;Vehicle with vehicle collision;2;1;Overtaking;18-30;Not a Pedestrian;No distancing;Slight Injury
22:00:00;Friday;Male;Junior high school;Employee;2-5yr;Lorry (41?100Q);Owner;5-10yrs;unknown;Other;Undivided Two way;Tangent road with flat terrain;Y Shape;Asphalt roads;Dry;Darkness - lights lit;Normal;Collision with roadside objects;2;1;Going straight;31-50;Not a Pedestrian;No distancing;Slight Injury
08:30:00;Friday;Male;Junior high school;Employee;5-10yr;Automobile;Owner;unknown;unknown; Industrial areas;Undivided Two way;Tangent road with flat terrain;Other;Asphalt roads;Dry;Daylight;Normal;Vehicle with vehicle collision;1;1;Going straight;na;Not a Pedestrian;Overtaking;Slight Injury
17:20:00;Wednesday;Unknown;Elementary school;Employee;5-10yr;Automobile;Owner;5-10yrs;unknown; Industrial areas;Undivided Two way;Tangent road with flat terrain;No junction;Asphalt roads with some distress;Dry;Daylight;Normal;Vehicle with vehicle collision;1;1;Going straight;na;Not a Pedestrian;Driving under the influence of drugs;Slight Injury
12:41:00;Tuesday;Male;Junior high school;Employee;Above 10yr;Automobile;Owner;unknown;No defect; Church areas;Double carriageway (median);Tangent road with flat terrain;No junction;Asphalt roads;Wet or damp;Daylight;Raining;Vehicle with vehicle collision;2;1;Going straight;18-30;Not a Pedestrian;Changing lane to the right;Slight Injury
12:41:00;Tuesday;Male;Junior high school;Employee;1-2yr;Public (13?45 seats);Owner;unknown;No defect;Other;Undivided Two way;Tangent road with flat terrain;No junction;Asphalt roads;Wet or damp;Daylight;Raining;Vehicle with vehicle collision;2;1;Going straight;31-50;Not a Pedestrian;Changing lane to the left;Slight Injury
15:08:00;Saturday;Male;High school;Employee;Below 1yr;Automobile;Owner;Above 10yr;unknown;Other;Undivided Two way;Tangent road with flat terrain;No junction;Asphalt roads;Dry;Daylight;Normal;Collision with pedestrians;1;1;Going straight;na;Not a Pedestrian;Driving carelessly;Serious Injury
06:33:00;Monday;Male;Elementary school;Employee;Above 10yr;Public (13?45 seats);Owner;Unknown;No defect;Office areas;Undivided Two way;Tangent road with flat terrain;Crossing;Asphalt roads;Wet or damp;Darkness - lights lit;Raining;Rollover;2;1;Going straight;31-50;Not a Pedestrian;Moving Backward;Slight Injury
06:33:00;Monday;Unknown;High school;Owner;1-2yr;Public (13?45 seats);Owner;Unknown;No defect;Office areas;Undivided Two way;Tangent road with flat terrain;Crossing;Asphalt roads;Wet or damp;Darkness - lights lit;Raining;Vehicle with vehicle collision;2;1;Going straight;na;Not a Pedestrian;Moving Backward;Slight Injury