Time;Day_of_week;Sex_of_driver;Educational_level;Vehicle_driver_relation;Driving_experience;Type_of_vehicle;Owner_of_vehicle;Service_year_of_vehicle;Defect_of_vehicle;Area_accident_occured;Lanes_or_Medians;Road_allignment;Types_of_Junction;Road_surface_type;Road_surface_conditions;Light_conditions;Weather_conditions;Type_of_collision;Number_of_vehicles_involved;Number_of_casualties;Vehicle_movement;Age_band_of_casualty;Pedestrian_movement;Cause_of_accident;Accident_severity
08:45:00;Thursday;Male;Junior high school;Employee;2-5yr;Automobile;Governmental;Below 1yr;unknown;Residential areas;Two-way (divided with broken lines road marking);Tangent road with flat terrain;Other;Asphalt roads;Dry;Daylight;Normal;Vehicle with vehicle collision;2;2;Going straight;na;Not a Pedestrian;Changing lane to the right;Slight Injury
08:45:00;Thursday;Male;unknown;Employee;5-10yr;Lorry (11?40Q);Owner;Unknown;No defect; Industrial areas;Undivided Two way;Tangent road with flat terrain;Other;Asphalt roads;Dry;Daylight;Normal;Vehicle with vehicle collision;2;2;Going straight;18-30;Not a Pedestrian;No priority to vehicle;Slight Injury
08:45:00;Thursday;Male;High school;Owner;2-5yr;Automobile;Owner;unknown;No defect;Office areas;Undivided Two way;Tangent road with flat terrain;Other;Asphalt roads;Dry;Daylight;Normal;Collision with roadside objects;2;2;Going straight;18-30;Not a Pedestrian;Driving at high speed;Slight Injury
07:51:00;Thursday;Male;High school;Employee;Above 10yr;Lorry (41?100Q);Owner;unknown;No defect;Other;Undivided Two way;Tangent road with flat terrain;Y Shape;Asphalt roads;Dry;Daylight;Normal;Vehicle with vehicle collision;2;1;Other;na;Not a Pedestrian;Driving under the influence of drugs;Slight Injury
07:51:00;Thursday;Male;Junior high school;Employee;1-2yr;Other;Owner;unknown;unknown;Other;Two-way (divided with broken lines road marking);Tangent road with flat terrain;Y Shape;Asphalt roads;Dry;Daylight;Normal;Rollover;2;1;Going straight;31-50;Not a Pedestrian;Changing lane to the right;Slight Injury
17:14:00;Wednesday;Male;Elementary school;Employee;1-2yr;Pick up upto 10Q;Owner;unknown;No defect;Residential areas;Undivided Two way;Tangent road with flat terrain;Y Shape;Asphalt roads;Dry;Daylight;Normal;Collision with roadside objects;1;1;Moving Backward;31-50;Not a Pedestrian;Driving carelessly;Slight Injury
22:15:00;Friday;Male;High school;Employee;1-2yr;Lorry (11?40Q);Owner;unknown;unknown;Office areas;Two-way (divided with broken lines road marking);Tangent road with flat terrain;Y Shape;Asphalt roads;Dry;Darkness - lights lit;Unknown;Vehicle with vehicle collision;2;2;Other;31-50;Not a Pedestrian;No distancing;Slight Injury
22:15:00;Friday;Male;Above high school;Employee;5-10yr;Motorcycle;Organization;unknown;unknown;Residential areas;other;Tangent road with flat terrain;Y Shape;Asphalt roads;Dry;Darkness - lights lit;Unknown;Vehicle with vehicle collision;2;2;Going straight;18-30;Not a Pedestrian;Changing lane to the left;Slight Injury
22:15:00;Friday;Male;unknown;unknown;unknown;Pick up upto 10Q;Owner;unknown;unknown;Office areas;Two-way (divided with broken lines road marking);Tangent road with flat terrain;Y Shape;Asphalt roads;Dry;Darkness - lights lit;Unknown;Vehicle with vehicle collision;2;2;Going straight;31-50;Not a Pedestrian;No distancing;Slight Injury
15:31:00;Thursday;Male;Junior high school;Employee;5-10yr;Lorry (11?40Q);unknown;unknown;unknown; Church areas;Two-way (divided with broken lines road marking);Tangent road with flat terrain;No junction;Asphalt roads;Dry;Daylight;Normal;Vehicle with vehicle collision;1;1;Going straight;na;Not a Pedestrian;No distancing;Slight Injury
23:16:00;Tuesday;Male;Elementary school;Owner;5-10yr;Lorry (11?40Q);Organization;5-10yrs;unknown;Residential areas;Two-way (divided with broken lines road marking);Tangent road with flat terrain;Other;Asphalt roads;Dry;Darkness - lights lit;Normal;Vehicle with vehicle collision;2;2;Going straight;18-30;Not a Pedestrian;Getting off the vehicle improperly;Serious Injury
23:16:00;Tuesday;Male;Elementary school;Employee;5-10yr;Automobile;Owner;Above 10yr;unknown;School areas;other;Tangent road with flat terrain;Other;Asphalt roads;Dry;Darkness - lights lit;Normal;Vehicle with vehicle collision;2;2;Going straight;18-30;Not a Pedestrian;Overtaking;Serious Injury
15:32:00;Saturday;Male;High school;Owner;5-10yr;Automobile;Owner;5-10yrs;unknown; Hospital areas;other;Steep grade downward with mountainous terrain;No junction;Asphalt roads;Dry;Daylight;Normal;Collision with pedestrians;2;1;Going straight;18-30;Not a Pedestrian;Driving carelessly;Slight Injury
15:32:00;Saturday;Male;Junior high school;Employee;5-10yr;Other;Owner;2-5yrs;unknown;Other;Undivided Two way;Tangent road with flat terrain;No junction;Asphalt roads;Dry;Daylight;Normal;Vehicle with vehicle collision;2;1;Going straight;na;Not a Pedestrian;Driving under the influence of drugs;Slight Injury
09:39:00;Saturday;Female;Junior high school;Owner;1-2yr;Other;Owner;unknown;unknown;School areas;Double carriageway (median);Tangent road with flat terrain;No junction;Asphalt roads;Dry;Daylight;Normal;Vehicle with vehicle collision;2;1;Going straight;na;Not a Pedestrian;Moving Backward;Slight Injury
09:39:00;Saturday;Male;Junior high school;Employee;2-5yr;Automobile;Owner;Above 10yr;No defect;Other;other;Tangent road with flat terrain;No junction;Asphalt roads;Dry;Daylight;Normal;Collision with roadside objects;2;1;Going straight;31-50;Not a Pedestrian;Overturning;Slight Injury
17:25:00;Thursday;Male;Junior high school;Owner;5-10yr;Taxi;Owner;5-10yrs;unknown; Industrial areas;Undivided Two way;Tangent road with flat terrain;No junction;Asphalt roads;Dry;Daylight;Normal;Vehicle with vehicle collision;2;2;Other;18-30;Not a Pedestrian;Driving under the influence of drugs;Slight Injury
17:25:00;Thursday;Male;Junior high school;Owner;Above 10yr;Other;Owner;Unknown;No defect; Church areas;Two-way (divided with broken lines road marking);Tangent road with flat terrain;No junction;Asphalt roads;Dry;Daylight;Normal;Vehicle with vehicle collision;2;2;Reversing;18-30;Not a Pedestrian;Changing lane to the right;Slight Injury
17:00:00;Friday;Male;High school;Employee;5-10yr;Taxi;Owner;unknown;No defect;Office areas;Two-way (divided with broken lines road marking);Tangent road with flat terrain;No junction;Asphalt roads;Dry;Daylight;Normal;Vehicle with vehicle collision;2;3;Other;na;Not a Pedestrian;Changing lane to the left;Slight Injury
17:00:00;Friday;Male;High school;Owner;2-5yr;Lorry (11?40Q);Owner;unknown;No defect;Other;Two-way (divided with broken lines road marking);Tangent road with flat terrain;No junction;Asphalt roads;Dry;Daylight;Normal;Collision with roadside objects;2;3;Other;Over 51;Not a Pedestrian;No distancing;Slight Injury
17:00:00;Friday;Male;Junior high school;Employee;5-10yr;Automobile;Owner;unknown;No defect;Office areas;Double carriageway (median);Tangent road with flat terrain;No junction;Asphalt roads;Dry;Daylight;Normal;Vehicle with vehicle collision;2;3;Reversing;18-30;Not a Pedestrian;No distancing;Slight Injury
13:25:00;Sunday;Male;Elementary school;Employee;2-5yr;Other;Owner;unknown;No defect;Office areas;Double carriageway (median);Tangent road with flat terrain;Y Shape;Asphalt roads;Dry;Daylight;Normal;Vehicle with vehicle collision;1;1;Going straight;na;Not a Pedestrian;No priority to vehicle;Serious Injury
06:11:00;Wednesday;Male;Elementary school;Employee;5-10yr;Automobile;Governmental;unknown;No defect;Office areas;Double carriageway (median);Tangent road with flat terrain;Unknown;Asphalt roads;Wet or damp;Darkness - lights lit;Raining;Vehicle with vehicle collision;2;2;Going straight;Over 51;Crossing from driver's nearside;Moving Backward;Slight Injury
06:11:00;Wednesday;Male;Junior high school;Employee;1-2yr;Automobile;Owner;unknown;No defect;Residential areas;Double carriageway (median);Tangent road with flat terrain;Unknown;Asphalt roads;Wet or damp;Darkness - lights lit;Raining;Vehicle with vehicle collision;2;2;Going straight;31-50;Crossing from nearside - masked by parked or statioNot a Pedestrianry vehicle;Moving Backward;Slight Injury
20:40:00;Sunday;Male;Junior high school;Employee;5-10yr;Automobile;Owner;unknown;No defect;Office areas;Double carriageway (median);Tangent road with flat terrain;Y Shape;Asphalt roads;Dry;Darkness - lights lit;Normal;Vehicle with vehicle collision;2;1;Going straight;18-30;Not a Pedestrian;Getting off the vehicle improperly;Serious Injury
20:40:00;Sunday;Male;unknown;unknown;unknown;Automobile;Owner;2-5yrs;unknown;Other;Undivided Two way;Tangent road with flat terrain;Y Shape;Asphalt roads;Dry;Darkness - lights lit;Normal;Vehicle with vehicle collision;2;1;Turnover;na;Not a Pedestrian;Changing lane to the left;Serious Injury
22:55:00;Saturday;Male;Elementary school;Employee;Above 10yr;Lorry (41?100Q);Owner;2-5yrs;unknown; Industrial areas;One way;unknown;No junction;Asphalt roads;Dry;Darkness - lights lit;Normal;Vehicle with vehicle collision;1;3;Going straight;18-30;Crossing from driver's nearside;Changing lane to the left;Serious Injury
22:55:00;Saturday;Male;Elementary school;Employee;Below 1yr;Other;Owner;unknown;No defect;Other;One way;Tangent road with flat terrain;No junction;Asphalt roads;Dry;Darkness - lights lit;Normal;Collision with roadside objects;1;3;Going straight;Under 18;Not a Pedestrian;No priority to vehicle;Serious Injury
22:55:00;Saturday;Male;Junior high school;Employee;2-5yr;Pick up upto 10Q;Owner;unknown;No defect;Office areas;Double carriageway (median);Tangent road with flat terrain;No junction;Asphalt roads;Dry;Darkness - lights lit;Normal;Vehicle with vehicle collision;1;3;Going straight;na;Not a Pedestrian;Changing lane to the right;Serious Injury
17:50:00;Thursday;Male;Elementary school;Owner;1-2yr;Pick up upto 10Q;Governmental;Unknown;unknown;Office areas;Two-way (divided with broken lines road marking);Tangent road with flat terrain;No junction;Asphalt roads;Dry;Daylight;Normal;Vehicle with vehicle collision;2;1;Going straight;31-50;Not a Pedestrian;Changing lane to the right;Slight Injury
17:50:00;Thursday;Male;Junior high school;Owner;5-10yr;Automobile;Governmental;unknown;No defect;unknown;Double carriageway (median);Tangent road with flat terrain;No junction;Asphalt roads;Dry;Daylight;Normal;Vehicle with vehicle collision;2;1;Going straight;na;Not a Pedestrian;Driving carelessly;Slight Injury
09:23:00;Sunday;Male;Junior high school;Employee;2-5yr;Long lorry;Owner;unknown;unknown;Other;unknown;Tangent road with flat terrain;Other;Asphalt roads;Dry;Daylight;Normal;Vehicle with vehicle collision;2;1;Moving Backward;na;Not a Pedestrian;Changing lane to the left;Slight Injury
09:23:00;Sunday;Male;Junior high school;Employee;2-5yr;Automobile;Owner;Unknown;unknown;Office areas;Double carriageway (median);Tangent road with flat terrain;Other;Asphalt roads;Dry;Daylight;Normal;Vehicle with vehicle collision;2;1;Going straight;18-30;Not a Pedestrian;Changing lane to the right;Slight Injury
00:56:00;Thursday;Male;High school;Employee;2-5yr;Public (13?45 seats);Owner;unknown;No defect;Office areas;Two-way (divided with broken lines road marking);Tangent road with flat terrain;No junction;Asphalt roads;Dry;Darkness - lights lit;Normal;Vehicle with vehicle collision;1;2;Going straight;18-30;Not a Pedestrian;Driving under the influence of drugs;Serious Injury
00:56:00;Thursday;Male;Junior high school;Employee;Above 10yr;Lorry (41?100Q);Owner;5-10yrs;unknown;Office areas;Undivided Two way;Tangent road with flat terrain;No junction;Asphalt roads;Dry;Darkness - lights lit;Normal;Vehicle with vehicle collision;1;2;Turnover;na;Not a Pedestrian;Driving carelessly;Serious Injury
08:05:00;Thursday;Male;Junior high school;Employee;2-5yr;Public (13?45 seats);Owner;unknown;unknown;Other;Undivided Two way;Tangent road with flat terrain;No junction;Asphalt roads;Dry;Daylight;Normal;Collision with roadside objects;2;1;Going straight;Over 51;Walking along in carriageway, back to traffic;No distancing;Slight Injury
08:05:00;Thursday;Male;Junior high school;Employee;1-2yr;Other;Owner;unknown;No defect;Other;Undivided Two way;Tangent road with flat terrain;No junction;Asphalt roads;Dry;Daylight;Normal;Rollover;2;1;Going straight;31-50;Not a Pedestrian;No priority to vehicle;Slight Injury
19:30:00;Thursday;Male;Junior high school;Employee;2-5yr;Lorry (41?100Q);Owner;unknown;No defect;  Recreational areas;Undivided Two way;Tangent road with flat terrain;Y Shape;Asphalt roads;Wet or damp;Darkness - lights lit;Normal;Vehicle with vehicle collision;2;1;Going straight;31-50;Not a Pedestrian;No priority to vehicle;Slight Injury
19:30:00;Thursday;Male;Junior high school;Employee;5-10yr;Lorry (41?100Q);Owner;unknown;No defect; Church areas;Undivided Two way;Tangent road with flat terrain;Y Shape;Asphalt roads;Wet or damp;Darkness - lights lit;Normal;Vehicle with vehicle collision;2;1;Going straight;na;Not a Pedestrian;No priority to vehicle;Slight Injury
16:47:00;Friday;Male;Junior high school;Employee;1-2yr;Long lorry;Other;1-2yr;No defect;  Recreational areas;other;Tangent road with flat terrain;Crossing;Asphalt roads;Dry;Daylight;Normal;Vehicle with vehicle collision;2;2;Going straight;31-50;Not a Pedestrian;Changing lane to the left;Slight Injury
16:47:00;Friday;Male;Elementary school;Employee;1-2yr;Pick up upto 10Q;Owner;5-10yrs;No defect;School areas;other;Tangent road with flat terrain;Crossing;Asphalt roads;Dry;Daylight;Normal;Vehicle with vehicle collision;2;2;Going straight;na;Not a Pedestrian;Moving Backward;Slight Injury
16:47:00;Friday;Male;Junior high school;Employee;2-5yr;Pick up upto 10Q;Owner;unknown;No defect; Church areas;Double carriageway (median);Tangent road with flat terrain;Crossing;Asphalt roads;Dry;Daylight;Normal;Vehicle with vehicle collision;2;2;Moving Backward;18-30;Unknown or other;Driving carelessly;Slight Injury
14:28:00;Tuesday;Male;Junior high school;Employee;Above 10yr;Lorry (41?100Q);Owner;5-10yrs;unknown;Office areas;unknown;Tangent road with flat terrain;No junction;Asphalt roads;Wet or damp;Daylight;Normal;Vehicle with vehicle collision;1;1;Going straight;31-50;Unknown or other;Driving under the influence of drugs;Slight Injury
12:35:00;Saturday;Male;Junior high school;Employee;Below 1yr;Lorry (41?100Q);Owner;2-5yrs;unknown;Residential areas;One way;Steep grade downward with mountainous terrain;No junction;Asphalt roads;Dry;Daylight;Normal;Vehicle with vehicle collision;2;1;Going straight;31-50;Crossing from driver's nearside;Changing lane to the right;Slight Injury
12:35:00;Saturday;Female;Junior high school;Employee;Above 10yr;Automobile;Owner;unknown;No defect;Other;One way;Tangent road with flat terrain;No junction;Asphalt roads;Dry;Daylight;Normal;Vehicle with vehicle collision;2;1;Going straight;Under 18;In carriageway, statioNot a Pedestrianry - not crossing  (standing or playing) - masked by parked or statioNot a Pedestrianry vehicle;No priority to vehicle;Slight Injury
01:20:00;Sunday;Male;Elementary school;Owner;5-10yr;Other;Owner;unknown;No defect;Other;Undivided Two way;Tangent road with flat terrain;Crossing;Asphalt roads;Dry;Darkness - lights lit;Normal;Collision with roadside objects;2;2;Going straight;na;Not a Pedestrian;Changing lane to the right;Slight Injury
01:20:00;Sunday;Male;Elementary school;Employee;Above 10yr;unknown;Governmental;1-2yr;No defect; Industrial areas;One way;Tangent road with flat terrain;Crossing;Asphalt roads;Dry;Darkness - lights lit;Normal;Vehicle with vehicle collision;2;2;Moving Backward;31-50;Not a Pedestrian;Driving to the left;Slight Injury
01:20:00;Sunday;Male;Junior high school;Employee;1-2yr;Other;Governmental;1-2yr;No defect; Church areas;other;Steep grade downward with mountainous terrain;Crossing;Asphalt roads;Dry;Darkness - lights lit;Normal;Vehicle with vehicle collision;2;2;Going straight;na;Not a Pedestrian;Moving Backward;Slight Injury
15:30:00;Thursday;Female;unknown;unknown;unknown;Automobile;Organization;1-2yr;No defect;Office areas;other;Tangent road with flat terrain;No junction;Asphalt roads;Wet or damp;Daylight;Other;Vehicle with vehicle collision;2;1;Other;18-30;Unknown or other;No priority to vehicle;Slight Injury
15:30:00;Thursday;Male;High school;Owner;5-10yr;Pick up upto 10Q;Owner;Unknown;No defect;Office areas;Undivided Two way;Tangent road with flat terrain;No junction;Asphalt roads;Wet or damp;Daylight;Other;Vehicle with vehicle collision;2;1;Other;18-30;Not a Pedestrian;No distancing;Slight Injury
14:50:00;Wednesday;Male;Elementary school;Employee;2-5yr;Automobile;Owner;unknown;unknown;Office areas;Double carriageway (median);Tangent road with flat terrain;Y Shape;Asphalt roads;Wet or damp;Daylight;Normal;Collision with pedestrians;2;1;Going straight;18-30;Not a Pedestrian;Driving carelessly;Slight Injury
14:50:00;Wednesday;Male;unknown;unknown;unknown;Public (12 seats);Owner;2-5yrs;unknown;Other;Two-way (divided with broken lines road marking);Tangent road with flat terrain;Y Shape;Asphalt roads;Wet or damp;Daylight;Normal;Collision with pedestrians;2;1;Going straight;na;Not a Pedestrian;Changing lane to the left;Slight Injury
16:20:00;Saturday;Male;unknown;unknown;unknown;Automobile;Owner;unknown;unknown;Office areas;Undivided Two way;Tangent road with flat terrain;Y Shape;Asphalt roads;Dry;Daylight;Normal;Vehicle with vehicle collision;1;1;Going straight;31-50;Unknown or other;No priority to vehicle;Serious Injury
16:30:00;Monday;Male;High school;Owner;1-2yr;Other;Owner;unknown;No defect;Other;Double carriageway (median);Tangent road with flat terrain;Y Shape;Asphalt roads;Wet or damp;Daylight;Normal;Vehicle with vehicle collision;2;1;Going straight;18-30;Not a Pedestrian;No priority to vehicle;Slight Injury
16:30:00;Monday;Male;Junior high school;Employee;1-2yr;Public (12 seats);Owner;Above 10yr;No defect; Industrial areas;Two-way (divided with broken lines road marking);Tangent road with flat terrain;Y Shape;Asphalt roads;Wet or damp;Daylight;Normal;Vehicle with vehicle collision;2;1;Other;31-50;Not a Pedestrian;No distancing;Slight Injury
11:50:00;Friday;Male;Junior high school;Employee;1-2yr;Stationwagen;Owner;unknown;No defect;Residential areas;other;Tangent road with flat terrain;Y Shape;Asphalt roads;Dry;Daylight;Unknown;Rollover;2;1;Going straight;na;Not a Pedestrian;Driving to the left;Slight Injury
11:50:00;Friday;Male;Junior high school;Employee;Above 10yr;Lorry (41?100Q);Owner;unknown;No defect;Other;Two-way (divided with broken lines road marking);Tangent road with flat terrain;Y Shape;Asphalt roads;Dry;Daylight;Unknown;Vehicle with vehicle collision;2;1;Getting off;31-50;Not a Pedestrian;Driving carelessly;Slight Injury
17:11:00;Sunday;Male;Junior high school;Employee;1-2yr;Lorry (41?100Q);Owner;5-10yrs;unknown;Other;One way;Tangent road with flat terrain;Y Shape;Asphalt roads;Wet or damp;Darkness - lights lit;Raining;Vehicle with vehicle collision;2;1;Going straight;na;Not a Pedestrian;Driving carelessly;Slight Injury
17:11:00;Sunday;Male;High school;Owner;Above 10yr;Lorry (41?100Q);Owner;1-2yr;No defect;Other;One way;Tangent road with flat terrain;Y Shape;Asphalt roads;Wet or damp;Darkness - lights lit;Raining;Collision with pedestrians;2;1;Going straight;18-30;Not a Pedestrian;Changing lane to the right;Slight Injury
18:00:00;Tuesday;Male;Junior high school;Employee;Above 10yr;Automobile;Owner;unknown;unknown;Other;Undivided Two way;Tangent road with flat terrain;Y Shape;Asphalt roads with some distress;Wet or damp;Darkness - lights lit;Normal;Vehicle with vehicle collision;2;1;Going straight;18-30;Not a Pedestrian;Driving carelessly;Slight Injury
18:00:00;Tuesday;Male;Junior high school;Employee;1-2yr;Lorry (41?100Q);unknown;unknown;unknown;Other;Two-way (divided with broken lines road marking);Tangent road with flat terrain;Y Shape;Asphalt roads;Wet or damp;Darkness - lights lit;Normal;Vehicle with vehicle collision;2;1;Going straight;na;Not a Pedestrian;Changing lane to the left;Slight Injury
23:51:00;Friday;Female;Junior high school;Employee;1-2yr;unknown;Governmental;Below 1yr;No defect;Residential areas;other;Steep grade downward with mountainous terrain;Y Shape;Asphalt roads;Wet or damp;Darkness - lights lit;Normal;Vehicle with vehicle collision;1;1;Going straight;31-50;Crossing from nearside - masked by parked or statioNot a Pedestrianry vehicle;Driving carelessly;Fatal injury
11:48:00;Monday;Male;High school;Employee;2-5yr;Public (12 seats);Owner;unknown;No defect;Office areas;Two-way (divided with broken lines road marking);Tangent road with flat terrain;No junction;Asphalt roads;Dry;Daylight;Normal;Collision with pedestrians;2;1;Going straight;31-50;Not a Pedestrian;Driving carelessly;Serious Injury
11:48:00;Monday;Male;Junior high school;Employee;2-5yr;Automobile;Owner;unknown;unknown;Office areas;Two-way (divided with broken lines road marking);Tangent road with flat terrain;No junction;Asphalt roads;Dry;Daylight;Normal;Vehicle with vehicle collision;2;1;Moving Backward;na;Not a Pedestrian;Driving under the influence of drugs;Serious Injury
20:30:00;Tuesday;Male;Junior high school;Employee;1-2yr;Stationwagen;Owner;Unknown;No defect;Other;Two-way (divided with broken lines road marking);Tangent road with flat terrain;No junction;Gravel roads;Wet or damp;Darkness - lights lit;Raining;Collision with pedestrians;1;1;Going straight;31-50;Walking along in carriageway, facing traffic;Driving carelessly;Slight Injury
11:00:00;Monday;Male;Elementary school;Employee;5-10yr;Automobile;Owner;Above 10yr;No defect;Other;One way;Tangent road with flat terrain;Y Shape;Asphalt roads;Dry;Daylight;Normal;Vehicle with vehicle collision;2;2;Other;18-30;Not a Pedestrian;No distancing;Slight Injury
11:00:00;Monday;Male;Junior high school;Employee;5-10yr;Lorry (41?100Q);Owner;unknown;No defect;Office areas;Two-way (divided with broken lines road marking);Tangent road with flat terrain;Y Shape;Asphalt roads;Dry;Daylight;Normal;Vehicle with vehicle collision;2;2;Going straight;na;Not a Pedestrian;Driving carelessly;Slight Injury
11:00:00;Monday;Male;Junior high school;Employee;1-2yr;Other;Owner;2-5yrs;unknown;Office areas;Undivided Two way;Tangent road with flat terrain;Y Shape;Asphalt roads;Dry;Daylight;Normal;Vehicle with vehicle collision;2;2;Going straight;na;Not a Pedestrian;Driving to the left;Slight Injury
08:09:00;Saturday;Male;Elementary school;Other;5-10yr;Pick up upto 10Q;Owner;unknown;No defect;Other;Two-way (divided with broken lines road marking);Tangent road with flat terrain;Crossing;Asphalt roads;Dry;Daylight;Normal;Vehicle with vehicle collision;2;3;Going straight;18-30;Not a Pedestrian;Overtaking;Slight Injury
08:09:00;Saturday;Male;Junior high school;Employee;2-5yr;unknown;Owner;unknown;No defect;Other;Two-way (divided with broken lines road marking);Tangent road with flat terrain;Crossing;Asphalt roads;Dry;Daylight;Normal;Vehicle with vehicle collision;2;3;Going straight;31-50;Not a Pedestrian;No distancing;Slight Injury
08:09:00;Saturday;Male;Elementary school;Employee;5-10yr;Lorry (41?100Q);Governmental;Unknown;unknown;Residential areas;Two-way (divided with broken lines road marking);Tangent road with flat terrain;Crossing;Asphalt roads;Dry;Daylight;Normal;Collision with roadside objects;2;3;unknown;31-50;Not a Pedestrian;Driving carelessly;Slight Injury
18:00:00;Saturday;Female;Junior high school;Employee;Above 10yr;Automobile;Owner;1-2yr;No defect;Other;Undivided Two way;Tangent road with flat terrain;Other;Asphalt roads;Dry;Daylight;Normal;Vehicle with vehicle collision;2;1;Moving Backward;31-50;Crossing from driver's nearside;No priority to vehicle;Slight Injury
18:00:00;Saturday;Male;Junior high school;Employee;Above 10yr;Public (13?45 seats);Owner;unknown;No defect;Office areas;Undivided Two way;Tangent road with flat terrain;Other;Asphalt roads;Dry;Daylight;Normal;Vehicle with vehicle collision;2;1;unknown;18-30;Crossing from nearside - masked by parked or statioNot a Pedestrianry vehicle;No priority to vehicle;Slight Injury
10:15:00;Saturday;Male;Elementary school;Owner;2-5yr;Automobile;Owner;2-5yrs;No defect;Office areas;Undivided Two way;Tangent road with flat terrain;No junction;Asphalt roads;Wet or damp;Daylight;Other;Collision with roadside objects;2;1;Going straight;na;Not a Pedestrian;No priority to vehicle;Slight Injury
10:15:00;Saturday;Male;Elementary school;Employee;5-10yr;Lorry (41?100Q);unknown;unknown;unknown;Other;Undivided Two way;Tangent road with flat terrain;No junction;Earth roads;Wet or damp;Daylight;Other;Vehicle with vehicle collision;2;1;Going straight;31-50;Not a Pedestrian;No priority to vehicle;Slight Injury
01:35:00;Sunday;Male;Junior high school;Owner;1-2yr;Public (12 seats);Owner;Unknown;unknown;Other;unknown;Tangent road with flat terrain;Y Shape;Asphalt roads;Wet or damp;Darkness - lights lit;Normal;Vehicle with vehicle collision;3;3;unknown;31-50;Not a Pedestrian;No distancing;Serious Injury
01:35:00;Sunday;Male;Elementary school;Employee;Above 10yr;Motorcycle;Owner;Above 10yr;unknown;Other;Undivided Two way;Tangent road with flat terrain;Y Shape;unknown;Wet or damp;Darkness - lights lit;Normal;Vehicle with vehicle collision;3;3;Going straight;na;Not a Pedestrian;Moving Backward;Serious Injury
01:35:00;Sunday;Male;Junior high school;Employee;5-10yr;Public (12 seats);Owner;unknown;No defect;Office areas;unknown;Tangent road with flat terrain;Y Shape;unknown;Wet or damp;Darkness - lights lit;Normal;Vehicle with vehicle collision;3;3;Going straight;na;Not a Pedestrian;No distancing;Serious Injury
01:35:00;Sunday;Male;Junior high school;Employee;2-5yr;Lorry (41?100Q);Owner;Above 10yr;No defect;Office areas;Two-way (divided with broken lines road marking);Tangent road with flat terrain;Y Shape;Asphalt roads;Wet or damp;Darkness - lights lit;Normal;Collision with pedestrians;3;3;Going straight;18-30;Crossing from nearside - masked by parked or statioNot a Pedestrianry vehicle;Changing lane to the left;Serious Injury
01:35:00;Sunday;Male;Elementary school;Employee;Above 10yr;Automobile;Owner;unknown;No defect;Other;Two-way (divided with broken lines road marking);Steep grade downward with mountainous terrain;Y Shape;Earth roads;Wet or damp;Darkness - lights lit;Normal;Collision with pedestrians;3;3;Going straight;31-50;Not a Pedestrian;Changing lane to the left;Serious Injury
15:35:00;Tuesday;Male;Junior high school;Employee;2-5yr;Lorry (41?100Q);Owner;Above 10yr;No defect; Church areas;other;Tangent road with flat terrain;Y Shape;Asphalt roads;Dry;Daylight;Normal;Vehicle with vehicle collision;2;1;Going straight;na;Not a Pedestrian;No priority to pedestrian;Slight Injury
15:35:00;Tuesday;Male;Elementary school;Employee;Above 10yr;Stationwagen;Governmental;unknown;No defect; Industrial areas;Undivided Two way;Tangent road with flat terrain;Y Shape;Asphalt roads;Dry;Daylight;Normal;Vehicle with vehicle collision;2;1;Going straight;31-50;Not a Pedestrian;Moving Backward;Slight Injury
01:50:00;Thursday;Male;Junior high school;Employee;Above 10yr;Pick up upto 10Q;Organization;2-5yrs;unknown;Other;Undivided Two way;Tangent road with flat terrain;Other;Earth roads;Wet or damp;Darkness - lights lit;Normal;Collision with roadside objects;2;2;Going straight;18-30;Crossing from nearside - masked by parked or statioNot a Pedestrianry vehicle;Changing lane to the left;Slight Injury
01:50:00;Thursday;Male;Junior high school;Employee;2-5yr;Automobile;Owner;5-10yrs;No defect;Other;Two-way (divided with broken lines road marking);Tangent road with flat terrain;Other;Asphalt roads;Wet or damp;Darkness - lights lit;Normal;Vehicle with vehicle collision;2;2;Other;31-50;Not a Pedestrian;No distancing;Slight Injury
10:18:00;Thursday;Male;Junior high school;Employee;Above 10yr;Automobile;Owner;1-2yr;unknown;Office areas;Undivided Two way;Tangent road with mountainous terrain and;No junction;Asphalt roads;Wet or damp;Daylight;Windy;Vehicle with vehicle collision;2;1;Going straight;na;Not a Pedestrian;No priority to vehicle;Serious Injury
10:18:00;Thursday;Male;Junior high school;Employee;Above 10yr;unknown;Owner;Unknown;No defect;Other;One way;Tangent road with flat terrain;No junction;Asphalt roads;Wet or damp;Daylight;Windy;Vehicle with vehicle collision;2;1;Going straight;31-50;Not a Pedestrian;Changing lane to the right;Serious Injury
11:08:00;Thursday;Male;Junior high school;Employee;Below 1yr;Other;Owner;Unknown;No defect;  Recreational areas;Undivided Two way;Steep grade downward with mountainous terrain;No junction;Asphalt roads;Wet or damp;Daylight;Other;Vehicle with vehicle collision;1;1;Going straight;na;Not a Pedestrian;No distancing;Serious Injury