Time;Day_of_week;Sex_of_driver;Educational_level;Vehicle_driver_relation;Driving_experience;Type_of_vehicle;Owner_of_vehicle;Service_year_of_vehicle;Defect_of_vehicle;Area_accident_occured;Lanes_or_Medians;Road_allignment;Types_of_Junction;Road_surface_type;Road_surface_conditions;Light_conditions;Weather_conditions;Type_of_collision;Number_of_vehicles_involved;Number_of_casualties;Vehicle_movement;Age_band_of_casualty;Pedestrian_movement;Cause_of_accident;Accident_severity
17:00:00;Tuesday;Male;Junior high school;Employee;2-5yr;Lorry (41?100Q);Owner;Unknown;No defect; Church areas;One way;Tangent road with flat terrain;No junction;Asphalt roads;Dry;Daylight;Normal;Vehicle with vehicle collision;2;1;Going straight;18-30;Not a Pedestrian;No distancing;Slight Injury
17:00:00;Tuesday;Male;Junior high school;Employee;Above 10yr;Long lorry;Owner;Unknown;No defect;Office areas;Undivided Two way;Tangent road with flat terrain;No junction;Earth roads;Dry;Daylight;Normal;Vehicle with vehicle collision;2;1;Going straight;18-30;Not a Pedestrian;Driving carelessly;Slight Injury
22:00:00;Wednesday;Female;Junior high school;Employee;5-10yr;Public (> 45 seats);Owner;Unknown;No defect;Other;other;Steep grade downward with mountainous terrain;No junction;Asphalt roads;Dry;Darkness - lights lit;Unknown;unknown;2;1;Going straight;na;Not a Pedestrian;No distancing;Serious Injury
22:00:00;Wednesday;Male;Junior high school;Employee;Above 10yr;Public (> 45 seats);Owner;2-5yrs;No defect;Other;other;Tangent road with flat terrain;No junction;Asphalt roads;Dry;Darkness - lights lit;Unknown;Collision with pedestrians;2;1;Getting off;18-30;Walking along in carriageway, back to traffic;No distancing;Serious Injury
21:30:00;Thursday;Female;Junior high school;Employee;2-5yr;Automobile;Owner;Unknown;unknown;Other;Two-way (divided with broken lines road marking);Tangent road with flat terrain;Other;Asphalt roads;Wet or damp;Darkness - lights lit;Normal;Vehicle with vehicle collision;2;1;Going straight;31-50;Unknown or other;No distancing;Serious Injury
21:30:00;Thursday;Male;Junior high school;Employee;Below 1yr;Automobile;Owner;2-5yrs;unknown;Other;One way;Tangent road with flat terrain;Other;Asphalt roads;Wet or damp;Darkness - lights lit;Normal;Vehicle with vehicle collision;2;1;Going straight;18-30;Not a Pedestrian;Changing lane to the right;Serious Injury
19:27:00;Monday;Male;Junior high school;Employee;Below 1yr;Automobile;Owner;Above 10yr;No defect; Church areas;Two-way (divided with broken lines road marking);Tangent road with mild grade and flat terrain;Crossing;Asphalt roads;Dry;Darkness - lights lit;Unknown;Vehicle with vehicle collision;2;1;Turnover;na;Not a Pedestrian;No distancing;Slight Injury
19:27:00;Monday;Male;Junior high school;Owner;5-10yr;Other;Governmental;2-5yrs;No defect;Residential areas;Two-way (divided with broken lines road marking);Tangent road with flat terrain;Crossing;Asphalt roads;Dry;Darkness - lights lit;Unknown;Collision with pedestrians;2;1;Moving Backward;31-50;Not a Pedestrian;No priority to vehicle;Slight Injury
10:55:00;Thursday;Male;Junior high school;Employee;2-5yr;Public (12 seats);Owner;2-5yrs;No defect;Office areas;Two-way (divided with broken lines road marking);Tangent road with mild grade and flat terrain;No junction;Asphalt roads;Dry;Daylight;Normal;Collision with roadside objects;2;1;Going straight;31-50;Not a Pedestrian;Changing lane to the left;Slight Injury
10:55:00;Thursday;Male;Elementary school;Employee;Below 1yr;Automobile;Owner;2-5yrs;No defect;Other;Two-way (divided with broken lines road marking);Tangent road with flat terrain;No junction;Asphalt roads;Dry;Daylight;Normal;unknown;2;1;Moving Backward;31-50;Not a Pedestrian;Moving Backward;Slight Injury
07:15:00;Wednesday;Male;Junior high school;Employee;2-5yr;Stationwagen;Owner;2-5yrs;No defect;Office areas;Two-way (divided with broken lines road marking);Tangent road with mild grade and flat terrain;No junction;Asphalt roads;Dry;Daylight;Normal;Vehicle with vehicle collision;2;1;Going straight;31-50;Not a Pedestrian;Driving carelessly;Slight Injury
07:15:00;Wednesday;Female;Junior high school;Employee;5-10yr;Automobile;Owner;2-5yrs;No defect;Other;Two-way (divided with broken lines road marking);Tangent road with flat terrain;No junction;Asphalt roads;Dry;Daylight;Normal;unknown;2;1;unknown;na;Not a Pedestrian;Changing lane to the left;Slight Injury
08:11:00;Tuesday;Male;High school;Employee;Above 10yr;Automobile;Owner;1-2yr;No defect; Church areas;Undivided Two way;Tangent road with flat terrain;No junction;Earth roads;Dry;Daylight;Normal;unknown;1;1;Going straight;na;Not a Pedestrian;No priority to pedestrian;Slight Injury
06:44:00;Tuesday;Male;High school;Employee;Above 10yr;Automobile;Owner;Unknown;No defect;Office areas;Two-way (divided with broken lines road marking);Tangent road with flat terrain;Y Shape;Asphalt roads;Dry;Darkness - lights lit;Normal;unknown;1;1;unknown;18-30;Not a Pedestrian;No distancing;Slight Injury
08:29:00;Monday;Male;Junior high school;Employee;5-10yr;unknown;Owner;Unknown;No defect;Other;Two-way (divided with broken lines road marking);Tangent road with flat terrain;No junction;Asphalt roads;Dry;Daylight;Normal;Vehicle with vehicle collision;1;1;Going straight;31-50;Unknown or other;No distancing;Slight Injury
08:10:00;Monday;Male;Elementary school;Employee;1-2yr;unknown;Owner;Unknown;No defect;Other;Two-way (divided with broken lines road marking);Tangent road with flat terrain;Crossing;Asphalt roads;Dry;Daylight;Normal;Vehicle with vehicle collision;2;2;unknown;5;Unknown or other;Overturning;Slight Injury
08:10:00;Monday;Male;Elementary school;Employee;5-10yr;Pick up upto 10Q;Owner;Above 10yr;unknown;School areas;Two-way (divided with broken lines road marking);Tangent road with flat terrain;Crossing;Asphalt roads;Dry;Daylight;Normal;Collision with roadside objects;2;2;Going straight;na;Not a Pedestrian;No distancing;Slight Injury
09:20:00;Tuesday;Male;Junior high school;Employee;5-10yr;Turbo;Owner;Unknown;No defect; Church areas;Double carriageway (median);Tangent road with mild grade and flat terrain;No junction;Earth roads;Dry;Daylight;Normal;Collision with roadside objects;2;4;Going straight;31-50;Not a Pedestrian;Drunk driving;Slight Injury
09:20:00;Tuesday;Male;Junior high school;Employee;1-2yr;Pick up upto 10Q;Owner;Unknown;unknown;School areas;Undivided Two way;Tangent road with flat terrain;No junction;Asphalt roads;Dry;Daylight;Normal;Vehicle with vehicle collision;2;4;Going straight;18-30;Not a Pedestrian;Moving Backward;Slight Injury
09:20:00;Tuesday;Male;Junior high school;Owner;5-10yr;Other;Owner;2-5yrs;No defect;Residential areas;Double carriageway (median);Tangent road with flat terrain;No junction;Asphalt roads;Dry;Daylight;Normal;Vehicle with vehicle collision;2;4;Going straight;na;Not a Pedestrian;No priority to pedestrian;Slight Injury
09:20:00;Tuesday;Male;High school;Owner;Above 10yr;Stationwagen;unknown;unknown;unknown;Office areas;Two-way (divided with broken lines road marking);Tangent road with flat terrain;No junction;Asphalt roads;Dry;Daylight;Normal;Vehicle with vehicle collision;2;4;Going straight;na;Not a Pedestrian;Changing lane to the left;Slight Injury
09:20:00;Tuesday;Male;unknown;Owner;Below 1yr;Pick up upto 10Q;Owner;Unknown;unknown;Office areas;Undivided Two way;Tangent road with flat terrain;No junction;Asphalt roads;Dry;Daylight;Normal;Vehicle with vehicle collision;2;4;Other;18-30;Not a Pedestrian;Changing lane to the left;Slight Injury
19:38:00;Saturday;Female;Writing & reading;Owner;5-10yr;Lorry (41?100Q);Governmental;5-10yrs;No defect; Church areas;Two-way (divided with broken lines road marking);Tangent road with flat terrain;No junction;Asphalt roads;Dry;Darkness - lights lit;Unknown;Vehicle with vehicle collision;1;1;Other;Under 18;Crossing from offside - masked by  parked or statioNot a Pedestrianry vehicle;Getting off the vehicle improperly;Slight Injury
22:20:00;Tuesday;Male;Above high school;Employee;Above 10yr;Lorry (41?100Q);Owner;2-5yrs;unknown;Residential areas;Undivided Two way;Tangent road with flat terrain;Y Shape;Asphalt roads;Dry;Darkness - lights lit;Normal;Rollover;2;1;Going straight;na;Not a Pedestrian;No distancing;Slight Injury
22:20:00;Tuesday;Male;High school;Employee;Below 1yr;Automobile;Owner;Unknown;No defect;Office areas;other;Tangent road with flat terrain;Y Shape;Asphalt roads;Dry;Darkness - lights lit;Normal;Vehicle with vehicle collision;2;1;Going straight;31-50;Unknown or other;Changing lane to the right;Slight Injury
13:15:00;Sunday;Female;Junior high school;Employee;1-2yr;Automobile;Owner;2-5yrs;No defect;Residential areas;One way;Tangent road with flat terrain;Y Shape;Asphalt roads;Dry;Daylight;Normal;Collision with roadside objects;2;1;Getting off;Over 51;Not a Pedestrian;Changing lane to the right;Slight Injury
13:15:00;Sunday;Male;Junior high school;Employee;Above 10yr;Pick up upto 10Q;Owner;2-5yrs;No defect;Other;Two-way (divided with broken lines road marking);Tangent road with flat terrain;Y Shape;Other;Dry;Daylight;Normal;Collision with pedestrians;2;1;Going straight;18-30;Not a Pedestrian;Moving Backward;Slight Injury
08:50:00;Wednesday;Male;Junior high school;Owner;Above 10yr;Pick up upto 10Q;Governmental;2-5yrs;No defect;Other;Two-way (divided with broken lines road marking);Tangent road with flat terrain;No junction;Asphalt roads;Wet or damp;Daylight;Normal;Vehicle with vehicle collision;1;1;Going straight;18-30;Unknown or other;Driving at high speed;Slight Injury
16:10:00;Friday;Male;Junior high school;Employee;Above 10yr;Lorry (41?100Q);Owner;Unknown;No defect;Residential areas;Two-way (divided with broken lines road marking);Tangent road with flat terrain;No junction;Asphalt roads;Wet or damp;Daylight;Normal;Vehicle with vehicle collision;2;4;Going straight;31-50;Crossing from nearside - masked by parked or statioNot a Pedestrianry vehicle;Changing lane to the left;Slight Injury
16:10:00;Friday;Male;Junior high school;Employee;No Licence;Public (12 seats);Owner;5-10yrs;No defect; Industrial areas;Undivided Two way;Tangent road with flat terrain;No junction;Asphalt roads;Wet or damp;Daylight;Normal;Vehicle with vehicle collision;2;4;Going straight;na;Not a Pedestrian;Changing lane to the right;Slight Injury
16:10:00;Friday;Male;Junior high school;Employee;1-2yr;Other;Owner;2-5yrs;No defect;Other;Undivided Two way;Steep grade downward with mountainous terrain;No junction;Asphalt roads;Wet or damp;Daylight;Normal;Vehicle with vehicle collision;2;4;Going straight;18-30;Not a Pedestrian;No distancing;Slight Injury
16:10:00;Friday;Male;Illiterate;Owner;1-2yr;Stationwagen;Owner;1-2yr;No defect;Office areas;Undivided Two way;Tangent road with flat terrain;No junction;Asphalt roads;Wet or damp;Daylight;Normal;Vehicle with vehicle collision;2;4;Getting off;na;Not a Pedestrian;Changing lane to the right;Slight Injury
11:42:00;Monday;Male;Junior high school;Owner;Below 1yr;Automobile;Organization;2-5yrs;No defect;Other;Two-way (divided with broken lines road marking);Tangent road with mountainous terrain and;Y Shape;Asphalt roads;Wet or damp;Daylight;Cloudy;Vehicle with vehicle collision;1;1;Going straight;31-50;Not a Pedestrian;Changing lane to the right;Slight Injury
16:21:00;Thursday;Male;Junior high school;Owner;1-2yr;Automobile;Governmental;1-2yr;unknown;Other;Undivided Two way;Tangent road with flat terrain;Y Shape;Asphalt roads;Wet or damp;Darkness - lights lit;Other;Vehicle with vehicle collision;3;2;Going straight;Under 18;Unknown or other;No distancing;Serious Injury
16:21:00;Thursday;Male;Junior high school;Owner;2-5yr;Lorry (41?100Q);Owner;Unknown;No defect;Other;Two-way (divided with broken lines road marking);Tangent road with flat terrain;Y Shape;Earth roads;Wet or damp;Darkness - lights lit;Other;Collision with roadside objects;3;2;Other;na;Not a Pedestrian;Changing lane to the right;Serious Injury
16:21:00;Thursday;Male;Unknown;Owner;5-10yr;Stationwagen;Owner;2-5yrs;No defect;Other;Double carriageway (median);Tangent road with flat terrain;Y Shape;Asphalt roads;Wet or damp;Darkness - lights lit;Other;Rollover;3;2;Going straight;Over 51;Not a Pedestrian;Driving carelessly;Serious Injury
19:15:00;Thursday;Male;Unknown;Owner;Above 10yr;Lorry (41?100Q);Owner;Unknown;7;Office areas;Undivided Two way;Tangent road with flat terrain;Y Shape;Asphalt roads;Dry;Darkness - lights lit;Unknown;Vehicle with vehicle collision;2;1;Going straight;31-50;Not a Pedestrian;Driving carelessly;Slight Injury
19:15:00;Thursday;Male;Junior high school;Owner;2-5yr;Public (> 45 seats);Governmental;1-2yr;No defect;Other;Two-way (divided with broken lines road marking);Tangent road with flat terrain;Y Shape;Asphalt roads;Dry;Darkness - lights lit;Unknown;Collision with pedestrians;2;1;Going straight;31-50;Unknown or other;Changing lane to the right;Slight Injury
14:15:00;Saturday;Female;Elementary school;Owner;Above 10yr;Automobile;unknown;unknown;unknown;unknown;other;Tangent road with flat terrain;Y Shape;Asphalt roads;Dry;Daylight;Unknown;Vehicle with vehicle collision;1;1;Going straight;5;Not a Pedestrian;Overturning;Slight Injury
02:30:00;Saturday;Male;Writing & reading;Owner;5-10yr;Automobile;Organization;Unknown;No defect;Other;Two-way (divided with broken lines road marking);Tangent road with flat terrain;Y Shape;Asphalt roads;Snow;Darkness - lights lit;Snow;Vehicle with vehicle collision;2;1;Going straight;18-30;Not a Pedestrian;Changing lane to the right;Slight Injury
02:30:00;Saturday;Male;unknown;Owner;unknown;Automobile;Owner;Above 10yr;unknown;Other;other;Steep grade downward with mountainous terrain;Y Shape;Asphalt roads;Snow;Darkness - lights lit;Snow;Collision with pedestrians;2;1;Reversing;na;Not a Pedestrian;Moving Backward;Slight Injury
08:35:00;Tuesday;Female;Junior high school;Owner;5-10yr;unknown;Owner;Unknown;unknown;Office areas;Undivided Two way;Tangent road with flat terrain;Y Shape;Asphalt roads;Dry;Daylight;Normal;Collision with pedestrians;2;1;Other;18-30;Not a Pedestrian;No distancing;Slight Injury
08:35:00;Tuesday;Male;Junior high school;Owner;Below 1yr;Lorry (41?100Q);Owner;Unknown;No defect;Office areas;One way;Tangent road with flat terrain;Y Shape;Asphalt roads;Dry;Daylight;Normal;Vehicle with vehicle collision;2;1;Going straight;18-30;Unknown or other;Overturning;Slight Injury
07:40:00;Thursday;Male;Junior high school;Owner;2-5yr;Lorry (41?100Q);Owner;Above 10yr;No defect; Church areas;other;Tangent road with flat terrain;Y Shape;Asphalt roads;Dry;Daylight;Other;Vehicle with vehicle collision;2;1;Going straight;18-30;Unknown or other;Driving carelessly;Slight Injury
07:40:00;Thursday;Male;Elementary school;Employee;2-5yr;Automobile;Owner;unknown;No defect;Office areas;Double carriageway (median);Tangent road with flat terrain;Y Shape;Asphalt roads;Dry;Daylight;Other;Vehicle with vehicle collision;2;1;Going straight;18-30;Crossing from nearside - masked by parked or statioNot a Pedestrianry vehicle;Changing lane to the right;Slight Injury
22:23:00;Saturday;Male;Junior high school;Employee;2-5yr;Stationwagen;Owner;Above 10yr;No defect;Office areas;other;Tangent road with flat terrain;No junction;Asphalt roads;Dry;Darkness - lights lit;Normal;Vehicle with vehicle collision;4;1;Going straight;na;Not a Pedestrian;Driving at high speed;Slight Injury
22:23:00;Saturday;Male;Junior high school;Employee;2-5yr;Public (12 seats);Owner;Unknown;No defect;Office areas;Two-way (divided with broken lines road marking);Tangent road with flat terrain;No junction;Asphalt roads;Dry;Darkness - lights lit;Normal;Vehicle with vehicle collision;4;1;Going straight;31-50;Not a Pedestrian;Changing lane to the left;Slight Injury
22:23:00;Saturday;Male;Junior high school;Employee;5-10yr;Public (12 seats);Owner;Unknown;No defect;Office areas;One way;Tangent road with flat terrain;No junction;Asphalt roads;Dry;Darkness - lights lit;Normal;Collision with roadside objects;4;1;Going straight;na;Not a Pedestrian;Driving carelessly;Slight Injury
22:23:00;Saturday;Male;Junior high school;Employee;5-10yr;Automobile;Owner;2-5yrs;No defect;Residential areas;Undivided Two way;Tangent road with flat terrain;No junction;Asphalt roads;Dry;Darkness - lights lit;Normal;Vehicle with vehicle collision;4;1;Going straight;31-50;Not a Pedestrian;No distancing;Slight Injury
08:05:00;Wednesday;Male;Junior high school;Employee;Above 10yr;Public (12 seats);Owner;Above 10yr;No defect;Residential areas;other;Tangent road with flat terrain;No junction;Asphalt roads;Wet or damp;Daylight;Raining;Vehicle with vehicle collision;2;1;Going straight;Over 51;Not a Pedestrian;Moving Backward;Slight Injury
08:05:00;Wednesday;Male;Elementary school;Employee;5-10yr;Public (12 seats);Owner;5-10yrs;unknown;Residential areas;Undivided Two way;Tangent road with flat terrain;No junction;Earth roads;Wet or damp;Daylight;Raining;Vehicle with vehicle collision;2;1;Going straight;18-30;Not a Pedestrian;No priority to pedestrian;Slight Injury
18:30:00;Tuesday;Male;Junior high school;Employee;5-10yr;Lorry (41?100Q);Owner;5-10yrs;unknown;Office areas;Double carriageway (median);Tangent road with flat terrain;Other;Asphalt roads;Snow;Darkness - lights lit;Snow;Vehicle with vehicle collision;1;1;Moving Backward;Under 18;Not a Pedestrian;Moving Backward;Slight Injury
15:43:00;Friday;Male;Junior high school;Employee;Above 10yr;Automobile;Owner;Unknown;No defect;Residential areas;Two-way (divided with broken lines road marking);Steep grade downward with mountainous terrain;No junction;unknown;Dry;Daylight;Normal;Vehicle with vehicle collision;1;1;Moving Backward;na;Not a Pedestrian;Changing lane to the right;Serious Injury
16:17:00;Monday;Male;Elementary school;Owner;unknown;Lorry (41?100Q);Governmental;Unknown;No defect;Other;Two-way (divided with broken lines road marking);Tangent road with flat terrain;No junction;Asphalt roads;Dry;Daylight;Normal;Vehicle with vehicle collision;1;1;Turnover;na;Not a Pedestrian;No distancing;Slight Injury
08:47:00;Thursday;Male;Junior high school;Owner;5-10yr;unknown;Governmental;Below 1yr;No defect;Other;Two-way (divided with broken lines road marking);Tangent road with flat terrain;No junction;Asphalt roads;Wet or damp;Daylight;Raining;Vehicle with vehicle collision;1;1;Other;31-50;Not a Pedestrian;Drunk driving;Slight Injury
11:30:00;Friday;Male;Junior high school;Employee;5-10yr;Automobile;Owner;unknown;unknown;Other;Two-way (divided with broken lines road marking);unknown;Other;Asphalt roads;Dry;Daylight;Normal;Vehicle with vehicle collision;2;2;Other;18-30;Not a Pedestrian;Changing lane to the right;Slight Injury
11:30:00;Friday;Male;Junior high school;Employee;Below 1yr;Stationwagen;Owner;Unknown;No defect;School areas;Double carriageway (median);Tangent road with flat terrain;Other;Asphalt roads;Dry;Daylight;Normal;Vehicle with vehicle collision;2;2;Going straight;na;Not a Pedestrian;Driving carelessly;Slight Injury
11:30:00;Friday;Male;unknown;unknown;unknown;unknown;Owner;Unknown;No defect;School areas;Double carriageway (median);Tangent road with flat terrain;Other;Asphalt roads;Dry;Daylight;Normal;Vehicle with vehicle collision;2;2;Going straight;31-50;Unknown or other;Driving to the left;Slight Injury
12:43:00;Saturday;Male;Junior high school;Employee;5-10yr;unknown;Owner;2-5yrs;No defect;School areas;Undivided Two way;Tangent road with flat terrain;No junction;Asphalt roads;Dry;Daylight;Normal;Vehicle with vehicle collision;2;1;Other;na;Not a Pedestrian;Changing lane to the right;Slight Injury
12:43:00;Saturday;Male;Junior high school;Employee;5-10yr;Automobile;Owner;Unknown;No defect;Residential areas;One way;Tangent road with flat terrain;No junction;Asphalt roads;Dry;Daylight;Normal;Vehicle with vehicle collision;2;1;Other;18-30;Not a Pedestrian;Changing lane to the right;Slight Injury
12:57:00;Sunday;Male;Junior high school;Employee;Above 10yr;Stationwagen;Owner;Unknown;No defect;Other;Undivided Two way;Tangent road with flat terrain;No junction;Asphalt roads;Wet or damp;Daylight;Normal;Vehicle with vehicle collision;1;1;Going straight;na;Not a Pedestrian;Driving carelessly;Slight Injury
10:30:00;Wednesday;Male;High school;Employee;Above 10yr;Automobile;Owner;Unknown;No defect;Office areas;Two-way (divided with broken lines road marking);Tangent road with flat terrain;Crossing;Asphalt roads;Dry;Daylight;Normal;Vehicle with vehicle collision;1;1;Reversing;31-50;Not a Pedestrian;Changing lane to the left;Slight Injury
08:35:00;Wednesday;Male;Junior high school;Employee;Above 10yr;Other;Owner;5-10yrs;No defect;Other;Two-way (divided with broken lines road marking);Tangent road with flat terrain;Y Shape;Gravel roads;Dry;Daylight;Normal;Vehicle with vehicle collision;2;1;Other;18-30;Not a Pedestrian;No priority to vehicle;Slight Injury
08:35:00;Wednesday;Male;Junior high school;Employee;Above 10yr;Other;Owner;Above 10yr;No defect;School areas;Undivided Two way;Tangent road with flat terrain;Y Shape;Asphalt roads;Dry;Daylight;Normal;Collision with roadside objects;2;1;Turnover;na;Not a Pedestrian;Driving carelessly;Slight Injury
07:36:00;Thursday;Male;Junior high school;Employee;Above 10yr;Automobile;Owner;5-10yrs;No defect;Other;Double carriageway (median);Tangent road with flat terrain;Y Shape;Asphalt roads;Dry;Daylight;Normal;Vehicle with vehicle collision;1;1;Going straight;31-50;Not a Pedestrian;Changing lane to the right;Serious Injury
00:28:00;Thursday;Male;Junior high school;Employee;Above 10yr;Lorry (41?100Q);Owner;2-5yrs;No defect; Industrial areas;Two-way (divided with broken lines road marking);Tangent road with flat terrain;Y Shape;Asphalt roads;Dry;Darkness - lights lit;Normal;Vehicle with vehicle collision;1;1;Going straight;18-30;Not a Pedestrian;Driving carelessly;Slight Injury
22:30:00;Tuesday;Male;Junior high school;Employee;5-10yr;Lorry (41?100Q);Owner;2-5yrs;No defect;Other;Two-way (divided with broken lines road marking);Tangent road with flat terrain;T Shape;Asphalt roads;Dry;Darkness - lights lit;Normal;Vehicle with vehicle collision;2;1;Going straight;na;Not a Pedestrian;Driving under the influence of drugs;Slight Injury
22:30:00;Tuesday;Male;Junior high school;Employee;2-5yr;Lorry (41?100Q);Owner;Unknown;No defect;Office areas;Two-way (divided with broken lines road marking);Tangent road with flat terrain;T Shape;Asphalt roads;Dry;Darkness - lights lit;Normal;Vehicle with vehicle collision;2;1;Going straight;18-30;Not a Pedestrian;No distancing;Slight Injury
17:20:00;Saturday;Male;Junior high school;Employee;Below 1yr;Automobile;Owner;Unknown;No defect;Other;Two-way (divided with broken lines road marking);Tangent road with flat terrain;Y Shape;Asphalt roads;Dry;Darkness - lights lit;Normal;Collision with pedestrians;2;1;Going straight;na;Not a Pedestrian;Changing lane to the left;Serious Injury
17:20:00;Saturday;Male;Junior high school;Employee;Below 1yr;Automobile;Owner;Unknown;No defect;Other;Two-way (divided with broken lines road marking);Tangent road with flat terrain;Y Shape;Asphalt roads;Dry;Darkness - lights lit;Normal;Vehicle with vehicle collision;2;1;Going straight;na;Not a Pedestrian;No priority to vehicle;Serious Injury
14:04:00;Wednesday;Female;Junior high school;Employee;2-5yr;Public (13?45 seats);Organization;Above 10yr;No defect; Outside rural areas;Undivided Two way;Tangent road with flat terrain;Y Shape;Asphalt roads;Dry;Daylight;Normal;Vehicle with vehicle collision;1;1;Going straight;18-30;In carriageway, statioNot a Pedestrianry - not crossing  (standing or playing);Moving Backward;Slight Injury
12:44:00;Monday;Male;Elementary school;Employee;Below 1yr;Public (13?45 seats);Owner;Unknown;No defect;Other;other;Tangent road with flat terrain;Y Shape;Asphalt roads;Dry;Daylight;Cloudy;Vehicle with vehicle collision;2;1;Going straight;31-50;Crossing from nearside - masked by parked or statioNot a Pedestrianry vehicle;Moving Backward;Serious Injury
12:44:00;Monday;Male;Junior high school;Employee;Below 1yr;Lorry (41?100Q);Owner;Above 10yr;No defect;Residential areas;Two-way (divided with broken lines road marking);Tangent road with flat terrain;Y Shape;Asphalt roads;Dry;Daylight;Cloudy;Vehicle with vehicle collision;2;1;Going straight;na;Not a Pedestrian;No distancing;Serious Injury
18:40:00;Friday;Male;Junior high school;Employee;unknown;Lorry (41?100Q);Owner;Above 10yr;unknown;Office areas;Two-way (divided with broken lines road marking);Tangent road with flat terrain;Y Shape;Asphalt roads;Dry;Darkness - no lighting;Normal;Vehicle with vehicle collision;2;1;Other;31-50;Not a Pedestrian;Changing lane to the right;Slight Injury
18:40:00;Friday;Male;unknown;Employee;5-10yr;Public (12 seats);Owner;Unknown;unknown;Office areas;Double carriageway (median);Tangent road with flat terrain;Y Shape;Asphalt roads;Dry;Darkness - no lighting;Normal;Vehicle with vehicle collision;2;1;Going straight;18-30;Unknown or other;Changing lane to the right;Slight Injury
22:23:00;Sunday;Male;Writing & reading;Employee;Below 1yr;Other;unknown;2-5yrs;unknown; Hospital areas;One way;unknown;No junction;Asphalt roads;Dry;Darkness - lights lit;Normal;Vehicle with vehicle collision;1;1;Going straight;na;Not a Pedestrian;Moving Backward;Slight Injury
08:41:00;Wednesday;Male;Junior high school;Employee;Below 1yr;Lorry (41?100Q);Owner;Unknown;unknown; Industrial areas;Two-way (divided with broken lines road marking);Tangent road with flat terrain;Y Shape;Asphalt roads;Dry;Daylight;Unknown;Vehicle with vehicle collision;2;1;Moving Backward;31-50;Not a Pedestrian;Driving carelessly;Slight Injury
08:41:00;Wednesday;Male;Junior high school;Employee;1-2yr;Automobile;Owner;2-5yrs;No defect;Other;Undivided Two way;Tangent road with flat terrain;Y Shape;Asphalt roads;Dry;Daylight;Unknown;Collision with pedestrians;2;1;Going straight;31-50;Unknown or other;Driving under the influence of drugs;Slight Injury
17:15:00;Tuesday;Male;Elementary school;Employee;Above 10yr;Other;Owner;unknown;unknown;Office areas;Undivided Two way;Tangent road with flat terrain;No junction;Asphalt roads;Dry;Daylight;Other;Vehicle with vehicle collision;1;1;Moving Backward;18-30;Unknown or other;No distancing;Serious Injury
19:45:00;Sunday;Male;Elementary school;Employee;Above 10yr;Motorcycle;Owner;Unknown;No defect;Office areas;other;Tangent road with flat terrain;No junction;Asphalt roads;Wet or damp;Darkness - lights lit;Normal;Vehicle with vehicle collision;2;2;Other;31-50;Not a Pedestrian;No distancing;Slight Injury
19:45:00;Sunday;Male;Elementary school;Employee;Below 1yr;Automobile;Owner;Unknown;unknown;Residential areas;Two-way (divided with broken lines road marking);Tangent road with flat terrain;No junction;Other;Wet or damp;Darkness - lights lit;Normal;Vehicle with vehicle collision;2;2;Going straight;na;Not a Pedestrian;No priority to vehicle;Slight Injury
20:08:00;Friday;Female;High school;Employee;2-5yr;Automobile;Owner;Unknown;unknown;Residential areas;unknown;Tangent road with flat terrain;Crossing;Asphalt roads;Dry;Darkness - lights lit;Normal;Vehicle with vehicle collision;4;1;Reversing;18-30;Not a Pedestrian;Driving to the left;Slight Injury
20:08:00;Friday;Male;Junior high school;Employee;2-5yr;Lorry (41?100Q);Owner;Unknown;No defect;School areas;Two-way (divided with broken lines road marking);Tangent road with flat terrain;Crossing;Asphalt roads;Dry;Darkness - lights lit;Normal;Collision with roadside objects;4;1;Going straight;na;Not a Pedestrian;No priority to vehicle;Slight Injury
20:08:00;Friday;Male;Above high school;Employee;Above 10yr;Automobile;Governmental;Unknown;No defect;Other;Two-way (divided with broken lines road marking);Tangent road with flat terrain;Crossing;Asphalt roads;Dry;Darkness - lights lit;Normal;Vehicle with vehicle collision;4;1;Other;31-50;Not a Pedestrian;No priority to vehicle;Slight Injury
20:08:00;Friday;Male;Junior high school;Employee;2-5yr;Public (> 45 seats);Governmental;Unknown;No defect;  Market areas;Undivided Two way;Tangent road with flat terrain;Crossing;Asphalt roads;Dry;Darkness - lights lit;Normal;Vehicle with vehicle collision;4;1;Other;na;Not a Pedestrian;No priority to vehicle;Slight Injury
15:00:00;Saturday;Male;Junior high school;Employee;2-5yr;Lorry (41?100Q);Owner;Unknown;No defect;Office areas;other;Tangent road with flat terrain;No junction;Asphalt roads;Dry;Daylight;Normal;Vehicle with vehicle collision;1;1;Other;31-50;Not a Pedestrian;No distancing;Slight Injury
12:18:00;Monday;Male;High school;Employee;1-2yr;Public (> 45 seats);Owner;Unknown;No defect; Church areas;Two-way (divided with broken lines road marking);Tangent road with flat terrain;Y Shape;Asphalt roads;Wet or damp;Daylight;Normal;Vehicle with vehicle collision;1;1;Stopping;na;Not a Pedestrian;Moving Backward;Slight Injury