Time;Day_of_week;Sex_of_driver;Educational_level;Vehicle_driver_relation;Driving_experience;Type_of_vehicle;Owner_of_vehicle;Service_year_of_vehicle;Defect_of_vehicle;Area_accident_occured;Lanes_or_Medians;Road_allignment;Types_of_Junction;Road_surface_type;Road_surface_conditions;Light_conditions;Weather_conditions;Type_of_collision;Number_of_vehicles_involved;Number_of_casualties;Vehicle_movement;Age_band_of_casualty;Pedestrian_movement;Cause_of_accident;Accident_severity
10:24:00;Wednesday;Male;Junior high school;Employee;5-10yr;Lorry (41?100Q);Governmental;Unknown;No defect; Church areas;Two-way (divided with broken lines road marking);Tangent road with flat terrain;Crossing;Asphalt roads;Dry;Daylight;Normal;Vehicle with vehicle collision;3;1;Other;Over 51;Not a Pedestrian;Changing lane to the right;Slight Injury
10:24:00;Wednesday;Male;Junior high school;Employee;Below 1yr;Lorry (41?100Q);Owner;Unknown;No defect;Residential areas;Double carriageway (median);Tangent road with flat terrain;Crossing;Other;Dry;Daylight;Normal;Vehicle with vehicle collision;3;1;Other;5;Not a Pedestrian;Driving carelessly;Slight Injury
10:24:00;Wednesday;Male;Junior high school;Employee;Below 1yr;Lorry (41?100Q);Owner;Above 10yr;No defect;Residential areas;Two-way (divided with broken lines road marking);Tangent road with flat terrain;Crossing;Asphalt roads;Dry;Daylight;Normal;Vehicle with vehicle collision;3;1;Other;31-50;Not a Pedestrian;Changing lane to the left;Slight Injury
18:38:00;Saturday;Female;Elementary school;Employee;unknown;Public (12 seats);Owner;Unknown;No defect;Residential areas;Double carriageway (median);Tangent road with flat terrain;No junction;Asphalt roads;Dry;Darkness - lights lit;Normal;Collision with roadside objects;1;1;Going straight;18-30;Crossing from driver's nearside;No distancing;Serious Injury
16:45:00;Thursday;Male;Junior high school;Employee;Below 1yr;Public (12 seats);Owner;Above 10yr;No defect;Residential areas;Two-way (divided with broken lines road marking);Tangent road with flat terrain;No junction;Asphalt roads;Dry;Daylight;Normal;Vehicle with vehicle collision;2;1;Going straight;18-30;Crossing from nearside - masked by parked or statioNot a Pedestrianry vehicle;Changing lane to the right;Slight Injury
16:45:00;Thursday;Male;Junior high school;Employee;1-2yr;Stationwagen;Owner;1-2yr;No defect;Other;Double carriageway (median);Tangent road with flat terrain;No junction;Asphalt roads;Dry;Daylight;Normal;Vehicle with vehicle collision;2;1;Going straight;na;Not a Pedestrian;Driving under the influence of drugs;Slight Injury
13:22:00;Tuesday;Male;Elementary school;Employee;2-5yr;Lorry (41?100Q);Owner;Unknown;No defect;Other;Two-way (divided with broken lines road marking);Tangent road with flat terrain;Y Shape;Asphalt roads;Dry;Daylight;Normal;Vehicle with vehicle collision;2;1;Going straight;31-50;Not a Pedestrian;No distancing;Slight Injury
13:22:00;Tuesday;Male;High school;Employee;1-2yr;Automobile;Owner;2-5yrs;No defect;Residential areas;Two-way (divided with broken lines road marking);Tangent road with flat terrain;Y Shape;Asphalt roads;Dry;Daylight;Normal;Vehicle with vehicle collision;2;1;Going straight;31-50;Not a Pedestrian;Overturning;Slight Injury
03:39:00;Friday;Male;Junior high school;Employee;5-10yr;Pick up upto 10Q;Owner;Unknown;No defect;Other;other;Tangent road with flat terrain;No junction;Asphalt roads;Dry;Darkness - lights lit;Normal;Rollover;4;1;Going straight;5;Not a Pedestrian;No distancing;Serious Injury
03:39:00;Friday;Female;Junior high school;Employee;Below 1yr;Automobile;Owner;Unknown;No defect; Church areas;Undivided Two way;Tangent road with flat terrain;No junction;Asphalt roads;Dry;Darkness - lights lit;Normal;Vehicle with vehicle collision;4;1;Going straight;na;Not a Pedestrian;Changing lane to the right;Serious Injury
03:39:00;Friday;Female;High school;Employee;Above 10yr;Public (13?45 seats);Owner;Unknown;No defect;Other;Undivided Two way;Tangent road with flat terrain;No junction;unknown;Dry;Darkness - lights lit;Normal;Vehicle with vehicle collision;4;1;Going straight;Over 51;Not a Pedestrian;No priority to vehicle;Serious Injury
03:39:00;Friday;Female;Elementary school;Owner;5-10yr;Public (> 45 seats);Owner;Unknown;No defect;Office areas;Undivided Two way;Tangent road with flat terrain;No junction;Other;Dry;Darkness - lights lit;Normal;Collision with roadside objects;4;1;Going straight;31-50;Unknown or other;Changing lane to the right;Serious Injury
14:50:00;Monday;Male;Elementary school;Employee;Below 1yr;Stationwagen;Owner;2-5yrs;No defect;Office areas;Two-way (divided with broken lines road marking);Tangent road with flat terrain;Y Shape;Asphalt roads;Wet or damp;Daylight;Raining;Vehicle with vehicle collision;3;1;Going straight;na;Not a Pedestrian;Changing lane to the left;Slight Injury
14:50:00;Monday;Male;Junior high school;Employee;5-10yr;unknown;Owner;unknown;unknown;Residential areas;Undivided Two way;Tangent road with flat terrain;Y Shape;Asphalt roads;Wet or damp;Daylight;Raining;Vehicle with vehicle collision;3;1;Going straight;31-50;Not a Pedestrian;No distancing;Slight Injury
14:50:00;Monday;Male;Elementary school;Owner;5-10yr;Lorry (41?100Q);Owner;Unknown;unknown;Other;Two-way (divided with broken lines road marking);Tangent road with flat terrain;Y Shape;Asphalt roads;Wet or damp;Daylight;Raining;Vehicle with vehicle collision;3;1;Reversing;18-30;Not a Pedestrian;No priority to pedestrian;Slight Injury
02:55:00;Tuesday;Male;Junior high school;Employee;2-5yr;Stationwagen;Owner;Above 10yr;unknown; Industrial areas;Undivided Two way;Tangent road with flat terrain;No junction;Asphalt roads;Dry;Darkness - lights lit;Normal;Collision with roadside objects;1;2;Going straight;na;Not a Pedestrian;Driving carelessly;Slight Injury
02:55:00;Tuesday;Male;Junior high school;Employee;Above 10yr;Lorry (41?100Q);Owner;Unknown;unknown;Office areas;Two-way (divided with broken lines road marking);Tangent road with flat terrain;No junction;Asphalt roads with some distress;Dry;Darkness - lights lit;Normal;Collision with roadside objects;1;2;Other;31-50;Not a Pedestrian;No distancing;Slight Injury
12:27:00;Saturday;Male;Junior high school;Employee;5-10yr;Public (12 seats);Organization;Unknown;unknown;  Recreational areas;Two-way (divided with broken lines road marking);Tangent road with flat terrain;Y Shape;unknown;Dry;Daylight;Normal;Vehicle with vehicle collision;2;1;unknown;na;Not a Pedestrian;Driving carelessly;Slight Injury
12:27:00;Saturday;Male;High school;Employee;1-2yr;Lorry (41?100Q);Owner;1-2yr;No defect;Residential areas;Two-way (divided with broken lines road marking);Tangent road with flat terrain;Y Shape;Asphalt roads;Dry;Daylight;Normal;Vehicle with vehicle collision;2;1;Getting off;18-30;Not a Pedestrian;Driving carelessly;Slight Injury
14:20:00;Wednesday;Male;Elementary school;Employee;5-10yr;Other;Owner;Above 10yr;unknown;Residential areas;Undivided Two way;Tangent road with flat terrain;Y Shape;Asphalt roads;Dry;Daylight;Normal;Collision with roadside objects;1;1;Going straight;na;Not a Pedestrian;Moving Backward;Slight Injury
20:48:00;Friday;Female;Elementary school;Employee;2-5yr;Stationwagen;Owner;5-10yrs;unknown; Church areas;Undivided Two way;Steep grade downward with mountainous terrain;No junction;Asphalt roads;Dry;Darkness - lights lit;Normal;Collision with roadside objects;2;2;Going straight;31-50;Not a Pedestrian;Overtaking;Slight Injury
20:48:00;Friday;Male;Junior high school;Employee;Below 1yr;Automobile;Owner;5-10yrs;unknown;Residential areas;Undivided Two way;Tangent road with flat terrain;No junction;Asphalt roads;Dry;Darkness - lights lit;Normal;Vehicle with vehicle collision;2;2;Going straight;31-50;Not a Pedestrian;No priority to vehicle;Slight Injury
20:48:00;Friday;Male;Junior high school;Employee;Below 1yr;Public (> 45 seats);Owner;Unknown;No defect;unknown;other;Tangent road with flat terrain;No junction;Earth roads;Dry;Darkness - lights lit;Normal;Vehicle with vehicle collision;2;2;Going straight;na;Not a Pedestrian;No priority to vehicle;Slight Injury
16:48:00;Sunday;Female;Junior high school;Employee;5-10yr;Other;Owner;5-10yrs;No defect;Other;Undivided Two way;Tangent road with flat terrain;No junction;Asphalt roads;Dry;Daylight;Normal;Vehicle with vehicle collision;2;1;Turnover;18-30;Not a Pedestrian;Changing lane to the left;Slight Injury
16:48:00;Sunday;Male;Junior high school;Owner;5-10yr;Lorry (41?100Q);Owner;Unknown;unknown;Other;Two-way (divided with solid lines road marking);Tangent road with flat terrain;No junction;Asphalt roads;Dry;Daylight;Normal;Collision with roadside objects;2;1;Entering a junction;na;Not a Pedestrian;No priority to vehicle;Slight Injury
19:15:00;Wednesday;Male;Elementary school;Employee;1-2yr;Automobile;Owner;Unknown;No defect; Church areas;Two-way (divided with solid lines road marking);Tangent road with flat terrain;Y Shape;Asphalt roads;Dry;Darkness - lights lit;Normal;Vehicle with vehicle collision;3;1;Entering a junction;na;Not a Pedestrian;No distancing;Slight Injury
19:15:00;Wednesday;Male;Junior high school;Employee;unknown;Public (> 45 seats);Governmental;unknown;No defect;Other;Two-way (divided with solid lines road marking);Tangent road with flat terrain;Y Shape;Asphalt roads;Dry;Darkness - lights lit;Normal;Vehicle with vehicle collision;3;1;Entering a junction;31-50;Not a Pedestrian;Moving Backward;Slight Injury
19:15:00;Wednesday;Male;Elementary school;Employee;Above 10yr;unknown;Owner;Unknown;No defect; Church areas;Two-way (divided with solid lines road marking);Tangent road with flat terrain;Y Shape;Asphalt roads;Dry;Darkness - lights lit;Normal;Vehicle with vehicle collision;3;1;Entering a junction;5;Not a Pedestrian;Changing lane to the right;Slight Injury
18:43:00;Monday;Male;Junior high school;Owner;1-2yr;Automobile;Owner;Unknown;No defect; Church areas;Two-way (divided with broken lines road marking);Tangent road with flat terrain;Y Shape;Asphalt roads;Wet or damp;Darkness - lights lit;Normal;Rollover;2;1;Other;18-30;Not a Pedestrian;No distancing;Slight Injury
18:43:00;Monday;Male;unknown;unknown;unknown;Pick up upto 10Q;Owner;Above 10yr;No defect;Other;Undivided Two way;Tangent road with flat terrain;Y Shape;Asphalt roads;Wet or damp;Darkness - lights lit;Normal;Vehicle with vehicle collision;2;1;Entering a junction;na;Not a Pedestrian;Overtaking;Slight Injury
18:30:00;Sunday;Female;Junior high school;Employee;Above 10yr;Public (12 seats);Governmental;5-10yrs;No defect;Other;Undivided Two way;Tangent road with flat terrain;Y Shape;Asphalt roads;Wet or damp;Daylight;Raining;Vehicle with vehicle collision;2;1;Turnover;Under 18;Not a Pedestrian;No distancing;Slight Injury
18:30:00;Sunday;Female;Elementary school;Owner;2-5yr;Lorry (41?100Q);Owner;5-10yrs;No defect;School areas;other;Tangent road with flat terrain;Y Shape;Asphalt roads;Wet or damp;Daylight;Raining;Collision with pedestrians;2;1;Entering a junction;na;Not a Pedestrian;Changing lane to the left;Slight Injury
22:35:00;Monday;Female;Junior high school;Employee;5-10yr;Lorry (41?100Q);Owner;Above 10yr;No defect;Residential areas;Undivided Two way;Tangent road with flat terrain;Y Shape;Asphalt roads;Wet or damp;Darkness - lights lit;Raining;Vehicle with vehicle collision;3;1;Entering a junction;18-30;Not a Pedestrian;Driving under the influence of drugs;Slight Injury
22:35:00;Monday;Male;Junior high school;Employee;Below 1yr;Lorry (41?100Q);unknown;1-2yr;No defect;Other;Two-way (divided with broken lines road marking);Tangent road with flat terrain;Y Shape;Asphalt roads;Wet or damp;Darkness - lights lit;Raining;Vehicle with vehicle collision;3;1;Entering a junction;na;Not a Pedestrian;No distancing;Slight Injury
22:35:00;Monday;Male;Junior high school;Employee;5-10yr;Public (13?45 seats);Owner;Above 10yr;No defect;Office areas;Undivided Two way;Tangent road with flat terrain;Y Shape;Gravel roads;Wet or damp;Darkness - lights lit;Raining;Vehicle with vehicle collision;3;1;Entering a junction;31-50;Crossing from nearside - masked by parked or statioNot a Pedestrianry vehicle;No distancing;Slight Injury
08:30:00;Tuesday;Male;High school;Employee;Above 10yr;Lorry (41?100Q);Owner;Above 10yr;No defect;Residential areas;Undivided Two way;Tangent road with flat terrain;Y Shape;Asphalt roads;Dry;Daylight;Normal;Vehicle with vehicle collision;1;1;Entering a junction;Over 51;Not a Pedestrian;Changing lane to the right;Slight Injury
22:44:00;Friday;Male;Junior high school;Employee;5-10yr;Lorry (41?100Q);Owner;Above 10yr;No defect;Other;One way;Steep grade downward with mountainous terrain;Y Shape;Asphalt roads;Dry;Darkness - lights lit;Normal;Collision with roadside objects;1;1;Other;Over 51;Not a Pedestrian;Changing lane to the left;Serious Injury
16:25:00;Saturday;Male;Elementary school;Employee;1-2yr;Motorcycle;Owner;Above 10yr;No defect;Residential areas;Two-way (divided with broken lines road marking);Tangent road with flat terrain;No junction;Asphalt roads;Dry;Daylight;Normal;Vehicle with vehicle collision;1;1;Going straight;31-50;Crossing from nearside - masked by parked or statioNot a Pedestrianry vehicle;Moving Backward;Serious Injury
08:40:00;Friday;Male;Junior high school;Employee;unknown;Lorry (41?100Q);Owner;5-10yrs;No defect;Residential areas;Undivided Two way;Tangent road with flat terrain;No junction;Asphalt roads;Dry;Daylight;Normal;Vehicle with vehicle collision;1;1;Going straight;Under 18;Not a Pedestrian;No distancing;Slight Injury
20:01:00;Friday;Male;Elementary school;Employee;1-2yr;Ridden horse;Owner;unknown;No defect;Residential areas;Two-way (divided with broken lines road marking);Tangent road with flat terrain;No junction;Asphalt roads;Dry;Darkness - lights lit;Normal;Vehicle with vehicle collision;1;1;Other;na;Not a Pedestrian;No distancing;Slight Injury
19:39:00;Thursday;Male;Junior high school;Owner;1-2yr;Automobile;Owner;1-2yr;No defect;Other;other;Tangent road with flat terrain;Y Shape;Asphalt roads;Wet or damp;Darkness - lights lit;Normal;Vehicle with vehicle collision;3;1;Going straight;18-30;Not a Pedestrian;Driving carelessly;Fatal injury
19:39:00;Thursday;Female;Above high school;Owner;1-2yr;Lorry (41?100Q);Owner;5-10yrs;No defect;Other;Undivided Two way;Tangent road with flat terrain;Y Shape;Asphalt roads;Wet or damp;Darkness - lights lit;Normal;Collision with roadside objects;3;1;Going straight;5;Not a Pedestrian;Moving Backward;Fatal injury
19:39:00;Thursday;Male;Junior high school;Owner;5-10yr;Pick up upto 10Q;Owner;5-10yrs;No defect;Other;One way;Tangent road with flat terrain;Y Shape;Asphalt roads;Wet or damp;Darkness - lights lit;Normal;Vehicle with vehicle collision;3;1;Going straight;18-30;Not a Pedestrian;No distancing;Fatal injury
13:00:00;Sunday;Male;Junior high school;Employee;5-10yr;Public (> 45 seats);Owner;1-2yr;No defect; Hospital areas;Undivided Two way;Tangent road with flat terrain;Crossing;Asphalt roads;Wet or damp;Daylight;Raining;Collision with roadside objects;2;1;Going straight;na;Not a Pedestrian;Changing lane to the right;Slight Injury
13:00:00;Sunday;Male;Elementary school;Employee;5-10yr;Stationwagen;Owner;2-5yrs;No defect;Residential areas;Undivided Two way;Tangent road with flat terrain;Crossing;Asphalt roads;Wet or damp;Daylight;Raining;Vehicle with vehicle collision;2;1;Going straight;Under 18;Crossing from nearside - masked by parked or statioNot a Pedestrianry vehicle;Driving carelessly;Slight Injury
19:15:00;Saturday;Male;High school;Owner;Below 1yr;Automobile;Owner;5-10yrs;No defect;Residential areas;One way;Tangent road with flat terrain;No junction;Asphalt roads;Dry;Darkness - no lighting;Normal;Rollover;1;1;Reversing;na;Not a Pedestrian;Driving to the left;Slight Injury
16:50:00;Friday;Female;Junior high school;Employee;Above 10yr;Public (12 seats);Owner;5-10yrs;No defect;Residential areas;Undivided Two way;Tangent road with flat terrain;Y Shape;Asphalt roads;Dry;Darkness - lights lit;Normal;Vehicle with vehicle collision;1;1;Moving Backward;5;Not a Pedestrian;Changing lane to the right;Slight Injury
15:40:00;Monday;Male;Junior high school;Employee;5-10yr;Automobile;Owner;1-2yr;No defect;Other;Two-way (divided with broken lines road marking);Tangent road with flat terrain;Y Shape;Asphalt roads;Dry;Daylight;Unknown;Vehicle with vehicle collision;2;1;Overtaking;31-50;Crossing from nearside - masked by parked or statioNot a Pedestrianry vehicle;Driving carelessly;Serious Injury
15:40:00;Monday;Male;Junior high school;Employee;Below 1yr;Automobile;Owner;1-2yr;No defect;Office areas;Two-way (divided with broken lines road marking);Tangent road with flat terrain;Y Shape;Asphalt roads;Dry;Daylight;Unknown;Vehicle with vehicle collision;2;1;Going straight;na;Not a Pedestrian;Changing lane to the right;Serious Injury
03:20:00;Sunday;Male;Junior high school;Employee;Above 10yr;Automobile;Owner;2-5yrs;No defect;Other;other;Tangent road with flat terrain;Y Shape;Asphalt roads;Dry;Darkness - lights lit;Normal;Vehicle with vehicle collision;2;1;Going straight;31-50;Not a Pedestrian;No priority to vehicle;Serious Injury
03:20:00;Sunday;Male;Junior high school;Employee;5-10yr;Lorry (41?100Q);Owner;Unknown;No defect;Office areas;Double carriageway (median);Tangent road with flat terrain;Y Shape;Asphalt roads;Dry;Darkness - lights lit;Normal;Vehicle with vehicle collision;2;1;Going straight;31-50;In carriageway, statioNot a Pedestrianry - not crossing  (standing or playing);Changing lane to the right;Serious Injury
16:00:00;Monday;Female;Junior high school;Owner;Above 10yr;Automobile;Owner;Unknown;No defect;Residential areas;Two-way (divided with broken lines road marking);Tangent road with flat terrain;Y Shape;Asphalt roads;Dry;Daylight;Unknown;Collision with pedestrians;1;1;Going straight;Over 51;Crossing from nearside - masked by parked or statioNot a Pedestrianry vehicle;Turnover;Slight Injury
08:40:00;Friday;Male;Junior high school;Employee;5-10yr;Automobile;Owner;Unknown;No defect;Office areas;Double carriageway (median);Gentle horizontal curve;No junction;Asphalt roads;Dry;Daylight;Unknown;Rollover;2;1;Going straight;18-30;Not a Pedestrian;No priority to vehicle;Slight Injury
08:40:00;Friday;Male;Junior high school;Employee;1-2yr;Public (12 seats);Owner;unknown;No defect;Office areas;Double carriageway (median);Tangent road with flat terrain;No junction;Asphalt roads;Dry;Daylight;Unknown;Vehicle with vehicle collision;2;1;Going straight;18-30;Not a Pedestrian;Driving at high speed;Slight Injury
12:32:00;Wednesday;Male;Junior high school;Employee;1-2yr;Taxi;Organization;Unknown;No defect;Other;Double carriageway (median);Tangent road with flat terrain;No junction;Asphalt roads;Dry;Daylight;Normal;Rollover;2;1;Going straight;na;Not a Pedestrian;No distancing;Slight Injury
12:32:00;Wednesday;Male;Junior high school;Employee;1-2yr;Automobile;Owner;Unknown;No defect;Office areas;Two-way (divided with broken lines road marking);Tangent road with flat terrain;No junction;Asphalt roads;Dry;Daylight;Normal;Vehicle with vehicle collision;2;1;Reversing;na;Not a Pedestrian;No distancing;Slight Injury
19:57:00;Friday;Male;High school;Employee;2-5yr;Public (12 seats);Owner;Unknown;No defect;Office areas;unknown;Tangent road with flat terrain;Crossing;Other;Dry;Darkness - lights lit;Normal;Vehicle with vehicle collision;3;2;Going straight;31-50;Not a Pedestrian;Driving carelessly;Slight Injury
19:57:00;Friday;Male;High school;Owner;Above 10yr;Stationwagen;Governmental;Unknown;unknown;Office areas;One way;Tangent road with flat terrain;Crossing;unknown;Dry;Darkness - lights lit;Normal;Vehicle with vehicle collision;3;2;Going straight;18-30;Not a Pedestrian;Driving carelessly;Slight Injury
19:57:00;Friday;Male;Elementary school;Employee;2-5yr;Stationwagen;Owner;Unknown;unknown;Other;Undivided Two way;Tangent road with flat terrain;Crossing;Asphalt roads;Dry;Darkness - lights lit;Normal;Fall from vehicles;3;2;Other;na;Not a Pedestrian;Moving Backward;Slight Injury
19:57:00;Friday;Male;Junior high school;Employee;Above 10yr;Automobile;Owner;Unknown;unknown;Residential areas;unknown;Tangent road with flat terrain;Crossing;Asphalt roads;Dry;Darkness - lights lit;Normal;Vehicle with vehicle collision;3;2;Entering a junction;18-30;Not a Pedestrian;No distancing;Slight Injury
19:11:00;Friday;Female;High school;Employee;2-5yr;Lorry (41?100Q);Owner;2-5yrs;No defect;Residential areas;Two-way (divided with broken lines road marking);Gentle horizontal curve;No junction;Asphalt roads;Dry;Daylight;Normal;Collision with roadside objects;2;1;Turnover;31-50;Not a Pedestrian;Changing lane to the right;Slight Injury
19:11:00;Friday;Male;Junior high school;Other;No Licence;Automobile;Owner;5-10yrs;unknown; Church areas;Two-way (divided with broken lines road marking);Tangent road with flat terrain;No junction;Asphalt roads;Dry;Daylight;Normal;Vehicle with vehicle collision;2;1;Going straight;na;Not a Pedestrian;Overtaking;Slight Injury
08:20:00;Thursday;Male;Junior high school;Employee;1-2yr;Public (12 seats);Owner;5-10yrs;unknown;Other;Two-way (divided with broken lines road marking);Tangent road with flat terrain;No junction;Asphalt roads;Dry;Daylight;Normal;Vehicle with vehicle collision;2;1;Going straight;18-30;Crossing from nearside - masked by parked or statioNot a Pedestrianry vehicle;No distancing;Slight Injury
08:20:00;Thursday;Male;Junior high school;Owner;5-10yr;Automobile;Owner;Unknown;unknown;Residential areas;Two-way (divided with broken lines road marking);Tangent road with flat terrain;No junction;Asphalt roads;Dry;Daylight;Normal;Vehicle with vehicle collision;2;1;Going straight;31-50;Not a Pedestrian;Overtaking;Slight Injury
04:57:00;Saturday;Female;Junior high school;Employee;1-2yr;Automobile;Owner;2-5yrs;unknown;Other;Undivided Two way;Tangent road with flat terrain;Y Shape;Asphalt roads;Wet or damp;Darkness - lights lit;Raining;Collision with pedestrians;2;1;Going straight;na;Not a Pedestrian;Moving Backward;Serious Injury
04:57:00;Saturday;Male;Junior high school;Employee;Above 10yr;Lorry (41?100Q);Owner;2-5yrs;unknown;Residential areas;Undivided Two way;Tangent road with flat terrain;Y Shape;Asphalt roads;Wet or damp;Darkness - lights lit;Raining;Vehicle with vehicle collision;2;1;Going straight;na;Not a Pedestrian;No distancing;Serious Injury
14:30:00;Friday;Male;Junior high school;Employee;1-2yr;Automobile;Owner;2-5yrs;unknown;Residential areas;Two-way (divided with broken lines road marking);Tangent road with flat terrain;Y Shape;Asphalt roads;Wet or damp;Daylight;Normal;Vehicle with vehicle collision;2;1;Going straight;18-30;Not a Pedestrian;No distancing;Slight Injury
14:30:00;Friday;Male;Junior high school;Employee;1-2yr;Motorcycle;Owner;5-10yrs;No defect;Other;Two-way (divided with broken lines road marking);Tangent road with flat terrain;Y Shape;Asphalt roads;Wet or damp;Daylight;Normal;Vehicle with vehicle collision;2;1;Going straight;18-30;Not a Pedestrian;No priority to vehicle;Slight Injury
07:20:00;Wednesday;Male;Junior high school;Employee;2-5yr;unknown;unknown;unknown;unknown;Other;Two-way (divided with broken lines road marking);Tangent road with flat terrain;No junction;Asphalt roads;Dry;Daylight;Normal;Rollover;2;1;Going straight;18-30;Not a Pedestrian;No priority to vehicle;Slight Injury
07:20:00;Wednesday;Male;High school;Employee;1-2yr;Automobile;Owner;Unknown;No defect;Other;Undivided Two way;Tangent road with flat terrain;No junction;Asphalt roads;Dry;Daylight;Normal;Collision with roadside objects;2;1;Getting off;31-50;Not a Pedestrian;Changing lane to the left;Slight Injury
08:45:00;Tuesday;Male;Junior high school;Employee;1-2yr;Automobile;Owner;Unknown;No defect;Other;Double carriageway (median);Tangent road with flat terrain;Y Shape;Other;Dry;Daylight;Normal;Vehicle with vehicle collision;1;1;Getting off;18-30;Not a Pedestrian;No distancing;Slight Injury
11:50:00;Monday;Male;Elementary school;Employee;Above 10yr;Automobile;Owner;Unknown;unknown;Residential areas;Two-way (divided with broken lines road marking);Tangent road with flat terrain;Y Shape;Asphalt roads;Dry;Daylight;Normal;Vehicle with vehicle collision;3;3;Getting off;na;Not a Pedestrian;Driving under the influence of drugs;Slight Injury
11:50:00;Monday;Male;Junior high school;Employee;Above 10yr;Public (> 45 seats);Owner;2-5yrs;unknown;  Recreational areas;Undivided Two way;Tangent road with flat terrain;Y Shape;Asphalt roads;Dry;Daylight;Normal;Collision with roadside objects;3;3;Moving Backward;18-30;Not a Pedestrian;Changing lane to the left;Slight Injury
11:50:00;Monday;Male;Elementary school;Employee;Above 10yr;unknown;Owner;unknown;unknown;Other;other;Tangent road with flat terrain;Y Shape;Asphalt roads;Dry;Daylight;Normal;Vehicle with vehicle collision;3;3;Going straight;Over 51;Crossing from nearside - masked by parked or statioNot a Pedestrianry vehicle;Changing lane to the right;Slight Injury
11:50:00;Monday;Male;Junior high school;Employee;Above 10yr;Automobile;Owner;unknown;unknown;Office areas;Undivided Two way;Tangent road with flat terrain;Y Shape;Asphalt roads;Dry;Daylight;Normal;Vehicle with vehicle collision;3;3;Going straight;na;Not a Pedestrian;Driving to the left;Slight Injury
11:50:00;Monday;Male;Junior high school;Employee;1-2yr;Automobile;unknown;unknown;unknown;Other;Undivided Two way;Tangent road with flat terrain;Y Shape;Asphalt roads;Dry;Daylight;Normal;Vehicle with vehicle collision;3;3;Waiting to go;31-50;Not a Pedestrian;Driving at high speed;Slight Injury
09:28:00;Wednesday;Male;Junior high school;Employee;5-10yr;Other;Owner;Unknown;unknown;Office areas;Undivided Two way;Tangent road with flat terrain;Crossing;Asphalt roads;Dry;Daylight;Normal;Rollover;1;1;Going straight;na;Not a Pedestrian;Overtaking;Slight Injury
16:15:00;Sunday;Male;High school;Owner;2-5yr;Stationwagen;Owner;Unknown;unknown;Office areas;One way;Tangent road with flat terrain;No junction;Asphalt roads;Dry;Daylight;Cloudy;Rollover;1;1;Other;31-50;Not a Pedestrian;Changing lane to the right;Slight Injury
15:30:00;Friday;Male;Junior high school;Employee;2-5yr;Lorry (41?100Q);Owner;Unknown;unknown;Office areas;Undivided Two way;Tangent road with flat terrain;Crossing;Asphalt roads;Dry;Daylight;Normal;Collision with pedestrians;1;1;Going straight;na;Not a Pedestrian;Changing lane to the right;Slight Injury
15:40:00;Monday;Male;Junior high school;Employee;5-10yr;Taxi;Owner;Unknown;No defect;Other;Undivided Two way;Tangent road with flat terrain;No junction;Asphalt roads;Dry;Daylight;Normal;Vehicle with vehicle collision;2;1;Going straight;31-50;Not a Pedestrian;Moving Backward;Slight Injury
15:40:00;Monday;Male;Junior high school;Employee;5-10yr;Other;Governmental;Unknown;unknown;Other;Double carriageway (median);Tangent road with flat terrain;No junction;Other;Dry;Daylight;Normal;Vehicle with vehicle collision;2;1;Going straight;5;Not a Pedestrian;Moving Backward;Slight Injury
12:30:00;Friday;Male;Junior high school;Employee;2-5yr;Public (12 seats);Owner;Unknown;No defect;Office areas;Two-way (divided with solid lines road marking);Tangent road with flat terrain;No junction;Asphalt roads;Dry;Daylight;Unknown;Vehicle with vehicle collision;2;1;Going straight;Over 51;Unknown or other;Changing lane to the left;Slight Injury
12:30:00;Friday;Female;High school;Employee;Above 10yr;Automobile;Owner;Unknown;unknown;Residential areas;other;Tangent road with flat terrain;No junction;Asphalt roads;Dry;Daylight;Unknown;Collision with pedestrians;2;1;Overtaking;na;Not a Pedestrian;Moving Backward;Slight Injury
20:00:00;Monday;Male;Elementary school;Employee;5-10yr;Automobile;Governmental;2-5yrs;unknown;  Recreational areas;Undivided Two way;Tangent road with flat terrain;Y Shape;unknown;Wet or damp;Daylight;Other;Collision with pedestrians;1;1;Going straight;31-50;Not a Pedestrian;No distancing;Slight Injury
07:51:00;Monday;Male;Junior high school;Employee;Above 10yr;Public (13?45 seats);Owner;1-2yr;No defect;Other;other;Tangent road with flat terrain;No junction;Asphalt roads;Dry;Daylight;Normal;Vehicle with vehicle collision;1;1;Going straight;18-30;Crossing from nearside - masked by parked or statioNot a Pedestrianry vehicle;Moving Backward;Serious Injury
22:28:00;Sunday;Male;Writing & reading;Employee;2-5yr;Lorry (41?100Q);Owner;Above 10yr;No defect;Residential areas;other;Tangent road with flat terrain;No junction;Asphalt roads;Dry;Darkness - no lighting;Normal;Vehicle with vehicle collision;1;2;Going straight;na;Not a Pedestrian;Changing lane to the right;Serious Injury
22:28:00;Sunday;Male;Junior high school;Employee;2-5yr;Lorry (41?100Q);Owner;Unknown;No defect;Other;other;Tangent road with flat terrain;No junction;Asphalt roads;Dry;Darkness - no lighting;Normal;Vehicle with vehicle collision;1;2;Turnover;18-30;Not a Pedestrian;Changing lane to the left;Serious Injury