Time;Day_of_week;Sex_of_driver;Educational_level;Vehicle_driver_relation;Driving_experience;Type_of_vehicle;Owner_of_vehicle;Service_year_of_vehicle;Defect_of_vehicle;Area_accident_occured;Lanes_or_Medians;Road_allignment;Types_of_Junction;Road_surface_type;Road_surface_conditions;Light_conditions;Weather_conditions;Type_of_collision;Number_of_vehicles_involved;Number_of_casualties;Vehicle_movement;Age_band_of_casualty;Pedestrian_movement;Cause_of_accident;Accident_severity
21:18:00;Friday;Male;High school;Employee;2-5yr;Lorry (11?40Q);Owner;Unknown;unknown;Other;other;Tangent road with flat terrain;Crossing;Earth roads;Dry;Darkness - lights lit;Other;Collision with roadside objects;2;3;Going straight;18-30;Crossing from nearside - masked by parked or statioNot a Pedestrianry vehicle;No priority to vehicle;Slight Injury
21:18:00;Friday;Male;Junior high school;Employee;1-2yr;Motorcycle;Owner;5-10yrs;unknown;Other;One way;Tangent road with flat terrain;Crossing;Asphalt roads;Dry;Darkness - lights lit;Other;Vehicle with vehicle collision;2;3;Going straight;31-50;Crossing from driver's nearside;No distancing;Slight Injury
21:18:00;Friday;Male;High school;Employee;5-10yr;Lorry (41?100Q);Owner;Unknown;No defect;Other;Two-way (divided with broken lines road marking);Tangent road with flat terrain;Crossing;Asphalt roads;Dry;Darkness - lights lit;Other;Collision with roadside objects;2;3;Getting off;na;Not a Pedestrian;No priority to vehicle;Slight Injury
19:20:00;Wednesday;Male;Elementary school;Employee;2-5yr;Stationwagen;Owner;2-5yrs;No defect;Other;other;Tangent road with flat terrain;No junction;Asphalt roads;Dry;Daylight;Normal;Vehicle with vehicle collision;3;2;Moving Backward;Over 51;Not a Pedestrian;Driving under the influence of drugs;Slight Injury
19:20:00;Wednesday;Male;Junior high school;Employee;1-2yr;Automobile;Owner;Unknown;No defect;School areas;Undivided Two way;Tangent road with flat terrain;No junction;Asphalt roads;Dry;Daylight;Normal;Vehicle with vehicle collision;3;2;Getting off;5;Not a Pedestrian;Changing lane to the right;Slight Injury
19:20:00;Wednesday;Male;Elementary school;Employee;1-2yr;Other;Owner;unknown;No defect;Office areas;Two-way (divided with broken lines road marking);Tangent road with flat terrain;No junction;Asphalt roads;Dry;Daylight;Normal;Collision with roadside objects;3;2;Overtaking;na;Not a Pedestrian;No distancing;Slight Injury
19:20:00;Wednesday;Female;High school;Employee;No Licence;Other;Owner;Unknown;No defect;Office areas;Two-way (divided with broken lines road marking);Tangent road with flat terrain;No junction;Asphalt roads;Dry;Daylight;Normal;Vehicle with vehicle collision;3;2;Going straight;31-50;Not a Pedestrian;No distancing;Slight Injury
12:18:00;Saturday;Male;Junior high school;Owner;5-10yr;Taxi;Owner;5-10yrs;No defect;Office areas;Two-way (divided with broken lines road marking);Tangent road with flat terrain;Y Shape;Asphalt roads;Dry;Daylight;Other;Vehicle with vehicle collision;1;1;Going straight;Under 18;Not a Pedestrian;Changing lane to the left;Slight Injury
09:30:00;Sunday;Male;Junior high school;Employee;1-2yr;Automobile;Owner;Unknown;No defect;School areas;unknown;Tangent road with flat terrain;No junction;Asphalt roads;Dry;Daylight;Unknown;Collision with roadside objects;2;1;Going straight;18-30;Not a Pedestrian;Changing lane to the right;Slight Injury
09:30:00;Sunday;Female;Junior high school;Employee;2-5yr;Long lorry;Governmental;unknown;No defect;School areas;Undivided Two way;Tangent road with flat terrain;No junction;Asphalt roads;Dry;Daylight;Unknown;Collision with roadside objects;2;1;Reversing;na;Not a Pedestrian;Changing lane to the right;Slight Injury
12:45:00;Tuesday;Male;Junior high school;Employee;5-10yr;Long lorry;Owner;unknown;No defect;Office areas;Two-way (divided with broken lines road marking);Tangent road with flat terrain;Crossing;Asphalt roads;Dry;Daylight;Normal;Vehicle with vehicle collision;1;1;Getting off;na;Not a Pedestrian;Driving under the influence of drugs;Slight Injury
17:01:00;Wednesday;Male;unknown;unknown;unknown;Lorry (41?100Q);Owner;unknown;No defect;Office areas;Two-way (divided with broken lines road marking);Tangent road with flat terrain;Crossing;Asphalt roads;Dry;Daylight;Normal;Vehicle with vehicle collision;2;1;Going straight;18-30;Not a Pedestrian;Moving Backward;Slight Injury
17:01:00;Wednesday;Male;unknown;unknown;unknown;Lorry (41?100Q);Governmental;Above 10yr;No defect;School areas;Two-way (divided with broken lines road marking);Tangent road with flat terrain;Crossing;Asphalt roads;Dry;Daylight;Normal;Vehicle with vehicle collision;2;1;Going straight;18-30;Not a Pedestrian;Changing lane to the left;Slight Injury
11:20:00;Friday;Male;Junior high school;Employee;2-5yr;Lorry (11?40Q);Owner;1-2yr;No defect;unknown;Two-way (divided with broken lines road marking);Tangent road with flat terrain;Y Shape;Asphalt roads;Dry;Daylight;Normal;Vehicle with vehicle collision;2;1;Going straight;5;Not a Pedestrian;No priority to pedestrian;Serious Injury
11:20:00;Friday;Male;Junior high school;Employee;Above 10yr;Automobile;Owner;Above 10yr;No defect;Other;Two-way (divided with broken lines road marking);Tangent road with flat terrain;Y Shape;Asphalt roads;Dry;Daylight;Normal;Vehicle with vehicle collision;2;1;Reversing;31-50;Not a Pedestrian;No distancing;Serious Injury
19:28:00;Wednesday;Male;Junior high school;Owner;Above 10yr;Taxi;Owner;Below 1yr;No defect;Other;Undivided Two way;Tangent road with flat terrain;Crossing;Asphalt roads;Dry;Daylight;Normal;Vehicle with vehicle collision;3;1;Going straight;18-30;Not a Pedestrian;No distancing;Slight Injury
19:28:00;Wednesday;Male;unknown;unknown;unknown;Other;Owner;Above 10yr;No defect;Other;Two-way (divided with broken lines road marking);Tangent road with flat terrain;Crossing;Asphalt roads;Dry;Daylight;Normal;Vehicle with vehicle collision;3;1;Stopping;18-30;Not a Pedestrian;Changing lane to the left;Slight Injury
19:28:00;Wednesday;Male;Elementary school;Owner;Above 10yr;Automobile;Owner;Unknown;No defect;Residential areas;Undivided Two way;Tangent road with flat terrain;Crossing;Asphalt roads;Dry;Daylight;Normal;Vehicle with vehicle collision;3;1;Overtaking;Under 18;Not a Pedestrian;Changing lane to the right;Slight Injury
18:10:00;Thursday;Male;unknown;unknown;unknown;Automobile;Governmental;1-2yr;No defect;Other;Undivided Two way;Tangent road with flat terrain;Y Shape;Earth roads;Wet or damp;Darkness - no lighting;Raining;Vehicle with vehicle collision;1;1;Going straight;na;Not a Pedestrian;Driving carelessly;Slight Injury
17:21:00;Sunday;Male;Junior high school;Owner;5-10yr;Automobile;Owner;1-2yr;No defect;Other;Undivided Two way;Tangent road with flat terrain;Crossing;Asphalt roads;Dry;Daylight;Normal;Vehicle with vehicle collision;2;2;Reversing;18-30;Not a Pedestrian;No distancing;Serious Injury
17:21:00;Sunday;Male;Junior high school;Owner;Above 10yr;Automobile;Owner;unknown;No defect; Industrial areas;Undivided Two way;Tangent road with flat terrain;Crossing;Asphalt roads;Dry;Daylight;Normal;Vehicle with vehicle collision;2;2;Going straight;Over 51;Not a Pedestrian;Changing lane to the left;Serious Injury
17:21:00;Sunday;Male;High school;Owner;Above 10yr;Public (> 45 seats);Owner;unknown;No defect;  Recreational areas;Undivided Two way;Tangent road with flat terrain;Crossing;Asphalt roads;Dry;Daylight;Normal;Vehicle with vehicle collision;2;2;Going straight;na;Not a Pedestrian;Moving Backward;Serious Injury
14:45:00;Saturday;Male;unknown;unknown;unknown;Lorry (11?40Q);Owner;Above 10yr;No defect; Church areas;Two-way (divided with broken lines road marking);Tangent road with flat terrain;No junction;Asphalt roads;Dry;Daylight;Normal;Vehicle with vehicle collision;2;1;Reversing;5;Not a Pedestrian;No distancing;Slight Injury
14:45:00;Saturday;Male;Elementary school;Employee;5-10yr;Lorry (41?100Q);Owner;unknown;unknown;Office areas;Two-way (divided with broken lines road marking);Tangent road with flat terrain;No junction;Asphalt roads;Dry;Daylight;Normal;Vehicle with vehicle collision;2;1;Going straight;31-50;Crossing from driver's nearside;No priority to pedestrian;Slight Injury
08:00:00;Monday;Male;Elementary school;Owner;Above 10yr;Lorry (41?100Q);Owner;unknown;unknown;Other;Two-way (divided with broken lines road marking);Tangent road with flat terrain;Y Shape;Asphalt roads;Dry;Daylight;Normal;Vehicle with vehicle collision;1;1;Waiting to go;31-50;Not a Pedestrian;Changing lane to the left;Slight Injury
19:00:00;Tuesday;Male;Junior high school;Owner;Below 1yr;Stationwagen;Owner;unknown;unknown;Office areas;Undivided Two way;Tangent road with flat terrain;Y Shape;Asphalt roads;Dry;Daylight;Normal;Vehicle with vehicle collision;2;1;Going straight;18-30;Not a Pedestrian;No distancing;Slight Injury
19:00:00;Tuesday;Male;Junior high school;Owner;2-5yr;Other;Owner;unknown;unknown;Office areas;Two-way (divided with broken lines road marking);Tangent road with flat terrain;Y Shape;Asphalt roads;Dry;Daylight;Normal;Vehicle with vehicle collision;2;1;Going straight;18-30;Not a Pedestrian;Driving carelessly;Slight Injury
17:30:00;Sunday;Male;Junior high school;Owner;2-5yr;Automobile;Owner;unknown;unknown;Other;Two-way (divided with broken lines road marking);Tangent road with flat terrain;Y Shape;Asphalt roads;Wet or damp;Daylight;Normal;Vehicle with vehicle collision;2;2;Going straight;18-30;Not a Pedestrian;No priority to vehicle;Slight Injury
17:30:00;Sunday;Male;High school;Owner;5-10yr;Pick up upto 10Q;Owner;Above 10yr;unknown;Residential areas;Undivided Two way;Tangent road with flat terrain;Y Shape;Asphalt roads;Wet or damp;Daylight;Normal;Collision with roadside objects;2;2;Going straight;18-30;Not a Pedestrian;Changing lane to the right;Slight Injury
18:10:00;Sunday;Male;Junior high school;Owner;unknown;Motorcycle;Owner;Above 10yr;unknown;Office areas;other;Tangent road with mountainous terrain and;Crossing;Earth roads;Dry;Daylight;Normal;Vehicle with vehicle collision;1;1;Getting off;18-30;Not a Pedestrian;Moving Backward;Slight Injury
09:42:00;Friday;Male;unknown;Owner;Below 1yr;Automobile;Owner;Above 10yr;No defect;Residential areas;other;Tangent road with flat terrain;No junction;Asphalt roads;Dry;Daylight;Normal;Collision with pedestrians;2;1;Going straight;Over 51;Not a Pedestrian;No priority to vehicle;Slight Injury
09:42:00;Friday;Male;Elementary school;Owner;Above 10yr;Pick up upto 10Q;unknown;unknown;unknown;School areas;Two-way (divided with broken lines road marking);Tangent road with flat terrain;No junction;Asphalt roads;Dry;Daylight;Normal;Vehicle with vehicle collision;2;1;Going straight;na;Not a Pedestrian;No priority to pedestrian;Slight Injury
17:10:00;Tuesday;Male;Elementary school;Owner;Below 1yr;Motorcycle;Owner;Above 10yr;No defect;Office areas;Two-way (divided with broken lines road marking);Sharp reverse curve;Y Shape;Asphalt roads;Dry;Daylight;Normal;Collision with roadside objects;2;1;Going straight;na;Not a Pedestrian;Changing lane to the left;Serious Injury
17:10:00;Tuesday;Male;Junior high school;Owner;5-10yr;Stationwagen;Owner;5-10yrs;No defect;Other;other;Tangent road with flat terrain;Y Shape;Asphalt roads;Dry;Daylight;Normal;Vehicle with vehicle collision;2;1;Reversing;31-50;Not a Pedestrian;Changing lane to the left;Serious Injury
08:15:00;Wednesday;Male;Junior high school;Owner;5-10yr;Lorry (41?100Q);Owner;Above 10yr;No defect;Other;Undivided Two way;Tangent road with flat terrain;Crossing;Asphalt roads;Wet or damp;Daylight;Normal;Vehicle with vehicle collision;2;1;Turnover;na;Not a Pedestrian;Driving under the influence of drugs;Slight Injury
08:15:00;Wednesday;Male;unknown;Owner;unknown;Taxi;Owner;Above 10yr;No defect; Church areas;other;Tangent road with flat terrain;Crossing;Asphalt roads;Wet or damp;Daylight;Normal;Vehicle with vehicle collision;2;1;Going straight;31-50;Not a Pedestrian;Moving Backward;Slight Injury
09:04:00;Monday;Male;Junior high school;Employee;1-2yr;Automobile;Owner;unknown;No defect;Office areas;Two-way (divided with broken lines road marking);Tangent road with flat terrain;T Shape;Asphalt roads;Dry;Daylight;Normal;Vehicle with vehicle collision;2;1;Going straight;18-30;Crossing from driver's nearside;Changing lane to the right;Slight Injury
09:04:00;Monday;Male;High school;Owner;5-10yr;Long lorry;Owner;unknown;No defect;Other;Two-way (divided with broken lines road marking);Tangent road with flat terrain;T Shape;Asphalt roads;Dry;Daylight;Normal;Vehicle with vehicle collision;2;1;Going straight;31-50;Not a Pedestrian;Changing lane to the right;Slight Injury
19:15:00;Thursday;Male;Junior high school;Employee;5-10yr;Automobile;Owner;unknown;No defect;Office areas;Two-way (divided with broken lines road marking);Tangent road with mild grade and flat terrain;No junction;Gravel roads;Dry;Daylight;Normal;Rollover;2;1;Going straight;na;Not a Pedestrian;No distancing;Slight Injury
19:15:00;Thursday;Female;Junior high school;Employee;5-10yr;Public (12 seats);Owner;unknown;No defect;Office areas;Two-way (divided with broken lines road marking);Tangent road with flat terrain;No junction;Asphalt roads;Dry;Daylight;Normal;Collision with roadside objects;2;1;Getting off;18-30;Not a Pedestrian;Moving Backward;Slight Injury
21:26:00;Tuesday;Female;Junior high school;Employee;5-10yr;Lorry (11?40Q);Owner;Above 10yr;No defect;Office areas;Two-way (divided with broken lines road marking);Sharp reverse curve;Y Shape;Asphalt roads;Wet or damp;Darkness - lights lit;Normal;Vehicle with vehicle collision;2;1;Going straight;18-30;Not a Pedestrian;No distancing;Slight Injury
21:26:00;Tuesday;Male;Junior high school;Employee;Above 10yr;Pick up upto 10Q;Owner;Above 10yr;No defect; Church areas;Undivided Two way;Sharp reverse curve;Y Shape;Asphalt roads;Wet or damp;Darkness - lights lit;Normal;Collision with roadside objects;2;1;Going straight;5;Not a Pedestrian;Driving carelessly;Slight Injury
23:50:00;Saturday;Male;Junior high school;Employee;5-10yr;Lorry (41?100Q);Owner;Above 10yr;No defect;Office areas;Undivided Two way;Gentle horizontal curve;No junction;Asphalt roads;Wet or damp;Darkness - lights lit;Raining;Vehicle with vehicle collision;3;1;Going straight;na;Not a Pedestrian;No priority to pedestrian;Slight Injury
23:50:00;Saturday;Male;Junior high school;Employee;No Licence;Other;Owner;5-10yrs;No defect;Other;Double carriageway (median);Gentle horizontal curve;No junction;Asphalt roads;Wet or damp;Darkness - lights lit;Raining;Vehicle with vehicle collision;3;1;Going straight;Over 51;Not a Pedestrian;No priority to vehicle;Slight Injury
23:50:00;Saturday;Male;Above high school;Employee;Below 1yr;Automobile;Owner;unknown;unknown;Other;Two-way (divided with broken lines road marking);Tangent road with flat terrain;No junction;Asphalt roads;Wet or damp;Darkness - lights lit;Raining;Vehicle with vehicle collision;3;1;Going straight;Over 51;Crossing from nearside - masked by parked or statioNot a Pedestrianry vehicle;Moving Backward;Slight Injury
20:50:00;Monday;Male;Elementary school;Employee;5-10yr;Long lorry;Owner;5-10yrs;No defect; Church areas;Unknown;Tangent road with mountainous terrain and;Crossing;Asphalt roads;Dry;Darkness - lights lit;Normal;Vehicle with vehicle collision;3;1;Going straight;31-50;Not a Pedestrian;Changing lane to the right;Slight Injury
20:50:00;Monday;Male;Elementary school;Employee;5-10yr;Lorry (11?40Q);Owner;1-2yr;unknown;School areas;Undivided Two way;Tangent road with flat terrain;Crossing;Asphalt roads;Dry;Darkness - lights lit;Normal;Vehicle with vehicle collision;3;1;Going straight;Over 51;Not a Pedestrian;No distancing;Slight Injury
20:50:00;Monday;Male;Junior high school;Employee;5-10yr;Long lorry;unknown;unknown;unknown; Church areas;Two-way (divided with broken lines road marking);Tangent road with flat terrain;Crossing;Asphalt roads;Dry;Darkness - lights lit;Normal;Collision with roadside objects;3;1;Going straight;na;Not a Pedestrian;Driving carelessly;Slight Injury
17:00:00;Thursday;Male;High school;Employee;5-10yr;Automobile;Owner;Above 10yr;unknown;Office areas;Undivided Two way;Tangent road with flat terrain;Y Shape;Asphalt roads;Dry;Darkness - lights lit;Unknown;Vehicle with vehicle collision;2;1;Going straight;18-30;Not a Pedestrian;Changing lane to the left;Slight Injury
17:00:00;Thursday;Male;Junior high school;Employee;5-10yr;Taxi;Owner;2-5yrs;No defect;Other;other;Tangent road with flat terrain;Y Shape;Asphalt roads;Dry;Darkness - lights lit;Unknown;Collision with roadside objects;2;1;Going straight;Over 51;Unknown or other;Moving Backward;Slight Injury
13:19:00;Monday;Male;Junior high school;Employee;2-5yr;Taxi;Owner;Above 10yr;unknown; Church areas;Two-way (divided with broken lines road marking);Steep grade upward with mountainous terrain;Y Shape;Asphalt roads;Dry;Daylight;Normal;Vehicle with vehicle collision;2;4;Reversing;Over 51;Not a Pedestrian;No distancing;Serious Injury
13:19:00;Monday;Male;Writing & reading;Employee;5-10yr;Long lorry;Governmental;1-2yr;No defect;Other;Double carriageway (median);Tangent road with flat terrain;Y Shape;Asphalt roads;Dry;Daylight;Normal;Vehicle with vehicle collision;2;4;Going straight;na;Not a Pedestrian;Changing lane to the right;Serious Injury
13:19:00;Monday;Male;Junior high school;Employee;Above 10yr;Lorry (11?40Q);Governmental;Above 10yr;unknown;Other;Double carriageway (median);Tangent road with flat terrain;Y Shape;Asphalt roads;Dry;Daylight;Normal;Vehicle with vehicle collision;2;4;Turnover;18-30;Not a Pedestrian;No priority to vehicle;Serious Injury
13:19:00;Monday;Male;Junior high school;Employee;1-2yr;Lorry (11?40Q);Organization;5-10yrs;No defect;Office areas;Two-way (divided with broken lines road marking);Gentle horizontal curve;Y Shape;Asphalt roads;Dry;Daylight;Normal;Vehicle with vehicle collision;2;4;Going straight;na;Not a Pedestrian;Getting off the vehicle improperly;Serious Injury
12:00:00;Sunday;Male;Writing & reading;Employee;Below 1yr;Long lorry;Organization;Above 10yr;No defect;Other;Two-way (divided with broken lines road marking);Tangent road with flat terrain;Y Shape;Asphalt roads;Dry;Daylight;Normal;Vehicle with vehicle collision;2;1;Going straight;31-50;Not a Pedestrian;No distancing;Serious Injury
12:00:00;Sunday;Male;Elementary school;Employee;1-2yr;Turbo;Owner;2-5yrs;No defect;Other;Two-way (divided with broken lines road marking);Tangent road with flat terrain;Y Shape;Asphalt roads;Dry;Daylight;Normal;Vehicle with vehicle collision;2;1;Going straight;18-30;Crossing from driver's nearside;No distancing;Serious Injury
18:01:00;Tuesday;Male;Junior high school;Employee;5-10yr;Long lorry;Governmental;unknown;No defect;Residential areas;Two-way (divided with broken lines road marking);Tangent road with flat terrain;Y Shape;Asphalt roads;Dry;Daylight;Windy;Vehicle with vehicle collision;2;1;Going straight;31-50;Not a Pedestrian;Changing lane to the left;Slight Injury
18:01:00;Tuesday;Male;Elementary school;Employee;Above 10yr;Long lorry;Owner;2-5yrs;No defect;Office areas;Two-way (divided with broken lines road marking);Tangent road with flat terrain;Y Shape;Asphalt roads;Dry;Daylight;Windy;Vehicle with vehicle collision;2;1;Reversing;na;Not a Pedestrian;No priority to vehicle;Slight Injury
08:00:00;Friday;Male;Junior high school;Employee;5-10yr;Public (13?45 seats);Owner;2-5yrs;No defect; Church areas;One way;Tangent road with flat terrain;Other;Asphalt roads;Dry;Daylight;Normal;Vehicle with vehicle collision;2;1;Going straight;5;In carriageway, statioNot a Pedestrianry - not crossing  (standing or playing);Driving carelessly;Serious Injury
08:00:00;Friday;Male;Elementary school;Employee;2-5yr;Automobile;Owner;1-2yr;No defect;unknown;Undivided Two way;Tangent road with flat terrain;Other;Earth roads;Dry;Daylight;Normal;Vehicle with vehicle collision;2;1;Turnover;31-50;Not a Pedestrian;Changing lane to the right;Serious Injury
13:16:00;Thursday;Male;Junior high school;Employee;2-5yr;Automobile;Owner;Above 10yr;unknown;  Market areas;other;Steep grade downward with mountainous terrain;Y Shape;Asphalt roads;Dry;Daylight;Normal;Vehicle with vehicle collision;2;1;Going straight;na;Not a Pedestrian;No distancing;Slight Injury
13:16:00;Thursday;Male;Junior high school;Employee;Above 10yr;Pick up upto 10Q;Owner;Above 10yr;unknown;Other;Two-way (divided with broken lines road marking);Tangent road with mountainous terrain and;Y Shape;Asphalt roads;Dry;Daylight;Normal;Rollover;2;1;Going straight;na;Not a Pedestrian;Changing lane to the right;Slight Injury
18:34:00;Sunday;Male;Junior high school;Employee;2-5yr;unknown;Owner;unknown;No defect;Other;Undivided Two way;Tangent road with mountainous terrain and;No junction;Asphalt roads;Wet or damp;Darkness - lights lit;Raining;Collision with roadside objects;1;1;Going straight;18-30;Not a Pedestrian;No distancing;Slight Injury
20:20:00;Wednesday;Female;Junior high school;Owner;Below 1yr;Stationwagen;Owner;unknown;No defect; Church areas;Undivided Two way;Tangent road with flat terrain;Y Shape;Asphalt roads;Dry;Daylight;Normal;Vehicle with vehicle collision;1;1;Going straight;18-30;Not a Pedestrian;Driving under the influence of drugs;Slight Injury
21:06:00;Thursday;Female;Junior high school;Employee;2-5yr;unknown;Governmental;1-2yr;No defect;Residential areas;Undivided Two way;Tangent road with flat terrain;Y Shape;Asphalt roads;Dry;Darkness - lights lit;Unknown;Vehicle with vehicle collision;1;1;Going straight;Over 51;Walking along in carriageway, back to traffic;Changing lane to the left;Slight Injury
08:00:00;Thursday;Male;Junior high school;Employee;Above 10yr;Automobile;Owner;Unknown;No defect;Other;Undivided Two way;Tangent road with flat terrain;Crossing;Asphalt roads;Dry;Daylight;Normal;Collision with roadside objects;2;1;Getting off;na;Not a Pedestrian;Getting off the vehicle improperly;Slight Injury
08:00:00;Thursday;Male;Junior high school;Employee;2-5yr;Automobile;Owner;Unknown;No defect;Other;Two-way (divided with broken lines road marking);Tangent road with flat terrain;Crossing;Asphalt roads;Dry;Daylight;Normal;Vehicle with vehicle collision;2;1;Moving Backward;18-30;Not a Pedestrian;Overloading;Slight Injury
08:06:00;Thursday;Male;Elementary school;Employee;Above 10yr;Long lorry;Owner;Unknown;No defect;Other;Double carriageway (median);Tangent road with flat terrain;No junction;Gravel roads;Dry;Daylight;Normal;Vehicle with vehicle collision;2;1;Going straight;Under 18;Not a Pedestrian;Driving carelessly;Slight Injury
08:06:00;Thursday;Male;Elementary school;Employee;Above 10yr;Public (13?45 seats);Owner;unknown;No defect;  Recreational areas;Two-way (divided with broken lines road marking);Tangent road with flat terrain;No junction;Asphalt roads;Dry;Daylight;Normal;Vehicle with vehicle collision;2;1;Turnover;Under 18;Not a Pedestrian;Overtaking;Slight Injury
08:10:00;Thursday;Male;Elementary school;Other;Above 10yr;Public (13?45 seats);Owner;Unknown;No defect;  Recreational areas;One way;Tangent road with flat terrain;Crossing;Asphalt roads;Dry;Daylight;Normal;Rollover;1;1;Going straight;18-30;Crossing from nearside - masked by parked or statioNot a Pedestrianry vehicle;No distancing;Slight Injury
16:04:00;Thursday;Male;Junior high school;Employee;Above 10yr;Lorry (11?40Q);Owner;unknown;No defect;Other;Two-way (divided with broken lines road marking);Tangent road with flat terrain;Y Shape;Asphalt roads;Wet or damp;Daylight;Raining;Rollover;2;1;unknown;31-50;Not a Pedestrian;Overturning;Serious Injury
16:04:00;Thursday;Male;Junior high school;Employee;Below 1yr;Lorry (11?40Q);Organization;1-2yr;No defect;Office areas;Two-way (divided with broken lines road marking);Tangent road with flat terrain;Y Shape;Other;Wet or damp;Daylight;Raining;Collision with pedestrians;2;1;Going straight;31-50;Not a Pedestrian;Driving carelessly;Serious Injury
21:15:00;Sunday;Unknown;Elementary school;Employee;5-10yr;Pick up upto 10Q;Owner;2-5yrs;No defect;Residential areas;Two-way (divided with broken lines road marking);Tangent road with flat terrain;No junction;Asphalt roads;Dry;Darkness - lights lit;Normal;Vehicle with vehicle collision;2;1;Going straight;18-30;Not a Pedestrian;No priority to pedestrian;Slight Injury
21:15:00;Sunday;Female;Junior high school;Employee;2-5yr;Automobile;Owner;2-5yrs;No defect;Other;Two-way (divided with broken lines road marking);Tangent road with flat terrain;No junction;Asphalt roads;Dry;Darkness - lights lit;Normal;Vehicle with vehicle collision;2;1;Going straight;na;Not a Pedestrian;No distancing;Slight Injury
15:43:00;Wednesday;Male;Junior high school;Employee;Above 10yr;Automobile;unknown;1-2yr;unknown;Residential areas;Undivided Two way;Steep grade downward with mountainous terrain;No junction;Asphalt roads;Dry;Daylight;Normal;Vehicle with vehicle collision;1;1;Going straight;na;Not a Pedestrian;No priority to vehicle;Slight Injury
15:02:00;Wednesday;Female;Junior high school;Employee;Below 1yr;Automobile;Owner;unknown;No defect; Church areas;Double carriageway (median);Tangent road with flat terrain;No junction;Asphalt roads;Dry;Daylight;Normal;Collision with pedestrians;1;1;Turnover;18-30;Not a Pedestrian;Getting off the vehicle improperly;Slight Injury
14:39:00;Saturday;Male;Junior high school;Owner;2-5yr;Long lorry;Owner;2-5yrs;unknown;Other;One way;Tangent road with flat terrain;Y Shape;Asphalt roads;Wet or damp;Daylight;Raining;Collision with pedestrians;2;1;Turnover;31-50;Not a Pedestrian;No priority to pedestrian;Slight Injury
14:39:00;Saturday;Male;Junior high school;Employee;Above 10yr;Long lorry;Owner;5-10yrs;No defect;Office areas;Two-way (divided with broken lines road marking);Tangent road with mountainous terrain and;Y Shape;Asphalt roads;Wet or damp;Daylight;Raining;Vehicle with vehicle collision;2;1;Going straight;na;Not a Pedestrian;Changing lane to the right;Slight Injury
13:03:00;Wednesday;Male;Writing & reading;Employee;2-5yr;Automobile;Owner;2-5yrs;unknown;Other;Undivided Two way;Tangent road with flat terrain;No junction;Asphalt roads;Dry;Daylight;Normal;Vehicle with vehicle collision;2;2;Getting off;18-30;Crossing from nearside - masked by parked or statioNot a Pedestrianry vehicle;Moving Backward;Slight Injury
13:03:00;Wednesday;Male;Junior high school;Employee;2-5yr;Stationwagen;Owner;Unknown;unknown;  Recreational areas;Two-way (divided with broken lines road marking);Steep grade downward with mountainous terrain;No junction;Asphalt roads;Dry;Daylight;Normal;Vehicle with vehicle collision;2;2;Getting off;Over 51;Not a Pedestrian;Changing lane to the left;Slight Injury
16:57:00;Friday;Male;High school;Employee;2-5yr;unknown;Owner;unknown;No defect;Other;Undivided Two way;Tangent road with flat terrain;T Shape;Asphalt roads;Dry;Daylight;Normal;Collision with roadside objects;2;1;Going straight;na;Not a Pedestrian;No distancing;Slight Injury
16:57:00;Friday;Male;Junior high school;Employee;1-2yr;Other;Owner;1-2yr;No defect;Office areas;Two-way (divided with broken lines road marking);Tangent road with flat terrain;T Shape;Asphalt roads;Dry;Daylight;Normal;Vehicle with vehicle collision;2;1;Overtaking;18-30;Not a Pedestrian;Driving carelessly;Slight Injury
16:00:00;Thursday;Male;High school;Employee;5-10yr;Special vehicle;Governmental;unknown;No defect;Residential areas;Undivided Two way;Tangent road with flat terrain;No junction;Asphalt roads;Dry;Daylight;Normal;Collision with roadside objects;2;2;Reversing;na;Not a Pedestrian;Driving under the influence of drugs;Slight Injury
16:00:00;Thursday;Male;Elementary school;Employee;2-5yr;Lorry (41?100Q);Owner;Unknown;No defect;Office areas;One way;Tangent road with flat terrain;No junction;Asphalt roads;Dry;Daylight;Normal;Vehicle with vehicle collision;2;2;Going straight;na;Not a Pedestrian;Driving carelessly;Slight Injury
16:00:00;Thursday;Male;Junior high school;Employee;1-2yr;Pick up upto 10Q;Owner;unknown;No defect;Office areas;Two-way (divided with broken lines road marking);Tangent road with flat terrain;No junction;Asphalt roads;Dry;Daylight;Normal;Vehicle with vehicle collision;2;2;Getting off;31-50;Not a Pedestrian;Driving carelessly;Slight Injury
22:15:00;Sunday;Male;Elementary school;Employee;1-2yr;Lorry (11?40Q);Owner;Unknown;No defect; Church areas;Double carriageway (median);Tangent road with flat terrain;Y Shape;Asphalt roads;Dry;Darkness - lights lit;Normal;Collision with roadside objects;2;1;Getting off;18-30;Not a Pedestrian;Changing lane to the right;Slight Injury
22:15:00;Sunday;Male;High school;Employee;No Licence;Lorry (41?100Q);Owner;unknown;No defect; Church areas;Undivided Two way;Tangent road with flat terrain;Y Shape;Gravel roads;Dry;Darkness - lights lit;Normal;Vehicle with vehicle collision;2;1;Reversing;5;Not a Pedestrian;No distancing;Slight Injury
07:28:00;Tuesday;Male;Junior high school;Owner;5-10yr;Motorcycle;Owner;unknown;No defect;Residential areas;Undivided Two way;Tangent road with flat terrain;Crossing;Asphalt roads;Dry;Daylight;Normal;Vehicle with vehicle collision;2;1;Turnover;31-50;Not a Pedestrian;Driving carelessly;Slight Injury