Time;Day_of_week;Sex_of_driver;Educational_level;Vehicle_driver_relation;Driving_experience;Type_of_vehicle;Owner_of_vehicle;Service_year_of_vehicle;Defect_of_vehicle;Area_accident_occured;Lanes_or_Medians;Road_allignment;Types_of_Junction;Road_surface_type;Road_surface_conditions;Light_conditions;Weather_conditions;Type_of_collision;Number_of_vehicles_involved;Number_of_casualties;Vehicle_movement;Age_band_of_casualty;Pedestrian_movement;Cause_of_accident;Accident_severity
07:28:00;Tuesday;Male;Junior high school;Employee;1-2yr;Automobile;Owner;unknown;No defect;Other;Undivided Two way;Tangent road with flat terrain;Crossing;Asphalt roads;Dry;Daylight;Normal;Collision with roadside objects;2;1;Moving Backward;na;Not a Pedestrian;No priority to pedestrian;Slight Injury
15:39:00;Tuesday;Male;Junior high school;Employee;2-5yr;Automobile;Owner;Unknown;unknown;Other;other;Tangent road with flat terrain;Y Shape;Asphalt roads;Dry;Daylight;Normal;Collision with roadside objects;2;1;Going straight;18-30;Not a Pedestrian;No distancing;Slight Injury
15:39:00;Tuesday;Male;Junior high school;Employee;5-10yr;Automobile;Owner;unknown;No defect;unknown;Undivided Two way;Tangent road with flat terrain;Y Shape;Other;Dry;Daylight;Normal;Vehicle with vehicle collision;2;1;Going straight;na;Not a Pedestrian;Moving Backward;Slight Injury
22:48:00;Saturday;Male;unknown;unknown;unknown;Stationwagen;Owner;2-5yrs;unknown;Residential areas;Undivided Two way;Tangent road with flat terrain;No junction;Asphalt roads;Dry;Darkness - lights lit;Normal;Vehicle with vehicle collision;3;1;Going straight;18-30;Not a Pedestrian;Moving Backward;Slight Injury
22:48:00;Saturday;Male;unknown;unknown;unknown;unknown;Owner;Unknown;unknown;Office areas;Undivided Two way;Tangent road with flat terrain;No junction;Other;Dry;Darkness - lights lit;Normal;Vehicle with vehicle collision;3;1;Going straight;na;Not a Pedestrian;No priority to vehicle;Slight Injury
22:48:00;Saturday;Male;Junior high school;Employee;2-5yr;Public (> 45 seats);Owner;Unknown;unknown;Residential areas;Undivided Two way;Tangent road with flat terrain;No junction;Asphalt roads;Dry;Darkness - lights lit;Normal;Vehicle with vehicle collision;3;1;Reversing;na;Not a Pedestrian;No distancing;Slight Injury
16:05:00;Sunday;Male;Junior high school;Employee;Above 10yr;Public (> 45 seats);Owner;Unknown;No defect;Other;Two-way (divided with broken lines road marking);Tangent road with flat terrain;No junction;Asphalt roads;Dry;Daylight;Normal;Vehicle with vehicle collision;2;1;Going straight;31-50;Not a Pedestrian;Moving Backward;Serious Injury
16:05:00;Sunday;Male;Junior high school;Owner;Above 10yr;Stationwagen;Owner;unknown;No defect;Other;Two-way (divided with broken lines road marking);Tangent road with flat terrain;No junction;Asphalt roads;Dry;Daylight;Normal;Vehicle with vehicle collision;2;1;Going straight;18-30;Not a Pedestrian;Changing lane to the right;Serious Injury
17:10:00;Thursday;Male;unknown;unknown;unknown;Automobile;Owner;unknown;No defect;  Recreational areas;Two-way (divided with broken lines road marking);Tangent road with flat terrain;Y Shape;Asphalt roads;Dry;Daylight;Normal;Vehicle with vehicle collision;2;1;Going straight;na;Not a Pedestrian;Moving Backward;Slight Injury
17:10:00;Thursday;Male;Elementary school;Owner;Above 10yr;Bicycle;Owner;5-10yrs;unknown; Church areas;One way;Tangent road with flat terrain;Y Shape;Asphalt roads;Dry;Daylight;Normal;Vehicle with vehicle collision;2;1;Going straight;31-50;Not a Pedestrian;Changing lane to the right;Slight Injury
20:06:00;Friday;Male;unknown;unknown;unknown;Automobile;Owner;unknown;unknown;School areas;Two-way (divided with broken lines road marking);Tangent road with flat terrain;Y Shape;Asphalt roads;Wet or damp;Darkness - lights lit;Raining;Vehicle with vehicle collision;1;1;Getting off;31-50;Not a Pedestrian;Driving carelessly;Slight Injury
08:15:00;Tuesday;Male;Junior high school;Owner;5-10yr;Lorry (41?100Q);Owner;2-5yrs;unknown;Office areas;Undivided Two way;Tangent road with flat terrain;Y Shape;Asphalt roads;Dry;Daylight;Normal;Vehicle with vehicle collision;2;1;Going straight;na;Not a Pedestrian;Changing lane to the right;Slight Injury
08:15:00;Tuesday;Male;Junior high school;Owner;Above 10yr;Automobile;Owner;1-2yr;unknown;Other;unknown;Tangent road with flat terrain;Y Shape;Asphalt roads;Dry;Daylight;Normal;Vehicle with vehicle collision;2;1;Going straight;31-50;Not a Pedestrian;No distancing;Slight Injury
11:05:00;Friday;Female;High school;Owner;Above 10yr;Public (13?45 seats);Owner;5-10yrs;unknown;Residential areas;Undivided Two way;Tangent road with flat terrain;No junction;Asphalt roads;Dry;Daylight;Normal;Vehicle with vehicle collision;1;1;Going straight;na;Not a Pedestrian;Moving Backward;Slight Injury
17:36:00;Friday;Male;unknown;unknown;unknown;Special vehicle;Owner;Above 10yr;unknown;Other;Undivided Two way;Tangent road with flat terrain;No junction;Asphalt roads;Dry;Daylight;Normal;Vehicle with vehicle collision;2;1;Going straight;5;Not a Pedestrian;Driving carelessly;Slight Injury
17:36:00;Friday;Male;Elementary school;Employee;5-10yr;Automobile;Owner;1-2yr;No defect;Other;other;Steep grade downward with mountainous terrain;No junction;Asphalt roads;Dry;Daylight;Normal;Vehicle with vehicle collision;2;1;Reversing;na;Not a Pedestrian;No distancing;Slight Injury
19:40:00;Wednesday;Male;Elementary school;Owner;Above 10yr;Public (13?45 seats);Owner;2-5yrs;unknown;Office areas;One way;Steep grade downward with mountainous terrain;No junction;Asphalt roads;Dry;Daylight;Normal;Vehicle with vehicle collision;3;1;Moving Backward;18-30;Not a Pedestrian;No priority to vehicle;Slight Injury
19:40:00;Wednesday;Male;Junior high school;Owner;Below 1yr;unknown;Owner;unknown;No defect;Residential areas;Two-way (divided with broken lines road marking);Tangent road with flat terrain;No junction;Asphalt roads;Dry;Daylight;Normal;Vehicle with vehicle collision;3;1;Going straight;31-50;Not a Pedestrian;Changing lane to the right;Slight Injury
19:40:00;Wednesday;Male;Junior high school;Owner;2-5yr;Lorry (41?100Q);Owner;unknown;No defect;Other;Two-way (divided with broken lines road marking);Tangent road with flat terrain;No junction;Asphalt roads;Dry;Daylight;Normal;Vehicle with vehicle collision;3;1;Going straight;na;Not a Pedestrian;Moving Backward;Slight Injury
20:40:00;Wednesday;Male;Junior high school;Owner;2-5yr;Lorry (41?100Q);Organization;2-5yrs;unknown;Residential areas;Undivided Two way;Tangent road with flat terrain;Crossing;Asphalt roads;Dry;Daylight;Normal;Vehicle with vehicle collision;2;4;Going straight;5;Not a Pedestrian;Driving under the influence of drugs;Fatal injury
20:40:00;Wednesday;Male;High school;Owner;5-10yr;Public (12 seats);Owner;unknown;No defect; Church areas;Two-way (divided with broken lines road marking);Tangent road with flat terrain;Crossing;Asphalt roads;Dry;Daylight;Normal;Collision with roadside objects;2;4;Going straight;na;Not a Pedestrian;Changing lane to the right;Fatal injury
20:40:00;Wednesday;Male;Junior high school;Owner;unknown;Lorry (41?100Q);Governmental;unknown;No defect;Residential areas;Two-way (divided with broken lines road marking);Tangent road with flat terrain;Crossing;Asphalt roads;Dry;Daylight;Normal;Vehicle with vehicle collision;2;4;Going straight;31-50;Not a Pedestrian;No priority to vehicle;Fatal injury
20:40:00;Wednesday;Male;unknown;Owner;Below 1yr;Lorry (41?100Q);Owner;unknown;No defect;Office areas;One way;Tangent road with flat terrain;Crossing;Asphalt roads;Dry;Daylight;Normal;Collision with pedestrians;2;4;Going straight;5;Not a Pedestrian;Changing lane to the left;Fatal injury
18:09:00;Monday;Male;Elementary school;Owner;Above 10yr;Public (12 seats);Governmental;Below 1yr;No defect;Residential areas;Two-way (divided with broken lines road marking);Tangent road with flat terrain;No junction;Asphalt roads;Wet or damp;Daylight;Raining;Vehicle with vehicle collision;3;1;Turnover;na;Not a Pedestrian;Driving carelessly;Slight Injury
18:09:00;Monday;Male;Elementary school;Owner;Below 1yr;Public (> 45 seats);Owner;Unknown;No defect;Other;One way;Tangent road with flat terrain;No junction;Asphalt roads;Wet or damp;Daylight;Raining;Collision with roadside objects;3;1;Going straight;Over 51;Not a Pedestrian;No priority to pedestrian;Slight Injury
18:09:00;Monday;Male;Junior high school;Owner;5-10yr;Automobile;Owner;Unknown;unknown; Industrial areas;Two-way (divided with broken lines road marking);Tangent road with flat terrain;No junction;Asphalt roads;Wet or damp;Daylight;Raining;Vehicle with vehicle collision;3;1;Other;na;Not a Pedestrian;No priority to pedestrian;Slight Injury
13:07:00;Tuesday;Male;Junior high school;Owner;5-10yr;Pick up upto 10Q;Owner;Unknown;unknown; Church areas;Two-way (divided with broken lines road marking);Tangent road with flat terrain;Other;Earth roads;Wet or damp;Daylight;Normal;Vehicle with vehicle collision;2;1;Going straight;18-30;Not a Pedestrian;Changing lane to the right;Slight Injury
13:07:00;Tuesday;Male;unknown;Owner;unknown;Stationwagen;Owner;2-5yrs;No defect;Residential areas;Undivided Two way;Steep grade downward with mountainous terrain;Other;Asphalt roads;Wet or damp;Daylight;Normal;Vehicle with vehicle collision;2;1;Going straight;18-30;Not a Pedestrian;Drunk driving;Slight Injury
16:00:00;Saturday;Male;Junior high school;Employee;1-2yr;Other;unknown;unknown;unknown;unknown;Two-way (divided with broken lines road marking);Tangent road with flat terrain;No junction;Asphalt roads;Dry;Daylight;Normal;Vehicle with vehicle collision;2;1;Going straight;na;Not a Pedestrian;Changing lane to the left;Slight Injury
16:00:00;Saturday;Female;High school;Owner;5-10yr;unknown;unknown;unknown;unknown;unknown;Two-way (divided with broken lines road marking);Tangent road with flat terrain;No junction;Asphalt roads;Dry;Daylight;Normal;Vehicle with vehicle collision;2;1;Going straight;na;Not a Pedestrian;Changing lane to the left;Slight Injury
10:15:00;Thursday;Male;Junior high school;Employee;5-10yr;Automobile;Owner;1-2yr;No defect;Office areas;Undivided Two way;Tangent road with flat terrain;No junction;Asphalt roads;Dry;Daylight;Normal;Rollover;2;1;Going straight;18-30;Not a Pedestrian;Driving to the left;Slight Injury
10:15:00;Thursday;Male;Junior high school;Employee;5-10yr;Stationwagen;Owner;Above 10yr;No defect; Outside rural areas;Two-way (divided with broken lines road marking);Tangent road with mountainous terrain and;No junction;Asphalt roads;Dry;Daylight;Normal;Collision with roadside objects;2;1;Moving Backward;31-50;Not a Pedestrian;Changing lane to the left;Slight Injury
14:04:00;Monday;Male;Junior high school;Employee;5-10yr;Pick up upto 10Q;Owner;Above 10yr;No defect; Church areas;Two-way (divided with broken lines road marking);Steep grade downward with mountainous terrain;Unknown;Asphalt roads;Dry;Daylight;Normal;Vehicle with vehicle collision;2;1;Moving Backward;na;Not a Pedestrian;Driving under the influence of drugs;Slight Injury
14:04:00;Monday;Male;Junior high school;Employee;Above 10yr;Lorry (41?100Q);Owner;unknown;No defect;Office areas;other;Tangent road with mountainous terrain and;Unknown;Asphalt roads;Dry;Daylight;Normal;Vehicle with vehicle collision;2;1;Moving Backward;Under 18;Crossing from nearside - masked by parked or statioNot a Pedestrianry vehicle;No priority to pedestrian;Slight Injury
18:30:00;Monday;Male;Junior high school;Employee;5-10yr;Automobile;Owner;Above 10yr;unknown; Church areas;Two-way (divided with broken lines road marking);Steep grade downward with mountainous terrain;Y Shape;Asphalt roads;Wet or damp;Darkness - lights lit;Raining;Collision with roadside objects;2;1;Other;na;Not a Pedestrian;Changing lane to the left;Slight Injury
18:30:00;Monday;Male;Junior high school;Employee;No Licence;unknown;unknown;unknown;unknown;Office areas;other;Tangent road with mountainous terrain and;Y Shape;Asphalt roads;Wet or damp;Darkness - lights lit;Raining;Vehicle with vehicle collision;2;1;Going straight;31-50;Not a Pedestrian;Moving Backward;Slight Injury
20:12:00;Tuesday;Male;Above high school;Employee;Below 1yr;Lorry (41?100Q);Governmental;unknown;No defect;Office areas;Undivided Two way;Tangent road with flat terrain;Crossing;Asphalt roads;Wet or damp;Darkness - lights lit;Raining;Vehicle with vehicle collision;2;1;Unknown;18-30;Not a Pedestrian;No distancing;Slight Injury
20:12:00;Tuesday;Male;Elementary school;Employee;5-10yr;Lorry (41?100Q);Owner;1-2yr;No defect;School areas;Two-way (divided with broken lines road marking);Tangent road with flat terrain;Crossing;Gravel roads;Wet or damp;Darkness - lights lit;Raining;Vehicle with vehicle collision;2;1;Turnover;na;Not a Pedestrian;Changing lane to the right;Slight Injury
18:50:00;Monday;Female;Elementary school;Employee;5-10yr;Lorry (41?100Q);Owner;Below 1yr;No defect;Residential areas;Two-way (divided with broken lines road marking);Tangent road with flat terrain;Y Shape;Asphalt roads;Dry;Darkness - lights lit;Unknown;Vehicle with vehicle collision;2;2;Getting off;na;Not a Pedestrian;No priority to vehicle;Slight Injury
18:50:00;Monday;Male;Junior high school;Employee;5-10yr;Pick up upto 10Q;Owner;unknown;No defect;Office areas;other;Tangent road with mountainous terrain and;Y Shape;Earth roads;Dry;Darkness - lights lit;Unknown;Vehicle with vehicle collision;2;2;Going straight;18-30;Not a Pedestrian;Moving Backward;Slight Injury
18:50:00;Monday;Male;High school;Employee;5-10yr;Pick up upto 10Q;Owner;Unknown;No defect;Rural village areasOffice areas;other;Tangent road with flat terrain;Y Shape;Asphalt roads;Dry;Darkness - lights lit;Unknown;Vehicle with vehicle collision;2;2;Going straight;31-50;Not a Pedestrian;Overtaking;Slight Injury
11:15:00;Monday;Female;Junior high school;Employee;5-10yr;Automobile;Owner;Unknown;No defect;Other;Two-way (divided with broken lines road marking);Tangent road with flat terrain;No junction;Asphalt roads;Dry;Daylight;Normal;Collision with pedestrians;2;1;Going straight;na;Not a Pedestrian;Changing lane to the left;Slight Injury
11:15:00;Monday;Male;Junior high school;Employee;2-5yr;Other;Owner;Unknown;No defect;Residential areas;Undivided Two way;Tangent road with flat terrain;No junction;Asphalt roads;Dry;Daylight;Normal;Vehicle with vehicle collision;2;1;Turnover;31-50;Not a Pedestrian;Changing lane to the right;Slight Injury
11:38:00;Friday;Male;Writing & reading;Employee;5-10yr;unknown;Owner;Unknown;No defect;Office areas;Undivided Two way;Tangent road with flat terrain;Y Shape;Earth roads;Dry;Daylight;Normal;Collision with roadside objects;2;1;Reversing;na;Not a Pedestrian;Overtaking;Slight Injury
11:38:00;Friday;Male;Junior high school;Employee;Above 10yr;Automobile;Owner;Unknown;No defect;Office areas;Undivided Two way;Tangent road with flat terrain;Y Shape;Asphalt roads;Dry;Daylight;Normal;Vehicle with vehicle collision;2;1;Moving Backward;na;Not a Pedestrian;Overloading;Slight Injury
09:40:00;Monday;Male;Junior high school;Employee;1-2yr;Motorcycle;Owner;Unknown;No defect;Residential areas;Undivided Two way;Tangent road with flat terrain;Y Shape;Asphalt roads;Dry;Daylight;Other;Vehicle with vehicle collision;2;1;Other;18-30;Not a Pedestrian;Other;Slight Injury
09:40:00;Monday;Male;Writing & reading;Employee;Below 1yr;Automobile;Owner;Unknown;No defect;Office areas;Undivided Two way;Tangent road with flat terrain;Y Shape;Asphalt roads;Dry;Daylight;Other;Vehicle with vehicle collision;2;1;Going straight;31-50;Not a Pedestrian;No priority to vehicle;Slight Injury
18:40:00;Friday;Female;Elementary school;Employee;1-2yr;Automobile;Owner;Unknown;No defect;Office areas;Undivided Two way;Tangent road with flat terrain;Y Shape;Asphalt roads;Dry;Daylight;Unknown;Vehicle with vehicle collision;2;1;Going straight;18-30;Not a Pedestrian;Changing lane to the right;Slight Injury
18:40:00;Friday;Male;Junior high school;Employee;5-10yr;Public (12 seats);Owner;Unknown;No defect;Office areas;unknown;Tangent road with flat terrain;Y Shape;Asphalt roads;Dry;Daylight;Unknown;Vehicle with vehicle collision;2;1;Going straight;na;Not a Pedestrian;Moving Backward;Slight Injury
19:32:00;Wednesday;Male;Junior high school;Employee;1-2yr;Long lorry;Owner;Unknown;No defect;Office areas;Two-way (divided with broken lines road marking);Tangent road with flat terrain;Y Shape;Asphalt roads;Dry;Daylight;Normal;Vehicle with vehicle collision;2;1;Going straight;na;Not a Pedestrian;Changing lane to the left;Slight Injury
19:32:00;Wednesday;Male;Elementary school;Owner;5-10yr;unknown;Owner;Unknown;No defect;Other;Undivided Two way;Tangent road with flat terrain;Y Shape;Asphalt roads;Dry;Daylight;Normal;Vehicle with vehicle collision;2;1;Going straight;na;Not a Pedestrian;No priority to pedestrian;Slight Injury
15:09:00;Monday;Female;Junior high school;Employee;2-5yr;Automobile;Owner;Unknown;No defect;Other;Two-way (divided with broken lines road marking);Tangent road with flat terrain;No junction;Asphalt roads;Dry;Daylight;Normal;Vehicle with vehicle collision;1;1;Going straight;18-30;Not a Pedestrian;No distancing;Slight Injury
20:30:00;Friday;Male;Junior high school;Owner;Below 1yr;Public (> 45 seats);Owner;2-5yrs;unknown;Other;Two-way (divided with broken lines road marking);Tangent road with flat terrain;No junction;Asphalt roads;Dry;Darkness - lights lit;Normal;Vehicle with vehicle collision;2;1;Going straight;5;Not a Pedestrian;No priority to vehicle;Slight Injury
20:30:00;Friday;Male;Writing & reading;Employee;5-10yr;Pick up upto 10Q;Owner;2-5yrs;unknown;Residential areas;One way;Tangent road with flat terrain;No junction;Asphalt roads;Dry;Darkness - lights lit;Normal;Collision with roadside objects;2;1;Going straight;na;Not a Pedestrian;No distancing;Slight Injury
16:25:00;Tuesday;Male;Writing & reading;Employee;5-10yr;Lorry (41?100Q);Owner;2-5yrs;unknown;School areas;Undivided Two way;Tangent road with mild grade and flat terrain;Y Shape;Asphalt roads;Dry;Daylight;Unknown;Vehicle with vehicle collision;2;3;Going straight;31-50;Not a Pedestrian;No distancing;Slight Injury
16:25:00;Tuesday;Male;Junior high school;Employee;5-10yr;Automobile;Owner;2-5yrs;unknown;Residential areas;Undivided Two way;Tangent road with mild grade and flat terrain;Y Shape;Asphalt roads;Dry;Daylight;Unknown;Collision with roadside objects;2;3;Other;na;Not a Pedestrian;Moving Backward;Slight Injury
16:25:00;Tuesday;Male;Junior high school;Employee;2-5yr;Public (13?45 seats);Owner;2-5yrs;No defect;Office areas;Two-way (divided with broken lines road marking);Tangent road with flat terrain;Y Shape;Asphalt roads;Dry;Daylight;Unknown;Vehicle with vehicle collision;2;3;Moving Backward;18-30;Unknown or other;Changing lane to the right;Slight Injury
16:25:00;Tuesday;Male;Junior high school;Employee;Above 10yr;Automobile;Owner;unknown;No defect; Church areas;One way;Tangent road with flat terrain;Y Shape;Asphalt roads;Dry;Daylight;Unknown;Vehicle with vehicle collision;2;3;Going straight;18-30;Crossing from nearside - masked by parked or statioNot a Pedestrianry vehicle;No priority to pedestrian;Slight Injury
15:00:00;Friday;Male;Junior high school;Employee;5-10yr;Public (> 45 seats);Owner;unknown;No defect;Other;Undivided Two way;Tangent road with flat terrain;Y Shape;Asphalt roads;Dry;Daylight;Normal;unknown;1;1;Moving Backward;5;Crossing from nearside - masked by parked or statioNot a Pedestrianry vehicle;Moving Backward;Serious Injury
08:38:00;Thursday;Male;Junior high school;Employee;Above 10yr;Public (12 seats);Owner;2-5yrs;No defect;Other;One way;Tangent road with flat terrain;No junction;Asphalt roads;Dry;Daylight;Normal;Collision with pedestrians;2;1;Going straight;Under 18;Not a Pedestrian;Getting off the vehicle improperly;Slight Injury
08:38:00;Thursday;Male;Junior high school;Employee;2-5yr;Automobile;Owner;5-10yrs;No defect;Other;Two-way (divided with broken lines road marking);Tangent road with flat terrain;No junction;Asphalt roads;Dry;Daylight;Normal;Vehicle with vehicle collision;2;1;Moving Backward;18-30;Not a Pedestrian;Overtaking;Slight Injury
18:30:00;Wednesday;Male;Junior high school;Employee;Below 1yr;Lorry (41?100Q);Owner;unknown;No defect;Other;Two-way (divided with broken lines road marking);Tangent road with flat terrain;No junction;Asphalt roads;Dry;Daylight;Normal;Vehicle with vehicle collision;2;1;unknown;31-50;Crossing from nearside - masked by parked or statioNot a Pedestrianry vehicle;Overloading;Slight Injury
18:30:00;Wednesday;Male;Junior high school;Employee;Below 1yr;Automobile;Owner;unknown;No defect;Office areas;Undivided Two way;Tangent road with flat terrain;No junction;Asphalt roads;Dry;Daylight;Normal;Vehicle with vehicle collision;2;1;Going straight;Over 51;Crossing from nearside - masked by parked or statioNot a Pedestrianry vehicle;Changing lane to the right;Slight Injury
09:09:00;Monday;Male;Junior high school;Owner;5-10yr;Pick up upto 10Q;Owner;unknown;No defect;Office areas;Two-way (divided with solid lines road marking);Tangent road with flat terrain;Y Shape;Asphalt roads;Dry;Daylight;Raining;Collision with pedestrians;4;3;Going straight;31-50;Walking along in carriageway, back to traffic;Improper parking;Slight Injury
09:09:00;Monday;Male;Junior high school;Employee;2-5yr;Public (12 seats);Owner;Unknown;No defect;Residential areas;Undivided Two way;Tangent road with flat terrain;Y Shape;Earth roads;Dry;Daylight;Raining;Collision with roadside objects;4;3;Going straight;31-50;Not a Pedestrian;Other;Slight Injury
09:09:00;Monday;Male;Elementary school;Employee;Below 1yr;Automobile;Owner;Unknown;No defect;Office areas;One way;Tangent road with flat terrain;Y Shape;Asphalt roads;Dry;Daylight;Raining;unknown;4;3;Going straight;na;Not a Pedestrian;Changing lane to the left;Slight Injury
09:09:00;Monday;Female;Junior high school;Employee;2-5yr;Automobile;Owner;Unknown;No defect;Residential areas;Two-way (divided with broken lines road marking);Tangent road with flat terrain;Y Shape;Asphalt roads;Dry;Daylight;Raining;Vehicle with vehicle collision;4;3;Other;18-30;Not a Pedestrian;Changing lane to the right;Slight Injury
09:17:00;Tuesday;Male;Junior high school;Employee;5-10yr;Automobile;Owner;Unknown;No defect;Office areas;Undivided Two way;Tangent road with flat terrain;Y Shape;Other;Wet or damp;Daylight;Raining;unknown;2;1;Going straight;Under 18;Not a Pedestrian;No priority to pedestrian;Slight Injury
09:17:00;Tuesday;Male;High school;Employee;Above 10yr;Stationwagen;Owner;Unknown;No defect;Other;Two-way (divided with broken lines road marking);Tangent road with flat terrain;Y Shape;Asphalt roads;Wet or damp;Daylight;Raining;unknown;2;1;Moving Backward;na;Not a Pedestrian;Overspeed;Slight Injury
15:00:00;Monday;Male;High school;Employee;Above 10yr;Other;Owner;Unknown;No defect;Office areas;One way;Tangent road with flat terrain;Y Shape;Asphalt roads;Dry;Daylight;Normal;unknown;2;2;Moving Backward;31-50;Not a Pedestrian;Changing lane to the left;Slight Injury
15:00:00;Monday;Male;Junior high school;Employee;5-10yr;Other;Owner;Unknown;No defect;School areas;Undivided Two way;Tangent road with flat terrain;Y Shape;Asphalt roads;Dry;Daylight;Normal;Vehicle with vehicle collision;2;2;Moving Backward;na;Not a Pedestrian;No priority to vehicle;Slight Injury
15:00:00;Monday;Male;Elementary school;Employee;1-2yr;Other;Owner;unknown;unknown;Residential areas;One way;Tangent road with flat terrain;Y Shape;Asphalt roads;Dry;Daylight;Normal;Vehicle with vehicle collision;2;2;Going straight;18-30;Not a Pedestrian;Changing lane to the right;Slight Injury
12:28:00;Sunday;Male;Elementary school;Employee;5-10yr;Public (13?45 seats);Owner;unknown;unknown;Office areas;Undivided Two way;Tangent road with flat terrain;Y Shape;Asphalt roads;Dry;Daylight;Normal;Collision with roadside objects;2;2;Going straight;na;Not a Pedestrian;No distancing;Slight Injury
12:28:00;Sunday;Male;Junior high school;Employee;5-10yr;Lorry (41?100Q);Owner;Unknown;No defect;Residential areas;Undivided Two way;Tangent road with flat terrain;Y Shape;Asphalt roads;Dry;Daylight;Normal;Collision with roadside objects;2;2;Going straight;18-30;Not a Pedestrian;No priority to pedestrian;Slight Injury
14:04:00;Thursday;Male;Junior high school;Employee;1-2yr;Public (12 seats);Owner;Above 10yr;unknown;Office areas;Undivided Two way;Tangent road with flat terrain;Y Shape;Asphalt roads;Dry;Daylight;Normal;Vehicle with vehicle collision;3;4;Going straight;na;Not a Pedestrian;No distancing;Slight Injury
14:04:00;Thursday;Male;Junior high school;Owner;5-10yr;Automobile;Owner;Above 10yr;unknown;Residential areas;One way;Tangent road with flat terrain;Y Shape;Asphalt roads;Dry;Daylight;Normal;Vehicle with vehicle collision;3;4;Other;18-30;Not a Pedestrian;No priority to vehicle;Slight Injury
14:04:00;Thursday;Male;High school;Owner;Above 10yr;Automobile;Owner;Unknown;No defect;Other;other;Tangent road with flat terrain;Y Shape;Asphalt roads;Dry;Daylight;Normal;Vehicle with vehicle collision;3;4;Going straight;18-30;Not a Pedestrian;Other;Slight Injury
14:04:00;Thursday;Male;unknown;Owner;Below 1yr;Stationwagen;Other;Unknown;unknown;Other;Two-way (divided with broken lines road marking);Tangent road with flat terrain;Y Shape;Asphalt roads;Dry;Daylight;Normal;Vehicle with vehicle collision;3;4;Going straight;na;Not a Pedestrian;Driving carelessly;Slight Injury
14:25:00;Tuesday;Female;Writing & reading;Owner;5-10yr;Lorry (41?100Q);Owner;5-10yrs;unknown;Office areas;Two-way (divided with broken lines road marking);Tangent road with flat terrain;Crossing;Asphalt roads;Dry;Daylight;Normal;Vehicle with vehicle collision;2;1;Going straight;na;Not a Pedestrian;Changing lane to the left;Serious Injury
14:25:00;Tuesday;Male;Above high school;Employee;Above 10yr;Lorry (41?100Q);Owner;Above 10yr;No defect;Office areas;Two-way (divided with broken lines road marking);Tangent road with flat terrain;Crossing;Asphalt roads;Dry;Daylight;Normal;Rollover;2;1;Reversing;5;Not a Pedestrian;Driving carelessly;Serious Injury
18:20:00;Wednesday;Male;High school;Employee;Below 1yr;Lorry (41?100Q);Owner;2-5yrs;No defect;Residential areas;Two-way (divided with broken lines road marking);Tangent road with flat terrain;Y Shape;Asphalt roads;Dry;Daylight;Unknown;Vehicle with vehicle collision;2;1;Moving Backward;31-50;Not a Pedestrian;Changing lane to the left;Slight Injury
18:20:00;Wednesday;Male;Junior high school;Employee;1-2yr;Public (> 45 seats);Owner;unknown;No defect;Other;Two-way (divided with broken lines road marking);Tangent road with flat terrain;Y Shape;Asphalt roads;Dry;Daylight;Unknown;Collision with roadside objects;2;1;Going straight;na;Not a Pedestrian;No priority to vehicle;Slight Injury
08:55:00;Thursday;Male;Junior high school;Employee;Above 10yr;Public (12 seats);Governmental;unknown;No defect;Other;Undivided Two way;Tangent road with flat terrain;No junction;Asphalt roads;Dry;Daylight;Normal;Collision with pedestrians;1;1;Going straight;na;Not a Pedestrian;No distancing;Slight Injury
07:45:00;Thursday;Male;Junior high school;Owner;Above 10yr;Other;Owner;unknown;No defect;Office areas;Two-way (divided with broken lines road marking);Tangent road with flat terrain;Unknown;Asphalt roads;Dry;Daylight;Normal;Vehicle with vehicle collision;2;1;Reversing;18-30;Not a Pedestrian;Changing lane to the right;Slight Injury
07:45:00;Thursday;Male;Junior high school;Employee;Above 10yr;Public (12 seats);Owner;unknown;No defect;Office areas;Two-way (divided with broken lines road marking);Tangent road with flat terrain;Unknown;Asphalt roads;Dry;Daylight;Normal;Vehicle with vehicle collision;2;1;Going straight;na;Not a Pedestrian;Changing lane to the right;Slight Injury
13:59:00;Tuesday;Unknown;Junior high school;Employee;No Licence;Other;Owner;Unknown;No defect; Church areas;Undivided Two way;Tangent road with flat terrain;No junction;Asphalt roads;Dry;Daylight;Normal;Vehicle with vehicle collision;1;1;Reversing;Over 51;Not a Pedestrian;Driving at high speed;Slight Injury
19:25:00;Wednesday;Male;Junior high school;Employee;1-2yr;Public (12 seats);Governmental;Unknown;No defect;Other;One way;Tangent road with flat terrain;No junction;Asphalt roads;Dry;Daylight;Normal;Vehicle with vehicle collision;2;2;Other;Under 18;Crossing from driver's nearside;No distancing;Slight Injury
19:25:00;Wednesday;Male;Illiterate;Owner;1-2yr;Stationwagen;Owner;Unknown;No defect;Office areas;Undivided Two way;Tangent road with flat terrain;No junction;Asphalt roads;Dry;Daylight;Normal;Vehicle with vehicle collision;2;2;unknown;Under 18;Not a Pedestrian;Changing lane to the right;Slight Injury