Time;Day_of_week;Sex_of_driver;Educational_level;Vehicle_driver_relation;Driving_experience;Type_of_vehicle;Owner_of_vehicle;Service_year_of_vehicle;Defect_of_vehicle;Area_accident_occured;Lanes_or_Medians;Road_allignment;Types_of_Junction;Road_surface_type;Road_surface_conditions;Light_conditions;Weather_conditions;Type_of_collision;Number_of_vehicles_involved;Number_of_casualties;Vehicle_movement;Age_band_of_casualty;Pedestrian_movement;Cause_of_accident;Accident_severity
16:00:00;Friday;Male;unknown;unknown;unknown;Automobile;unknown;1-2yr;No defect;Other;Two-way (divided with broken lines road marking);Tangent road with flat terrain;Y Shape;Asphalt roads;Wet or damp;Daylight;Raining;Vehicle with vehicle collision;2;1;Going straight;31-50;Not a Pedestrian;Moving Backward;Slight Injury
16:00:00;Friday;Male;Junior high school;Employee;2-5yr;Public (> 45 seats);Owner;Above 10yr;No defect;Office areas;Undivided Two way;Tangent road with flat terrain;Y Shape;Asphalt roads;Wet or damp;Daylight;Raining;Vehicle with vehicle collision;2;1;Reversing;na;Not a Pedestrian;Driving carelessly;Slight Injury
17:23:00;Wednesday;Male;Junior high school;Employee;2-5yr;Lorry (11?40Q);Owner;Above 10yr;No defect;Residential areas;Undivided Two way;Tangent road with flat terrain;No junction;Asphalt roads;Wet or damp;Daylight;Raining;Vehicle with vehicle collision;2;2;Other;na;Not a Pedestrian;Changing lane to the right;Slight Injury
17:23:00;Wednesday;Male;Junior high school;Employee;Above 10yr;Pick up upto 10Q;Owner;Above 10yr;No defect;Other;One way;Steep grade downward with mountainous terrain;No junction;Asphalt roads;Wet or damp;Daylight;Raining;Vehicle with vehicle collision;2;2;Going straight;18-30;Not a Pedestrian;Driving carelessly;Slight Injury
17:50:00;Friday;Male;Junior high school;Employee;1-2yr;Lorry (11?40Q);Owner;Above 10yr;No defect;Residential areas;Two-way (divided with broken lines road marking);Tangent road with flat terrain;Y Shape;Asphalt roads;Wet or damp;Daylight;Normal;Vehicle with vehicle collision;2;1;Going straight;na;Not a Pedestrian;Driving carelessly;Slight Injury
17:50:00;Friday;Male;Above high school;Owner;1-2yr;Pick up upto 10Q;Owner;5-10yrs;No defect;Residential areas;Undivided Two way;Tangent road with flat terrain;Y Shape;Asphalt roads;Wet or damp;Daylight;Normal;Vehicle with vehicle collision;2;1;Moving Backward;Over 51;Not a Pedestrian;Driving carelessly;Slight Injury
19:35:00;Thursday;Male;Above high school;Employee;No Licence;Special vehicle;Owner;unknown;No defect;Residential areas;Two-way (divided with broken lines road marking);Tangent road with flat terrain;No junction;Asphalt roads;Dry;Daylight;Normal;Vehicle with vehicle collision;3;4;Reversing;31-50;Not a Pedestrian;Changing lane to the right;Serious Injury
19:35:00;Thursday;Male;Junior high school;Employee;1-2yr;Lorry (11?40Q);Owner;1-2yr;No defect;Other;other;Tangent road with flat terrain;No junction;Asphalt roads;Dry;Daylight;Normal;Other;3;4;Going straight;na;Not a Pedestrian;Changing lane to the right;Serious Injury
19:35:00;Thursday;Male;Junior high school;Employee;5-10yr;unknown;Owner;5-10yrs;No defect;Other;Undivided Two way;Tangent road with flat terrain;No junction;Asphalt roads;Dry;Daylight;Normal;Vehicle with vehicle collision;3;4;Going straight;31-50;Not a Pedestrian;Driving carelessly;Serious Injury
19:35:00;Thursday;Male;Junior high school;Employee;Above 10yr;unknown;Owner;5-10yrs;No defect;Other;One way;Tangent road with flat terrain;No junction;Asphalt roads;Dry;Daylight;Normal;Collision with roadside objects;3;4;Moving Backward;Over 51;Not a Pedestrian;Overtaking;Serious Injury
19:35:00;Thursday;Male;Junior high school;Employee;Above 10yr;Lorry (41?100Q);Owner;1-2yr;No defect; Hospital areas;Undivided Two way;Tangent road with flat terrain;No junction;Asphalt roads;Dry;Daylight;Normal;Vehicle with vehicle collision;3;4;Going straight;31-50;Not a Pedestrian;Changing lane to the right;Serious Injury
19:35:00;Thursday;Male;Junior high school;Owner;5-10yr;Other;Owner;2-5yrs;No defect;Residential areas;Undivided Two way;Tangent road with flat terrain;No junction;Asphalt roads;Dry;Daylight;Normal;Vehicle with vehicle collision;3;4;Going straight;31-50;Not a Pedestrian;No distancing;Serious Injury
13:38:00;Sunday;Male;Elementary school;Employee;2-5yr;Other;Owner;5-10yrs;No defect;Residential areas;One way;Tangent road with flat terrain;Y Shape;Asphalt roads;Dry;Daylight;Normal;Vehicle with vehicle collision;3;2;Going straight;31-50;Not a Pedestrian;Other;Slight Injury
13:38:00;Sunday;Male;Junior high school;Employee;2-5yr;Automobile;Owner;5-10yrs;No defect;Residential areas;Undivided Two way;Tangent road with flat terrain;Y Shape;Asphalt roads;Dry;Daylight;Normal;Vehicle with vehicle collision;3;2;Going straight;Over 51;Not a Pedestrian;Changing lane to the right;Slight Injury
13:38:00;Sunday;Female;Junior high school;Employee;Below 1yr;Other;Owner;1-2yr;No defect;Other;Two-way (divided with broken lines road marking);Tangent road with flat terrain;Y Shape;Asphalt roads;Dry;Daylight;Normal;Vehicle with vehicle collision;3;2;Going straight;5;Not a Pedestrian;Changing lane to the right;Slight Injury
13:38:00;Sunday;Male;Junior high school;Employee;2-5yr;Automobile;Owner;1-2yr;No defect;Office areas;Two-way (divided with broken lines road marking);Tangent road with flat terrain;Y Shape;Asphalt roads;Dry;Daylight;Normal;Vehicle with vehicle collision;3;2;Going straight;5;Not a Pedestrian;Overtaking;Slight Injury
17:14:00;Saturday;Female;Junior high school;Employee;2-5yr;Public (13?45 seats);Owner;2-5yrs;No defect;Other;other;Tangent road with flat terrain;Crossing;Asphalt roads;Dry;Daylight;Normal;Collision with roadside objects;4;1;unknown;5;Not a Pedestrian;Other;Slight Injury
17:14:00;Saturday;Male;Elementary school;Employee;5-10yr;Lorry (41?100Q);Owner;Unknown;No defect;Office areas;Double carriageway (median);Tangent road with flat terrain;Crossing;Asphalt roads;Dry;Daylight;Normal;Collision with roadside objects;4;1;Going straight;na;Not a Pedestrian;Driving to the left;Slight Injury
17:14:00;Saturday;Male;Junior high school;Employee;Above 10yr;unknown;Owner;Unknown;No defect;Residential areas;Two-way (divided with broken lines road marking);Tangent road with flat terrain;Crossing;Asphalt roads;Dry;Daylight;Normal;Vehicle with vehicle collision;4;1;Reversing;18-30;Not a Pedestrian;Overtaking;Slight Injury
17:14:00;Saturday;Male;unknown;unknown;unknown;Automobile;Owner;Unknown;No defect;Office areas;Double carriageway (median);Gentle horizontal curve;Crossing;Asphalt roads;Dry;Daylight;Normal;Collision with roadside objects;4;1;Going straight;na;Not a Pedestrian;No priority to vehicle;Slight Injury
18:57:00;Tuesday;Male;Junior high school;Employee;2-5yr;unknown;Owner;unknown;No defect;Office areas;Double carriageway (median);Tangent road with flat terrain;Y Shape;Asphalt roads;Dry;Daylight;Normal;Collision with roadside objects;2;2;Going straight;5;Not a Pedestrian;Moving Backward;Slight Injury
18:57:00;Tuesday;Male;Junior high school;Employee;5-10yr;Lorry (41?100Q);Organization;Unknown;No defect;Other;Double carriageway (median);Tangent road with flat terrain;Y Shape;Asphalt roads;Dry;Daylight;Normal;Vehicle with vehicle collision;2;2;Going straight;na;Not a Pedestrian;Other;Slight Injury
16:58:00;Thursday;Male;Above high school;Employee;2-5yr;unknown;Owner;Unknown;No defect;Office areas;Two-way (divided with broken lines road marking);Tangent road with flat terrain;No junction;Asphalt roads;Dry;Daylight;Normal;Vehicle with vehicle collision;3;1;Going straight;18-30;Not a Pedestrian;No priority to vehicle;Slight Injury
16:58:00;Thursday;Male;unknown;unknown;unknown;Lorry (41?100Q);Owner;Unknown;No defect;Office areas;unknown;Tangent road with flat terrain;No junction;Asphalt roads;Dry;Daylight;Normal;Collision with roadside objects;3;1;Going straight;na;Not a Pedestrian;No priority to pedestrian;Slight Injury
16:58:00;Thursday;Male;unknown;Employee;1-2yr;Taxi;Governmental;Unknown;unknown;Office areas;One way;Tangent road with flat terrain;No junction;Asphalt roads;Dry;Daylight;Normal;Vehicle with vehicle collision;3;1;Going straight;31-50;Not a Pedestrian;Changing lane to the right;Slight Injury
21:25:00;Sunday;Male;Junior high school;Employee;2-5yr;Lorry (41?100Q);Owner;Unknown;unknown;Other;Undivided Two way;Tangent road with flat terrain;T Shape;Asphalt roads;Dry;Darkness - lights lit;Normal;Vehicle with vehicle collision;2;5;Other;18-30;Not a Pedestrian;Changing lane to the right;Slight Injury
21:25:00;Sunday;Male;Junior high school;Employee;Above 10yr;Lorry (41?100Q);Owner;Unknown;unknown;Residential areas;unknown;Tangent road with flat terrain;T Shape;Asphalt roads;Dry;Darkness - lights lit;Normal;Vehicle with vehicle collision;2;5;Moving Backward;na;Not a Pedestrian;Changing lane to the right;Slight Injury
21:25:00;Sunday;Male;Junior high school;Employee;Below 1yr;Other;Owner;2-5yrs;No defect;Residential areas;Two-way (divided with broken lines road marking);Gentle horizontal curve;T Shape;Asphalt roads;Dry;Darkness - lights lit;Normal;Vehicle with vehicle collision;2;5;Other;na;Not a Pedestrian;Driving to the left;Slight Injury
21:25:00;Sunday;Male;Junior high school;Employee;2-5yr;Stationwagen;Owner;5-10yrs;unknown; Church areas;Two-way (divided with broken lines road marking);Tangent road with flat terrain;T Shape;Asphalt roads;Dry;Darkness - lights lit;Normal;Vehicle with vehicle collision;2;5;Going straight;31-50;Not a Pedestrian;Changing lane to the left;Slight Injury
21:25:00;Sunday;Male;Junior high school;Employee;Below 1yr;Stationwagen;Owner;5-10yrs;unknown;Other;Two-way (divided with broken lines road marking);Tangent road with flat terrain;T Shape;Asphalt roads;Dry;Darkness - lights lit;Normal;Vehicle with vehicle collision;2;5;Going straight;na;Not a Pedestrian;Moving Backward;Slight Injury
04:50:00;Thursday;Male;High school;Employee;5-10yr;Lorry (41?100Q);Owner;Unknown;unknown;Residential areas;Two-way (divided with broken lines road marking);Tangent road with flat terrain;No junction;Asphalt roads;Dry;Darkness - lights lit;Normal;Collision with pedestrians;1;1;Going straight;18-30;Not a Pedestrian;Driving at high speed;Slight Injury
03:26:00;Thursday;Female;Above high school;Employee;1-2yr;Lorry (41?100Q);Owner;2-5yrs;unknown;Other;Undivided Two way;Tangent road with flat terrain;No junction;Asphalt roads;Dry;Darkness - lights lit;Normal;Vehicle with vehicle collision;2;1;Other;Over 51;Not a Pedestrian;Moving Backward;Serious Injury
03:26:00;Thursday;Male;Junior high school;Employee;Below 1yr;Other;Owner;2-5yrs;unknown;Residential areas;Undivided Two way;Tangent road with flat terrain;No junction;Asphalt roads;Dry;Darkness - lights lit;Normal;Collision with roadside objects;2;1;Going straight;na;Not a Pedestrian;No distancing;Serious Injury
15:25:00;Thursday;Male;unknown;unknown;unknown;Automobile;Owner;2-5yrs;unknown;Residential areas;Two-way (divided with broken lines road marking);Tangent road with flat terrain;No junction;Asphalt roads;Dry;Daylight;Normal;Vehicle with vehicle collision;1;1;unknown;31-50;Not a Pedestrian;Other;Slight Injury
12:45:00;Sunday;Male;High school;Employee;Below 1yr;unknown;Owner;5-10yrs;No defect;Other;Two-way (divided with broken lines road marking);Tangent road with flat terrain;Y Shape;Asphalt roads;Dry;Daylight;Normal;Vehicle with vehicle collision;2;1;Going straight;31-50;Crossing from nearside - masked by parked or statioNot a Pedestrianry vehicle;No priority to vehicle;Slight Injury
12:45:00;Sunday;Male;High school;Employee;Below 1yr;Taxi;unknown;unknown;unknown;Other;Two-way (divided with broken lines road marking);Tangent road with flat terrain;Y Shape;Asphalt roads;Dry;Daylight;Normal;Vehicle with vehicle collision;2;1;Going straight;18-30;Not a Pedestrian;Changing lane to the right;Slight Injury
22:39:00;Monday;Male;unknown;unknown;unknown;Lorry (41?100Q);Owner;Unknown;No defect;Other;Undivided Two way;Tangent road with flat terrain;No junction;Asphalt roads;Dry;Darkness - lights lit;Normal;Vehicle with vehicle collision;1;1;Going straight;na;Not a Pedestrian;Other;Slight Injury
07:56:00;Thursday;Male;High school;Employee;2-5yr;Other;Owner;Unknown;No defect;Other;Double carriageway (median);Tangent road with flat terrain;No junction;unknown;Dry;Daylight;Normal;Vehicle with vehicle collision;2;1;Going straight;18-30;Not a Pedestrian;No distancing;Slight Injury
07:56:00;Thursday;Male;Junior high school;Employee;Above 10yr;Automobile;Owner;Unknown;unknown;Residential areas;Two-way (divided with broken lines road marking);Tangent road with flat terrain;No junction;Asphalt roads;Dry;Daylight;Normal;Vehicle with vehicle collision;2;1;Moving Backward;Over 51;Not a Pedestrian;Driving carelessly;Slight Injury
20:08:00;Thursday;Male;Junior high school;Employee;Above 10yr;Public (> 45 seats);Owner;2-5yrs;unknown;  Recreational areas;Undivided Two way;Tangent road with flat terrain;No junction;Asphalt roads;Dry;Daylight;Normal;Vehicle with vehicle collision;3;2;Moving Backward;na;Not a Pedestrian;No distancing;Serious Injury
20:08:00;Thursday;Male;Junior high school;Employee;5-10yr;Stationwagen;Owner;unknown;unknown;Other;other;Tangent road with flat terrain;No junction;Asphalt roads;Dry;Daylight;Normal;Vehicle with vehicle collision;3;2;Going straight;18-30;Not a Pedestrian;Moving Backward;Serious Injury
20:08:00;Thursday;Male;Junior high school;Employee;1-2yr;Automobile;Owner;unknown;unknown;Office areas;Undivided Two way;Tangent road with flat terrain;No junction;Asphalt roads;Dry;Daylight;Normal;Vehicle with vehicle collision;3;2;Going straight;18-30;Not a Pedestrian;No distancing;Serious Injury
20:40:00;Thursday;Male;Unknown;Employee;Below 1yr;Lorry (41?100Q);unknown;unknown;unknown;Other;Undivided Two way;Tangent road with flat terrain;No junction;Asphalt roads;Dry;Daylight;Normal;Collision with roadside objects;2;2;Turnover;na;Not a Pedestrian;Moving Backward;Slight Injury
20:40:00;Thursday;Male;Junior high school;Employee;Below 1yr;Other;Owner;Unknown;unknown;Office areas;Undivided Two way;Tangent road with flat terrain;No junction;Asphalt roads;Dry;Daylight;Normal;Vehicle with vehicle collision;2;2;Going straight;18-30;Not a Pedestrian;No priority to pedestrian;Slight Injury
20:40:00;Thursday;Male;High school;Employee;2-5yr;Public (13?45 seats);Owner;Unknown;unknown;Office areas;One way;Tangent road with flat terrain;No junction;Asphalt roads;Dry;Daylight;Normal;Collision with roadside objects;2;2;Going straight;18-30;Not a Pedestrian;Changing lane to the left;Slight Injury
13:28:00;Saturday;Male;Junior high school;Owner;1-2yr;Other;Owner;Unknown;unknown;Office areas;Undivided Two way;Tangent road with flat terrain;No junction;Asphalt roads;Dry;Daylight;Normal;Vehicle with vehicle collision;2;1;Going straight;na;Not a Pedestrian;No distancing;Slight Injury
13:28:00;Saturday;Male;Junior high school;Employee;5-10yr;Other;Owner;Unknown;No defect;Other;Undivided Two way;Tangent road with flat terrain;No junction;Asphalt roads;Dry;Daylight;Normal;Vehicle with vehicle collision;2;1;Going straight;Over 51;Walking along in carriageway, back to traffic;Other;Slight Injury
00:44:00;Sunday;Male;Elementary school;Employee;2-5yr;Ridden horse;Governmental;Unknown;unknown;Other;Double carriageway (median);Tangent road with flat terrain;Y Shape;Asphalt roads;Dry;Darkness - lights lit;Normal;unknown;1;1;Going straight;na;Not a Pedestrian;No distancing;Serious Injury
09:28:00;Friday;Male;Elementary school;Owner;5-10yr;Lorry (41?100Q);Owner;Unknown;No defect;Office areas;Two-way (divided with solid lines road marking);Tangent road with flat terrain;No junction;Asphalt roads;Dry;Daylight;Normal;Collision with pedestrians;4;1;Going straight;18-30;Not a Pedestrian;No priority to pedestrian;Slight Injury
09:28:00;Friday;Male;Junior high school;Employee;Above 10yr;Lorry (41?100Q);Owner;Unknown;unknown;Residential areas;other;Tangent road with flat terrain;No junction;Asphalt roads;Dry;Daylight;Normal;Vehicle with vehicle collision;4;1;Going straight;na;Not a Pedestrian;Moving Backward;Slight Injury
09:28:00;Friday;Male;Junior high school;Employee;5-10yr;Pick up upto 10Q;Governmental;2-5yrs;unknown;  Recreational areas;Undivided Two way;Tangent road with flat terrain;No junction;Asphalt roads;Dry;Daylight;Normal;Vehicle with vehicle collision;4;1;Going straight;18-30;Not a Pedestrian;No priority to pedestrian;Slight Injury
09:28:00;Friday;Male;High school;Employee;5-10yr;Lorry (11?40Q);Owner;1-2yr;No defect;Other;other;Tangent road with flat terrain;No junction;Asphalt roads;Dry;Daylight;Normal;Vehicle with vehicle collision;4;1;unknown;Over 51;Not a Pedestrian;No distancing;Slight Injury
19:41:00;Thursday;Male;Junior high school;Employee;5-10yr;Automobile;Owner;Above 10yr;No defect;Residential areas;other;Tangent road with flat terrain;No junction;Asphalt roads;Dry;Daylight;Normal;Collision with pedestrians;1;1;Other;Over 51;Not a Pedestrian;No priority to pedestrian;Slight Injury
20:26:00;Sunday;Male;Junior high school;Employee;Above 10yr;Automobile;Owner;Unknown;No defect;Other;other;Tangent road with flat terrain;No junction;Asphalt roads;Dry;Daylight;Normal;Collision with roadside objects;2;1;Getting off;18-30;Not a Pedestrian;Driving carelessly;Slight Injury
20:26:00;Sunday;Male;Junior high school;unknown;1-2yr;Lorry (11?40Q);Owner;Unknown;unknown;Other;other;Tangent road with flat terrain;No junction;Asphalt roads;Dry;Daylight;Normal;unknown;2;1;Going straight;na;Not a Pedestrian;Getting off the vehicle improperly;Slight Injury
18:17:00;Friday;Male;Junior high school;Employee;2-5yr;Motorcycle;Owner;5-10yrs;unknown;Other;One way;Tangent road with flat terrain;Y Shape;Asphalt roads;Dry;Daylight;Normal;Vehicle with vehicle collision;1;1;Going straight;31-50;Not a Pedestrian;Driving carelessly;Slight Injury
07:55:00;Wednesday;Female;Junior high school;Employee;1-2yr;Lorry (41?100Q);Owner;Unknown;No defect;Other;Two-way (divided with broken lines road marking);Tangent road with flat terrain;No junction;Asphalt roads;Dry;Daylight;Normal;unknown;2;1;Going straight;na;Not a Pedestrian;Changing lane to the left;Slight Injury
07:55:00;Wednesday;Male;unknown;unknown;unknown;Stationwagen;Owner;2-5yrs;No defect;Other;other;Tangent road with flat terrain;No junction;Asphalt roads;Dry;Daylight;Normal;unknown;2;1;Other;na;Not a Pedestrian;No priority to vehicle;Slight Injury
15:40:00;Tuesday;Male;Elementary school;Employee;5-10yr;Automobile;Owner;Unknown;No defect;School areas;Undivided Two way;Tangent road with flat terrain;No junction;Asphalt roads;Dry;Daylight;Normal;unknown;2;1;Going straight;31-50;Not a Pedestrian;Changing lane to the right;Slight Injury
15:40:00;Tuesday;Male;Junior high school;Employee;5-10yr;Other;Owner;unknown;No defect;Office areas;Two-way (divided with broken lines road marking);Tangent road with flat terrain;No junction;Asphalt roads;Dry;Daylight;Normal;Vehicle with vehicle collision;2;1;Moving Backward;Over 51;Not a Pedestrian;Changing lane to the right;Slight Injury
19:00:00;Monday;Male;Junior high school;Employee;Above 10yr;Other;Owner;Unknown;No defect;Office areas;Two-way (divided with broken lines road marking);Tangent road with flat terrain;No junction;Asphalt roads;Dry;Daylight;Normal;Vehicle with vehicle collision;2;1;Other;na;Not a Pedestrian;No distancing;Slight Injury
19:00:00;Monday;Male;Junior high school;Employee;2-5yr;Taxi;Owner;5-10yrs;No defect;Office areas;Two-way (divided with broken lines road marking);Tangent road with flat terrain;No junction;Asphalt roads;Dry;Daylight;Normal;Collision with roadside objects;2;1;Going straight;18-30;Not a Pedestrian;No distancing;Slight Injury
12:04:00;Monday;Male;Junior high school;Owner;Above 10yr;Automobile;Owner;Unknown;No defect;School areas;unknown;Tangent road with flat terrain;Other;Asphalt roads;Dry;Daylight;Normal;Collision with roadside objects;2;6;Going straight;na;Not a Pedestrian;Changing lane to the left;Serious Injury
12:04:00;Monday;Male;Junior high school;Employee;2-5yr;Long lorry;Governmental;unknown;No defect;School areas;Undivided Two way;Tangent road with flat terrain;Other;Asphalt roads;Dry;Daylight;Normal;Vehicle with vehicle collision;2;6;Going straight;18-30;Not a Pedestrian;Changing lane to the right;Serious Injury
12:04:00;Monday;Male;Elementary school;Other;5-10yr;Long lorry;Owner;unknown;No defect;Office areas;Two-way (divided with broken lines road marking);Tangent road with flat terrain;Other;Asphalt roads;Dry;Daylight;Normal;Vehicle with vehicle collision;2;6;unknown;na;Not a Pedestrian;No priority to vehicle;Serious Injury
12:04:00;Monday;Male;Elementary school;Employee;5-10yr;Lorry (41?100Q);Owner;unknown;No defect;Office areas;Two-way (divided with broken lines road marking);Tangent road with flat terrain;Other;Asphalt roads;Dry;Daylight;Normal;Vehicle with vehicle collision;2;6;Going straight;18-30;Not a Pedestrian;Changing lane to the left;Serious Injury
12:04:00;Monday;Male;Junior high school;unknown;5-10yr;Lorry (41?100Q);Governmental;Above 10yr;No defect;School areas;Two-way (divided with broken lines road marking);Tangent road with flat terrain;Other;Gravel roads;Dry;Daylight;Normal;Vehicle with vehicle collision;2;6;Going straight;18-30;Not a Pedestrian;No priority to vehicle;Serious Injury
12:04:00;Monday;Male;Junior high school;Employee;5-10yr;Lorry (11?40Q);Owner;1-2yr;No defect;unknown;Two-way (divided with broken lines road marking);Tangent road with flat terrain;Other;Asphalt roads;Dry;Daylight;Normal;Vehicle with vehicle collision;2;6;Going straight;na;Not a Pedestrian;Moving Backward;Serious Injury
08:40:00;Wednesday;Male;Elementary school;Employee;Above 10yr;Automobile;Owner;Above 10yr;No defect;Other;Two-way (divided with broken lines road marking);Tangent road with flat terrain;Other;Asphalt roads;Dry;Daylight;Normal;Rollover;2;1;Going straight;18-30;Not a Pedestrian;Turnover;Slight Injury
08:40:00;Wednesday;Male;Junior high school;unknown;Below 1yr;Taxi;Owner;Below 1yr;No defect;Other;Undivided Two way;Tangent road with flat terrain;Other;Asphalt roads;Dry;Daylight;Normal;Vehicle with vehicle collision;2;1;Going straight;18-30;Not a Pedestrian;No distancing;Slight Injury
17:00:00;Friday;Male;Junior high school;Employee;5-10yr;Other;Owner;Above 10yr;No defect;Other;Two-way (divided with broken lines road marking);Tangent road with flat terrain;Y Shape;Asphalt roads;Dry;Daylight;Normal;Collision with roadside objects;2;1;Going straight;na;Not a Pedestrian;No distancing;Slight Injury
17:00:00;Friday;Male;Elementary school;Employee;1-2yr;Automobile;Owner;Unknown;No defect;Residential areas;Undivided Two way;Tangent road with flat terrain;Y Shape;Asphalt roads;Dry;Daylight;Normal;Collision with pedestrians;2;1;Going straight;na;Not a Pedestrian;No distancing;Slight Injury
17:07:00;Saturday;Female;unknown;unknown;unknown;Automobile;Governmental;1-2yr;No defect;Other;Undivided Two way;Tangent road with flat terrain;Y Shape;Asphalt roads;Dry;Daylight;Normal;Vehicle with vehicle collision;2;2;Going straight;Under 18;Not a Pedestrian;Changing lane to the left;Slight Injury
17:07:00;Saturday;Male;Junior high school;Employee;Above 10yr;Automobile;Owner;1-2yr;No defect;Other;Undivided Two way;Tangent road with flat terrain;Y Shape;Asphalt roads;Dry;Daylight;Normal;Vehicle with vehicle collision;2;2;Going straight;31-50;Not a Pedestrian;No priority to vehicle;Slight Injury
17:07:00;Saturday;Male;High school;Owner;2-5yr;Automobile;Owner;unknown;No defect; Industrial areas;Undivided Two way;Tangent road with flat terrain;Y Shape;Asphalt roads;Dry;Daylight;Normal;Vehicle with vehicle collision;2;2;Going straight;na;Not a Pedestrian;Driving at high speed;Slight Injury
12:30:00;Monday;Male;Junior high school;Employee;1-2yr;Public (> 45 seats);Owner;unknown;No defect;  Recreational areas;Undivided Two way;Tangent road with flat terrain;Crossing;Asphalt roads;Dry;Daylight;Normal;Vehicle with vehicle collision;2;1;Going straight;Over 51;Not a Pedestrian;Overtaking;Slight Injury
12:30:00;Monday;Female;Junior high school;Employee;1-2yr;Lorry (11?40Q);Owner;Above 10yr;No defect; Church areas;Two-way (divided with broken lines road marking);Tangent road with flat terrain;Crossing;Asphalt roads with some distress;Dry;Daylight;Normal;Vehicle with vehicle collision;2;1;unknown;18-30;Not a Pedestrian;Other;Slight Injury
16:34:00;Monday;Male;Above high school;Owner;2-5yr;Lorry (41?100Q);Owner;unknown;unknown;Office areas;Two-way (divided with broken lines road marking);Tangent road with flat terrain;Y Shape;Asphalt roads;Dry;Daylight;Normal;Vehicle with vehicle collision;1;1;Going straight;na;Not a Pedestrian;Changing lane to the left;Serious Injury
22:20:00;Monday;Male;unknown;unknown;unknown;Lorry (41?100Q);Owner;unknown;unknown;Other;Two-way (divided with broken lines road marking);Tangent road with flat terrain;No junction;Asphalt roads;Dry;Darkness - lights lit;Normal;Vehicle with vehicle collision;1;1;Going straight;31-50;Not a Pedestrian;No priority to pedestrian;Slight Injury
10:10:00;Sunday;Male;Elementary school;Owner;2-5yr;Stationwagen;Owner;unknown;unknown;Office areas;Undivided Two way;Tangent road with flat terrain;Other;Asphalt roads;Dry;Daylight;Normal;Collision with roadside objects;2;2;Going straight;na;Not a Pedestrian;Changing lane to the left;Slight Injury
10:10:00;Sunday;Male;Junior high school;Employee;1-2yr;Other;Owner;unknown;unknown;Office areas;Two-way (divided with broken lines road marking);Tangent road with flat terrain;Other;Asphalt roads;Dry;Daylight;Normal;Rollover;2;2;Going straight;na;Not a Pedestrian;No distancing;Slight Injury
10:10:00;Sunday;Male;unknown;Owner;5-10yr;Automobile;Owner;unknown;unknown;Other;Two-way (divided with broken lines road marking);Tangent road with flat terrain;Other;Asphalt roads;Dry;Daylight;Normal;Vehicle with vehicle collision;2;2;Turnover;Under 18;Not a Pedestrian;Moving Backward;Slight Injury
07:50:00;Monday;Male;Junior high school;Employee;Below 1yr;Pick up upto 10Q;Owner;Above 10yr;unknown;Residential areas;Undivided Two way;Tangent road with flat terrain;No junction;Asphalt roads;Dry;Daylight;Normal;Collision with pedestrians;2;2;Moving Backward;na;Not a Pedestrian;Changing lane to the left;Slight Injury
07:50:00;Monday;Male;Junior high school;Employee;2-5yr;Motorcycle;Owner;Above 10yr;unknown;Office areas;other;Tangent road with mountainous terrain and;No junction;Asphalt roads;Dry;Daylight;Normal;Vehicle with vehicle collision;2;2;Going straight;Over 51;Not a Pedestrian;Other;Slight Injury
07:50:00;Monday;Male;Junior high school;Employee;5-10yr;Automobile;Owner;Above 10yr;No defect;Residential areas;other;Tangent road with flat terrain;No junction;Asphalt roads;Dry;Daylight;Normal;Vehicle with vehicle collision;2;2;Going straight;Over 51;Not a Pedestrian;No distancing;Slight Injury
06:52:00;Wednesday;Male;Junior high school;Employee;Above 10yr;Pick up upto 10Q;Owner;Above 10yr;No defect;Residential areas;unknown;Tangent road with flat terrain;No junction;Asphalt roads;Dry;Daylight;Normal;Collision with pedestrians;2;1;Moving Backward;Over 51;Crossing from nearside - masked by parked or statioNot a Pedestrianry vehicle;Moving Backward;Fatal injury
06:52:00;Wednesday;Male;Elementary school;Employee;2-5yr;Motorcycle;Owner;5-10yrs;No defect;Office areas;Undivided Two way;Tangent road with flat terrain;No junction;Asphalt roads;Dry;Daylight;Normal;Collision with pedestrians;2;1;Going straight;18-30;Not a Pedestrian;No distancing;Fatal injury
21:17:00;Saturday;Female;Elementary school;Owner;Above 10yr;Stationwagen;Owner;unknown;No defect;  Recreational areas;other;unknown;No junction;Asphalt roads;Dry;Darkness - lights lit;Normal;Vehicle with vehicle collision;1;1;Moving Backward;na;Not a Pedestrian;Changing lane to the left;Slight Injury
14:01:00;Monday;Male;Junior high school;Employee;1-2yr;Lorry (41?100Q);Governmental;unknown;No defect;Office areas;other;Tangent road with mild grade and flat terrain;No junction;Asphalt roads;Wet or damp;Daylight;Raining;Vehicle with vehicle collision;1;1;Going straight;na;Not a Pedestrian;Changing lane to the left;Slight Injury
12:26:00;Monday;Male;Junior high school;Employee;5-10yr;Taxi;Owner;5-10yrs;No defect; Industrial areas;other;Tangent road with flat terrain;No junction;Asphalt roads;Wet or damp;Daylight;Raining;Vehicle with vehicle collision;2;2;Going straight;18-30;Not a Pedestrian;No priority to pedestrian;Slight Injury
12:26:00;Monday;Male;Junior high school;Employee;2-5yr;Automobile;unknown;unknown;unknown;unknown;unknown;unknown;No junction;Asphalt roads;Wet or damp;Daylight;Raining;Vehicle with vehicle collision;2;2;Going straight;Over 51;Not a Pedestrian;Changing lane to the left;Slight Injury
10:35:00;Tuesday;Male;Junior high school;Employee;2-5yr;Long lorry;Owner;unknown;No defect;Residential areas;Undivided Two way;Tangent road with flat terrain;No junction;Asphalt roads;Dry;Daylight;Normal;Vehicle with vehicle collision;2;1;Other;na;Not a Pedestrian;Driving carelessly;Slight Injury