Time;Day_of_week;Sex_of_driver;Educational_level;Vehicle_driver_relation;Driving_experience;Type_of_vehicle;Owner_of_vehicle;Service_year_of_vehicle;Defect_of_vehicle;Area_accident_occured;Lanes_or_Medians;Road_allignment;Types_of_Junction;Road_surface_type;Road_surface_conditions;Light_conditions;Weather_conditions;Type_of_collision;Number_of_vehicles_involved;Number_of_casualties;Vehicle_movement;Age_band_of_casualty;Pedestrian_movement;Cause_of_accident;Accident_severity
10:35:00;Tuesday;Male;Junior high school;Employee;2-5yr;Automobile;Governmental;Above 10yr;No defect;Residential areas;other;Tangent road with flat terrain;No junction;Asphalt roads;Dry;Daylight;Normal;Collision with roadside objects;2;1;Other;18-30;Not a Pedestrian;Driving carelessly;Slight Injury
19:50:00;Monday;Male;Junior high school;Employee;2-5yr;Public (12 seats);Owner;1-2yr;No defect; Industrial areas;other;Tangent road with flat terrain;No junction;Asphalt roads;Dry;Daylight;Normal;Vehicle with vehicle collision;2;1;Going straight;Over 51;In carriageway, statioNot a Pedestrianry - not crossing  (standing or playing);No priority to pedestrian;Slight Injury
19:50:00;Monday;Male;Junior high school;Employee;Above 10yr;Lorry (11?40Q);Owner;2-5yrs;No defect;Residential areas;Undivided Two way;Tangent road with flat terrain;No junction;Asphalt roads;Dry;Daylight;Normal;Vehicle with vehicle collision;2;1;Reversing;18-30;Not a Pedestrian;Getting off the vehicle improperly;Slight Injury
10:30:00;Sunday;Male;Junior high school;Employee;Above 10yr;Pick up upto 10Q;Owner;Unknown;No defect;Residential areas;other;Tangent road with flat terrain;No junction;Asphalt roads;Dry;Daylight;Normal;Vehicle with vehicle collision;2;1;Going straight;31-50;Not a Pedestrian;No distancing;Slight Injury
10:30:00;Sunday;Male;Elementary school;Employee;5-10yr;Lorry (41?100Q);Owner;unknown;No defect;Office areas;Undivided Two way;Tangent road with flat terrain;No junction;Asphalt roads;Dry;Daylight;Normal;Vehicle with vehicle collision;2;1;Going straight;Over 51;Walking along in carriageway, back to traffic;Changing lane to the left;Slight Injury
16:55:00;Thursday;Male;unknown;Employee;unknown;Other;Owner;2-5yrs;No defect;Office areas;Double carriageway (median);Escarpments;Other;Asphalt roads;Dry;Daylight;Normal;Vehicle with vehicle collision;2;1;Going straight;na;Not a Pedestrian;No priority to vehicle;Slight Injury
16:55:00;Thursday;Male;unknown;Employee;2-5yr;Automobile;Owner;Above 10yr;No defect;Office areas;other;Tangent road with flat terrain;Other;Asphalt roads;Dry;Daylight;Normal;Vehicle with vehicle collision;2;1;Going straight;31-50;Not a Pedestrian;No distancing;Slight Injury
16:30:00;Monday;Male;Elementary school;Employee;5-10yr;Long lorry;Owner;1-2yr;No defect;Office areas;Undivided Two way;Escarpments;No junction;Asphalt roads;Dry;Daylight;Normal;Vehicle with vehicle collision;2;2;Moving Backward;31-50;Not a Pedestrian;No priority to pedestrian;Slight Injury
16:30:00;Monday;Male;Junior high school;Employee;5-10yr;Lorry (11?40Q);Owner;unknown;No defect;Office areas;One way;Tangent road with flat terrain;No junction;Asphalt roads;Dry;Daylight;Normal;Vehicle with vehicle collision;2;2;Going straight;na;Not a Pedestrian;No priority to pedestrian;Slight Injury
16:30:00;Monday;Male;Junior high school;Employee;Above 10yr;Long lorry;Owner;unknown;No defect;Office areas;Undivided Two way;Tangent road with flat terrain;No junction;Asphalt roads;Dry;Daylight;Normal;Vehicle with vehicle collision;2;2;Going straight;31-50;Not a Pedestrian;No priority to vehicle;Slight Injury
17:10:00;Thursday;Male;Junior high school;Employee;5-10yr;Automobile;Owner;unknown;No defect;Office areas;other;Tangent road with flat terrain;No junction;Asphalt roads;Wet or damp;Daylight;Raining;Vehicle with vehicle collision;2;1;Going straight;na;Not a Pedestrian;Driving carelessly;Slight Injury
17:10:00;Thursday;Male;Junior high school;Employee;Above 10yr;Taxi;Owner;Above 10yr;No defect;Residential areas;other;Tangent road with flat terrain;No junction;Asphalt roads;Wet or damp;Daylight;Raining;Vehicle with vehicle collision;2;1;Going straight;Over 51;In carriageway, statioNot a Pedestrianry - not crossing  (standing or playing) - masked by parked or statioNot a Pedestrianry vehicle;Changing lane to the right;Slight Injury
21:12:00;Wednesday;Male;Elementary school;Employee;Below 1yr;Taxi;Owner;5-10yrs;No defect;Residential areas;One way;Tangent road with flat terrain;No junction;Asphalt roads;Dry;Daylight;Normal;Vehicle with vehicle collision;2;1;Going straight;31-50;Unknown or other;Changing lane to the left;Slight Injury
21:12:00;Wednesday;Male;Elementary school;Employee;5-10yr;Long lorry;Owner;unknown;No defect;Other;One way;Tangent road with flat terrain;No junction;Asphalt roads;Dry;Daylight;Normal;Vehicle with vehicle collision;2;1;Moving Backward;31-50;Crossing from nearside - masked by parked or statioNot a Pedestrianry vehicle;Moving Backward;Slight Injury
08:39:00;Monday;Male;Elementary school;Employee;1-2yr;Lorry (11?40Q);Owner;5-10yrs;No defect; Church areas;Undivided Two way;Tangent road with flat terrain;No junction;Asphalt roads;Dry;Daylight;Normal;Vehicle with vehicle collision;1;1;Going straight;na;Not a Pedestrian;Driving carelessly;Serious Injury
15:30:00;Tuesday;Male;Elementary school;Employee;5-10yr;Lorry (11?40Q);Owner;unknown;No defect;  Recreational areas;other;Tangent road with flat terrain;No junction;Asphalt roads;Dry;Daylight;Cloudy;Vehicle with vehicle collision;1;1;Going straight;31-50;Not a Pedestrian;Driving to the left;Serious Injury
23:45:00;Tuesday;Male;Elementary school;Employee;5-10yr;Long lorry;Owner;unknown;unknown; Industrial areas;Undivided Two way;Tangent road with flat terrain;Y Shape;Asphalt roads;Dry;Darkness - lights lit;Normal;Collision with roadside objects;3;3;Moving Backward;na;Not a Pedestrian;Driving to the left;Slight Injury
23:45:00;Tuesday;Male;Elementary school;Employee;2-5yr;Turbo;unknown;unknown;unknown;Residential areas;other;unknown;Y Shape;Asphalt roads;Dry;Darkness - lights lit;Normal;Vehicle with vehicle collision;3;3;Moving Backward;31-50;Not a Pedestrian;No priority to pedestrian;Slight Injury
23:45:00;Tuesday;Male;Elementary school;Employee;5-10yr;Long lorry;Owner;Above 10yr;No defect;Residential areas;other;Tangent road with rolling terrain;Y Shape;Asphalt roads;Dry;Darkness - lights lit;Normal;Vehicle with vehicle collision;3;3;Going straight;na;Not a Pedestrian;Changing lane to the left;Slight Injury
23:45:00;Tuesday;Male;unknown;unknown;5-10yr;Long lorry;Owner;2-5yrs;No defect;Office areas;Double carriageway (median);Tangent road with flat terrain;Y Shape;Asphalt roads;Dry;Darkness - lights lit;Normal;Vehicle with vehicle collision;3;3;Turnover;18-30;Not a Pedestrian;Changing lane to the right;Slight Injury
14:35:00;Saturday;Male;Junior high school;Employee;Above 10yr;Public (13?45 seats);Owner;2-5yrs;No defect;  Market areas;Undivided Two way;Tangent road with flat terrain;No junction;Asphalt roads;Dry;Daylight;Normal;Vehicle with vehicle collision;2;3;Turnover;na;Not a Pedestrian;Driving carelessly;Slight Injury
14:35:00;Saturday;Male;Junior high school;Employee;Above 10yr;Automobile;unknown;unknown;unknown;Unknown;other;Tangent road with flat terrain;No junction;Asphalt roads;Dry;Daylight;Normal;Collision with pedestrians;2;3;Going straight;Under 18;Not a Pedestrian;No distancing;Slight Injury
14:35:00;Saturday;Unknown;Elementary school;Employee;Below 1yr;Automobile;Owner;unknown;No defect; Industrial areas;other;Tangent road with flat terrain;No junction;Asphalt roads;Dry;Daylight;Normal;Vehicle with vehicle collision;2;3;Going straight;na;Not a Pedestrian;Getting off the vehicle improperly;Slight Injury
14:35:00;Saturday;Male;Elementary school;Employee;5-10yr;Pick up upto 10Q;Owner;unknown;No defect;Residential areas;Two-way (divided with solid lines road marking);Tangent road with flat terrain;No junction;Asphalt roads;Dry;Daylight;Normal;Vehicle with vehicle collision;2;3;Going straight;18-30;Not a Pedestrian;Driving under the influence of drugs;Slight Injury
13:15:00;Saturday;Male;Elementary school;Owner;5-10yr;unknown;Governmental;Below 1yr;No defect;Residential areas;Undivided Two way;Tangent road with flat terrain;Crossing;Asphalt roads;Dry;Daylight;Normal;Vehicle with vehicle collision;2;1;Going straight;Over 51;Not a Pedestrian;Changing lane to the right;Serious Injury
13:15:00;Saturday;Male;Elementary school;Employee;2-5yr;Stationwagen;Owner;5-10yrs;No defect;Other;Undivided Two way;Tangent road with flat terrain;Crossing;Asphalt roads;Dry;Daylight;Normal;Vehicle with vehicle collision;2;1;Going straight;5;Not a Pedestrian;Driving carelessly;Serious Injury
15:10:00;Saturday;Male;Elementary school;Employee;Above 10yr;unknown;Governmental;unknown;No defect;Residential areas;other;Tangent road with flat terrain;No junction;Asphalt roads;Dry;Daylight;Normal;Vehicle with vehicle collision;2;2;Going straight;31-50;Crossing from nearside - masked by parked or statioNot a Pedestrianry vehicle;Moving Backward;Slight Injury
15:10:00;Saturday;Male;Elementary school;Employee;2-5yr;Automobile;Owner;1-2yr;No defect;Rural village areas;Undivided Two way;Gentle horizontal curve;No junction;Asphalt roads;Dry;Daylight;Normal;Vehicle with vehicle collision;2;2;Getting off;na;Not a Pedestrian;Turnover;Slight Injury
15:10:00;Saturday;Male;Junior high school;Employee;Above 10yr;Automobile;Owner;2-5yrs;No defect;Rural village areas;Undivided Two way;Gentle horizontal curve;No junction;Asphalt roads;Dry;Daylight;Normal;Vehicle with vehicle collision;2;2;Moving Backward;18-30;Not a Pedestrian;Changing lane to the right;Slight Injury
09:30:00;Monday;Male;Junior high school;Employee;Below 1yr;Long lorry;Owner;unknown;No defect;Office areas;Double carriageway (median);Tangent road with flat terrain;No junction;Asphalt roads;Wet or damp;Daylight;Raining;Vehicle with vehicle collision;2;1;Other;31-50;Crossing from nearside - masked by parked or statioNot a Pedestrianry vehicle;Driving carelessly;Slight Injury
09:30:00;Monday;Female;Junior high school;Employee;2-5yr;Public (13?45 seats);Owner;2-5yrs;No defect;Residential areas;Undivided Two way;Gentle horizontal curve;No junction;Asphalt roads;Wet or damp;Daylight;Raining;Collision with pedestrians;2;1;Going straight;18-30;Not a Pedestrian;No priority to vehicle;Slight Injury
13:56:00;Sunday;Male;Elementary school;Employee;5-10yr;Public (13?45 seats);Owner;unknown;unknown;Residential areas;other;Tangent road with flat terrain;Unknown;Asphalt roads;Dry;Daylight;Normal;Vehicle with vehicle collision;4;3;Going straight;18-30;Not a Pedestrian;Moving Backward;Serious Injury
13:56:00;Sunday;Male;Elementary school;Employee;5-10yr;Lorry (11?40Q);Owner;unknown;7; Outside rural areas;other;Tangent road with flat terrain;Unknown;Asphalt roads;Dry;Daylight;Normal;Vehicle with vehicle collision;4;3;Going straight;na;Not a Pedestrian;Changing lane to the left;Serious Injury
13:56:00;Sunday;Male;Elementary school;Employee;1-2yr;Lorry (11?40Q);Owner;Above 10yr;unknown;Residential areas;other;Tangent road with flat terrain;Unknown;Asphalt roads;Dry;Daylight;Normal;Vehicle with vehicle collision;4;3;Going straight;Over 51;Not a Pedestrian;Overturning;Serious Injury
13:56:00;Sunday;Male;Elementary school;Employee;unknown;Pick up upto 10Q;Owner;5-10yrs;5; Church areas;other;Tangent road with flat terrain;Unknown;Asphalt roads;Dry;Daylight;Normal;Vehicle with vehicle collision;4;3;Going straight;31-50;Unknown or other;No distancing;Serious Injury
13:56:00;Sunday;Male;Junior high school;Employee;1-2yr;Automobile;Owner;unknown;No defect;Office areas;Undivided Two way;Tangent road with flat terrain;Unknown;Asphalt roads;Dry;Daylight;Normal;Collision with roadside objects;4;3;Going straight;31-50;Unknown or other;Driving carelessly;Serious Injury
12:10:00;Monday;Male;unknown;Employee;5-10yr;Automobile;Owner;Unknown;No defect;Office areas;Two-way (divided with broken lines road marking);Tangent road with mountainous terrain and;No junction;Asphalt roads;Dry;Daylight;Normal;Vehicle with vehicle collision;2;1;Going straight;31-50;Not a Pedestrian;No distancing;Slight Injury
12:10:00;Monday;Male;Elementary school;Owner;1-2yr;Automobile;Governmental;unknown;No defect;Office areas;Two-way (divided with broken lines road marking);Escarpments;No junction;Asphalt roads;Dry;Daylight;Normal;Vehicle with vehicle collision;2;1;Going straight;na;Not a Pedestrian;Changing lane to the left;Slight Injury
16:05:00;Friday;Male;Junior high school;Employee;5-10yr;Long lorry;Owner;2-5yrs;unknown;Other;Undivided Two way;Tangent road with mountainous terrain and;No junction;Asphalt roads;Dry;Daylight;Normal;Vehicle with vehicle collision;2;1;Going straight;31-50;Not a Pedestrian;No priority to pedestrian;Slight Injury
16:05:00;Friday;Male;Junior high school;Employee;2-5yr;Long lorry;Owner;2-5yrs;unknown;Other;Undivided Two way;Tangent road with flat terrain;No junction;Asphalt roads;Dry;Daylight;Normal;Vehicle with vehicle collision;2;1;Going straight;na;Not a Pedestrian;No distancing;Slight Injury
16:55:00;Thursday;Male;Junior high school;Employee;2-5yr;Automobile;Owner;Unknown;No defect;Residential areas;Two-way (divided with broken lines road marking);Tangent road with flat terrain;Y Shape;Asphalt roads;Dry;Daylight;Normal;Vehicle with vehicle collision;2;1;Going straight;18-30;Crossing from nearside - masked by parked or statioNot a Pedestrianry vehicle;No distancing;Slight Injury
16:55:00;Thursday;Male;Junior high school;Employee;5-10yr;Stationwagen;Owner;unknown;unknown;Other;Two-way (divided with broken lines road marking);Tangent road with flat terrain;Y Shape;Asphalt roads;Dry;Daylight;Normal;Vehicle with vehicle collision;2;1;Going straight;18-30;Not a Pedestrian;Changing lane to the left;Slight Injury
00:30:00;Wednesday;Male;Junior high school;Owner;Below 1yr;unknown;Owner;Below 1yr;unknown;Other;Undivided Two way;Tangent road with mild grade and flat terrain;No junction;Asphalt roads;Dry;Darkness - lights lit;Normal;Vehicle with vehicle collision;2;1;Moving Backward;na;Not a Pedestrian;No distancing;Slight Injury
00:30:00;Wednesday;Female;High school;Employee;Below 1yr;Other;Owner;5-10yrs;unknown;Other;Two-way (divided with broken lines road marking);Tangent road with flat terrain;No junction;Asphalt roads;Dry;Darkness - lights lit;Normal;Collision with roadside objects;2;1;Going straight;18-30;In carriageway, statioNot a Pedestrianry - not crossing  (standing or playing);Changing lane to the left;Slight Injury
08:50:00;Wednesday;Male;Junior high school;Employee;unknown;Special vehicle;Governmental;5-10yrs;No defect;Other;Undivided Two way;Tangent road with flat terrain;Crossing;Asphalt roads;Dry;Daylight;Normal;Vehicle with vehicle collision;1;1;Moving Backward;Over 51;Not a Pedestrian;No distancing;Slight Injury
11:15:00;Wednesday;Female;Junior high school;Employee;Below 1yr;Lorry (41?100Q);Owner;2-5yrs;No defect;Other;Double carriageway (median);Tangent road with mild grade and flat terrain;No junction;Asphalt roads;Dry;Daylight;Normal;Vehicle with vehicle collision;1;1;Moving Backward;na;Not a Pedestrian;No distancing;Slight Injury
04:55:00;Saturday;Male;Junior high school;Employee;2-5yr;Pick up upto 10Q;Owner;unknown;No defect;Other;Two-way (divided with broken lines road marking);Tangent road with flat terrain;Y Shape;Asphalt roads;Dry;Daylight;Normal;Vehicle with vehicle collision;2;1;Going straight;31-50;Not a Pedestrian;No distancing;Slight Injury
04:55:00;Saturday;Male;Junior high school;Employee;2-5yr;Lorry (11?40Q);Owner;2-5yrs;unknown; Church areas;Two-way (divided with broken lines road marking);Tangent road with flat terrain;Y Shape;Asphalt roads;Dry;Daylight;Normal;Vehicle with vehicle collision;2;1;Going straight;Over 51;Not a Pedestrian;Changing lane to the left;Slight Injury
12:34:00;Wednesday;Male;Junior high school;Employee;5-10yr;Lorry (41?100Q);Owner;5-10yrs;unknown;Other;Undivided Two way;Tangent road with flat terrain;Other;Asphalt roads;Wet or damp;Daylight;Raining;Rollover;2;2;Going straight;na;Not a Pedestrian;Changing lane to the right;Slight Injury
12:34:00;Wednesday;Male;Elementary school;Employee;5-10yr;Motorcycle;Organization;2-5yrs;unknown; Industrial areas;Two-way (divided with broken lines road marking);Tangent road with flat terrain;Other;Asphalt roads with some distress;Wet or damp;Daylight;Raining;Vehicle with vehicle collision;2;2;Going straight;18-30;Not a Pedestrian;Moving Backward;Slight Injury
12:34:00;Wednesday;Male;unknown;Owner;5-10yr;Automobile;Owner;unknown;No defect;Residential areas;Double carriageway (median);Tangent road with flat terrain;Other;Asphalt roads;Wet or damp;Daylight;Raining;Vehicle with vehicle collision;2;2;Going straight;18-30;Not a Pedestrian;Changing lane to the right;Slight Injury
18:11:00;Thursday;Male;Junior high school;Employee;5-10yr;Automobile;Governmental;Above 10yr;No defect;Other;Two-way (divided with broken lines road marking);Tangent road with flat terrain;No junction;Asphalt roads;Dry;Daylight;Normal;Collision with roadside objects;3;1;Going straight;31-50;Not a Pedestrian;No distancing;Slight Injury
18:11:00;Thursday;Male;Junior high school;Owner;5-10yr;Automobile;Owner;unknown;No defect;Office areas;Two-way (divided with broken lines road marking);Tangent road with flat terrain;No junction;Asphalt roads;Dry;Daylight;Normal;Vehicle with vehicle collision;3;1;unknown;na;Not a Pedestrian;Overtaking;Slight Injury
18:11:00;Thursday;Male;Illiterate;Employee;2-5yr;Stationwagen;Owner;unknown;No defect; Industrial areas;Unknown;Tangent road with flat terrain;No junction;Asphalt roads;Dry;Daylight;Normal;Vehicle with vehicle collision;3;1;Other;31-50;Not a Pedestrian;Other;Slight Injury
20:52:00;Tuesday;Male;Junior high school;Employee;5-10yr;unknown;Owner;1-2yr;No defect; Industrial areas;Double carriageway (median);Tangent road with flat terrain;Crossing;Gravel roads;Dry;Daylight;Normal;Vehicle with vehicle collision;2;1;Going straight;Over 51;Not a Pedestrian;Other;Slight Injury
20:52:00;Tuesday;Male;Junior high school;Employee;Below 1yr;Public (> 45 seats);Owner;unknown;No defect;Other;Two-way (divided with broken lines road marking);Tangent road with flat terrain;Crossing;Asphalt roads;Dry;Daylight;Normal;Collision with roadside objects;2;1;unknown;na;Not a Pedestrian;Changing lane to the right;Slight Injury
15:30:00;Sunday;Male;Junior high school;Employee;1-2yr;Public (> 45 seats);Organization;Above 10yr;unknown; Hospital areas;Two-way (divided with broken lines road marking);Tangent road with flat terrain;Crossing;Asphalt roads;Wet or damp;Daylight;Raining;Collision with roadside objects;2;1;Overtaking;Over 51;Not a Pedestrian;No priority to pedestrian;Slight Injury
15:30:00;Sunday;Female;Elementary school;Employee;2-5yr;Stationwagen;Owner;Unknown;unknown;Office areas;One way;Tangent road with flat terrain;Crossing;Asphalt roads;Wet or damp;Daylight;Raining;Vehicle with vehicle collision;2;1;Reversing;na;Not a Pedestrian;No priority to vehicle;Slight Injury
17:17:00;Wednesday;Male;Elementary school;Employee;2-5yr;Automobile;Owner;2-5yrs;No defect; Church areas;Undivided Two way;Tangent road with flat terrain;Crossing;Asphalt roads;Dry;Daylight;Normal;Vehicle with vehicle collision;2;1;Going straight;31-50;Not a Pedestrian;Changing lane to the left;Slight Injury
17:17:00;Wednesday;Male;Elementary school;Employee;5-10yr;Bicycle;Organization;5-10yrs;No defect; Hospital areas;Undivided Two way;Tangent road with mountainous terrain and;Crossing;Asphalt roads;Dry;Daylight;Normal;Collision with roadside objects;2;1;Other;18-30;Not a Pedestrian;Changing lane to the left;Slight Injury
17:15:00;Wednesday;Male;Junior high school;Employee;5-10yr;Automobile;Owner;Above 10yr;No defect;Office areas;other;Tangent road with flat terrain;No junction;Asphalt roads;Dry;Daylight;Normal;Collision with roadside objects;1;1;Moving Backward;Over 51;Not a Pedestrian;Overtaking;Slight Injury
13:30:00;Tuesday;Male;unknown;unknown;unknown;Lorry (41?100Q);Owner;2-5yrs;No defect;Other;Two-way (divided with broken lines road marking);Escarpments;No junction;Asphalt roads;Dry;Daylight;Normal;Vehicle with vehicle collision;2;2;Going straight;18-30;Not a Pedestrian;No distancing;Slight Injury
13:30:00;Tuesday;Male;Junior high school;Employee;Above 10yr;Automobile;Owner;1-2yr;unknown;Office areas;Undivided Two way;Tangent road with flat terrain;No junction;Asphalt roads;Dry;Daylight;Normal;Vehicle with vehicle collision;2;2;Other;na;Not a Pedestrian;No priority to vehicle;Slight Injury
07:11:00;Sunday;Male;Junior high school;Employee;Above 10yr;Public (13?45 seats);Owner;2-5yrs;unknown;Office areas;Two-way (divided with broken lines road marking);Tangent road with mountainous terrain and;Y Shape;Asphalt roads;Dry;Daylight;Normal;Vehicle with vehicle collision;2;1;Moving Backward;18-30;Not a Pedestrian;Changing lane to the right;Slight Injury
07:11:00;Sunday;Male;Junior high school;Owner;Above 10yr;Special vehicle;Owner;unknown;No defect;Other;Double carriageway (median);Steep grade downward with mountainous terrain;Y Shape;Asphalt roads;Dry;Daylight;Normal;Collision with roadside objects;2;1;Going straight;na;Not a Pedestrian;Changing lane to the left;Slight Injury
16:51:00;Saturday;Male;Junior high school;Employee;unknown;Automobile;Owner;1-2yr;No defect;Office areas;Undivided Two way;Tangent road with mild grade and flat terrain;Y Shape;Asphalt roads;Dry;Daylight;Normal;Vehicle with vehicle collision;2;2;Going straight;18-30;Not a Pedestrian;No distancing;Serious Injury
16:51:00;Saturday;Male;Junior high school;Employee;5-10yr;Public (13?45 seats);Owner;unknown;No defect;Residential areas;Undivided Two way;Tangent road with flat terrain;Y Shape;Asphalt roads;Dry;Daylight;Normal;Vehicle with vehicle collision;2;2;Moving Backward;na;Not a Pedestrian;Driving carelessly;Serious Injury
07:25:00;Friday;Male;Junior high school;Employee;2-5yr;unknown;Owner;Unknown;unknown;Other;Two-way (divided with broken lines road marking);Tangent road with flat terrain;Y Shape;Asphalt roads;Dry;Daylight;Normal;Vehicle with vehicle collision;2;1;Going straight;18-30;Crossing from nearside - masked by parked or statioNot a Pedestrianry vehicle;No priority to pedestrian;Slight Injury
07:25:00;Friday;Male;Elementary school;Employee;5-10yr;Lorry (41?100Q);Owner;2-5yrs;unknown;Office areas;Double carriageway (median);Tangent road with flat terrain;Y Shape;Asphalt roads;Dry;Daylight;Normal;Rollover;2;1;Getting off;18-30;Crossing from driver's nearside;Driving carelessly;Slight Injury
23:53:00;Thursday;Female;Junior high school;Employee;2-5yr;Lorry (41?100Q);Owner;5-10yrs;unknown;Office areas;Undivided Two way;Tangent road with mountainous terrain and;No junction;Asphalt roads;Dry;Darkness - lights lit;Normal;Vehicle with vehicle collision;1;1;Going straight;31-50;Unknown or other;Moving Backward;Fatal injury
19:39:00;Sunday;Male;High school;Owner;5-10yr;Public (12 seats);unknown;unknown;unknown;Office areas;other;Tangent road with flat terrain;No junction;Asphalt roads;Wet or damp;Darkness - lights lit;Raining;Vehicle with vehicle collision;1;1;Going straight;18-30;Not a Pedestrian;No distancing;Slight Injury
14:30:00;Tuesday;Male;Junior high school;Employee;Above 10yr;Lorry (41?100Q);Owner;5-10yrs;No defect;Other;Two-way (divided with broken lines road marking);Tangent road with mild grade and flat terrain;No junction;Asphalt roads;Dry;Daylight;Normal;Collision with pedestrians;2;3;Moving Backward;5;Not a Pedestrian;No distancing;Slight Injury
14:30:00;Tuesday;Male;Junior high school;Employee;2-5yr;Lorry (41?100Q);Owner;unknown;No defect; Church areas;Undivided Two way;Tangent road with flat terrain;No junction;Asphalt roads;Dry;Daylight;Normal;Vehicle with vehicle collision;2;3;Going straight;31-50;Not a Pedestrian;No distancing;Slight Injury
14:30:00;Tuesday;Male;Elementary school;Employee;2-5yr;Public (12 seats);Owner;Unknown;No defect; Industrial areas;Undivided Two way;Tangent road with flat terrain;No junction;Asphalt roads;Dry;Daylight;Normal;Vehicle with vehicle collision;2;3;Going straight;31-50;Not a Pedestrian;Changing lane to the left;Slight Injury
14:30:00;Tuesday;Male;High school;Owner;Above 10yr;Public (> 45 seats);Owner;1-2yr;No defect;Office areas;Double carriageway (median);Tangent road with flat terrain;No junction;Asphalt roads;Dry;Daylight;Normal;Vehicle with vehicle collision;2;3;Going straight;31-50;Not a Pedestrian;Changing lane to the left;Slight Injury
14:20:00;Saturday;Male;Elementary school;Employee;1-2yr;Automobile;Owner;Unknown;No defect; Church areas;Undivided Two way;Tangent road with flat terrain;No junction;Earth roads;Dry;Daylight;Normal;Vehicle with vehicle collision;2;1;Going straight;na;Not a Pedestrian;Moving Backward;Slight Injury
14:20:00;Saturday;Unknown;Junior high school;Employee;Above 10yr;Pick up upto 10Q;Owner;unknown;unknown;Office areas;Undivided Two way;Tangent road with flat terrain;No junction;Asphalt roads;Dry;Daylight;Normal;Collision with roadside objects;2;1;Going straight;Over 51;Not a Pedestrian;Changing lane to the right;Slight Injury
07:45:00;Friday;Male;unknown;unknown;unknown;Stationwagen;Owner;unknown;No defect;Office areas;other;Tangent road with flat terrain;No junction;Asphalt roads;Dry;Daylight;Normal;Vehicle with vehicle collision;2;1;Moving Backward;31-50;Not a Pedestrian;No priority to vehicle;Slight Injury
07:45:00;Friday;Male;Junior high school;Owner;5-10yr;Other;Owner;unknown;unknown;Residential areas;Two-way (divided with broken lines road marking);Tangent road with flat terrain;No junction;Asphalt roads;Dry;Daylight;Normal;Vehicle with vehicle collision;2;1;Going straight;Over 51;Not a Pedestrian;Moving Backward;Slight Injury
07:46:00;Tuesday;Male;Above high school;Employee;5-10yr;unknown;Owner;5-10yrs;unknown;Office areas;Two-way (divided with broken lines road marking);Tangent road with flat terrain;Y Shape;Asphalt roads;Dry;Daylight;Normal;Vehicle with vehicle collision;2;2;Going straight;na;Not a Pedestrian;Overtaking;Slight Injury
07:46:00;Tuesday;Male;Junior high school;Employee;5-10yr;Automobile;Owner;5-10yrs;unknown;Residential areas;Undivided Two way;Tangent road with flat terrain;Y Shape;Asphalt roads;Dry;Daylight;Normal;Vehicle with vehicle collision;2;2;Moving Backward;31-50;Not a Pedestrian;Changing lane to the left;Slight Injury
20:15:00;Saturday;Male;Junior high school;Employee;Above 10yr;Stationwagen;Owner;2-5yrs;unknown;Office areas;Double carriageway (median);Tangent road with flat terrain;Crossing;Asphalt roads;Dry;Darkness - lights lit;Normal;Collision with roadside objects;2;1;Moving Backward;18-30;Unknown or other;Changing lane to the right;Slight Injury
20:15:00;Saturday;Male;Junior high school;Employee;1-2yr;Pick up upto 10Q;Owner;2-5yrs;No defect;Office areas;Double carriageway (median);Tangent road with flat terrain;Crossing;Asphalt roads;Dry;Darkness - lights lit;Normal;Vehicle with vehicle collision;2;1;Going straight;18-30;Unknown or other;Overtaking;Slight Injury
16:14:00;Monday;Male;Junior high school;Employee;2-5yr;Lorry (41?100Q);unknown;unknown;No defect;Other;Two-way (divided with broken lines road marking);Tangent road with flat terrain;Crossing;Asphalt roads;Dry;Daylight;Normal;Collision with roadside objects;1;1;Going straight;31-50;Not a Pedestrian;Overloading;Slight Injury
16:25:00;Tuesday;Male;Junior high school;Employee;Below 1yr;Automobile;Owner;Unknown;No defect;Other;Two-way (divided with broken lines road marking);Tangent road with flat terrain;Crossing;Asphalt roads;Dry;Daylight;Normal;Vehicle with vehicle collision;2;1;Going straight;na;Not a Pedestrian;Other;Serious Injury
16:25:00;Tuesday;Male;Junior high school;Employee;Above 10yr;unknown;Owner;Above 10yr;No defect;Residential areas;Two-way (divided with broken lines road marking);Tangent road with flat terrain;Crossing;Asphalt roads with some distress;Dry;Daylight;Normal;Rollover;2;1;Going straight;31-50;Not a Pedestrian;No priority to vehicle;Serious Injury
21:34:00;Sunday;Female;Junior high school;Employee;1-2yr;Lorry (41?100Q);Owner;Unknown;unknown; Church areas;Two-way (divided with broken lines road marking);Tangent road with flat terrain;No junction;Asphalt roads;Dry;Darkness - lights lit;Normal;Vehicle with vehicle collision;2;1;Going straight;na;Not a Pedestrian;Changing lane to the right;Serious Injury
21:34:00;Sunday;Male;Above high school;Employee;5-10yr;Lorry (41?100Q);Governmental;Unknown;No defect; Church areas;Double carriageway (median);Tangent road with flat terrain;No junction;Asphalt roads;Dry;Darkness - lights lit;Normal;Vehicle with vehicle collision;2;1;Going straight;Over 51;Not a Pedestrian;Moving Backward;Serious Injury