Time;Day_of_week;Sex_of_driver;Educational_level;Vehicle_driver_relation;Driving_experience;Type_of_vehicle;Owner_of_vehicle;Service_year_of_vehicle;Defect_of_vehicle;Area_accident_occured;Lanes_or_Medians;Road_allignment;Types_of_Junction;Road_surface_type;Road_surface_conditions;Light_conditions;Weather_conditions;Type_of_collision;Number_of_vehicles_involved;Number_of_casualties;Vehicle_movement;Age_band_of_casualty;Pedestrian_movement;Cause_of_accident;Accident_severity
14:00:00;Saturday;Male;Junior high school;Employee;5-10yr;Lorry (41?100Q);Owner;2-5yrs;No defect;Residential areas;Double carriageway (median);Tangent road with flat terrain;Y Shape;Asphalt roads;Dry;Daylight;Normal;Vehicle with vehicle collision;2;1;Going straight;na;Not a Pedestrian;Changing lane to the left;Serious Injury
14:00:00;Saturday;Male;Elementary school;Owner;Below 1yr;Pick up upto 10Q;Owner;unknown;No defect;Office areas;Two-way (divided with broken lines road marking);Tangent road with mild grade and flat terrain;Y Shape;Asphalt roads;Dry;Daylight;Normal;Vehicle with vehicle collision;2;1;Going straight;18-30;Not a Pedestrian;No priority to pedestrian;Serious Injury
12:19:00;Monday;Male;unknown;unknown;unknown;Pick up upto 10Q;Owner;5-10yrs;No defect;Office areas;Two-way (divided with broken lines road marking);Tangent road with mild grade and flat terrain;Y Shape;Asphalt roads;Dry;Daylight;Normal;Vehicle with vehicle collision;2;1;Going straight;18-30;Not a Pedestrian;No distancing;Slight Injury
12:19:00;Monday;Male;Junior high school;Employee;Above 10yr;Automobile;Owner;2-5yrs;unknown;Residential areas;Two-way (divided with broken lines road marking);Tangent road with flat terrain;Y Shape;Asphalt roads;Dry;Daylight;Normal;Collision with pedestrians;2;1;Going straight;Over 51;Not a Pedestrian;No priority to vehicle;Slight Injury
11:49:00;Wednesday;Male;Junior high school;unknown;unknown;Other;Owner;5-10yrs;unknown; Church areas;other;Tangent road with flat terrain;No junction;Asphalt roads;Dry;Daylight;Normal;Rollover;1;1;Other;na;Not a Pedestrian;No distancing;Serious Injury
18:09:00;Thursday;Male;Junior high school;Employee;1-2yr;unknown;Owner;unknown;unknown;Other;Two-way (divided with broken lines road marking);Tangent road with flat terrain;No junction;Asphalt roads;Dry;Daylight;Normal;Vehicle with vehicle collision;1;1;Going straight;Over 51;Not a Pedestrian;No distancing;Slight Injury
10:40:00;Monday;Male;Junior high school;Owner;2-5yr;Automobile;Owner;unknown;unknown;Office areas;Two-way (divided with broken lines road marking);Tangent road with flat terrain;Y Shape;Asphalt roads;Dry;Daylight;Normal;Rollover;2;1;Reversing;Under 18;Not a Pedestrian;Moving Backward;Slight Injury
10:40:00;Monday;Male;unknown;Employee;unknown;Motorcycle;Owner;unknown;unknown;Other;Two-way (divided with broken lines road marking);Tangent road with flat terrain;Y Shape;Asphalt roads;Dry;Daylight;Normal;Vehicle with vehicle collision;2;1;Going straight;31-50;Not a Pedestrian;Changing lane to the right;Slight Injury
16:54:00;Sunday;Male;Junior high school;Employee;Above 10yr;Automobile;Owner;unknown;unknown;Other;Two-way (divided with broken lines road marking);Tangent road with flat terrain;Y Shape;Asphalt roads;Dry;Daylight;Normal;Vehicle with vehicle collision;1;1;Reversing;na;Not a Pedestrian;No priority to pedestrian;Slight Injury
23:26:00;Sunday;Male;Junior high school;Owner;2-5yr;Automobile;Owner;unknown;unknown;unknown;unknown;Tangent road with flat terrain;Y Shape;Asphalt roads;Dry;Darkness - lights lit;Normal;Vehicle with vehicle collision;1;1;Going straight;31-50;Not a Pedestrian;Moving Backward;Slight Injury
11:33:00;Sunday;Male;Junior high school;Employee;5-10yr;Public (12 seats);Governmental;2-5yrs;unknown;Residential areas;Two-way (divided with broken lines road marking);unknown;No junction;Asphalt roads;Dry;Daylight;Normal;Fall from vehicles;2;1;Reversing;na;Not a Pedestrian;Getting off the vehicle improperly;Slight Injury
11:33:00;Sunday;Male;Junior high school;Employee;2-5yr;Automobile;Owner;Below 1yr;unknown; Church areas;Undivided Two way;Tangent road with flat terrain;No junction;Asphalt roads;Dry;Daylight;Normal;Vehicle with vehicle collision;2;1;unknown;na;Not a Pedestrian;Overtaking;Slight Injury
18:30:00;Wednesday;Male;Junior high school;Employee;1-2yr;Public (> 45 seats);Owner;Above 10yr;No defect;Residential areas;unknown;Tangent road with flat terrain;Crossing;Asphalt roads;Dry;Daylight;Normal;Collision with roadside objects;1;1;Going straight;Under 18;Not a Pedestrian;Overloading;Slight Injury
13:34:00;Friday;Male;Junior high school;Employee;5-10yr;Lorry (41?100Q);Owner;5-10yrs;No defect;Office areas;Undivided Two way;Tangent road with flat terrain;No junction;Asphalt roads;Wet or damp;Daylight;Raining;Vehicle with vehicle collision;2;4;Reversing;31-50;Not a Pedestrian;Changing lane to the right;Slight Injury
13:34:00;Friday;Male;Junior high school;Employee;2-5yr;Public (> 45 seats);Owner;unknown;No defect;  Recreational areas;other;unknown;No junction;Asphalt roads;Wet or damp;Daylight;Raining;Vehicle with vehicle collision;2;4;Other;na;Not a Pedestrian;Improper parking;Slight Injury
13:34:00;Friday;Male;Elementary school;Employee;5-10yr;unknown;Governmental;unknown;No defect;Office areas;other;Tangent road with mild grade and flat terrain;No junction;Asphalt roads;Wet or damp;Daylight;Raining;Vehicle with vehicle collision;2;4;Going straight;Over 51;Not a Pedestrian;Other;Slight Injury
13:34:00;Friday;Male;Above high school;Owner;5-10yr;unknown;Owner;5-10yrs;No defect; Industrial areas;other;Tangent road with flat terrain;No junction;unknown;Wet or damp;Daylight;Raining;Collision with pedestrians;2;4;Going straight;na;Not a Pedestrian;Changing lane to the left;Slight Injury
15:59:00;Tuesday;Male;Junior high school;Employee;2-5yr;Automobile;unknown;unknown;unknown;unknown;unknown;unknown;Crossing;Asphalt roads;Dry;Daylight;Normal;Vehicle with vehicle collision;2;1;Going straight;18-30;Not a Pedestrian;Changing lane to the right;Slight Injury
15:59:00;Tuesday;Male;Junior high school;Employee;2-5yr;Automobile;Owner;unknown;No defect;Residential areas;Undivided Two way;Tangent road with flat terrain;Crossing;Asphalt roads;Dry;Daylight;Normal;Vehicle with vehicle collision;2;1;Moving Backward;18-30;Unknown or other;No priority to pedestrian;Slight Injury
19:14:00;Monday;Male;Junior high school;Employee;2-5yr;Lorry (41?100Q);Governmental;Above 10yr;No defect;Residential areas;other;Tangent road with flat terrain;Y Shape;Asphalt roads;Dry;Daylight;Normal;Vehicle with vehicle collision;2;1;Going straight;18-30;Crossing from nearside - masked by parked or statioNot a Pedestrianry vehicle;Overspeed;Slight Injury
19:14:00;Monday;Male;Junior high school;Employee;5-10yr;Automobile;Owner;1-2yr;No defect; Industrial areas;other;Tangent road with flat terrain;Y Shape;Asphalt roads;Dry;Daylight;Normal;Rollover;2;1;Going straight;na;Not a Pedestrian;Changing lane to the left;Slight Injury
18:20:00;Thursday;Male;Junior high school;Employee;1-2yr;Public (13?45 seats);Owner;2-5yrs;No defect;Residential areas;Undivided Two way;Tangent road with flat terrain;No junction;Asphalt roads;Dry;Daylight;Normal;Collision with roadside objects;1;1;Going straight;5;Not a Pedestrian;No priority to vehicle;Slight Injury
22:00:00;Friday;Male;Junior high school;Owner;2-5yr;Automobile;Owner;Unknown;No defect;Residential areas;other;Tangent road with flat terrain;No junction;Asphalt roads;Dry;Daylight;Normal;Vehicle with vehicle collision;2;1;Going straight;18-30;Not a Pedestrian;Changing lane to the right;Serious Injury
22:00:00;Friday;Male;High school;Owner;2-5yr;Public (> 45 seats);Owner;unknown;No defect;Office areas;Undivided Two way;Tangent road with flat terrain;No junction;Asphalt roads;Dry;Daylight;Normal;Vehicle with vehicle collision;2;1;Other;na;Not a Pedestrian;No distancing;Serious Injury
15:34:00;Wednesday;Male;unknown;Employee;unknown;Lorry (41?100Q);Owner;2-5yrs;No defect;Office areas;Double carriageway (median);Escarpments;Crossing;Asphalt roads;Dry;Daylight;Normal;Collision with roadside objects;1;1;unknown;31-50;Not a Pedestrian;No priority to pedestrian;Serious Injury
19:29:00;Friday;Male;Junior high school;Owner;1-2yr;Automobile;Owner;Above 10yr;No defect;Office areas;other;Tangent road with flat terrain;Y Shape;Asphalt roads;Wet or damp;Daylight;Raining;Vehicle with vehicle collision;2;3;Going straight;na;Not a Pedestrian;No distancing;Slight Injury
19:29:00;Friday;Male;Junior high school;unknown;Below 1yr;Lorry (11?40Q);Owner;1-2yr;No defect;Office areas;Undivided Two way;Escarpments;Y Shape;Asphalt roads;Wet or damp;Daylight;Raining;Vehicle with vehicle collision;2;3;Turnover;18-30;Not a Pedestrian;No priority to vehicle;Slight Injury
19:29:00;Friday;Male;High school;Employee;1-2yr;Public (13?45 seats);Owner;unknown;No defect;Office areas;One way;Tangent road with flat terrain;Y Shape;Asphalt roads;Wet or damp;Daylight;Raining;Vehicle with vehicle collision;2;3;Going straight;na;Not a Pedestrian;Other;Slight Injury
19:29:00;Friday;Male;Above high school;Employee;1-2yr;Public (13?45 seats);Owner;unknown;No defect;Office areas;Undivided Two way;Tangent road with flat terrain;Y Shape;Asphalt roads;Wet or damp;Daylight;Raining;Rollover;2;3;Moving Backward;18-30;Not a Pedestrian;Driving carelessly;Slight Injury
16:18:00;Saturday;Male;Junior high school;Employee;Above 10yr;unknown;Owner;unknown;No defect;Office areas;other;Tangent road with flat terrain;No junction;Asphalt roads;Dry;Daylight;Normal;Rollover;2;1;Moving Backward;Under 18;Not a Pedestrian;Changing lane to the left;Serious Injury
16:18:00;Saturday;Male;High school;Employee;1-2yr;Long lorry;Owner;Above 10yr;No defect;Residential areas;other;Tangent road with flat terrain;No junction;Asphalt roads;Dry;Daylight;Normal;Collision with pedestrians;2;1;Going straight;na;Not a Pedestrian;Driving carelessly;Serious Injury
13:58:00;Sunday;Male;Junior high school;Employee;2-5yr;Lorry (41?100Q);Owner;5-10yrs;No defect;Residential areas;One way;Tangent road with flat terrain;Y Shape;Asphalt roads;Wet or damp;Daylight;Raining;Vehicle with vehicle collision;3;1;Other;31-50;Not a Pedestrian;Changing lane to the left;Slight Injury
13:58:00;Sunday;Male;Above high school;Other;2-5yr;Lorry (11?40Q);Owner;unknown;No defect;Other;One way;Tangent road with flat terrain;Y Shape;Asphalt roads;Wet or damp;Daylight;Raining;Vehicle with vehicle collision;3;1;Going straight;na;Not a Pedestrian;No priority to vehicle;Slight Injury
13:58:00;Sunday;Male;High school;Employee;Above 10yr;Lorry (41?100Q);Owner;5-10yrs;No defect; Church areas;Undivided Two way;Tangent road with flat terrain;Y Shape;Asphalt roads;Wet or damp;Daylight;Raining;Vehicle with vehicle collision;3;1;Going straight;31-50;Not a Pedestrian;No distancing;Slight Injury
17:03:00;Tuesday;Male;Elementary school;Employee;5-10yr;Public (12 seats);Owner;unknown;No defect;  Recreational areas;other;Tangent road with flat terrain;Y Shape;Asphalt roads;Wet or damp;Daylight;Raining;Collision with pedestrians;2;1;Going straight;18-30;Not a Pedestrian;Changing lane to the right;Slight Injury
17:03:00;Tuesday;Male;High school;Employee;1-2yr;unknown;Owner;unknown;unknown; Industrial areas;Undivided Two way;Tangent road with flat terrain;Y Shape;Asphalt roads;Wet or damp;Daylight;Raining;Collision with pedestrians;2;1;Going straight;na;Not a Pedestrian;Changing lane to the right;Slight Injury
20:00:00;Monday;Male;High school;Employee;5-10yr;Taxi;unknown;unknown;unknown;Residential areas;other;unknown;Crossing;Asphalt roads;Dry;Daylight;Normal;Vehicle with vehicle collision;2;1;Going straight;31-50;Not a Pedestrian;Driving at high speed;Slight Injury
20:00:00;Monday;Male;High school;Employee;2-5yr;unknown;Owner;Above 10yr;No defect;Residential areas;other;Tangent road with rolling terrain;Crossing;Asphalt roads;Dry;Daylight;Normal;Vehicle with vehicle collision;2;1;Going straight;Under 18;Not a Pedestrian;No distancing;Slight Injury
15:00:00;Wednesday;Male;Junior high school;Employee;1-2yr;Automobile;Owner;2-5yrs;No defect;Office areas;Double carriageway (median);Tangent road with flat terrain;No junction;Asphalt roads;Dry;Daylight;Normal;Vehicle with vehicle collision;1;1;Going straight;na;Not a Pedestrian;Changing lane to the right;Slight Injury
19:32:00;Friday;Male;Above high school;Employee;Above 10yr;unknown;Owner;2-5yrs;No defect;  Market areas;Undivided Two way;Tangent road with flat terrain;No junction;Asphalt roads;Dry;Daylight;Normal;Collision with roadside objects;2;2;Going straight;31-50;Not a Pedestrian;Changing lane to the left;Slight Injury
19:32:00;Friday;Male;Above high school;Employee;2-5yr;Lorry (41?100Q);unknown;unknown;unknown;Unknown;other;Tangent road with flat terrain;No junction;Asphalt roads;Dry;Daylight;Normal;Vehicle with vehicle collision;2;2;Other;31-50;Not a Pedestrian;Getting off the vehicle improperly;Slight Injury
19:32:00;Friday;Male;Elementary school;Employee;5-10yr;Automobile;Owner;unknown;No defect; Industrial areas;other;Tangent road with flat terrain;No junction;Asphalt roads;Dry;Daylight;Normal;Collision with roadside objects;2;2;Going straight;18-30;Not a Pedestrian;Other;Slight Injury
09:45:00;Thursday;Male;Elementary school;Employee;1-2yr;Automobile;Owner;unknown;No defect;Residential areas;Two-way (divided with solid lines road marking);Tangent road with flat terrain;Y Shape;Asphalt roads;Dry;Daylight;Normal;Vehicle with vehicle collision;2;1;Overtaking;na;Not a Pedestrian;Other;Slight Injury
09:45:00;Thursday;Male;Junior high school;Employee;unknown;Lorry (41?100Q);Governmental;Below 1yr;No defect;Residential areas;Undivided Two way;Tangent road with flat terrain;Y Shape;Asphalt roads;Dry;Daylight;Normal;Vehicle with vehicle collision;2;1;Going straight;18-30;Not a Pedestrian;No distancing;Slight Injury
14:51:00;Thursday;Female;unknown;unknown;unknown;Automobile;Owner;5-10yrs;No defect;Other;Undivided Two way;Tangent road with flat terrain;Y Shape;Asphalt roads;Dry;Daylight;Normal;Collision with roadside objects;2;1;Going straight;na;Not a Pedestrian;No priority to vehicle;Slight Injury
14:51:00;Thursday;Male;Elementary school;Employee;5-10yr;Automobile;Governmental;unknown;No defect;Residential areas;other;Tangent road with flat terrain;Y Shape;Asphalt roads;Dry;Daylight;Normal;Vehicle with vehicle collision;2;1;Going straight;18-30;Not a Pedestrian;Overtaking;Slight Injury
22:02:00;Saturday;Male;Junior high school;Employee;2-5yr;Automobile;Owner;1-2yr;No defect;Rural village areas;Undivided Two way;Gentle horizontal curve;Y Shape;Asphalt roads;Dry;Darkness - lights lit;Normal;Vehicle with vehicle collision;2;2;U-Turn;na;Not a Pedestrian;No priority to pedestrian;Slight Injury
22:02:00;Saturday;Male;Junior high school;Employee;5-10yr;Taxi;Owner;2-5yrs;No defect;Rural village areas;Undivided Two way;Gentle horizontal curve;Y Shape;Asphalt roads;Dry;Darkness - lights lit;Normal;Collision with roadside objects;2;2;Going straight;Under 18;Not a Pedestrian;No distancing;Slight Injury
22:02:00;Saturday;Male;High school;Employee;2-5yr;unknown;Owner;unknown;No defect;Office areas;Double carriageway (median);Tangent road with flat terrain;Y Shape;Asphalt roads;Dry;Darkness - lights lit;Normal;Collision with roadside objects;2;2;Going straight;5;Not a Pedestrian;Changing lane to the right;Slight Injury
09:10:00;Thursday;Male;Junior high school;Employee;1-2yr;unknown;Owner;2-5yrs;No defect;Residential areas;Undivided Two way;Gentle horizontal curve;No junction;Asphalt roads;Dry;Daylight;Normal;Vehicle with vehicle collision;1;1;Going straight;Over 51;Not a Pedestrian;Driving carelessly;Slight Injury
07:50:00;Thursday;Female;Junior high school;Employee;1-2yr;Automobile;Owner;unknown;unknown;Residential areas;other;Tangent road with flat terrain;Y Shape;Asphalt roads;Dry;Daylight;Raining;Vehicle with vehicle collision;3;1;Going straight;na;Not a Pedestrian;Changing lane to the right;Slight Injury
07:50:00;Thursday;Male;Junior high school;Employee;5-10yr;Pick up upto 10Q;Owner;unknown;7; Outside rural areas;other;Tangent road with flat terrain;Y Shape;Asphalt roads;Dry;Daylight;Raining;Vehicle with vehicle collision;3;1;Turnover;na;Not a Pedestrian;Overtaking;Slight Injury
07:50:00;Thursday;Male;Illiterate;Employee;unknown;unknown;Owner;Above 10yr;unknown;Residential areas;other;Tangent road with flat terrain;Y Shape;Asphalt roads;Dry;Daylight;Raining;Vehicle with vehicle collision;3;1;Going straight;31-50;Not a Pedestrian;Other;Slight Injury
17:10:00;Wednesday;Male;Junior high school;Employee;5-10yr;Automobile;Owner;5-10yrs;5; Church areas;other;Tangent road with flat terrain;Other;Asphalt roads;Wet or damp;Daylight;Normal;Vehicle with vehicle collision;2;1;Going straight;na;Not a Pedestrian;Driving to the left;Serious Injury
17:10:00;Wednesday;Male;Junior high school;Employee;1-2yr;Public (12 seats);Owner;unknown;No defect;Office areas;Undivided Two way;Tangent road with flat terrain;Other;Asphalt roads;Wet or damp;Daylight;Normal;Vehicle with vehicle collision;2;1;Moving Backward;18-30;Not a Pedestrian;Driving at high speed;Serious Injury
07:55:00;Wednesday;Male;Junior high school;Employee;2-5yr;Public (13?45 seats);Owner;Unknown;No defect;Office areas;Two-way (divided with broken lines road marking);Tangent road with mountainous terrain and;Y Shape;Asphalt roads;Dry;Daylight;Normal;Vehicle with vehicle collision;2;2;Going straight;31-50;Not a Pedestrian;Unknown;Slight Injury
07:55:00;Wednesday;Male;Junior high school;Employee;Above 10yr;Lorry (11?40Q);Governmental;unknown;No defect;Office areas;Two-way (divided with broken lines road marking);Escarpments;Y Shape;Asphalt roads;Dry;Daylight;Normal;Vehicle with vehicle collision;2;2;Moving Backward;na;Not a Pedestrian;Changing lane to the right;Slight Injury
08:42:00;Monday;Male;Junior high school;Owner;5-10yr;Stationwagen;Owner;2-5yrs;unknown;Other;Undivided Two way;Tangent road with mountainous terrain and;No junction;Asphalt roads;Wet or damp;Daylight;Normal;Vehicle with vehicle collision;2;1;Going straight;5;Not a Pedestrian;No distancing;Slight Injury
08:42:00;Monday;Female;High school;Employee;1-2yr;Ridden horse;Owner;2-5yrs;unknown;Other;Undivided Two way;Tangent road with flat terrain;No junction;Asphalt roads;Wet or damp;Daylight;Normal;Vehicle with vehicle collision;2;1;Going straight;18-30;Not a Pedestrian;Other;Slight Injury
15:36:00;Monday;Female;Junior high school;Employee;Above 10yr;Stationwagen;Owner;Unknown;No defect;Residential areas;Two-way (divided with broken lines road marking);Tangent road with flat terrain;No junction;Asphalt roads;Wet or damp;Daylight;Unknown;Vehicle with vehicle collision;2;2;Going straight;Over 51;Not a Pedestrian;No priority to vehicle;Slight Injury
15:36:00;Monday;Male;Junior high school;Employee;1-2yr;Automobile;Owner;unknown;unknown;Other;Two-way (divided with broken lines road marking);Tangent road with flat terrain;No junction;Asphalt roads;Wet or damp;Daylight;Unknown;Vehicle with vehicle collision;2;2;Going straight;Over 51;Not a Pedestrian;Changing lane to the left;Slight Injury
15:36:00;Monday;Male;Junior high school;Employee;2-5yr;Automobile;Owner;Below 1yr;unknown;Other;Undivided Two way;Tangent road with mild grade and flat terrain;No junction;Asphalt roads;Wet or damp;Daylight;Unknown;Vehicle with vehicle collision;2;2;U-Turn;na;Not a Pedestrian;No priority to pedestrian;Slight Injury
13:46:00;Tuesday;Male;Junior high school;Employee;Above 10yr;Other;Owner;5-10yrs;unknown;Other;Two-way (divided with broken lines road marking);Tangent road with flat terrain;Other;Asphalt roads;Dry;Daylight;Normal;Vehicle with vehicle collision;2;1;Going straight;na;Not a Pedestrian;Overtaking;Slight Injury
13:46:00;Tuesday;Male;Junior high school;Employee;2-5yr;Taxi;Governmental;5-10yrs;No defect;Other;Undivided Two way;Tangent road with flat terrain;Other;Asphalt roads;Dry;Daylight;Normal;Vehicle with vehicle collision;2;1;Going straight;31-50;Not a Pedestrian;Driving carelessly;Slight Injury
05:54:00;Wednesday;Male;Elementary school;Employee;5-10yr;Automobile;Owner;2-5yrs;No defect;Other;Double carriageway (median);Tangent road with mild grade and flat terrain;Other;Asphalt roads;Dry;Darkness - lights lit;Normal;Vehicle with vehicle collision;2;1;Going straight;18-30;Unknown or other;No priority to vehicle;Slight Injury
05:54:00;Wednesday;Male;unknown;unknown;unknown;Stationwagen;Owner;unknown;No defect;Other;Two-way (divided with broken lines road marking);Tangent road with flat terrain;Other;Asphalt roads;Dry;Darkness - lights lit;Normal;Vehicle with vehicle collision;2;1;Going straight;18-30;Not a Pedestrian;No priority to pedestrian;Slight Injury
11:00:00;Friday;Male;Elementary school;Employee;1-2yr;Automobile;Owner;2-5yrs;unknown; Church areas;Two-way (divided with broken lines road marking);Tangent road with flat terrain;No junction;Asphalt roads;Dry;Daylight;Normal;Vehicle with vehicle collision;2;1;Going straight;Over 51;Not a Pedestrian;Changing lane to the right;Slight Injury
11:00:00;Friday;Male;Elementary school;Employee;5-10yr;Public (12 seats);Owner;5-10yrs;unknown;Other;Undivided Two way;Tangent road with flat terrain;No junction;Asphalt roads;Dry;Daylight;Normal;Collision with roadside objects;2;1;Going straight;31-50;Not a Pedestrian;Driving carelessly;Slight Injury
11:30:00;Tuesday;Male;Elementary school;Employee;5-10yr;unknown;Organization;2-5yrs;unknown; Industrial areas;Two-way (divided with broken lines road marking);Tangent road with flat terrain;Crossing;Asphalt roads;Dry;Daylight;Normal;Vehicle with vehicle collision;2;1;Stopping;Over 51;Not a Pedestrian;Changing lane to the right;Slight Injury
11:30:00;Tuesday;Male;Junior high school;Employee;1-2yr;Automobile;Owner;unknown;No defect;Residential areas;Double carriageway (median);Tangent road with flat terrain;Crossing;Asphalt roads;Dry;Daylight;Normal;Collision with pedestrians;2;1;Turnover;18-30;Not a Pedestrian;Changing lane to the right;Slight Injury
10:40:00;Tuesday;Male;Junior high school;Employee;5-10yr;Lorry (41?100Q);Governmental;Above 10yr;No defect;Other;Two-way (divided with broken lines road marking);Tangent road with flat terrain;Y Shape;Asphalt roads;Dry;Daylight;Normal;Vehicle with vehicle collision;2;1;Getting off;18-30;Not a Pedestrian;Changing lane to the left;Slight Injury
10:40:00;Tuesday;Male;Junior high school;Employee;5-10yr;unknown;Owner;unknown;No defect;Office areas;Two-way (divided with broken lines road marking);Tangent road with flat terrain;Y Shape;Asphalt roads;Dry;Daylight;Normal;Collision with roadside objects;2;1;Moving Backward;31-50;Not a Pedestrian;Overturning;Slight Injury
12:54:00;Saturday;Male;Junior high school;Employee;2-5yr;Public (> 45 seats);Owner;unknown;No defect; Industrial areas;Unknown;Tangent road with flat terrain;Y Shape;Asphalt roads;Dry;Daylight;Normal;Vehicle with vehicle collision;1;1;Moving Backward;Under 18;Not a Pedestrian;Driving carelessly;Serious Injury
10:43:00;Thursday;Male;Junior high school;Employee;1-2yr;unknown;Owner;1-2yr;No defect; Industrial areas;Double carriageway (median);Tangent road with flat terrain;No junction;Asphalt roads;Dry;Daylight;Normal;Vehicle with vehicle collision;1;1;Going straight;Under 18;Not a Pedestrian;No distancing;Slight Injury
02:00:00;Thursday;Female;Junior high school;Employee;5-10yr;Public (12 seats);Owner;unknown;No defect;Other;Two-way (divided with broken lines road marking);Tangent road with flat terrain;No junction;Asphalt roads;Dry;Darkness - lights lit;Unknown;Vehicle with vehicle collision;1;1;Turnover;na;Not a Pedestrian;Driving carelessly;Serious Injury
18:23:00;Friday;Male;Junior high school;Employee;Below 1yr;Public (12 seats);Organization;Above 10yr;unknown; Hospital areas;Two-way (divided with broken lines road marking);Tangent road with flat terrain;No junction;Asphalt roads;Dry;Daylight;Normal;Vehicle with vehicle collision;1;1;Going straight;Over 51;Unknown or other;Changing lane to the left;Slight Injury
07:40:00;Friday;Male;Junior high school;Employee;5-10yr;Automobile;Owner;Unknown;unknown;Office areas;One way;Tangent road with flat terrain;Y Shape;Asphalt roads;Dry;Daylight;Normal;Vehicle with vehicle collision;2;1;Going straight;31-50;Not a Pedestrian;No priority to vehicle;Slight Injury
07:40:00;Friday;Male;Junior high school;Owner;5-10yr;unknown;Owner;2-5yrs;No defect; Church areas;Undivided Two way;Tangent road with flat terrain;Y Shape;Asphalt roads;Dry;Daylight;Normal;Rollover;2;1;U-Turn;31-50;Not a Pedestrian;Changing lane to the right;Slight Injury
15:59:00;Monday;Male;unknown;Owner;5-10yr;Automobile;Organization;5-10yrs;No defect; Hospital areas;Undivided Two way;Tangent road with mountainous terrain and;Crossing;Asphalt roads;Wet or damp;Daylight;Raining;Collision with roadside objects;2;1;Going straight;31-50;Unknown or other;No distancing;Slight Injury
15:59:00;Monday;Male;Junior high school;Employee;5-10yr;Lorry (41?100Q);Owner;Above 10yr;No defect;Office areas;other;Tangent road with flat terrain;Crossing;Asphalt roads;Wet or damp;Daylight;Raining;Vehicle with vehicle collision;2;1;Going straight;Under 18;Not a Pedestrian;Moving Backward;Slight Injury
17:35:00;Thursday;Male;High school;Employee;2-5yr;Public (12 seats);Owner;2-5yrs;No defect;Other;Two-way (divided with broken lines road marking);Escarpments;No junction;Asphalt roads;Dry;Daylight;Normal;Collision with roadside objects;2;1;U-Turn;Over 51;Not a Pedestrian;Moving Backward;Slight Injury
17:35:00;Thursday;Male;Above high school;Employee;5-10yr;Lorry (11?40Q);Owner;1-2yr;unknown;Office areas;Undivided Two way;Tangent road with flat terrain;No junction;Asphalt roads;Dry;Daylight;Normal;Vehicle with vehicle collision;2;1;Stopping;na;Not a Pedestrian;No distancing;Slight Injury
19:00:00;Sunday;Male;Junior high school;Employee;Above 10yr;Automobile;Owner;2-5yrs;unknown;Office areas;Two-way (divided with broken lines road marking);Tangent road with mountainous terrain and;No junction;Asphalt roads;Dry;Daylight;Normal;Vehicle with vehicle collision;2;2;Going straight;Over 51;Not a Pedestrian;No distancing;Slight Injury
19:00:00;Sunday;Male;Junior high school;Employee;Below 1yr;Automobile;Owner;unknown;No defect;Other;Double carriageway (median);Steep grade downward with mountainous terrain;No junction;Asphalt roads;Dry;Daylight;Normal;Vehicle with vehicle collision;2;2;Moving Backward;Over 51;Not a Pedestrian;No distancing;Slight Injury
19:00:00;Sunday;Male;Elementary school;Employee;5-10yr;Automobile;Owner;1-2yr;No defect;Office areas;Undivided Two way;Tangent road with mild grade and flat terrain;No junction;Asphalt roads;Dry;Daylight;Normal;Vehicle with vehicle collision;2;2;Getting off;na;Not a Pedestrian;No priority to pedestrian;Slight Injury
11:30:00;Thursday;Male;Elementary school;Employee;2-5yr;Bajaj;Owner;unknown;No defect;Residential areas;Undivided Two way;Tangent road with flat terrain;Y Shape;Asphalt roads;Dry;Daylight;Normal;Vehicle with vehicle collision;2;1;Going straight;18-30;Not a Pedestrian;Driving carelessly;Slight Injury
11:30:00;Thursday;Male;Junior high school;Employee;2-5yr;Public (12 seats);Owner;Unknown;unknown;Other;Two-way (divided with broken lines road marking);Tangent road with flat terrain;Y Shape;Asphalt roads;Dry;Daylight;Normal;Collision with roadside objects;2;1;Going straight;na;Not a Pedestrian;Changing lane to the right;Slight Injury
22:15:00;Wednesday;Male;Junior high school;Employee;1-2yr;Lorry (11?40Q);Owner;2-5yrs;unknown;Office areas;Double carriageway (median);Tangent road with flat terrain;Y Shape;Asphalt roads;Dry;Darkness - lights lit;Normal;Vehicle with vehicle collision;2;2;Turnover;31-50;Not a Pedestrian;Changing lane to the left;Slight Injury
22:15:00;Wednesday;Male;Junior high school;Employee;2-5yr;unknown;Owner;5-10yrs;unknown;Office areas;Undivided Two way;Tangent road with mountainous terrain and;Y Shape;Asphalt roads;Dry;Darkness - lights lit;Normal;Collision with roadside objects;2;2;Moving Backward;na;Not a Pedestrian;Driving carelessly;Slight Injury
11:39:00;Tuesday;Male;Junior high school;Employee;2-5yr;unknown;unknown;unknown;unknown;Office areas;other;Tangent road with flat terrain;Crossing;Asphalt roads;Wet or damp;Daylight;Raining;Vehicle with vehicle collision;2;1;Going straight;18-30;Unknown or other;Driving carelessly;Slight Injury
11:39:00;Tuesday;Male;Junior high school;Employee;Above 10yr;Automobile;Owner;5-10yrs;No defect;Other;Two-way (divided with broken lines road marking);Tangent road with mild grade and flat terrain;Crossing;Earth roads;Wet or damp;Daylight;Raining;Vehicle with vehicle collision;2;1;Moving Backward;na;Not a Pedestrian;No distancing;Slight Injury