Time;Day_of_week;Sex_of_driver;Educational_level;Vehicle_driver_relation;Driving_experience;Type_of_vehicle;Owner_of_vehicle;Service_year_of_vehicle;Defect_of_vehicle;Area_accident_occured;Lanes_or_Medians;Road_allignment;Types_of_Junction;Road_surface_type;Road_surface_conditions;Light_conditions;Weather_conditions;Type_of_collision;Number_of_vehicles_involved;Number_of_casualties;Vehicle_movement;Age_band_of_casualty;Pedestrian_movement;Cause_of_accident;Accident_severity
16:58:00;Monday;Male;High school;Employee;Below 1yr;Lorry (11?40Q);Owner;unknown;No defect; Church areas;Undivided Two way;Tangent road with flat terrain;Y Shape;Asphalt roads;Wet or damp;Daylight;Raining;Vehicle with vehicle collision;2;1;Going straight;31-50;Not a Pedestrian;Other;Slight Injury
16:58:00;Monday;Male;Junior high school;Employee;2-5yr;Lorry (41?100Q);Owner;Unknown;No defect; Industrial areas;Undivided Two way;Tangent road with flat terrain;Y Shape;Asphalt roads;Wet or damp;Daylight;Raining;Vehicle with vehicle collision;2;1;unknown;Under 18;Not a Pedestrian;Changing lane to the right;Slight Injury
09:35:00;Wednesday;Male;High school;Employee;Above 10yr;Pick up upto 10Q;Owner;1-2yr;No defect;Office areas;Double carriageway (median);Tangent road with flat terrain;Other;Asphalt roads;Dry;Daylight;Unknown;Vehicle with vehicle collision;1;1;Going straight;na;Not a Pedestrian;Changing lane to the right;Slight Injury
17:50:00;Friday;Male;Junior high school;Employee;Above 10yr;Lorry (11?40Q);Owner;Unknown;No defect; Church areas;Undivided Two way;Tangent road with flat terrain;Crossing;Asphalt roads;Dry;Daylight;Normal;Vehicle with vehicle collision;3;2;unknown;18-30;Not a Pedestrian;No distancing;Slight Injury
17:50:00;Friday;Male;High school;Employee;5-10yr;Stationwagen;Owner;unknown;unknown;Office areas;Undivided Two way;Tangent road with flat terrain;Crossing;Asphalt roads;Dry;Daylight;Normal;Vehicle with vehicle collision;3;2;Going straight;Over 51;Not a Pedestrian;No distancing;Slight Injury
17:50:00;Friday;Male;Junior high school;Employee;Above 10yr;Other;Owner;unknown;No defect;Office areas;other;Tangent road with flat terrain;Crossing;Asphalt roads;Dry;Daylight;Normal;Vehicle with vehicle collision;3;2;unknown;na;Not a Pedestrian;Overturning;Slight Injury
04:56:00;Saturday;Male;Junior high school;Employee;1-2yr;Other;Owner;unknown;unknown;Residential areas;Two-way (divided with broken lines road marking);Tangent road with flat terrain;Crossing;Asphalt roads;Wet or damp;Darkness - lights lit;Raining;Vehicle with vehicle collision;1;1;Going straight;na;Not a Pedestrian;Driving at high speed;Slight Injury
08:00:00;Friday;Male;Junior high school;Employee;2-5yr;Lorry (11?40Q);Owner;5-10yrs;unknown;Office areas;Two-way (divided with broken lines road marking);Tangent road with flat terrain;Y Shape;Asphalt roads;Dry;Daylight;Normal;Vehicle with vehicle collision;2;1;Going straight;31-50;Not a Pedestrian;No priority to vehicle;Slight Injury
08:00:00;Friday;Male;Elementary school;Employee;2-5yr;unknown;Owner;5-10yrs;unknown;Residential areas;Undivided Two way;Tangent road with flat terrain;Y Shape;Asphalt roads;Dry;Daylight;Normal;Vehicle with vehicle collision;2;1;Going straight;na;Not a Pedestrian;No priority to pedestrian;Slight Injury
16:07:00;Friday;Male;Elementary school;Other;5-10yr;Automobile;Owner;2-5yrs;unknown;Office areas;Double carriageway (median);Tangent road with flat terrain;Y Shape;Asphalt roads;Dry;Daylight;Normal;Rollover;2;1;Going straight;na;Not a Pedestrian;No priority to vehicle;Slight Injury
16:07:00;Friday;Male;Junior high school;Employee;5-10yr;Lorry (41?100Q);Owner;2-5yrs;No defect;Office areas;Double carriageway (median);Tangent road with flat terrain;Y Shape;Asphalt roads;Dry;Daylight;Normal;Collision with roadside objects;2;1;Going straight;31-50;Not a Pedestrian;Other;Slight Injury
16:10:00;Friday;Male;High school;Owner;5-10yr;Other;unknown;unknown;No defect;Other;Two-way (divided with broken lines road marking);Tangent road with flat terrain;Crossing;Asphalt roads;Dry;Daylight;Normal;Vehicle with vehicle collision;2;3;Other;na;Not a Pedestrian;Other;Slight Injury
16:10:00;Friday;Male;Junior high school;Employee;Above 10yr;Lorry (41?100Q);Owner;Unknown;No defect;Other;Two-way (divided with broken lines road marking);Tangent road with flat terrain;Crossing;Asphalt roads;Dry;Daylight;Normal;Vehicle with vehicle collision;2;3;Other;18-30;Not a Pedestrian;Moving Backward;Slight Injury
16:10:00;Friday;Male;Junior high school;Employee;Below 1yr;Automobile;Owner;Above 10yr;No defect;Residential areas;Two-way (divided with broken lines road marking);Tangent road with flat terrain;Crossing;Asphalt roads;Dry;Daylight;Normal;Collision with roadside objects;2;3;Going straight;18-30;Not a Pedestrian;No distancing;Slight Injury
16:10:00;Friday;Male;Junior high school;Other;Below 1yr;Pick up upto 10Q;Owner;Unknown;unknown; Church areas;Two-way (divided with broken lines road marking);Tangent road with flat terrain;Crossing;Asphalt roads;Dry;Daylight;Normal;Vehicle with vehicle collision;2;3;Going straight;na;Not a Pedestrian;Moving Backward;Slight Injury
10:00:00;Wednesday;Male;Junior high school;Employee;Above 10yr;Lorry (41?100Q);Governmental;Unknown;No defect; Church areas;Double carriageway (median);Tangent road with flat terrain;Crossing;Asphalt roads;Dry;Daylight;Normal;Vehicle with vehicle collision;1;1;Getting off;na;Not a Pedestrian;No priority to vehicle;Slight Injury
21:17:00;Saturday;Male;High school;Owner;5-10yr;Public (13?45 seats);Owner;2-5yrs;No defect;Residential areas;Double carriageway (median);Tangent road with flat terrain;No junction;Asphalt roads;Dry;Darkness - lights lit;Normal;Vehicle with vehicle collision;2;4;Going straight;31-50;Not a Pedestrian;Driving carelessly;Serious Injury
21:17:00;Saturday;Male;Elementary school;Owner;5-10yr;Long lorry;Owner;unknown;No defect;Office areas;Two-way (divided with broken lines road marking);Tangent road with mild grade and flat terrain;No junction;Asphalt roads;Dry;Darkness - lights lit;Normal;Rollover;2;4;Going straight;5;Not a Pedestrian;No distancing;Serious Injury
21:17:00;Saturday;Male;Junior high school;Employee;2-5yr;Automobile;Owner;5-10yrs;No defect;Office areas;Two-way (divided with broken lines road marking);Tangent road with mild grade and flat terrain;No junction;Asphalt roads;Dry;Darkness - lights lit;Normal;Rollover;2;4;Going straight;5;Not a Pedestrian;Other;Serious Injury
21:17:00;Saturday;Male;Junior high school;Employee;2-5yr;Automobile;Owner;2-5yrs;unknown;Residential areas;Two-way (divided with broken lines road marking);Tangent road with flat terrain;No junction;Asphalt roads;Dry;Darkness - lights lit;Normal;Collision with pedestrians;2;4;Going straight;31-50;Not a Pedestrian;Changing lane to the right;Serious Injury
17:01:00;Friday;Male;Above high school;Employee;5-10yr;Other;Owner;5-10yrs;unknown; Church areas;other;Tangent road with flat terrain;No junction;Asphalt roads;Dry;Daylight;Normal;Vehicle with vehicle collision;1;1;Going straight;18-30;Unknown or other;No distancing;Serious Injury
01:56:00;Saturday;Male;Junior high school;Owner;2-5yr;unknown;Owner;unknown;unknown;Other;Two-way (divided with broken lines road marking);Tangent road with flat terrain;Y Shape;Asphalt roads;Wet or damp;Darkness - lights lit;Raining;Vehicle with vehicle collision;3;1;Getting off;31-50;Not a Pedestrian;Driving carelessly;Slight Injury
01:56:00;Saturday;Male;unknown;unknown;unknown;Long lorry;Owner;unknown;unknown;Office areas;Two-way (divided with broken lines road marking);Tangent road with flat terrain;Y Shape;Asphalt roads;Wet or damp;Darkness - lights lit;Raining;Vehicle with vehicle collision;3;1;Going straight;18-30;Not a Pedestrian;No distancing;Slight Injury
01:56:00;Saturday;Male;Junior high school;Employee;2-5yr;Public (12 seats);Owner;unknown;unknown;Other;Two-way (divided with broken lines road marking);Tangent road with flat terrain;Y Shape;Asphalt roads;Wet or damp;Darkness - lights lit;Raining;Collision with pedestrians;3;1;Going straight;na;Not a Pedestrian;No priority to vehicle;Slight Injury
19:20:00;Friday;Male;Junior high school;Employee;5-10yr;Public (12 seats);Owner;unknown;unknown;Other;Two-way (divided with broken lines road marking);Tangent road with flat terrain;Other;Asphalt roads;Dry;Daylight;Normal;Collision with pedestrians;2;2;Other;na;Not a Pedestrian;Changing lane to the right;Slight Injury
19:20:00;Friday;Male;Junior high school;Employee;2-5yr;Other;Owner;unknown;unknown;unknown;unknown;Tangent road with flat terrain;Other;Asphalt roads;Dry;Daylight;Normal;Vehicle with vehicle collision;2;2;Going straight;Over 51;Not a Pedestrian;No priority to pedestrian;Slight Injury
19:20:00;Friday;Male;Elementary school;Employee;1-2yr;Other;Governmental;2-5yrs;unknown;Residential areas;Two-way (divided with broken lines road marking);unknown;Other;Asphalt roads;Dry;Daylight;Normal;Vehicle with vehicle collision;2;2;Going straight;Over 51;Not a Pedestrian;No priority to vehicle;Slight Injury
19:08:00;Monday;Male;High school;Employee;unknown;Other;Owner;Below 1yr;unknown; Church areas;Undivided Two way;Tangent road with flat terrain;Y Shape;Asphalt roads;Dry;Darkness - lights lit;Other;Vehicle with vehicle collision;3;3;Going straight;18-30;Not a Pedestrian;Changing lane to the left;Slight Injury
19:08:00;Monday;Male;Junior high school;Owner;1-2yr;Public (12 seats);unknown;unknown;unknown;Other;Undivided Two way;Tangent road with flat terrain;Y Shape;Asphalt roads;Dry;Darkness - lights lit;Other;Collision with roadside objects;3;3;Going straight;5;Not a Pedestrian;Turnover;Slight Injury
19:08:00;Monday;Male;Junior high school;Employee;2-5yr;Lorry (41?100Q);Owner;Unknown;unknown;Other;One way;Tangent road with flat terrain;Y Shape;Asphalt roads;Dry;Darkness - lights lit;Other;Vehicle with vehicle collision;3;3;Going straight;18-30;Crossing from nearside - masked by parked or statioNot a Pedestrianry vehicle;Driving to the left;Slight Injury
19:08:00;Monday;Female;Junior high school;Employee;1-2yr;Other;Owner;Unknown;No defect;Residential areas;Two-way (divided with broken lines road marking);Tangent road with flat terrain;Y Shape;Asphalt roads;Dry;Darkness - lights lit;Other;Collision with roadside objects;3;3;Reversing;31-50;Not a Pedestrian;Driving carelessly;Slight Injury
19:08:00;Monday;Female;Elementary school;Employee;Above 10yr;Public (12 seats);Owner;Unknown;unknown;Office areas;One way;Tangent road with flat terrain;Y Shape;Asphalt roads;Dry;Darkness - lights lit;Other;Vehicle with vehicle collision;3;3;Other;na;Not a Pedestrian;Driving to the left;Slight Injury
19:08:00;Monday;Female;Junior high school;Employee;2-5yr;Other;Owner;Unknown;No defect; Industrial areas;Two-way (divided with broken lines road marking);Tangent road with flat terrain;Y Shape;Asphalt roads;Dry;Darkness - lights lit;Other;Vehicle with vehicle collision;3;3;Going straight;18-30;Not a Pedestrian;Driving carelessly;Slight Injury
09:45:00;Monday;Male;Junior high school;Employee;2-5yr;Lorry (11?40Q);Governmental;unknown;No defect;Residential areas;Double carriageway (median);Tangent road with flat terrain;No junction;Asphalt roads;Dry;Daylight;Unknown;Collision with roadside objects;1;1;Going straight;na;Not a Pedestrian;No priority to pedestrian;Serious Injury
16:27:00;Saturday;Male;Junior high school;Employee;2-5yr;Other;Owner;unknown;No defect;Office areas;Unknown;Tangent road with flat terrain;Y Shape;Asphalt roads;Dry;Daylight;Normal;Vehicle with vehicle collision;1;1;Going straight;18-30;Not a Pedestrian;Driving carelessly;Slight Injury
05:46:00;Sunday;Male;Junior high school;Employee;2-5yr;Other;Owner;2-5yrs;unknown;Other;unknown;Tangent road with flat terrain;T Shape;Asphalt roads;Dry;Darkness - lights lit;Normal;Vehicle with vehicle collision;1;1;Going straight;na;Not a Pedestrian;Changing lane to the right;Serious Injury
13:44:00;Saturday;Male;Elementary school;Employee;2-5yr;Other;Owner;Unknown;unknown; Church areas;other;Tangent road with flat terrain;Y Shape;Asphalt roads;Dry;Daylight;Normal;Collision with roadside objects;1;1;Going straight;18-30;Not a Pedestrian;Moving Backward;Fatal injury
21:11:00;Thursday;Male;Junior high school;Employee;2-5yr;Pick up upto 10Q;Owner;Above 10yr;unknown; Industrial areas;unknown;Tangent road with flat terrain;No junction;Asphalt roads;Dry;Darkness - lights lit;Normal;Collision with roadside objects;3;3;Going straight;18-30;Not a Pedestrian;Driving carelessly;Slight Injury
21:11:00;Thursday;Male;Elementary school;Employee;5-10yr;Automobile;Owner;Unknown;No defect;  Recreational areas;One way;Tangent road with flat terrain;No junction;Asphalt roads;Dry;Darkness - lights lit;Normal;Vehicle with vehicle collision;3;3;Going straight;na;Not a Pedestrian;Changing lane to the right;Slight Injury
21:11:00;Thursday;Male;Elementary school;Employee;2-5yr;Other;Owner;Unknown;No defect;  Market areas;Undivided Two way;Tangent road with flat terrain;No junction;Asphalt roads;Dry;Darkness - lights lit;Normal;Vehicle with vehicle collision;3;3;Going straight;Under 18;Not a Pedestrian;Driving carelessly;Slight Injury
21:11:00;Thursday;Male;Junior high school;Employee;Above 10yr;Lorry (41?100Q);Owner;Unknown;No defect;Other;Two-way (divided with broken lines road marking);Tangent road with flat terrain;No junction;Asphalt roads;Dry;Darkness - lights lit;Normal;Vehicle with vehicle collision;3;3;Going straight;na;Not a Pedestrian;Driving carelessly;Slight Injury
22:48:00;Monday;Male;Junior high school;Employee;Above 10yr;Public (13?45 seats);Owner;Unknown;unknown;Other;Two-way (divided with broken lines road marking);Tangent road with flat terrain;Y Shape;Asphalt roads;Wet or damp;Darkness - lights lit;Raining;Vehicle with vehicle collision;2;1;Moving Backward;18-30;Not a Pedestrian;Driving carelessly;Fatal injury
22:48:00;Monday;Unknown;High school;Employee;Above 10yr;Automobile;Owner;Unknown;No defect; Industrial areas;Two-way (divided with broken lines road marking);unknown;Y Shape;Asphalt roads;Wet or damp;Darkness - lights lit;Raining;Vehicle with vehicle collision;2;1;Moving Backward;18-30;Not a Pedestrian;Changing lane to the right;Fatal injury
13:10:00;Thursday;Male;Junior high school;Employee;5-10yr;Pick up upto 10Q;Governmental;2-5yrs;unknown;Other;Two-way (divided with broken lines road marking);Tangent road with flat terrain;No junction;Asphalt roads;Dry;Daylight;Normal;Vehicle with vehicle collision;2;1;Turnover;Over 51;Crossing from nearside - masked by parked or statioNot a Pedestrianry vehicle;Changing lane to the right;Slight Injury
13:10:00;Thursday;Male;Junior high school;Owner;2-5yr;Lorry (41?100Q);Governmental;unknown;unknown;Office areas;other;Tangent road with flat terrain;No junction;Asphalt roads;Dry;Daylight;Normal;Vehicle with vehicle collision;2;1;Other;na;Not a Pedestrian;Driving carelessly;Slight Injury
08:35:00;Monday;Male;Elementary school;Employee;1-2yr;Public (12 seats);Owner;Unknown;unknown;unknown;other;Tangent road with flat terrain;Other;Asphalt roads;Wet or damp;Daylight;Raining;Vehicle with vehicle collision;1;1;Other;31-50;Not a Pedestrian;Overtaking;Slight Injury
08:40:00;Thursday;Male;Junior high school;Employee;2-5yr;Other;Owner;unknown;unknown;Office areas;Two-way (divided with broken lines road marking);Tangent road with flat terrain;No junction;Asphalt roads;Dry;Daylight;Normal;Vehicle with vehicle collision;2;2;Going straight;18-30;Not a Pedestrian;Changing lane to the right;Slight Injury
08:40:00;Thursday;Male;Junior high school;Employee;5-10yr;Lorry (41?100Q);Owner;unknown;unknown;Office areas;Undivided Two way;Tangent road with flat terrain;No junction;Asphalt roads;Dry;Daylight;Normal;Vehicle with vehicle collision;2;2;Going straight;na;Not a Pedestrian;No distancing;Slight Injury
08:40:00;Thursday;Male;unknown;unknown;unknown;Pick up upto 10Q;Organization;Unknown;unknown;Other;other;Tangent road with flat terrain;No junction;Asphalt roads;Dry;Daylight;Normal;Vehicle with vehicle collision;2;2;Other;18-30;Unknown or other;Other;Slight Injury
18:00:00;Thursday;Male;Elementary school;Owner;5-10yr;Other;Governmental;2-5yrs;unknown;Other;other;Tangent road with flat terrain;No junction;Asphalt roads;Dry;Daylight;Other;Vehicle with vehicle collision;2;1;Other;na;Not a Pedestrian;Changing lane to the right;Slight Injury
18:00:00;Thursday;Male;High school;Other;Above 10yr;Lorry (41?100Q);Owner;Unknown;No defect;Other;Undivided Two way;Tangent road with flat terrain;No junction;Asphalt roads;Dry;Daylight;Other;Vehicle with vehicle collision;2;1;Going straight;na;Not a Pedestrian;Changing lane to the right;Slight Injury
11:50:00;Wednesday;Male;Junior high school;Employee;Above 10yr;Ridden horse;Owner;Above 10yr;unknown;Other;other;Tangent road with flat terrain;Y Shape;Asphalt roads;Dry;Daylight;Normal;Vehicle with vehicle collision;1;2;Reversing;18-30;Not a Pedestrian;Overtaking;Slight Injury
11:50:00;Wednesday;Male;Junior high school;Employee;1-2yr;Automobile;unknown;unknown;unknown;Residential areas;Undivided Two way;Tangent road with flat terrain;Y Shape;Asphalt roads;Dry;Daylight;Normal;Vehicle with vehicle collision;1;2;Other;na;Not a Pedestrian;Other;Slight Injury
07:15:00;Tuesday;Female;High school;Owner;unknown;Automobile;Owner;2-5yrs;No defect; Church areas;Undivided Two way;Tangent road with flat terrain;No junction;Asphalt roads;Dry;Daylight;Normal;Vehicle with vehicle collision;1;1;Turnover;18-30;Not a Pedestrian;Driving to the left;Serious Injury
15:59:00;Wednesday;Male;Junior high school;Employee;2-5yr;Stationwagen;Owner;2-5yrs;unknown;Office areas;Double carriageway (median);Tangent road with flat terrain;Y Shape;Asphalt roads;Dry;Daylight;Normal;Vehicle with vehicle collision;2;3;Going straight;18-30;Not a Pedestrian;Overtaking;Slight Injury
15:59:00;Wednesday;Male;Junior high school;Employee;5-10yr;Other;Owner;2-5yrs;unknown; Church areas;other;Tangent road with flat terrain;Y Shape;Asphalt roads;Dry;Daylight;Normal;Vehicle with vehicle collision;2;3;Going straight;Over 51;Not a Pedestrian;No priority to vehicle;Slight Injury
15:59:00;Wednesday;Male;Junior high school;Employee;2-5yr;Lorry (41?100Q);Owner;2-5yrs;unknown;Other;Two-way (divided with broken lines road marking);Tangent road with flat terrain;Y Shape;Asphalt roads;Dry;Daylight;Normal;Collision with roadside objects;2;3;Going straight;18-30;Not a Pedestrian;Moving Backward;Slight Injury
15:59:00;Wednesday;Male;Junior high school;Employee;Above 10yr;Lorry (41?100Q);Owner;unknown;unknown;unknown;other;Tangent road with flat terrain;Y Shape;Asphalt roads;Dry;Daylight;Normal;Vehicle with vehicle collision;2;3;Going straight;na;Not a Pedestrian;Other;Slight Injury
21:20:00;Wednesday;Male;Elementary school;Employee;5-10yr;Long lorry;Owner;1-2yr;unknown;School areas;other;Steep grade downward with mountainous terrain;Crossing;Asphalt roads;Dry;Darkness - lights lit;Normal;Collision with pedestrians;2;3;Going straight;na;Not a Pedestrian;No priority to vehicle;Slight Injury
21:20:00;Wednesday;Male;Junior high school;Employee;5-10yr;Stationwagen;Owner;5-10yrs;unknown;Office areas;Two-way (divided with broken lines road marking);Tangent road with mild grade and flat terrain;Crossing;Asphalt roads;Dry;Darkness - lights lit;Normal;Vehicle with vehicle collision;2;3;Going straight;18-30;Not a Pedestrian;No priority to pedestrian;Slight Injury
21:20:00;Wednesday;Male;Above high school;Employee;1-2yr;Public (12 seats);Owner;Below 1yr;unknown;Other;other;Steep grade downward with mountainous terrain;Crossing;Asphalt roads;Dry;Darkness - lights lit;Normal;Collision with roadside objects;2;3;Going straight;18-30;Not a Pedestrian;Changing lane to the right;Slight Injury
23:35:00;Thursday;Female;Elementary school;Employee;Above 10yr;Automobile;Owner;Unknown;unknown;Office areas;Undivided Two way;Tangent road with flat terrain;Crossing;Asphalt roads;Dry;Darkness - lights lit;Unknown;Vehicle with vehicle collision;2;1;Going straight;na;Not a Pedestrian;Changing lane to the right;Slight Injury
23:35:00;Thursday;Male;Elementary school;Employee;5-10yr;Public (12 seats);Owner;unknown;unknown;Other;Undivided Two way;Tangent road with flat terrain;Crossing;Asphalt roads;Dry;Darkness - lights lit;Unknown;Vehicle with vehicle collision;2;1;Going straight;Over 51;Unknown or other;Changing lane to the right;Slight Injury
10:49:00;Monday;Male;Elementary school;Employee;2-5yr;Lorry (41?100Q);Owner;2-5yrs;unknown;Other;Two-way (divided with broken lines road marking);Tangent road with flat terrain;Y Shape;Asphalt roads;Dry;Daylight;Normal;Vehicle with vehicle collision;1;2;Other;na;Not a Pedestrian;Driving to the left;Serious Injury
10:49:00;Monday;Male;Elementary school;Employee;2-5yr;Automobile;Owner;unknown;unknown;Office areas;Undivided Two way;Tangent road with flat terrain;Y Shape;Asphalt roads;Dry;Daylight;Normal;Vehicle with vehicle collision;1;2;Going straight;18-30;Not a Pedestrian;Changing lane to the left;Serious Injury
10:44:00;Tuesday;Male;Junior high school;Employee;5-10yr;Lorry (41?100Q);Owner;unknown;No defect;Other;Double carriageway (median);Tangent road with flat terrain;No junction;Asphalt roads;Wet or damp;Daylight;Normal;Vehicle with vehicle collision;1;1;Going straight;na;Not a Pedestrian;Moving Backward;Slight Injury
00:30:00;Sunday;Female;Junior high school;Employee;1-2yr;Lorry (41?100Q);Owner;unknown;unknown; Church areas;other;Tangent road with flat terrain;Y Shape;Asphalt roads;Dry;Darkness - lights lit;Normal;Rollover;2;3;Moving Backward;Under 18;Not a Pedestrian;Driving at high speed;Slight Injury
00:30:00;Sunday;Male;Junior high school;Employee;5-10yr;Pick up upto 10Q;Owner;unknown;No defect;Office areas;Two-way (divided with broken lines road marking);Tangent road with flat terrain;Y Shape;Asphalt roads;Dry;Darkness - lights lit;Normal;Collision with roadside objects;2;3;Going straight;na;Not a Pedestrian;Moving Backward;Slight Injury
00:30:00;Sunday;Male;Junior high school;Employee;5-10yr;Other;Owner;Above 10yr;No defect;Office areas;Two-way (divided with broken lines road marking);Tangent road with flat terrain;Y Shape;Asphalt roads;Dry;Darkness - lights lit;Normal;Vehicle with vehicle collision;2;3;Moving Backward;18-30;Not a Pedestrian;No distancing;Slight Injury
00:30:00;Sunday;Male;Above high school;Employee;5-10yr;Automobile;Owner;2-5yrs;unknown;Other;Undivided Two way;Tangent road with mountainous terrain and;Y Shape;Asphalt roads;Dry;Darkness - lights lit;Normal;Vehicle with vehicle collision;2;3;Other;na;Not a Pedestrian;Other;Slight Injury
18:30:00;Saturday;Male;Junior high school;Employee;Above 10yr;Automobile;Owner;2-5yrs;unknown;Residential areas;Undivided Two way;Tangent road with flat terrain;Y Shape;Asphalt roads;Dry;Daylight;Normal;Collision with roadside objects;2;1;Going straight;18-30;Not a Pedestrian;No priority to vehicle;Slight Injury
18:30:00;Saturday;Male;Elementary school;Employee;2-5yr;Lorry (11?40Q);Owner;Unknown;No defect;Residential areas;Undivided Two way;Tangent road with flat terrain;Y Shape;Asphalt roads;Dry;Daylight;Normal;Vehicle with vehicle collision;2;1;Reversing;na;Not a Pedestrian;Changing lane to the right;Slight Injury
17:00:00;Wednesday;Male;Junior high school;Employee;5-10yr;Bajaj;Owner;5-10yrs;7;unknown;Two-way (divided with broken lines road marking);Tangent road with flat terrain;Other;Asphalt roads;Dry;Daylight;Normal;Vehicle with vehicle collision;2;1;Going straight;na;Not a Pedestrian;Other;Slight Injury
17:00:00;Wednesday;Male;unknown;unknown;unknown;Automobile;Owner;Unknown;7;Other;other;Tangent road with flat terrain;Other;Asphalt roads;Dry;Daylight;Normal;Vehicle with vehicle collision;2;1;Other;18-30;Unknown or other;No distancing;Slight Injury
07:23:00;Wednesday;Male;Junior high school;Employee;5-10yr;Lorry (41?100Q);Owner;Unknown;No defect;Office areas;unknown;Steep grade downward with mountainous terrain;Y Shape;Asphalt roads;Dry;Daylight;Normal;Vehicle with vehicle collision;2;1;Other;18-30;Not a Pedestrian;Driving carelessly;Slight Injury
07:23:00;Wednesday;Male;Junior high school;Employee;unknown;Lorry (11?40Q);Governmental;Unknown;No defect;School areas;Double carriageway (median);Tangent road with flat terrain;Y Shape;Asphalt roads;Dry;Daylight;Normal;Vehicle with vehicle collision;2;1;Other;na;Not a Pedestrian;No distancing;Slight Injury
15:26:00;Tuesday;Male;Junior high school;Employee;unknown;Lorry (11?40Q);Owner;Unknown;No defect;Other;Two-way (divided with broken lines road marking);Steep grade downward with mountainous terrain;Crossing;Asphalt roads;Dry;Daylight;Normal;Vehicle with vehicle collision;1;1;Stopping;18-30;Not a Pedestrian;Moving Backward;Slight Injury
12:19:00;Wednesday;Male;Junior high school;Employee;1-2yr;Automobile;Owner;5-10yrs;No defect;Other;Two-way (divided with broken lines road marking);Tangent road with rolling terrain;No junction;Asphalt roads;Dry;Daylight;Normal;Collision with pedestrians;2;1;Other;na;Not a Pedestrian;No distancing;Slight Injury
12:19:00;Wednesday;Male;Above high school;Owner;5-10yr;unknown;Governmental;Unknown;No defect; Church areas;Two-way (divided with broken lines road marking);Tangent road with flat terrain;No junction;Asphalt roads;Dry;Daylight;Normal;Vehicle with vehicle collision;2;1;Other;18-30;Not a Pedestrian;Moving Backward;Slight Injury
09:05:00;Tuesday;Male;Junior high school;Employee;2-5yr;Automobile;unknown;unknown;unknown;Office areas;unknown;Tangent road with mild grade and flat terrain;No junction;Asphalt roads;Dry;Daylight;Normal;Collision with roadside objects;1;1;Other;na;Not a Pedestrian;No priority to pedestrian;Slight Injury
08:44:00;Wednesday;Male;Junior high school;Owner;5-10yr;Public (13?45 seats);Owner;unknown;unknown;Other;Two-way (divided with broken lines road marking);Tangent road with mild grade and flat terrain;Y Shape;Asphalt roads;Dry;Daylight;Unknown;Vehicle with vehicle collision;2;3;Going straight;18-30;Not a Pedestrian;Changing lane to the left;Slight Injury
08:44:00;Wednesday;Male;High school;Employee;2-5yr;Public (12 seats);Governmental;unknown;No defect;Residential areas;Double carriageway (median);Tangent road with flat terrain;Y Shape;Asphalt roads;Dry;Daylight;Unknown;Vehicle with vehicle collision;2;3;Going straight;18-30;Not a Pedestrian;No distancing;Slight Injury
08:44:00;Wednesday;Male;Junior high school;Employee;Above 10yr;Other;Owner;unknown;unknown;Office areas;Two-way (divided with broken lines road marking);Tangent road with flat terrain;Y Shape;Asphalt roads;Dry;Daylight;Unknown;Vehicle with vehicle collision;2;3;Going straight;18-30;Not a Pedestrian;Other;Slight Injury
08:44:00;Wednesday;Male;Junior high school;Employee;Below 1yr;Automobile;Owner;unknown;unknown;Office areas;Undivided Two way;Tangent road with flat terrain;Y Shape;Asphalt roads;Dry;Daylight;Unknown;Vehicle with vehicle collision;2;3;Going straight;18-30;Not a Pedestrian;No distancing;Slight Injury
20:41:00;Sunday;Male;Junior high school;Employee;Below 1yr;Automobile;Owner;Below 1yr;unknown;Office areas;Two-way (divided with broken lines road marking);Tangent road with flat terrain;No junction;unknown;Dry;Darkness - lights lit;Normal;Vehicle with vehicle collision;2;1;Going straight;na;Not a Pedestrian;No priority to pedestrian;Serious Injury
20:41:00;Sunday;Male;unknown;Owner;unknown;Public (13?45 seats);Organization;1-2yr;unknown; Church areas;unknown;Tangent road with flat terrain;No junction;Asphalt roads;Dry;Darkness - lights lit;Normal;Vehicle with vehicle collision;2;1;Going straight;18-30;Not a Pedestrian;Moving Backward;Serious Injury
15:25:00;Tuesday;Male;Junior high school;Employee;2-5yr;Public (13?45 seats);Owner;unknown;unknown;Office areas;Two-way (divided with broken lines road marking);Tangent road with flat terrain;No junction;Asphalt roads;Dry;Daylight;Normal;Vehicle with vehicle collision;1;1;Going straight;na;Not a Pedestrian;No priority to pedestrian;Slight Injury
06:40:00;Thursday;Male;unknown;unknown;unknown;Automobile;Owner;1-2yr;unknown;Office areas;Two-way (divided with broken lines road marking);Tangent road with mild grade and flat terrain;No junction;Asphalt roads;Wet or damp;Daylight;Normal;Vehicle with vehicle collision;2;1;Going straight;na;Not a Pedestrian;No distancing;Slight Injury
06:40:00;Thursday;Male;Elementary school;Employee;No Licence;Other;Owner;unknown;unknown;Office areas;Two-way (divided with broken lines road marking);Tangent road with mild grade and flat terrain;No junction;Asphalt roads;Wet or damp;Daylight;Normal;Vehicle with vehicle collision;2;1;Going straight;na;Not a Pedestrian;No priority to pedestrian;Slight Injury
18:00:00;Monday;Female;Junior high school;Employee;Above 10yr;Pick up upto 10Q;Owner;5-10yrs;No defect;Office areas;Two-way (divided with broken lines road marking);Tangent road with flat terrain;Other;Asphalt roads;Dry;Daylight;Unknown;Collision with roadside objects;1;1;Going straight;31-50;Not a Pedestrian;Driving carelessly;Serious Injury