Time;Day_of_week;Sex_of_driver;Educational_level;Vehicle_driver_relation;Driving_experience;Type_of_vehicle;Owner_of_vehicle;Service_year_of_vehicle;Defect_of_vehicle;Area_accident_occured;Lanes_or_Medians;Road_allignment;Types_of_Junction;Road_surface_type;Road_surface_conditions;Light_conditions;Weather_conditions;Type_of_collision;Number_of_vehicles_involved;Number_of_casualties;Vehicle_movement;Age_band_of_casualty;Pedestrian_movement;Cause_of_accident;Accident_severity
18:00:00;Thursday;Male;Junior high school;Owner;Above 10yr;Lorry (41?100Q);Owner;unknown;No defect;Other;Two-way (divided with broken lines road marking);Tangent road with flat terrain;No junction;Asphalt roads;Dry;Daylight;Normal;Vehicle with vehicle collision;2;1;Going straight;31-50;Not a Pedestrian;Getting off the vehicle improperly;Slight Injury
18:00:00;Thursday;Male;Junior high school;Employee;Above 10yr;Automobile;Owner;unknown;No defect;Residential areas;Double carriageway (median);Tangent road with flat terrain;No junction;Asphalt roads;Dry;Daylight;Normal;Collision with roadside objects;2;1;Reversing;na;Not a Pedestrian;Driving carelessly;Slight Injury
15:05:00;Thursday;Female;Junior high school;Employee;Above 10yr;Automobile;Owner;unknown;No defect; Church areas;Undivided Two way;Tangent road with flat terrain;Y Shape;Asphalt roads;Dry;Daylight;Normal;Vehicle with vehicle collision;1;1;Going straight;na;Not a Pedestrian;Changing lane to the left;Slight Injury
13:40:00;Monday;Male;Junior high school;Owner;5-10yr;Lorry (41?100Q);Owner;unknown;No defect;Other;Two-way (divided with broken lines road marking);Tangent road with flat terrain;Y Shape;Asphalt roads;Dry;Daylight;Unknown;Vehicle with vehicle collision;2;1;Other;18-30;Not a Pedestrian;No priority to vehicle;Slight Injury
13:40:00;Monday;Male;Junior high school;Employee;Below 1yr;unknown;Owner;unknown;No defect;  Recreational areas;Two-way (divided with broken lines road marking);Tangent road with flat terrain;Y Shape;Asphalt roads;Dry;Daylight;Unknown;unknown;2;1;unknown;Over 51;Not a Pedestrian;Changing lane to the right;Slight Injury
22:50:00;Saturday;Female;Junior high school;Employee;2-5yr;Other;unknown;unknown;unknown;unknown;unknown;Tangent road with flat terrain;Other;Asphalt roads;Dry;Darkness - lights lit;Normal;Collision with pedestrians;2;2;Getting off;Under 18;Not a Pedestrian;Changing lane to the right;Slight Injury
22:50:00;Saturday;Male;Junior high school;Employee;unknown;Automobile;Owner;Unknown;No defect; Industrial areas;Undivided Two way;Tangent road with mild grade and flat terrain;Other;Asphalt roads;Dry;Darkness - lights lit;Normal;Vehicle with vehicle collision;2;2;Going straight;na;Not a Pedestrian;No distancing;Slight Injury
15:50:00;Saturday;Male;Above high school;Employee;1-2yr;Automobile;Owner;unknown;No defect;Other;Two-way (divided with broken lines road marking);Tangent road with flat terrain;Y Shape;Asphalt roads;Dry;Daylight;Normal;Vehicle with vehicle collision;1;1;Going straight;18-30;Not a Pedestrian;No distancing;Serious Injury
07:53:00;Friday;Male;Junior high school;Employee;1-2yr;Automobile;Owner;Unknown;unknown;Other;other;Tangent road with flat terrain;Y Shape;Asphalt roads;Dry;Daylight;Normal;Vehicle with vehicle collision;2;1;Going straight;31-50;Not a Pedestrian;Changing lane to the left;Slight Injury
07:53:00;Friday;Male;Junior high school;Employee;1-2yr;Automobile;Owner;5-10yrs;No defect; Church areas;other;Tangent road with flat terrain;Y Shape;Asphalt roads;Dry;Daylight;Normal;Collision with pedestrians;2;1;Going straight;na;Not a Pedestrian;Changing lane to the right;Slight Injury
22:00:00;Sunday;Male;Unknown;Employee;5-10yr;Lorry (41?100Q);Owner;5-10yrs;No defect; Church areas;Undivided Two way;Tangent road with flat terrain;No junction;Asphalt roads;Dry;Darkness - lights lit;Normal;Collision with roadside objects;1;2;Turnover;Under 18;Not a Pedestrian;No priority to vehicle;Slight Injury
22:00:00;Sunday;Male;Junior high school;Employee;Above 10yr;Other;Owner;unknown;No defect;Other;Two-way (divided with broken lines road marking);Tangent road with flat terrain;No junction;Asphalt roads;Dry;Darkness - lights lit;Normal;unknown;1;2;Entering a junction;31-50;Not a Pedestrian;Changing lane to the left;Slight Injury
15:23:00;Saturday;Male;Junior high school;Employee;Above 10yr;Pick up upto 10Q;Owner;unknown;No defect;Other;One way;Tangent road with flat terrain;No junction;Asphalt roads;Dry;Daylight;Normal;Vehicle with vehicle collision;2;1;Entering a junction;na;Not a Pedestrian;No priority to vehicle;Slight Injury
15:23:00;Saturday;Male;Junior high school;Employee;5-10yr;Stationwagen;Governmental;2-5yrs;unknown;  Recreational areas;Two-way (divided with broken lines road marking);Tangent road with flat terrain;No junction;Asphalt roads;Dry;Daylight;Normal;unknown;2;1;Entering a junction;31-50;Not a Pedestrian;Moving Backward;Slight Injury
18:00:00;Wednesday;Male;Junior high school;Employee;2-5yr;Other;Owner;2-5yrs;unknown;Other;Undivided Two way;Tangent road with flat terrain;Y Shape;Asphalt roads;Dry;Daylight;Normal;unknown;2;1;Entering a junction;na;Not a Pedestrian;Turnover;Slight Injury
18:00:00;Wednesday;Male;Junior high school;Employee;Below 1yr;Pick up upto 10Q;Owner;5-10yrs;unknown;Office areas;Undivided Two way;Tangent road with flat terrain;Y Shape;Asphalt roads;Dry;Daylight;Normal;unknown;2;1;Other;na;Not a Pedestrian;No distancing;Slight Injury
17:43:00;Monday;Male;Junior high school;Employee;1-2yr;Stationwagen;Owner;5-10yrs;No defect; Church areas;Two-way (divided with broken lines road marking);Tangent road with flat terrain;T Shape;Asphalt roads;Dry;Daylight;Normal;Vehicle with vehicle collision;2;1;Entering a junction;18-30;Not a Pedestrian;No distancing;Slight Injury
17:43:00;Monday;Female;Junior high school;Employee;5-10yr;Lorry (41?100Q);Owner;2-5yrs;unknown;Office areas;Two-way (divided with broken lines road marking);Tangent road with flat terrain;T Shape;Asphalt roads;Dry;Daylight;Normal;Vehicle with vehicle collision;2;1;Turnover;31-50;Not a Pedestrian;No distancing;Slight Injury
15:40:00;Tuesday;Male;Junior high school;Employee;Below 1yr;Automobile;unknown;unknown;No defect;Office areas;Undivided Two way;Tangent road with mountainous terrain and;No junction;Asphalt roads;Wet or damp;Daylight;Raining;Collision with roadside objects;1;1;Entering a junction;na;Not a Pedestrian;Changing lane to the left;Slight Injury
15:12:00;Sunday;Male;Elementary school;Employee;5-10yr;unknown;Owner;2-5yrs;No defect;Other;Undivided Two way;Tangent road with flat terrain;No junction;Asphalt roads;Dry;Daylight;Normal;Collision with roadside objects;1;1;Entering a junction;31-50;Not a Pedestrian;No priority to vehicle;Slight Injury
08:43:00;Friday;Male;Junior high school;Employee;2-5yr;Automobile;Governmental;unknown;unknown;Residential areas;Two-way (divided with broken lines road marking);Tangent road with flat terrain;No junction;Asphalt roads;Wet or damp;Daylight;Normal;Vehicle with vehicle collision;1;1;Entering a junction;31-50;Not a Pedestrian;Driving at high speed;Slight Injury
10:00:00;Tuesday;Male;Junior high school;Employee;5-10yr;Automobile;Owner;2-5yrs;No defect;Office areas;Two-way (divided with broken lines road marking);Tangent road with mild grade and flat terrain;Y Shape;Asphalt roads;Dry;Daylight;Normal;Vehicle with vehicle collision;1;1;Entering a junction;na;Not a Pedestrian;Overtaking;Slight Injury
14:25:00;Saturday;Male;Elementary school;Employee;5-10yr;Turbo;Owner;2-5yrs;unknown;Residential areas;other;Tangent road with flat terrain;Unknown;Asphalt roads;Dry;Daylight;Normal;Vehicle with vehicle collision;4;3;Entering a junction;18-30;Not a Pedestrian;Other;Slight Injury
14:25:00;Saturday;Male;Junior high school;Employee;Above 10yr;unknown;Owner;Unknown;No defect;Residential areas;Two-way (divided with broken lines road marking);Tangent road with flat terrain;Unknown;Gravel roads;Dry;Daylight;Normal;Vehicle with vehicle collision;4;3;Other;na;Not a Pedestrian;Changing lane to the left;Slight Injury
14:25:00;Saturday;Male;Junior high school;Employee;1-2yr;Stationwagen;Owner;unknown;No defect;Other;Double carriageway (median);Tangent road with flat terrain;Unknown;Asphalt roads;Dry;Daylight;Normal;Vehicle with vehicle collision;4;3;Going straight;18-30;Not a Pedestrian;No priority to pedestrian;Slight Injury
14:25:00;Saturday;Male;High school;Employee;Below 1yr;Automobile;Owner;unknown;No defect; Hospital areas;One way;Tangent road with flat terrain;Unknown;Asphalt roads;Dry;Daylight;Normal;Rollover;4;3;Going straight;na;Not a Pedestrian;Changing lane to the left;Slight Injury
09:30:00;Saturday;Male;Elementary school;Employee;Above 10yr;Automobile;Governmental;unknown;No defect;Other;Undivided Two way;Tangent road with flat terrain;No junction;Asphalt roads;Dry;Darkness - lights lit;Normal;Vehicle with vehicle collision;2;1;Other;31-50;Not a Pedestrian;No distancing;Slight Injury
09:30:00;Saturday;Male;High school;Owner;1-2yr;Automobile;Owner;unknown;No defect;Other;Undivided Two way;Tangent road with flat terrain;No junction;Asphalt roads;Dry;Darkness - lights lit;Normal;Collision with roadside objects;2;1;Going straight;na;Not a Pedestrian;Moving Backward;Slight Injury
10:50:00;Saturday;Male;Junior high school;Employee;2-5yr;Pick up upto 10Q;Owner;unknown;No defect;  Recreational areas;One way;Tangent road with mild grade and flat terrain;Y Shape;Asphalt roads;Dry;Daylight;Normal;Collision with pedestrians;2;1;Going straight;na;Not a Pedestrian;Changing lane to the left;Slight Injury
10:50:00;Saturday;Male;unknown;Employee;5-10yr;Lorry (41?100Q);Owner;unknown;No defect;Other;Undivided Two way;Tangent road with flat terrain;Y Shape;Asphalt roads;Dry;Daylight;Normal;Vehicle with vehicle collision;2;1;Going straight;Under 18;Not a Pedestrian;Other;Slight Injury
19:15:00;Monday;Male;High school;Owner;2-5yr;Lorry (41?100Q);Owner;unknown;No defect;Other;Undivided Two way;Tangent road with flat terrain;Y Shape;Asphalt roads;Wet or damp;Daylight;Raining;Vehicle with vehicle collision;2;1;Going straight;31-50;Not a Pedestrian;No distancing;Slight Injury
19:15:00;Monday;Male;High school;Employee;Above 10yr;Automobile;Owner;unknown;No defect;Other;Undivided Two way;Tangent road with flat terrain;Y Shape;Asphalt roads;Wet or damp;Daylight;Raining;Vehicle with vehicle collision;2;1;Going straight;na;Not a Pedestrian;Moving Backward;Slight Injury
13:57:00;Sunday;Male;Junior high school;Employee;1-2yr;Lorry (41?100Q);Owner;Below 1yr;No defect;Office areas;Two-way (divided with broken lines road marking);Tangent road with flat terrain;Crossing;Asphalt roads;Dry;Daylight;Normal;Vehicle with vehicle collision;2;2;Reversing;na;Not a Pedestrian;No distancing;Slight Injury
13:57:00;Sunday;Male;Elementary school;Employee;1-2yr;Lorry (41?100Q);Owner;2-5yrs;No defect;Other;Two-way (divided with broken lines road marking);Tangent road with mild grade and flat terrain;Crossing;Asphalt roads with some distress;Dry;Daylight;Normal;Vehicle with vehicle collision;2;2;Moving Backward;31-50;Not a Pedestrian;Changing lane to the left;Slight Injury
19:00:00;Tuesday;Male;High school;Employee;1-2yr;Lorry (41?100Q);Owner;unknown;No defect;Residential areas;Two-way (divided with broken lines road marking);Tangent road with flat terrain;No junction;Asphalt roads;Dry;Daylight;Normal;Vehicle with vehicle collision;2;5;Overtaking;5;Not a Pedestrian;Changing lane to the left;Slight Injury
19:00:00;Tuesday;Male;Above high school;Employee;5-10yr;Lorry (41?100Q);Owner;5-10yrs;No defect;Other;Undivided Two way;Tangent road with flat terrain;No junction;Asphalt roads;Dry;Daylight;Normal;Vehicle with vehicle collision;2;5;Going straight;31-50;Crossing from nearside - masked by parked or statioNot a Pedestrianry vehicle;No priority to pedestrian;Slight Injury
19:00:00;Tuesday;Male;unknown;unknown;unknown;Automobile;Owner;Unknown;No defect;Other;Undivided Two way;Tangent road with flat terrain;No junction;Asphalt roads;Dry;Daylight;Normal;Collision with roadside objects;2;5;Going straight;5;Not a Pedestrian;Changing lane to the left;Slight Injury
19:00:00;Tuesday;Male;Junior high school;Employee;5-10yr;Automobile;Owner;unknown;unknown; Church areas;Undivided Two way;Tangent road with flat terrain;No junction;Asphalt roads;Dry;Daylight;Normal;Rollover;2;5;Going straight;na;Not a Pedestrian;Driving carelessly;Slight Injury
19:00:00;Tuesday;Male;Elementary school;Owner;5-10yr;Automobile;Owner;1-2yr;5;Office areas;Undivided Two way;Tangent road with flat terrain;No junction;Asphalt roads;Dry;Daylight;Normal;Vehicle with vehicle collision;2;5;Going straight;Under 18;Not a Pedestrian;Driving carelessly;Slight Injury
19:00:00;Tuesday;Male;Elementary school;Employee;5-10yr;Public (13?45 seats);Owner;Above 10yr;No defect;School areas;other;Tangent road with flat terrain;No junction;Asphalt roads;Dry;Daylight;Normal;Collision with pedestrians;2;5;Going straight;na;Not a Pedestrian;No priority to pedestrian;Slight Injury
21:15:00;Sunday;Male;High school;Owner;5-10yr;Automobile;Owner;2-5yrs;No defect;Other;Undivided Two way;Tangent road with flat terrain;No junction;Asphalt roads;Wet or damp;Darkness - lights lit;Normal;Vehicle with vehicle collision;2;1;Going straight;31-50;Not a Pedestrian;Getting off the vehicle improperly;Slight Injury
21:15:00;Sunday;Male;Junior high school;Employee;5-10yr;Public (13?45 seats);Owner;1-2yr;No defect;Office areas;Undivided Two way;Tangent road with flat terrain;No junction;Asphalt roads;Wet or damp;Darkness - lights lit;Normal;Vehicle with vehicle collision;2;1;Going straight;18-30;Unknown or other;No distancing;Slight Injury
21:25:00;Tuesday;Male;Junior high school;Owner;1-2yr;Public (13?45 seats);Owner;1-2yr;No defect;Residential areas;other;Steep grade downward with mountainous terrain;No junction;Asphalt roads;Wet or damp;Darkness - no lighting;Raining;Collision with pedestrians;1;1;Going straight;31-50;Not a Pedestrian;Changing lane to the left;Serious Injury
17:21:00;Friday;Male;Junior high school;Employee;2-5yr;Automobile;Owner;1-2yr;No defect; Industrial areas;One way;Tangent road with flat terrain;Y Shape;Asphalt roads;Dry;Daylight;Normal;Collision with pedestrians;2;1;Going straight;Over 51;Not a Pedestrian;No priority to vehicle;Slight Injury
17:21:00;Friday;Male;Junior high school;Owner;5-10yr;Lorry (11?40Q);Owner;2-5yrs;No defect;Other;Undivided Two way;Tangent road with flat terrain;Y Shape;Asphalt roads;Dry;Daylight;Normal;Vehicle with vehicle collision;2;1;Going straight;18-30;Not a Pedestrian;No distancing;Slight Injury
06:45:00;Friday;Male;Junior high school;Owner;Above 10yr;Automobile;Owner;1-2yr;No defect;Residential areas;Undivided Two way;Tangent road with flat terrain;Unknown;Asphalt roads;Dry;Daylight;Normal;Vehicle with vehicle collision;2;1;Going straight;18-30;Not a Pedestrian;No priority to pedestrian;Slight Injury
06:45:00;Friday;Male;High school;Employee;5-10yr;Lorry (41?100Q);Owner;1-2yr;No defect;  Recreational areas;Two-way (divided with broken lines road marking);Tangent road with flat terrain;Unknown;Asphalt roads;Dry;Daylight;Normal;Vehicle with vehicle collision;2;1;Other;na;Not a Pedestrian;No priority to pedestrian;Slight Injury
15:18:00;Monday;Male;High school;Owner;2-5yr;Other;Owner;Unknown;7;Office areas;other;Tangent road with flat terrain;Crossing;Asphalt roads;Dry;Daylight;Normal;Vehicle with vehicle collision;1;1;Going straight;5;Not a Pedestrian;No priority to vehicle;Serious Injury
14:45:00;Saturday;Male;Junior high school;Employee;5-10yr;Pick up upto 10Q;Owner;unknown;No defect; Outside rural areas;Two-way (divided with broken lines road marking);Tangent road with flat terrain;Y Shape;Asphalt roads;Dry;Daylight;Normal;Vehicle with vehicle collision;2;1;Moving Backward;18-30;Not a Pedestrian;Driving carelessly;Serious Injury
14:45:00;Saturday;Male;Elementary school;Employee;2-5yr;Lorry (11?40Q);Owner;1-2yr;No defect; Outside rural areas;Two-way (divided with broken lines road marking);Tangent road with flat terrain;Y Shape;Asphalt roads;Dry;Daylight;Normal;Collision with roadside objects;2;1;Other;31-50;Not a Pedestrian;Changing lane to the right;Serious Injury
15:47:00;Sunday;Male;Elementary school;Employee;5-10yr;Motorcycle;Owner;1-2yr;No defect; Outside rural areas;Undivided Two way;Tangent road with flat terrain;Y Shape;Asphalt roads;Dry;Daylight;Normal;Vehicle with vehicle collision;2;1;Going straight;31-50;Not a Pedestrian;Changing lane to the left;Serious Injury
15:47:00;Sunday;Male;Junior high school;Employee;1-2yr;Pick up upto 10Q;Governmental;Below 1yr;No defect; Outside rural areas;Undivided Two way;Tangent road with flat terrain;Y Shape;Asphalt roads;Dry;Daylight;Normal;Vehicle with vehicle collision;2;1;Going straight;na;Not a Pedestrian;Moving Backward;Serious Injury
08:00:00;Wednesday;Male;Junior high school;Employee;5-10yr;Lorry (11?40Q);Owner;unknown;No defect; Outside rural areas;other;Steep grade downward with mountainous terrain;Y Shape;Asphalt roads;Dry;Daylight;Normal;Vehicle with vehicle collision;2;2;Going straight;Under 18;Not a Pedestrian;Driving carelessly;Slight Injury
08:00:00;Wednesday;Male;unknown;unknown;unknown;Lorry (11?40Q);Owner;unknown;No defect;School areas;other;Steep grade downward with mountainous terrain;Y Shape;Asphalt roads;Dry;Daylight;Normal;Vehicle with vehicle collision;2;2;Going straight;na;Not a Pedestrian;Driving to the left;Slight Injury
08:50:00;Tuesday;Male;Elementary school;Employee;Above 10yr;Automobile;Owner;Above 10yr;No defect; Outside rural areas;Two-way (divided with broken lines road marking);Tangent road with flat terrain;Y Shape;Asphalt roads;Dry;Daylight;Normal;Vehicle with vehicle collision;3;3;Going straight;31-50;Not a Pedestrian;Driving to the left;Slight Injury
08:50:00;Tuesday;Male;Elementary school;Employee;Below 1yr;Automobile;Owner;unknown;No defect; Outside rural areas;Undivided Two way;Tangent road with flat terrain;Y Shape;Asphalt roads;Dry;Daylight;Normal;Vehicle with vehicle collision;3;3;Going straight;na;Not a Pedestrian;No priority to pedestrian;Slight Injury
08:50:00;Tuesday;Male;Junior high school;Employee;2-5yr;Other;Owner;unknown;No defect; Outside rural areas;Two-way (divided with broken lines road marking);Escarpments;Y Shape;Asphalt roads;Dry;Daylight;Normal;Vehicle with vehicle collision;3;3;Going straight;Over 51;Crossing from nearside - masked by parked or statioNot a Pedestrianry vehicle;Changing lane to the left;Slight Injury
09:00:00;Wednesday;Male;Elementary school;Owner;1-2yr;Other;Owner;2-5yrs;No defect; Outside rural areas;Two-way (divided with broken lines road marking);Tangent road with mountainous terrain and;No junction;Asphalt roads;Wet or damp;Daylight;Raining;Vehicle with vehicle collision;2;1;Going straight;31-50;Not a Pedestrian;Changing lane to the right;Slight Injury
09:00:00;Wednesday;Male;Junior high school;Owner;5-10yr;Automobile;Owner;2-5yrs;No defect;Office areas;Undivided Two way;Tangent road with mountainous terrain and;No junction;Asphalt roads;Wet or damp;Daylight;Raining;Vehicle with vehicle collision;2;1;Going straight;Over 51;Not a Pedestrian;Driving carelessly;Slight Injury
08:47:00;Wednesday;Male;Junior high school;Employee;2-5yr;Taxi;Owner;2-5yrs;No defect; Outside rural areas;Undivided Two way;Tangent road with mountainous terrain and;Y Shape;Asphalt roads;Wet or damp;Daylight;Raining;Vehicle with vehicle collision;1;1;Other;Over 51;Not a Pedestrian;No distancing;Slight Injury
06:45:00;Tuesday;Male;Junior high school;Employee;2-5yr;Other;Owner;unknown;No defect; Outside rural areas;Undivided Two way;Tangent road with mountainous terrain and;Y Shape;Asphalt roads;Dry;Daylight;Normal;Vehicle with vehicle collision;2;1;Reversing;na;Not a Pedestrian;Getting off the vehicle improperly;Slight Injury
06:45:00;Tuesday;Male;High school;Employee;2-5yr;Taxi;Owner;2-5yrs;No defect; Outside rural areas;Undivided Two way;Tangent road with flat terrain;Y Shape;Asphalt roads;Dry;Daylight;Normal;Vehicle with vehicle collision;2;1;Other;18-30;Not a Pedestrian;Driving under the influence of drugs;Slight Injury
08:36:00;Tuesday;Male;Junior high school;Employee;Above 10yr;Lorry (11?40Q);Owner;unknown;No defect;Office areas;Undivided Two way;Tangent road with flat terrain;Y Shape;Asphalt roads;Dry;Daylight;Normal;Vehicle with vehicle collision;2;2;Other;18-30;Not a Pedestrian;Changing lane to the right;Slight Injury
08:36:00;Tuesday;Male;Junior high school;Employee;2-5yr;Automobile;Owner;unknown;No defect;  Recreational areas;Undivided Two way;Tangent road with flat terrain;Y Shape;Asphalt roads;Dry;Daylight;Normal;Vehicle with vehicle collision;2;2;Reversing;Under 18;Not a Pedestrian;Driving carelessly;Slight Injury
18:05:00;Sunday;Male;Junior high school;Employee;1-2yr;Other;Owner;Above 10yr;No defect;Office areas;Undivided Two way;Tangent road with flat terrain;No junction;Asphalt roads;Dry;Daylight;Normal;Vehicle with vehicle collision;2;1;Going straight;na;Not a Pedestrian;Moving Backward;Slight Injury
18:05:00;Sunday;Female;Junior high school;Employee;2-5yr;Automobile;Owner;2-5yrs;No defect;Other;Two-way (divided with broken lines road marking);Tangent road with mild grade and flat terrain;No junction;Asphalt roads;Dry;Daylight;Normal;Collision with roadside objects;2;1;Going straight;31-50;Not a Pedestrian;Turnover;Slight Injury
16:00:00;Saturday;Male;Junior high school;Employee;5-10yr;Automobile;Owner;Above 10yr;No defect;Residential areas;Two-way (divided with broken lines road marking);Tangent road with flat terrain;Y Shape;Asphalt roads;Dry;Daylight;Normal;Vehicle with vehicle collision;2;1;Going straight;na;Not a Pedestrian;Changing lane to the right;Slight Injury
16:00:00;Saturday;Male;Junior high school;Employee;1-2yr;Automobile;Owner;Above 10yr;No defect;Residential areas;other;Tangent road with flat terrain;Y Shape;Asphalt roads;Dry;Daylight;Normal;Vehicle with vehicle collision;2;1;Going straight;31-50;Not a Pedestrian;Driving carelessly;Slight Injury
08:45:00;Wednesday;Male;Elementary school;Employee;1-2yr;Automobile;Owner;unknown;No defect;Residential areas;Undivided Two way;Tangent road with flat terrain;Y Shape;Asphalt roads;Dry;Daylight;Normal;Vehicle with vehicle collision;2;2;Turnover;na;Not a Pedestrian;No priority to vehicle;Slight Injury
08:45:00;Wednesday;Male;Junior high school;Employee;2-5yr;Lorry (41?100Q);Owner;Above 10yr;No defect;Other;Undivided Two way;Tangent road with flat terrain;Y Shape;Asphalt roads;Dry;Daylight;Normal;Vehicle with vehicle collision;2;2;Going straight;31-50;Not a Pedestrian;Moving Backward;Slight Injury
14:53:00;Wednesday;Male;Junior high school;Employee;Above 10yr;Other;Owner;unknown;No defect;Office areas;Two-way (divided with broken lines road marking);Tangent road with flat terrain;O Shape;Asphalt roads;Wet or damp;Daylight;Raining;Collision with pedestrians;2;2;Going straight;Under 18;Not a Pedestrian;Changing lane to the left;Slight Injury
14:53:00;Wednesday;Male;Junior high school;Employee;Below 1yr;Pick up upto 10Q;Owner;unknown;unknown;Other;Two-way (divided with broken lines road marking);Tangent road with flat terrain;O Shape;Asphalt roads;Wet or damp;Daylight;Raining;Vehicle with vehicle collision;2;2;Going straight;31-50;Not a Pedestrian;Overturning;Slight Injury
14:53:00;Wednesday;Male;Junior high school;Employee;Above 10yr;Pick up upto 10Q;Owner;Above 10yr;unknown;Other;other;Tangent road with flat terrain;O Shape;Asphalt roads;Wet or damp;Daylight;Raining;Vehicle with vehicle collision;2;2;Going straight;18-30;Not a Pedestrian;No distancing;Slight Injury
13:30:00;Saturday;Unknown;Elementary school;Owner;5-10yr;Automobile;Owner;5-10yrs;unknown;Office areas;Two-way (divided with broken lines road marking);Tangent road with flat terrain;No junction;Asphalt roads;Dry;Daylight;Normal;Vehicle with vehicle collision;2;2;Going straight;na;Not a Pedestrian;Driving carelessly;Slight Injury
13:30:00;Saturday;Male;Elementary school;Employee;Above 10yr;Long lorry;Owner;Below 1yr;unknown; Church areas;other;Tangent road with flat terrain;No junction;Asphalt roads;Dry;Daylight;Normal;Vehicle with vehicle collision;2;2;Moving Backward;18-30;Not a Pedestrian;No distancing;Slight Injury
13:30:00;Saturday;Female;Junior high school;Employee;1-2yr;Automobile;Owner;Unknown;No defect;Other;Two-way (divided with broken lines road marking);Tangent road with flat terrain;No junction;Asphalt roads;Dry;Daylight;Normal;Vehicle with vehicle collision;2;2;Going straight;31-50;Not a Pedestrian;Changing lane to the left;Slight Injury
12:15:00;Wednesday;Male;unknown;unknown;unknown;Public (13?45 seats);Owner;unknown;unknown;Other;One way;Tangent road with flat terrain;No junction;Asphalt roads;Wet or damp;Daylight;Raining;Vehicle with vehicle collision;3;4;Going straight;na;Not a Pedestrian;No priority to pedestrian;Slight Injury
12:15:00;Wednesday;Male;High school;Owner;5-10yr;Lorry (41?100Q);Owner;unknown;unknown;Office areas;Double carriageway (median);Tangent road with flat terrain;No junction;Asphalt roads;Wet or damp;Daylight;Raining;Vehicle with vehicle collision;3;4;Turnover;na;Not a Pedestrian;No distancing;Slight Injury
12:15:00;Wednesday;Male;Elementary school;Employee;2-5yr;Public (13?45 seats);Owner;unknown;unknown;Office areas;One way;Tangent road with mild grade and flat terrain;No junction;Asphalt roads;Wet or damp;Daylight;Raining;Vehicle with vehicle collision;3;4;Going straight;18-30;Not a Pedestrian;No distancing;Slight Injury
12:15:00;Wednesday;Male;unknown;unknown;unknown;Other;Owner;unknown;unknown;Office areas;Undivided Two way;Tangent road with flat terrain;No junction;Asphalt roads;Wet or damp;Daylight;Raining;Collision with pedestrians;3;4;Going straight;na;Not a Pedestrian;Changing lane to the left;Slight Injury
12:15:00;Wednesday;Male;unknown;unknown;unknown;Lorry (41?100Q);Owner;unknown;No defect;Office areas;Double carriageway (median);Tangent road with flat terrain;No junction;Asphalt roads;Wet or damp;Daylight;Raining;Vehicle with vehicle collision;3;4;Going straight;18-30;Not a Pedestrian;No distancing;Slight Injury
12:15:00;Wednesday;Female;High school;Owner;1-2yr;Lorry (41?100Q);Owner;Unknown;unknown;unknown;Two-way (divided with broken lines road marking);Tangent road with flat terrain;No junction;Asphalt roads;Wet or damp;Daylight;Raining;Vehicle with vehicle collision;3;4;Going straight;18-30;Not a Pedestrian;Changing lane to the left;Slight Injury
17:42:00;Thursday;Male;Junior high school;Employee;1-2yr;Long lorry;Owner;Below 1yr;unknown;Office areas;Undivided Two way;Tangent road with flat terrain;No junction;Asphalt roads;Dry;Daylight;Normal;Vehicle with vehicle collision;1;4;Going straight;na;Not a Pedestrian;No distancing;Slight Injury
17:42:00;Thursday;Male;Junior high school;Employee;1-2yr;Pick up upto 10Q;Owner;Unknown;unknown;Other;unknown;Tangent road with flat terrain;No junction;Asphalt roads;Dry;Daylight;Normal;Vehicle with vehicle collision;1;4;Going straight;18-30;Not a Pedestrian;No distancing;Slight Injury
17:42:00;Thursday;Male;Junior high school;Employee;Above 10yr;Pick up upto 10Q;Owner;unknown;unknown;Other;Double carriageway (median);Tangent road with flat terrain;No junction;Asphalt roads;Dry;Daylight;Normal;Collision with roadside objects;1;4;Moving Backward;Over 51;Not a Pedestrian;No distancing;Slight Injury
17:42:00;Thursday;Male;Junior high school;Employee;1-2yr;Lorry (41?100Q);Governmental;Unknown;unknown;Other;Two-way (divided with broken lines road marking);Tangent road with flat terrain;No junction;Asphalt roads;Dry;Daylight;Normal;Vehicle with vehicle collision;1;4;Going straight;Over 51;Not a Pedestrian;Changing lane to the left;Slight Injury
13:17:00;Saturday;Male;High school;Owner;Above 10yr;Lorry (41?100Q);Owner;unknown;unknown;Office areas;unknown;Tangent road with flat terrain;Y Shape;Asphalt roads;Dry;Daylight;Normal;Vehicle with vehicle collision;3;2;Going straight;na;Not a Pedestrian;Changing lane to the right;Slight Injury
13:17:00;Saturday;Male;Junior high school;Employee;Above 10yr;Automobile;Owner;unknown;unknown;Office areas;unknown;Tangent road with flat terrain;Y Shape;Asphalt roads;Dry;Daylight;Normal;Vehicle with vehicle collision;3;2;Going straight;na;Not a Pedestrian;Moving Backward;Slight Injury
13:17:00;Saturday;Male;Junior high school;Employee;1-2yr;Other;Owner;unknown;unknown;Office areas;Two-way (divided with broken lines road marking);Tangent road with flat terrain;Y Shape;Asphalt roads;Dry;Daylight;Normal;Vehicle with vehicle collision;3;2;Going straight;18-30;Not a Pedestrian;Changing lane to the right;Slight Injury