Time;Day_of_week;Sex_of_driver;Educational_level;Vehicle_driver_relation;Driving_experience;Type_of_vehicle;Owner_of_vehicle;Service_year_of_vehicle;Defect_of_vehicle;Area_accident_occured;Lanes_or_Medians;Road_allignment;Types_of_Junction;Road_surface_type;Road_surface_conditions;Light_conditions;Weather_conditions;Type_of_collision;Number_of_vehicles_involved;Number_of_casualties;Vehicle_movement;Age_band_of_casualty;Pedestrian_movement;Cause_of_accident;Accident_severity
08:49:00;Monday;Male;Junior high school;Employee;2-5yr;Lorry (41?100Q);Owner;1-2yr;No defect;Other;One way;Tangent road with flat terrain;No junction;Earth roads;Dry;Daylight;Unknown;Vehicle with vehicle collision;2;1;Going straight;18-30;Unknown or other;Changing lane to the right;Slight Injury
08:49:00;Monday;Male;Junior high school;Employee;2-5yr;unknown;Owner;unknown;unknown;Other;Undivided Two way;Tangent road with flat terrain;No junction;Asphalt roads;Dry;Daylight;Unknown;Vehicle with vehicle collision;2;1;Getting off;31-50;Not a Pedestrian;Changing lane to the left;Slight Injury
18:27:00;Sunday;Male;Junior high school;Employee;5-10yr;Public (> 45 seats);unknown;unknown;unknown;Other;Two-way (divided with broken lines road marking);Tangent road with flat terrain;No junction;Asphalt roads;Dry;Darkness - lights lit;Normal;Collision with roadside objects;1;1;Going straight;na;Not a Pedestrian;Getting off the vehicle improperly;Slight Injury
11:00:00;Saturday;Male;Junior high school;Employee;5-10yr;Lorry (41?100Q);Governmental;Below 1yr;No defect;Residential areas;other;Steep grade downward with mountainous terrain;Crossing;unknown;Dry;Daylight;Normal;Collision with roadside objects;2;1;Going straight;18-30;Not a Pedestrian;Other;Slight Injury
11:00:00;Saturday;Male;Junior high school;Employee;unknown;Other;Owner;unknown;No defect;Office areas;Two-way (divided with broken lines road marking);Tangent road with flat terrain;Crossing;Gravel roads;Dry;Daylight;Normal;Vehicle with vehicle collision;2;1;Going straight;na;Not a Pedestrian;Other;Slight Injury
12:30:00;Friday;Male;Junior high school;Owner;5-10yr;Other;Owner;unknown;unknown;Office areas;Two-way (divided with broken lines road marking);Tangent road with flat terrain;No junction;Asphalt roads;Dry;Daylight;Normal;Vehicle with vehicle collision;2;2;Going straight;na;Not a Pedestrian;No distancing;Slight Injury
12:30:00;Friday;Male;Junior high school;Employee;2-5yr;Automobile;Owner;Unknown;No defect;Other;Two-way (divided with broken lines road marking);Tangent road with flat terrain;No junction;unknown;Dry;Daylight;Normal;Vehicle with vehicle collision;2;2;Going straight;31-50;Not a Pedestrian;No priority to vehicle;Slight Injury
12:30:00;Friday;Male;Junior high school;Employee;Below 1yr;Lorry (41?100Q);Owner;Above 10yr;No defect;Other;One way;Tangent road with flat terrain;No junction;Asphalt roads;Dry;Daylight;Normal;Vehicle with vehicle collision;2;2;Going straight;Over 51;Not a Pedestrian;Overtaking;Slight Injury
15:52:00;Saturday;Male;Junior high school;Employee;1-2yr;Pick up upto 10Q;Owner;unknown;No defect;Office areas;Two-way (divided with broken lines road marking);Tangent road with flat terrain;Y Shape;Earth roads;Dry;Daylight;Normal;Collision with roadside objects;1;1;Moving Backward;na;Not a Pedestrian;No priority to pedestrian;Serious Injury
07:55:00;Monday;Male;Junior high school;Employee;Below 1yr;Automobile;Owner;2-5yrs;unknown;Office areas;Undivided Two way;Tangent road with flat terrain;Y Shape;Asphalt roads;Dry;Daylight;Normal;Vehicle with vehicle collision;2;2;Going straight;na;Not a Pedestrian;No distancing;Slight Injury
07:55:00;Monday;Male;Junior high school;Employee;Above 10yr;unknown;Owner;unknown;No defect;Other;Two-way (divided with broken lines road marking);Tangent road with flat terrain;Y Shape;Asphalt roads;Dry;Daylight;Normal;Vehicle with vehicle collision;2;2;Other;Over 51;Not a Pedestrian;Changing lane to the right;Slight Injury
07:55:00;Monday;Male;Junior high school;Employee;Below 1yr;Other;Owner;unknown;No defect;Other;Two-way (divided with broken lines road marking);Tangent road with flat terrain;Y Shape;Asphalt roads;Dry;Daylight;Normal;Vehicle with vehicle collision;2;2;Going straight;31-50;Not a Pedestrian;Driving carelessly;Slight Injury
18:10:00;Thursday;Male;Junior high school;Employee;2-5yr;Automobile;Governmental;Unknown;unknown;Residential areas;Two-way (divided with broken lines road marking);Tangent road with flat terrain;Other;Asphalt roads;Dry;Darkness - lights lit;Other;Vehicle with vehicle collision;1;1;Going straight;18-30;Not a Pedestrian;Changing lane to the right;Slight Injury
06:50:00;Saturday;Male;Junior high school;Employee;1-2yr;Stationwagen;Owner;1-2yr;No defect;Other;Undivided Two way;Tangent road with flat terrain;No junction;Asphalt roads;Wet or damp;Darkness - no lighting;Raining;Vehicle with vehicle collision;1;1;Going straight;na;Not a Pedestrian;Overtaking;Serious Injury
20:20:00;Thursday;Male;Elementary school;Employee;5-10yr;Other;Owner;unknown;No defect;Office areas;Undivided Two way;Tangent road with flat terrain;Y Shape;Earth roads;Wet or damp;Darkness - lights lit;Raining;Vehicle with vehicle collision;3;2;Going straight;18-30;Crossing from nearside - masked by parked or statioNot a Pedestrianry vehicle;Other;Slight Injury
20:20:00;Thursday;Male;Junior high school;Owner;Below 1yr;unknown;Owner;2-5yrs;No defect;Office areas;Undivided Two way;Tangent road with flat terrain;Y Shape;Asphalt roads;Wet or damp;Darkness - lights lit;Raining;Collision with roadside objects;3;2;unknown;18-30;Not a Pedestrian;Driving to the left;Slight Injury
20:20:00;Thursday;Male;Junior high school;Employee;Below 1yr;Ridden horse;unknown;unknown;unknown;Other;Undivided Two way;Tangent road with flat terrain;Y Shape;Asphalt roads;Wet or damp;Darkness - lights lit;Raining;Vehicle with vehicle collision;3;2;Moving Backward;5;Not a Pedestrian;Driving at high speed;Slight Injury
11:15:00;Thursday;Male;Writing & reading;Employee;Below 1yr;unknown;Owner;Unknown;unknown;Other;unknown;Tangent road with flat terrain;No junction;Asphalt roads;Wet or damp;Daylight;Raining;Collision with pedestrians;2;1;unknown;na;Not a Pedestrian;Unknown;Slight Injury
11:15:00;Thursday;Male;Junior high school;Employee;1-2yr;Other;Owner;Above 10yr;unknown;Other;Undivided Two way;Tangent road with flat terrain;No junction;Asphalt roads;Wet or damp;Daylight;Raining;Collision with roadside objects;2;1;Going straight;na;Not a Pedestrian;Changing lane to the right;Slight Injury
20:45:00;Monday;Male;Elementary school;Owner;5-10yr;Lorry (41?100Q);Owner;unknown;No defect;Office areas;unknown;Tangent road with flat terrain;Y Shape;Asphalt roads;Dry;Darkness - lights lit;Normal;Collision with roadside objects;2;1;Going straight;18-30;Not a Pedestrian;No distancing;Slight Injury
20:45:00;Monday;Male;Junior high school;Employee;2-5yr;Lorry (41?100Q);Owner;Above 10yr;No defect;Office areas;Two-way (divided with broken lines road marking);Tangent road with flat terrain;Y Shape;Asphalt roads;Dry;Darkness - lights lit;Normal;Vehicle with vehicle collision;2;1;unknown;Under 18;Not a Pedestrian;Other;Slight Injury
08:40:00;Friday;Male;Junior high school;Owner;Below 1yr;Lorry (41?100Q);Owner;unknown;No defect;Other;Two-way (divided with broken lines road marking);Steep grade downward with mountainous terrain;Y Shape;Asphalt roads;Wet or damp;Daylight;Other;Rollover;1;1;Going straight;31-50;Not a Pedestrian;No priority to vehicle;Slight Injury
18:00:00;Friday;Male;Writing & reading;Employee;5-10yr;Stationwagen;Owner;Above 10yr;No defect; Church areas;other;Tangent road with flat terrain;No junction;Asphalt roads;Dry;Darkness - lights lit;Normal;Vehicle with vehicle collision;2;1;Going straight;na;Not a Pedestrian;Changing lane to the left;Slight Injury
18:00:00;Friday;Male;Writing & reading;Employee;5-10yr;Lorry (41?100Q);Governmental;unknown;No defect; Industrial areas;Undivided Two way;Tangent road with flat terrain;No junction;Asphalt roads;Dry;Darkness - lights lit;Normal;Vehicle with vehicle collision;2;1;Going straight;31-50;Not a Pedestrian;No priority to pedestrian;Slight Injury
09:40:00;Monday;Male;Junior high school;Employee;5-10yr;Automobile;Organization;2-5yrs;unknown;Other;Undivided Two way;Tangent road with flat terrain;No junction;Asphalt roads;Dry;Daylight;Other;Vehicle with vehicle collision;2;1;Going straight;Under 18;Not a Pedestrian;Overtaking;Slight Injury
09:40:00;Monday;Male;Junior high school;Employee;2-5yr;Automobile;Owner;5-10yrs;No defect;Other;Two-way (divided with broken lines road marking);Tangent road with flat terrain;No junction;Asphalt roads;Dry;Daylight;Other;Vehicle with vehicle collision;2;1;Going straight;na;Not a Pedestrian;Driving carelessly;Slight Injury
16:48:00;Wednesday;Female;Junior high school;Employee;Above 10yr;Pick up upto 10Q;Owner;1-2yr;unknown;Office areas;Undivided Two way;Tangent road with mountainous terrain and;No junction;Earth roads;Dry;Daylight;Normal;Vehicle with vehicle collision;2;1;Going straight;na;Not a Pedestrian;No priority to vehicle;Slight Injury
16:48:00;Wednesday;Male;Junior high school;Employee;5-10yr;Taxi;Owner;Unknown;No defect;Other;One way;Tangent road with flat terrain;No junction;Asphalt roads;Dry;Daylight;Normal;Vehicle with vehicle collision;2;1;Going straight;31-50;Not a Pedestrian;No priority to pedestrian;Slight Injury
15:50:00;Monday;Male;Junior high school;Employee;Above 10yr;unknown;Owner;Unknown;No defect;  Recreational areas;Undivided Two way;Steep grade downward with mountainous terrain;No junction;Asphalt roads;Dry;Daylight;Normal;Vehicle with vehicle collision;1;1;Other;na;Not a Pedestrian;Changing lane to the right;Slight Injury
16:30:00;Thursday;Male;Junior high school;Employee;2-5yr;Automobile;Governmental;Unknown;No defect;Other;Two-way (divided with broken lines road marking);Steep grade downward with mountainous terrain;No junction;Asphalt roads;Dry;Daylight;Normal;Vehicle with vehicle collision;1;1;Going straight;18-30;Not a Pedestrian;Driving carelessly;Slight Injury
17:40:00;Friday;Male;Junior high school;Employee;Below 1yr;unknown;Governmental;5-10yrs;No defect; Church areas;Two-way (divided with broken lines road marking);Tangent road with flat terrain;No junction;Asphalt roads;Dry;Darkness - lights lit;Normal;Collision with roadside objects;2;1;Going straight;na;Not a Pedestrian;Changing lane to the right;Slight Injury
17:40:00;Friday;Male;Junior high school;Employee;Below 1yr;Long lorry;Owner;unknown;unknown;Residential areas;Undivided Two way;Tangent road with flat terrain;No junction;Other;Dry;Darkness - lights lit;Normal;Vehicle with vehicle collision;2;1;Going straight;18-30;Not a Pedestrian;Changing lane to the right;Slight Injury
17:20:00;Monday;Male;Junior high school;Owner;5-10yr;Public (12 seats);Owner;5-10yrs;No defect;Office areas;Two-way (divided with broken lines road marking);unknown;Y Shape;Gravel roads;Wet or damp;Darkness - lights lit;Raining;Vehicle with vehicle collision;1;1;Going straight;31-50;Not a Pedestrian;Changing lane to the left;Slight Injury
09:17:00;Tuesday;Male;Junior high school;Employee;2-5yr;Pick up upto 10Q;Owner;2-5yrs;No defect;Other;Two-way (divided with broken lines road marking);Tangent road with flat terrain;No junction;Gravel roads;Dry;Daylight;Normal;Vehicle with vehicle collision;2;1;Going straight;31-50;Not a Pedestrian;Overturning;Slight Injury
09:17:00;Tuesday;Male;Elementary school;Employee;Below 1yr;unknown;Governmental;2-5yrs;unknown;Office areas;Undivided Two way;Tangent road with flat terrain;No junction;Asphalt roads;Dry;Daylight;Normal;Vehicle with vehicle collision;2;1;Going straight;31-50;Not a Pedestrian;Driving carelessly;Slight Injury
03:59:00;Monday;Male;Junior high school;Employee;2-5yr;Other;Owner;unknown;unknown;Office areas;other;Tangent road with flat terrain;Y Shape;Asphalt roads;Wet or damp;Darkness - lights lit;Raining;Collision with pedestrians;1;1;Moving Backward;na;Not a Pedestrian;No distancing;Slight Injury
16:00:00;Tuesday;Male;Junior high school;Employee;5-10yr;Lorry (41?100Q);Owner;unknown;No defect;Other;One way;Escarpments;No junction;Earth roads;Dry;Daylight;Normal;Vehicle with vehicle collision;2;1;Going straight;18-30;Not a Pedestrian;Driving carelessly;Slight Injury
16:00:00;Tuesday;Male;High school;Employee;Above 10yr;Automobile;Owner;unknown;No defect;Residential areas;Undivided Two way;Tangent road with flat terrain;No junction;Asphalt roads;Dry;Daylight;Normal;Vehicle with vehicle collision;2;1;Going straight;na;Not a Pedestrian;Changing lane to the left;Slight Injury
15:19:00;Sunday;Male;High school;Employee;Above 10yr;Pick up upto 10Q;Owner;unknown;No defect;  Recreational areas;One way;Tangent road with flat terrain;No junction;Asphalt roads;Dry;Daylight;Normal;Vehicle with vehicle collision;2;1;Going straight;18-30;Not a Pedestrian;No priority to vehicle;Slight Injury
15:19:00;Sunday;Male;Junior high school;Employee;5-10yr;Lorry (41?100Q);Owner;unknown;No defect; Church areas;Undivided Two way;Tangent road with flat terrain;No junction;Asphalt roads;Dry;Daylight;Normal;Vehicle with vehicle collision;2;1;Going straight;na;Not a Pedestrian;Changing lane to the right;Slight Injury
08:00:00;Monday;Male;Elementary school;Employee;1-2yr;Lorry (41?100Q);Owner;unknown;No defect;Other;One way;Tangent road with flat terrain;No junction;Asphalt roads;Wet or damp;Daylight;Other;Vehicle with vehicle collision;2;1;Going straight;18-30;Not a Pedestrian;No distancing;Slight Injury
08:00:00;Monday;Male;Elementary school;Employee;5-10yr;Long lorry;Owner;unknown;No defect;Other;Undivided Two way;Tangent road with flat terrain;No junction;Earth roads;Wet or damp;Daylight;Other;Vehicle with vehicle collision;2;1;Going straight;18-30;Not a Pedestrian;Moving Backward;Slight Injury
13:24:00;Monday;Male;Junior high school;Employee;5-10yr;Public (> 45 seats);Owner;Unknown;No defect;Other;Two-way (divided with broken lines road marking);Tangent road with flat terrain;Y Shape;Asphalt roads;Wet or damp;Daylight;Normal;Collision with roadside objects;2;2;Going straight;na;Not a Pedestrian;Overtaking;Slight Injury
13:24:00;Monday;Male;Junior high school;Employee;1-2yr;Public (> 45 seats);Governmental;unknown;No defect;Residential areas;other;Tangent road with flat terrain;Y Shape;Asphalt roads;Wet or damp;Daylight;Normal;Vehicle with vehicle collision;2;2;Getting off;Over 51;Not a Pedestrian;Changing lane to the left;Slight Injury
17:06:00;Thursday;Male;Junior high school;Owner;5-10yr;Automobile;Owner;Above 10yr;No defect;School areas;other;Tangent road with flat terrain;No junction;Asphalt roads;Wet or damp;Darkness - lights lit;Raining;Vehicle with vehicle collision;1;1;Going straight;na;Not a Pedestrian;Changing lane to the right;Slight Injury
19:55:00;Wednesday;Male;High school;Owner;Above 10yr;Automobile;Owner;Above 10yr;No defect; Church areas;Two-way (divided with broken lines road marking);Tangent road with flat terrain;No junction;Asphalt roads;Wet or damp;Darkness - lights lit;Unknown;Vehicle with vehicle collision;2;1;Going straight;na;Not a Pedestrian;Overtaking;Slight Injury
19:55:00;Wednesday;Female;unknown;Owner;Below 1yr;Automobile;Owner;Above 10yr;No defect;Other;other;Tangent road with flat terrain;No junction;Asphalt roads;Wet or damp;Darkness - lights lit;Unknown;Vehicle with vehicle collision;2;1;Turnover;Under 18;Not a Pedestrian;Overloading;Slight Injury
17:30:00;Friday;Male;Writing & reading;Owner;5-10yr;Other;Owner;Below 1yr;unknown;Other;Two-way (divided with broken lines road marking);Tangent road with flat terrain;Y Shape;Asphalt roads;Dry;Darkness - lights lit;Unknown;Vehicle with vehicle collision;2;1;Moving Backward;Over 51;Crossing from driver's nearside;Other;Slight Injury
17:30:00;Friday;Male;Above high school;Employee;Above 10yr;Public (12 seats);Owner;2-5yrs;unknown;Office areas;Undivided Two way;Tangent road with flat terrain;Y Shape;Asphalt roads;Dry;Darkness - lights lit;Unknown;Vehicle with vehicle collision;2;1;Going straight;18-30;Not a Pedestrian;No priority to vehicle;Slight Injury
08:42:00;Wednesday;Male;High school;Employee;Below 1yr;Automobile;Owner;2-5yrs;unknown;Office areas;Two-way (divided with broken lines road marking);Tangent road with flat terrain;Y Shape;Asphalt roads;Wet or damp;Daylight;Normal;Vehicle with vehicle collision;2;1;Moving Backward;Over 51;Crossing from driver's nearside;Changing lane to the right;Slight Injury
08:42:00;Wednesday;Male;Junior high school;Employee;1-2yr;Stationwagen;Owner;2-5yrs;No defect;Other;Undivided Two way;Tangent road with flat terrain;Y Shape;Asphalt roads;Wet or damp;Daylight;Normal;Vehicle with vehicle collision;2;1;Going straight;na;Not a Pedestrian;Moving Backward;Slight Injury
00:29:00;Saturday;Female;Junior high school;Employee;Above 10yr;Automobile;Owner;Below 1yr;No defect; Hospital areas;Undivided Two way;Tangent road with flat terrain;No junction;Asphalt roads;Dry;Darkness - lights lit;Normal;Rollover;2;1;unknown;18-30;Not a Pedestrian;Changing lane to the left;Slight Injury
00:29:00;Saturday;Male;Junior high school;Owner;Above 10yr;Automobile;Owner;2-5yrs;unknown;Other;Undivided Two way;Tangent road with flat terrain;No junction;Earth roads;Dry;Darkness - lights lit;Normal;Vehicle with vehicle collision;2;1;Going straight;31-50;Not a Pedestrian;No priority to pedestrian;Slight Injury
16:50:00;Friday;Male;Junior high school;Employee;Above 10yr;Automobile;Owner;unknown;unknown;Other;Two-way (divided with broken lines road marking);Tangent road with flat terrain;Y Shape;Asphalt roads;Dry;Daylight;Normal;Vehicle with vehicle collision;2;2;unknown;Under 18;Crossing from nearside - masked by parked or statioNot a Pedestrianry vehicle;No distancing;Slight Injury
16:50:00;Friday;Male;Junior high school;Employee;No Licence;unknown;Owner;unknown;unknown;Other;Undivided Two way;Tangent road with flat terrain;Y Shape;Asphalt roads;Dry;Daylight;Normal;Vehicle with vehicle collision;2;2;Going straight;31-50;Not a Pedestrian;No priority to vehicle;Slight Injury
16:50:00;Friday;Male;Junior high school;Employee;1-2yr;unknown;unknown;unknown;unknown;Other;Double carriageway (median);Tangent road with flat terrain;Y Shape;Asphalt roads;Dry;Daylight;Normal;Collision with roadside objects;2;2;unknown;na;Not a Pedestrian;No distancing;Slight Injury
14:00:00;Sunday;Male;Illiterate;Owner;1-2yr;Pick up upto 10Q;Governmental;unknown;No defect;Other;Two-way (divided with broken lines road marking);Tangent road with mild grade and flat terrain;Other;Asphalt roads;Wet or damp;Daylight;Raining;Vehicle with vehicle collision;4;2;Going straight;18-30;Not a Pedestrian;No distancing;Slight Injury
14:00:00;Sunday;Male;Junior high school;Owner;Below 1yr;Turbo;Owner;Above 10yr;No defect; Hospital areas;Two-way (divided with broken lines road marking);Tangent road with flat terrain;Other;Earth roads;Wet or damp;Daylight;Raining;Vehicle with vehicle collision;4;2;Going straight;na;Not a Pedestrian;Moving Backward;Slight Injury
14:00:00;Sunday;Male;Junior high school;Owner;1-2yr;Pick up upto 10Q;unknown;Above 10yr;No defect;Other;Two-way (divided with broken lines road marking);Tangent road with flat terrain;Other;Asphalt roads;Wet or damp;Daylight;Raining;Vehicle with vehicle collision;4;2;Going straight;na;Not a Pedestrian;Changing lane to the right;Slight Injury
14:00:00;Sunday;Male;Junior high school;Owner;2-5yr;Other;Owner;unknown;No defect;Other;One way;Tangent road with flat terrain;Other;Asphalt roads;Wet or damp;Daylight;Raining;Collision with roadside objects;4;2;Going straight;31-50;Not a Pedestrian;No priority to pedestrian;Slight Injury
13:34:00;Friday;Male;Unknown;Owner;5-10yr;Stationwagen;Owner;2-5yrs;No defect;Other;Two-way (divided with broken lines road marking);Tangent road with mild grade and flat terrain;Other;Asphalt roads;Wet or damp;Daylight;Normal;Vehicle with vehicle collision;2;1;Going straight;5;Not a Pedestrian;Moving Backward;Serious Injury
13:34:00;Friday;Male;Unknown;Owner;Above 10yr;Pick up upto 10Q;Owner;unknown;unknown;Office areas;Two-way (divided with broken lines road marking);Tangent road with flat terrain;Other;Asphalt roads;Wet or damp;Daylight;Normal;Vehicle with vehicle collision;2;1;Other;Under 18;Not a Pedestrian;Getting off the vehicle improperly;Serious Injury
08:20:00;Tuesday;Male;Junior high school;Owner;2-5yr;Lorry (41?100Q);Owner;Unknown;unknown;Residential areas;Two-way (divided with broken lines road marking);Tangent road with flat terrain;No junction;Asphalt roads;Dry;Daylight;Normal;Vehicle with vehicle collision;1;1;Other;Under 18;Not a Pedestrian;Overtaking;Slight Injury
18:20:00;Monday;Male;Elementary school;Owner;Above 10yr;Lorry (41?100Q);Owner;2-5yrs;No defect;Other;Two-way (divided with broken lines road marking);Tangent road with flat terrain;Y Shape;Asphalt roads;Dry;Darkness - lights lit;Normal;Vehicle with vehicle collision;2;1;Going straight;31-50;Not a Pedestrian;Overloading;Slight Injury
18:20:00;Monday;Male;Writing & reading;Owner;5-10yr;Automobile;Owner;Unknown;unknown;Residential areas;Two-way (divided with broken lines road marking);Tangent road with flat terrain;Y Shape;Asphalt roads;Dry;Darkness - lights lit;Normal;Collision with roadside objects;2;1;Going straight;na;Not a Pedestrian;Changing lane to the right;Slight Injury
11:45:00;Tuesday;Male;unknown;Owner;unknown;Automobile;Owner;Unknown;unknown;Other;Undivided Two way;Tangent road with flat terrain;Crossing;Asphalt roads;Dry;Daylight;Normal;Vehicle with vehicle collision;2;1;Getting off;Over 51;Not a Pedestrian;Improper parking;Slight Injury
11:45:00;Tuesday;Male;Junior high school;Owner;5-10yr;Pick up upto 10Q;Owner;2-5yrs;unknown;Residential areas;Double carriageway (median);Tangent road with flat terrain;Crossing;Other;Dry;Daylight;Normal;Vehicle with vehicle collision;2;1;Going straight;5;Not a Pedestrian;Other;Slight Injury
06:25:00;Wednesday;Female;Junior high school;Owner;Below 1yr;Pick up upto 10Q;Owner;unknown;unknown;Office areas;Two-way (divided with broken lines road marking);Tangent road with flat terrain;No junction;Asphalt roads;Dry;Daylight;Normal;Vehicle with vehicle collision;2;1;Going straight;18-30;Not a Pedestrian;Changing lane to the left;Serious Injury
06:25:00;Wednesday;Male;Junior high school;Owner;2-5yr;Lorry (41?100Q);Owner;5-10yrs;unknown;Office areas;Two-way (divided with broken lines road marking);Tangent road with mild grade and flat terrain;No junction;Asphalt roads;Dry;Daylight;Normal;Vehicle with vehicle collision;2;1;Going straight;na;Not a Pedestrian;Changing lane to the right;Serious Injury
13:55:00;Wednesday;Male;Elementary school;Employee;2-5yr;Public (12 seats);Owner;Unknown;unknown;Office areas;Double carriageway (median);Tangent road with flat terrain;T Shape;Asphalt roads;Dry;Daylight;Unknown;Vehicle with vehicle collision;2;1;Going straight;na;Not a Pedestrian;No priority to pedestrian;Serious Injury
13:55:00;Wednesday;Male;Junior high school;Employee;2-5yr;Other;Owner;unknown;unknown;  Recreational areas;Two-way (divided with broken lines road marking);Tangent road with flat terrain;T Shape;Asphalt roads;Dry;Daylight;Unknown;Collision with pedestrians;2;1;Going straight;18-30;Not a Pedestrian;Overspeed;Serious Injury
09:30:00;Wednesday;Male;Junior high school;Employee;2-5yr;Stationwagen;Owner;unknown;unknown;Other;Two-way (divided with broken lines road marking);Tangent road with flat terrain;Y Shape;Asphalt roads;Dry;Daylight;Unknown;Vehicle with vehicle collision;2;1;Getting off;31-50;Not a Pedestrian;Changing lane to the left;Slight Injury
09:30:00;Wednesday;Male;Junior high school;Employee;5-10yr;Automobile;Owner;unknown;unknown;Other;other;Tangent road with flat terrain;Y Shape;Asphalt roads;Dry;Daylight;Unknown;Vehicle with vehicle collision;2;1;Going straight;31-50;Not a Pedestrian;No priority to vehicle;Slight Injury
13:00:00;Friday;Male;Junior high school;Employee;5-10yr;Automobile;Owner;5-10yrs;unknown;Other;Two-way (divided with broken lines road marking);Tangent road with flat terrain;Y Shape;Asphalt roads;Wet or damp;Daylight;Raining;Collision with roadside objects;2;1;Going straight;na;Not a Pedestrian;Changing lane to the right;Slight Injury
13:00:00;Friday;Female;Junior high school;Employee;Above 10yr;Lorry (41?100Q);Owner;unknown;unknown;Other;Double carriageway (median);Tangent road with flat terrain;Y Shape;Earth roads;Wet or damp;Daylight;Raining;Vehicle with vehicle collision;2;1;Other;Over 51;Not a Pedestrian;No distancing;Slight Injury
01:29:00;Sunday;Male;Elementary school;Employee;5-10yr;Stationwagen;Owner;2-5yrs;No defect;Other;Undivided Two way;Tangent road with mountainous terrain and;No junction;Asphalt roads;Dry;Darkness - lights lit;Normal;Vehicle with vehicle collision;2;2;Going straight;18-30;Not a Pedestrian;No priority to pedestrian;Slight Injury
01:29:00;Sunday;Male;Junior high school;Employee;5-10yr;Lorry (41?100Q);Owner;2-5yrs;No defect;Office areas;Two-way (divided with broken lines road marking);Tangent road with flat terrain;No junction;Asphalt roads;Dry;Darkness - lights lit;Normal;Collision with pedestrians;2;2;Going straight;na;Not a Pedestrian;No distancing;Slight Injury
01:29:00;Sunday;Male;Junior high school;Employee;Above 10yr;Public (> 45 seats);Owner;Above 10yr;No defect;Office areas;Two-way (divided with broken lines road marking);Tangent road with flat terrain;No junction;Asphalt roads;Dry;Darkness - lights lit;Normal;Vehicle with vehicle collision;2;2;Going straight;18-30;Not a Pedestrian;No priority to vehicle;Slight Injury
08:29:00;Friday;Male;Elementary school;Owner;unknown;Automobile;Owner;Unknown;No defect;Office areas;One way;Tangent road with flat terrain;Y Shape;Asphalt roads;Dry;Daylight;Normal;Vehicle with vehicle collision;1;1;Going straight;na;Not a Pedestrian;Other;Slight Injury
12:00:00;Tuesday;Male;Junior high school;Owner;5-10yr;Automobile;Owner;Above 10yr;No defect;Residential areas;Double carriageway (median);Tangent road with flat terrain;No junction;Asphalt roads;Dry;Daylight;Normal;Collision with pedestrians;2;1;Going straight;31-50;Not a Pedestrian;Driving carelessly;Slight Injury
12:00:00;Tuesday;Male;Junior high school;Employee;5-10yr;Automobile;Governmental;Below 1yr;No defect;  Recreational areas;Two-way (divided with broken lines road marking);Tangent road with flat terrain;No junction;Asphalt roads;Dry;Daylight;Normal;Collision with pedestrians;2;1;Reversing;na;Not a Pedestrian;Changing lane to the left;Slight Injury
10:23:00;Thursday;Male;Junior high school;Employee;Below 1yr;unknown;Owner;Unknown;No defect; Church areas;Double carriageway (median);Tangent road with flat terrain;Y Shape;Asphalt roads;Dry;Daylight;Normal;Collision with pedestrians;2;1;Other;18-30;Not a Pedestrian;Driving carelessly;Serious Injury
10:23:00;Thursday;Male;unknown;unknown;unknown;Lorry (41?100Q);Owner;Unknown;No defect;Office areas;Undivided Two way;Tangent road with flat terrain;Y Shape;Asphalt roads;Dry;Daylight;Normal;Collision with roadside objects;2;1;Going straight;31-50;Not a Pedestrian;Changing lane to the left;Serious Injury
14:00:00;Sunday;Male;Junior high school;Employee;5-10yr;Lorry (41?100Q);Owner;Unknown;No defect;Other;Two-way (divided with broken lines road marking);Tangent road with flat terrain;Unknown;Asphalt roads;Dry;Daylight;Normal;Vehicle with vehicle collision;3;2;Going straight;Over 51;Not a Pedestrian;No priority to vehicle;Slight Injury
14:00:00;Sunday;Male;Junior high school;Employee;5-10yr;Automobile;Owner;unknown;unknown;Residential areas;other;Steep grade downward with mountainous terrain;Unknown;Asphalt roads;Dry;Daylight;Normal;Vehicle with vehicle collision;3;2;Going straight;18-30;Not a Pedestrian;No distancing;Slight Injury
14:00:00;Sunday;Male;Junior high school;Employee;Above 10yr;Stationwagen;Owner;unknown;No defect;School areas;other;Tangent road with flat terrain;Unknown;Asphalt roads;Dry;Daylight;Normal;Vehicle with vehicle collision;3;2;Going straight;18-30;Not a Pedestrian;Changing lane to the right;Slight Injury
14:00:00;Sunday;Male;High school;Employee;Above 10yr;Public (12 seats);Owner;1-2yr;No defect;Office areas;Two-way (divided with broken lines road marking);Tangent road with flat terrain;Unknown;Asphalt roads;Dry;Daylight;Normal;Vehicle with vehicle collision;3;2;Going straight;18-30;Not a Pedestrian;Changing lane to the right;Slight Injury
12:14:00;Tuesday;Male;Junior high school;Employee;Above 10yr;Public (12 seats);Owner;Above 10yr;No defect;Other;other;Tangent road with flat terrain;Crossing;Asphalt roads;Dry;Daylight;Normal;Vehicle with vehicle collision;1;1;Going straight;na;Not a Pedestrian;Driving at high speed;Slight Injury
17:15:00;Tuesday;Male;Junior high school;Employee;Above 10yr;Automobile;Owner;Unknown;No defect;Other;Two-way (divided with broken lines road marking);Tangent road with flat terrain;No junction;Asphalt roads;Dry;Daylight;Unknown;Vehicle with vehicle collision;1;1;Going straight;na;Not a Pedestrian;No distancing;Slight Injury