Time;Day_of_week;Sex_of_driver;Educational_level;Vehicle_driver_relation;Driving_experience;Type_of_vehicle;Owner_of_vehicle;Service_year_of_vehicle;Defect_of_vehicle;Area_accident_occured;Lanes_or_Medians;Road_allignment;Types_of_Junction;Road_surface_type;Road_surface_conditions;Light_conditions;Weather_conditions;Type_of_collision;Number_of_vehicles_involved;Number_of_casualties;Vehicle_movement;Age_band_of_casualty;Pedestrian_movement;Cause_of_accident;Accident_severity
14:30:00;Saturday;Male;Junior high school;Employee;Above 10yr;Public (12 seats);Organization;2-5yrs;unknown;Office areas;Two-way (divided with broken lines road marking);Tangent road with mountainous terrain and;Y Shape;Asphalt roads;Dry;Daylight;Normal;Collision with pedestrians;3;1;Going straight;Over 51;Not a Pedestrian;Changing lane to the right;Slight Injury
14:30:00;Saturday;Male;Junior high school;Employee;Above 10yr;Public (12 seats);Owner;unknown;unknown;Office areas;Two-way (divided with broken lines road marking);Tangent road with flat terrain;Y Shape;Earth roads;Dry;Daylight;Normal;Collision with roadside objects;3;1;Going straight;18-30;Not a Pedestrian;Changing lane to the left;Slight Injury
14:30:00;Saturday;Male;Junior high school;Employee;5-10yr;Lorry (41?100Q);Owner;5-10yrs;unknown;Other;Undivided Two way;Tangent road with flat terrain;Y Shape;Asphalt roads;Dry;Daylight;Normal;Vehicle with vehicle collision;3;1;Moving Backward;na;Not a Pedestrian;Getting off the vehicle improperly;Slight Injury
18:32:00;Saturday;Male;Junior high school;Employee;2-5yr;Automobile;Owner;5-10yrs;No defect;Office areas;Two-way (divided with broken lines road marking);Tangent road with flat terrain;No junction;unknown;Dry;Daylight;Normal;Vehicle with vehicle collision;1;1;Moving Backward;na;Not a Pedestrian;Other;Slight Injury
16:00:00;Saturday;Male;Junior high school;Employee;Below 1yr;Lorry (41?100Q);Owner;2-5yrs;No defect; Industrial areas;Two-way (divided with broken lines road marking);Tangent road with flat terrain;No junction;Asphalt roads;Dry;Daylight;Unknown;Vehicle with vehicle collision;1;1;Turnover;18-30;Not a Pedestrian;Other;Serious Injury
16:02:00;Sunday;Male;Junior high school;Employee;Below 1yr;unknown;Owner;Unknown;No defect;Office areas;Undivided Two way;Tangent road with flat terrain;No junction;Asphalt roads;Dry;Daylight;Normal;Vehicle with vehicle collision;2;2;Other;Over 51;Not a Pedestrian;No distancing;Slight Injury
16:02:00;Sunday;Male;Junior high school;Employee;2-5yr;Automobile;Owner;unknown;unknown;Other;Undivided Two way;Tangent road with flat terrain;No junction;Asphalt roads;Dry;Daylight;Normal;With Train;2;2;Other;na;Not a Pedestrian;No priority to vehicle;Slight Injury
06:09:00;Wednesday;Male;Elementary school;Employee;Below 1yr;Stationwagen;Owner;Above 10yr;unknown;Other;Two-way (divided with broken lines road marking);Tangent road with flat terrain;No junction;Asphalt roads;Dry;Daylight;Normal;Vehicle with vehicle collision;2;1;Going straight;18-30;Not a Pedestrian;Overtaking;Serious Injury
06:09:00;Wednesday;Male;Junior high school;Employee;Below 1yr;unknown;Owner;Unknown;unknown;Office areas;Two-way (divided with broken lines road marking);Tangent road with flat terrain;No junction;Asphalt roads;Dry;Daylight;Normal;Vehicle with vehicle collision;2;1;Going straight;na;Not a Pedestrian;No priority to pedestrian;Serious Injury
15:10:00;Monday;Male;Junior high school;Employee;unknown;unknown;unknown;unknown;unknown; Church areas;unknown;Tangent road with flat terrain;Unknown;Asphalt roads;Wet or damp;Daylight;Normal;Vehicle with vehicle collision;3;1;Other;na;Not a Pedestrian;No distancing;Slight Injury
15:10:00;Monday;Male;unknown;Employee;5-10yr;Automobile;Owner;unknown;unknown;Office areas;other;Tangent road with flat terrain;Unknown;Asphalt roads;Wet or damp;Daylight;Normal;Vehicle with vehicle collision;3;1;Other;18-30;Not a Pedestrian;Changing lane to the right;Slight Injury
15:10:00;Monday;Male;Writing & reading;Employee;Below 1yr;Stationwagen;Owner;unknown;unknown;Residential areas;other;Tangent road with flat terrain;Unknown;Asphalt roads;Wet or damp;Daylight;Normal;Vehicle with vehicle collision;3;1;Going straight;Over 51;Unknown or other;Driving carelessly;Slight Injury
19:02:00;Thursday;Male;Junior high school;Employee;Below 1yr;Automobile;Owner;Unknown;No defect;  Recreational areas;Two-way (divided with broken lines road marking);Tangent road with flat terrain;Y Shape;Asphalt roads;Wet or damp;Daylight;Raining;Vehicle with vehicle collision;2;1;Reversing;18-30;Not a Pedestrian;Changing lane to the right;Slight Injury
19:02:00;Thursday;Male;Junior high school;Employee;1-2yr;Other;Governmental;5-10yrs;unknown;Other;other;Tangent road with flat terrain;Y Shape;Gravel roads;Wet or damp;Daylight;Raining;Vehicle with vehicle collision;2;1;Other;na;Not a Pedestrian;Overtaking;Slight Injury
15:33:00;Sunday;Male;Elementary school;Employee;Above 10yr;Other;Owner;Unknown;No defect; Church areas;Undivided Two way;Tangent road with flat terrain;No junction;Asphalt roads;Dry;Daylight;Normal;Vehicle with vehicle collision;1;2;Turnover;31-50;Not a Pedestrian;Other;Serious Injury
15:33:00;Sunday;Male;Elementary school;Employee;Above 10yr;Automobile;Owner;Unknown;No defect;Other;One way;Tangent road with flat terrain;No junction;Asphalt roads;Dry;Daylight;Normal;Vehicle with vehicle collision;1;2;Going straight;na;Not a Pedestrian;Driving to the left;Serious Injury
18:28:00;Tuesday;Male;Elementary school;Employee;Below 1yr;Lorry (41?100Q);Owner;Above 10yr;No defect;Other;Two-way (divided with broken lines road marking);Tangent road with flat terrain;Y Shape;Asphalt roads;Dry;Daylight;Normal;Collision with pedestrians;2;1;Going straight;31-50;Not a Pedestrian;Driving at high speed;Slight Injury
18:28:00;Tuesday;Male;High school;Employee;2-5yr;Lorry (41?100Q);Owner;5-10yrs;unknown; Church areas;Undivided Two way;Tangent road with flat terrain;Y Shape;Asphalt roads;Dry;Daylight;Normal;Collision with roadside objects;2;1;Going straight;18-30;Not a Pedestrian;Unknown;Slight Injury
15:22:00;Monday;Male;Junior high school;Employee;2-5yr;Lorry (41?100Q);Owner;Unknown;unknown;Office areas;Two-way (divided with broken lines road marking);Tangent road with mild grade and flat terrain;Y Shape;Asphalt roads;Dry;Daylight;Normal;Collision with roadside objects;1;1;Going straight;na;Not a Pedestrian;Changing lane to the right;Slight Injury
22:20:00;Sunday;Male;Above high school;Employee;Above 10yr;Automobile;Owner;Unknown;unknown;Office areas;Double carriageway (median);Tangent road with flat terrain;No junction;Asphalt roads;Dry;Darkness - lights lit;Normal;Vehicle with vehicle collision;4;2;Going straight;Under 18;Not a Pedestrian;No distancing;Slight Injury
22:20:00;Sunday;Male;Junior high school;Employee;2-5yr;Automobile;Organization;5-10yrs;No defect; Church areas;Two-way (divided with broken lines road marking);Tangent road with flat terrain;No junction;Asphalt roads;Dry;Darkness - lights lit;Normal;Vehicle with vehicle collision;4;2;Going straight;na;Not a Pedestrian;Other;Slight Injury
22:20:00;Sunday;Male;Junior high school;Employee;2-5yr;Public (13?45 seats);Organization;2-5yrs;No defect;Other;Undivided Two way;Tangent road with mountainous terrain and;No junction;Asphalt roads;Dry;Darkness - lights lit;Normal;Vehicle with vehicle collision;4;2;Going straight;31-50;Not a Pedestrian;No priority to vehicle;Slight Injury
22:20:00;Sunday;Male;High school;Employee;1-2yr;Public (13?45 seats);Owner;Unknown;No defect;Other;Undivided Two way;Tangent road with flat terrain;No junction;Asphalt roads;Dry;Darkness - lights lit;Normal;Vehicle with vehicle collision;4;2;Going straight;na;Not a Pedestrian;Changing lane to the left;Slight Injury
08:10:00;Monday;Male;Junior high school;Employee;5-10yr;Lorry (41?100Q);Owner;Unknown;No defect; Church areas;Undivided Two way;Tangent road with flat terrain;Other;Asphalt roads;Dry;Daylight;Unknown;Vehicle with vehicle collision;2;2;Going straight;na;Not a Pedestrian;No priority to pedestrian;Slight Injury
08:10:00;Monday;Male;Junior high school;Employee;Below 1yr;Lorry (41?100Q);Owner;5-10yrs;No defect; Industrial areas;Two-way (divided with broken lines road marking);Tangent road with mild grade and flat terrain;Other;Asphalt roads;Dry;Daylight;Unknown;Collision with roadside objects;2;2;Other;Under 18;Not a Pedestrian;Overtaking;Slight Injury
08:10:00;Monday;Male;Junior high school;Employee;Below 1yr;Public (12 seats);Owner;Unknown;No defect;Office areas;Undivided Two way;Tangent road with flat terrain;Other;Asphalt roads;Dry;Daylight;Unknown;Vehicle with vehicle collision;2;2;Going straight;na;Not a Pedestrian;Driving carelessly;Slight Injury
16:38:00;Thursday;Male;Elementary school;Employee;unknown;Other;Owner;Unknown;No defect;School areas;Undivided Two way;Tangent road with flat terrain;No junction;Asphalt roads;Dry;Daylight;Normal;Vehicle with vehicle collision;1;1;Going straight;18-30;Not a Pedestrian;No priority to vehicle;Slight Injury
07:20:00;Thursday;Male;Junior high school;Employee;Below 1yr;Lorry (41?100Q);Owner;Unknown;No defect;Other;Undivided Two way;Tangent road with flat terrain;Crossing;Asphalt roads;Dry;Daylight;Unknown;Vehicle with vehicle collision;2;1;Moving Backward;18-30;Not a Pedestrian;No priority to pedestrian;Slight Injury
07:20:00;Thursday;Male;Junior high school;Employee;1-2yr;Automobile;Owner;Unknown;No defect; Church areas;One way;Tangent road with flat terrain;Crossing;Asphalt roads;Dry;Daylight;Unknown;Vehicle with vehicle collision;2;1;Going straight;na;Not a Pedestrian;Changing lane to the right;Slight Injury
09:13:00;Saturday;Male;Elementary school;Employee;2-5yr;Other;Owner;Unknown;No defect;Office areas;Undivided Two way;Tangent road with flat terrain;No junction;Asphalt roads;Dry;Daylight;Normal;Vehicle with vehicle collision;2;1;Moving Backward;Under 18;Not a Pedestrian;Driving carelessly;Slight Injury
09:13:00;Saturday;Male;High school;Employee;1-2yr;Motorcycle;Owner;Unknown;No defect;Other;other;Steep grade downward with mountainous terrain;No junction;Asphalt roads;Dry;Daylight;Normal;Vehicle with vehicle collision;2;1;Other;na;Not a Pedestrian;Changing lane to the right;Slight Injury
17:55:00;Thursday;Male;Junior high school;Employee;5-10yr;Automobile;Owner;2-5yrs;No defect;Other;other;Tangent road with flat terrain;No junction;Other;Dry;Daylight;Normal;Collision with pedestrians;3;2;Going straight;18-30;Not a Pedestrian;Changing lane to the right;Slight Injury
17:55:00;Thursday;Male;Junior high school;Employee;Below 1yr;Automobile;Owner;Unknown;unknown;Other;Two-way (divided with broken lines road marking);Tangent road with flat terrain;No junction;Asphalt roads;Dry;Daylight;Normal;Collision with pedestrians;3;2;Reversing;na;Not a Pedestrian;Changing lane to the left;Slight Injury
17:55:00;Thursday;Male;High school;Employee;Above 10yr;Lorry (41?100Q);Owner;2-5yrs;unknown;Other;One way;Tangent road with flat terrain;No junction;Asphalt roads;Dry;Daylight;Normal;Collision with roadside objects;3;2;Going straight;31-50;Not a Pedestrian;Overturning;Slight Injury
20:08:00;Sunday;Male;Elementary school;Owner;5-10yr;Automobile;Owner;Above 10yr;No defect; Church areas;Two-way (divided with broken lines road marking);Tangent road with mild grade and flat terrain;No junction;Asphalt roads;Dry;Darkness - lights lit;Unknown;Collision with pedestrians;2;2;Other;Over 51;Not a Pedestrian;Driving carelessly;Slight Injury
20:08:00;Sunday;Male;Elementary school;Employee;Below 1yr;Public (> 45 seats);Governmental;2-5yrs;No defect;Residential areas;Two-way (divided with broken lines road marking);Tangent road with flat terrain;No junction;Asphalt roads;Dry;Darkness - lights lit;Unknown;Vehicle with vehicle collision;2;2;Other;Under 18;Not a Pedestrian;No distancing;Slight Injury
15:30:00;Thursday;Male;Junior high school;Employee;5-10yr;Lorry (41?100Q);Owner;2-5yrs;No defect;Office areas;Two-way (divided with broken lines road marking);Tangent road with mild grade and flat terrain;No junction;Asphalt roads;Dry;Daylight;Normal;Vehicle with vehicle collision;2;5;Other;na;Not a Pedestrian;Driving carelessly;Slight Injury
15:30:00;Thursday;Male;Elementary school;Owner;5-10yr;Public (> 45 seats);Owner;2-5yrs;No defect;Other;Two-way (divided with broken lines road marking);Tangent road with flat terrain;No junction;Asphalt roads;Dry;Daylight;Normal;Vehicle with vehicle collision;2;5;Stopping;18-30;Not a Pedestrian;Changing lane to the left;Slight Injury
15:30:00;Thursday;Male;Junior high school;Employee;2-5yr;Lorry (41?100Q);Owner;2-5yrs;No defect;Office areas;Two-way (divided with broken lines road marking);Tangent road with mild grade and flat terrain;No junction;Asphalt roads;Dry;Daylight;Normal;Collision with roadside objects;2;5;Other;na;Not a Pedestrian;No priority to vehicle;Slight Injury
15:30:00;Thursday;Male;Junior high school;Employee;Above 10yr;Lorry (41?100Q);Owner;2-5yrs;No defect;Other;Two-way (divided with broken lines road marking);Tangent road with flat terrain;No junction;Other;Dry;Daylight;Normal;Collision with roadside objects;2;5;Other;na;Not a Pedestrian;Changing lane to the right;Slight Injury
15:30:00;Thursday;Male;Junior high school;Employee;5-10yr;Lorry (41?100Q);Owner;1-2yr;No defect; Church areas;Undivided Two way;Tangent road with flat terrain;No junction;Asphalt roads;Dry;Daylight;Normal;Vehicle with vehicle collision;2;5;Other;18-30;Not a Pedestrian;No distancing;Slight Injury
15:30:00;Thursday;Male;High school;Employee;1-2yr;Public (12 seats);Owner;Unknown;No defect;Office areas;Two-way (divided with broken lines road marking);Tangent road with flat terrain;No junction;Asphalt roads;Dry;Daylight;Normal;Vehicle with vehicle collision;2;5;Going straight;18-30;Not a Pedestrian;Moving Backward;Slight Injury
13:28:00;Sunday;Male;Elementary school;Employee;5-10yr;Public (12 seats);Owner;Unknown;No defect;Other;Two-way (divided with broken lines road marking);Tangent road with flat terrain;Y Shape;Asphalt roads;Wet or damp;Daylight;Raining;Vehicle with vehicle collision;2;1;Going straight;na;Not a Pedestrian;Moving Backward;Slight Injury
13:28:00;Sunday;Male;Elementary school;Employee;2-5yr;Stationwagen;Owner;Unknown;No defect;Other;Two-way (divided with broken lines road marking);Tangent road with flat terrain;Y Shape;Asphalt roads;Wet or damp;Daylight;Raining;Vehicle with vehicle collision;2;1;Going straight;na;Not a Pedestrian;No distancing;Slight Injury
20:15:00;Thursday;Male;Junior high school;Employee;Below 1yr;Lorry (41?100Q);Owner;Above 10yr;unknown;School areas;Two-way (divided with broken lines road marking);Tangent road with flat terrain;No junction;Asphalt roads;Dry;Darkness - lights lit;Normal;Vehicle with vehicle collision;2;1;Going straight;31-50;Not a Pedestrian;No distancing;Slight Injury
20:15:00;Thursday;Male;Junior high school;Employee;Below 1yr;Automobile;Owner;Unknown;No defect; Church areas;Double carriageway (median);Tangent road with mild grade and flat terrain;No junction;Asphalt roads;Dry;Darkness - lights lit;Normal;Vehicle with vehicle collision;2;1;Going straight;na;Not a Pedestrian;No distancing;Slight Injury
16:00:00;Friday;Male;Junior high school;Employee;5-10yr;Pick up upto 10Q;Owner;Unknown;unknown;School areas;Undivided Two way;Tangent road with flat terrain;No junction;Asphalt roads;Dry;Daylight;Normal;Vehicle with vehicle collision;1;2;Going straight;18-30;Not a Pedestrian;No priority to pedestrian;Slight Injury
16:00:00;Friday;Male;Junior high school;Owner;5-10yr;Automobile;Owner;2-5yrs;No defect;Residential areas;Double carriageway (median);Tangent road with flat terrain;No junction;Asphalt roads;Dry;Daylight;Normal;Vehicle with vehicle collision;1;2;Going straight;na;Not a Pedestrian;Driving carelessly;Slight Injury
09:50:00;Tuesday;Male;Elementary school;Employee;1-2yr;Public (13?45 seats);unknown;unknown;unknown;Office areas;Two-way (divided with broken lines road marking);Tangent road with flat terrain;Y Shape;unknown;Dry;Daylight;Cloudy;Vehicle with vehicle collision;1;2;Going straight;31-50;Not a Pedestrian;Changing lane to the right;Slight Injury
09:50:00;Tuesday;Male;Junior high school;Employee;unknown;Public (> 45 seats);Owner;Unknown;unknown;Office areas;Undivided Two way;Tangent road with flat terrain;Y Shape;Other;Dry;Daylight;Cloudy;Collision with roadside objects;1;2;Going straight;18-30;Not a Pedestrian;Changing lane to the left;Slight Injury
08:20:00;Friday;Male;Elementary school;Employee;Above 10yr;Stationwagen;Governmental;5-10yrs;No defect; Church areas;Two-way (divided with broken lines road marking);Tangent road with flat terrain;Y Shape;Asphalt roads;Dry;Daylight;Cloudy;Collision with roadside objects;1;1;Going straight;na;Not a Pedestrian;Driving carelessly;Serious Injury
21:35:00;Tuesday;Male;Junior high school;Owner;1-2yr;unknown;Owner;2-5yrs;unknown;Residential areas;Undivided Two way;Tangent road with flat terrain;No junction;Asphalt roads;Dry;Darkness - no lighting;Normal;Collision with pedestrians;2;5;Going straight;18-30;Not a Pedestrian;Driving carelessly;Slight Injury
21:35:00;Tuesday;Male;unknown;unknown;unknown;Lorry (41?100Q);Owner;Unknown;No defect;Office areas;other;Tangent road with flat terrain;No junction;Asphalt roads;Dry;Darkness - no lighting;Normal;Vehicle with vehicle collision;2;5;Reversing;na;Not a Pedestrian;No distancing;Slight Injury
21:35:00;Tuesday;Male;Junior high school;Employee;Above 10yr;Stationwagen;Owner;2-5yrs;No defect;Residential areas;One way;Tangent road with flat terrain;No junction;Asphalt roads;Dry;Darkness - no lighting;Normal;Vehicle with vehicle collision;2;5;Going straight;18-30;Not a Pedestrian;Other;Slight Injury
21:35:00;Tuesday;Male;Elementary school;Owner;2-5yr;Lorry (41?100Q);Owner;2-5yrs;No defect;Other;Two-way (divided with broken lines road marking);Tangent road with flat terrain;No junction;Asphalt roads with some distress;Dry;Darkness - no lighting;Normal;Vehicle with vehicle collision;2;5;Other;18-30;Not a Pedestrian;Changing lane to the right;Slight Injury
21:35:00;Tuesday;Male;Junior high school;Employee;5-10yr;Public (12 seats);Governmental;2-5yrs;No defect;Other;Two-way (divided with broken lines road marking);Tangent road with flat terrain;No junction;unknown;Dry;Darkness - no lighting;Normal;Vehicle with vehicle collision;2;5;unknown;Under 18;Not a Pedestrian;Changing lane to the right;Slight Injury
13:10:00;Wednesday;Male;Junior high school;Employee;Below 1yr;Lorry (41?100Q);Owner;Unknown;No defect;Residential areas;Two-way (divided with broken lines road marking);Tangent road with flat terrain;No junction;Asphalt roads;Dry;Daylight;Normal;Vehicle with vehicle collision;2;1;Getting off;18-30;Not a Pedestrian;No distancing;Slight Injury
13:10:00;Wednesday;Male;Junior high school;Employee;5-10yr;Other;Owner;5-10yrs;No defect; Industrial areas;Undivided Two way;Tangent road with flat terrain;No junction;Asphalt roads;Dry;Daylight;Normal;Vehicle with vehicle collision;2;1;Going straight;31-50;Not a Pedestrian;No distancing;Slight Injury
15:10:00;Thursday;Male;High school;Employee;Above 10yr;Stationwagen;Owner;2-5yrs;No defect;Other;Undivided Two way;Steep grade downward with mountainous terrain;Y Shape;Asphalt roads;Dry;Daylight;Normal;Vehicle with vehicle collision;1;1;Going straight;na;Not a Pedestrian;Overturning;Slight Injury
19:30:00;Tuesday;Male;Junior high school;Employee;5-10yr;Automobile;Owner;1-2yr;No defect;Office areas;Undivided Two way;Tangent road with flat terrain;Y Shape;Asphalt roads;Dry;Darkness - lights lit;Normal;Vehicle with vehicle collision;2;1;Going straight;na;Not a Pedestrian;Driving at high speed;Serious Injury
19:30:00;Tuesday;Male;Elementary school;Employee;1-2yr;Public (> 45 seats);Organization;2-5yrs;No defect;Other;Two-way (divided with broken lines road marking);Tangent road with mountainous terrain and;Y Shape;Earth roads;Dry;Darkness - lights lit;Normal;Vehicle with vehicle collision;2;1;Going straight;31-50;Not a Pedestrian;No priority to vehicle;Serious Injury
17:45:00;Wednesday;Male;Junior high school;Employee;unknown;Other;Governmental;1-2yr;unknown;Other;Undivided Two way;Tangent road with flat terrain;Y Shape;Asphalt roads;Dry;Daylight;Normal;Collision with pedestrians;2;1;Turnover;na;Not a Pedestrian;No priority to pedestrian;Slight Injury
17:45:00;Wednesday;Male;Elementary school;Employee;1-2yr;Lorry (41?100Q);Owner;Unknown;No defect;Other;Two-way (divided with broken lines road marking);Tangent road with flat terrain;Y Shape;Asphalt roads;Dry;Daylight;Normal;Collision with pedestrians;2;1;Entering a junction;Over 51;Not a Pedestrian;No priority to vehicle;Slight Injury
15:55:00;Friday;Male;Junior high school;Owner;1-2yr;Automobile;Owner;2-5yrs;No defect;Other;Double carriageway (median);Tangent road with flat terrain;No junction;Asphalt roads;Dry;Daylight;Normal;Vehicle with vehicle collision;1;1;Entering a junction;18-30;Not a Pedestrian;Other;Slight Injury
07:40:00;Monday;Male;Above high school;Owner;1-2yr;Public (> 45 seats);Owner;Unknown;7;Office areas;Undivided Two way;Tangent road with flat terrain;No junction;Asphalt roads;Wet or damp;Daylight;Raining;Vehicle with vehicle collision;2;1;Entering a junction;na;Not a Pedestrian;Other;Slight Injury
07:40:00;Monday;Male;Junior high school;Owner;5-10yr;unknown;Governmental;1-2yr;No defect;Other;Two-way (divided with broken lines road marking);Tangent road with flat terrain;No junction;Asphalt roads;Wet or damp;Daylight;Raining;Vehicle with vehicle collision;2;1;Entering a junction;31-50;Not a Pedestrian;Moving Backward;Slight Injury
14:30:00;Thursday;Male;Junior high school;Employee;5-10yr;Automobile;unknown;unknown;unknown;unknown;other;Tangent road with flat terrain;Y Shape;Asphalt roads;Wet or damp;Daylight;Raining;Vehicle with vehicle collision;2;1;Other;na;Not a Pedestrian;No distancing;Slight Injury
14:30:00;Thursday;Male;Elementary school;Employee;5-10yr;Pick up upto 10Q;Organization;Unknown;No defect;Other;Two-way (divided with broken lines road marking);Tangent road with flat terrain;Y Shape;Asphalt roads;Wet or damp;Daylight;Raining;Vehicle with vehicle collision;2;1;Entering a junction;31-50;Not a Pedestrian;Moving Backward;Slight Injury
18:06:00;Saturday;Male;High school;Owner;Below 1yr;Public (12 seats);Owner;Above 10yr;unknown;Other;other;Steep grade downward with mountainous terrain;Y Shape;Asphalt roads;Dry;Daylight;Normal;Vehicle with vehicle collision;2;1;Turnover;18-30;Not a Pedestrian;No priority to vehicle;Slight Injury
18:06:00;Saturday;Male;Junior high school;Employee;Above 10yr;Lorry (41?100Q);Owner;Unknown;unknown;Office areas;Undivided Two way;Tangent road with flat terrain;Y Shape;Asphalt roads;Dry;Daylight;Normal;Vehicle with vehicle collision;2;1;Entering a junction;na;Not a Pedestrian;Driving carelessly;Slight Injury
20:27:00;Sunday;Male;Junior high school;Employee;5-10yr;Lorry (41?100Q);Owner;Unknown;No defect;Office areas;One way;Tangent road with flat terrain;Y Shape;Asphalt roads;Wet or damp;Darkness - lights lit;Normal;Vehicle with vehicle collision;2;3;Entering a junction;na;Not a Pedestrian;No distancing;Slight Injury
20:27:00;Sunday;Male;Junior high school;Employee;Below 1yr;Lorry (41?100Q);Owner;Above 10yr;No defect; Church areas;other;Tangent road with flat terrain;Y Shape;Asphalt roads;Wet or damp;Darkness - lights lit;Normal;Vehicle with vehicle collision;2;3;Entering a junction;31-50;Not a Pedestrian;Other;Slight Injury
20:27:00;Sunday;Male;Junior high school;Employee;Above 10yr;Public (13?45 seats);Owner;unknown;No defect;Office areas;Double carriageway (median);Tangent road with flat terrain;Y Shape;Gravel roads;Wet or damp;Darkness - lights lit;Normal;Vehicle with vehicle collision;2;3;Entering a junction;31-50;Crossing from nearside - masked by parked or statioNot a Pedestrianry vehicle;Changing lane to the right;Slight Injury
20:27:00;Sunday;Male;Junior high school;Employee;5-10yr;Lorry (41?100Q);Owner;Above 10yr;No defect;Office areas;other;Tangent road with flat terrain;Y Shape;Asphalt roads;Wet or damp;Darkness - lights lit;Normal;Vehicle with vehicle collision;2;3;Entering a junction;na;Not a Pedestrian;No distancing;Slight Injury
13:25:00;Thursday;Male;Junior high school;Owner;Above 10yr;Lorry (41?100Q);Owner;Unknown;No defect;Office areas;Two-way (divided with broken lines road marking);Tangent road with flat terrain;Y Shape;Asphalt roads;Dry;Daylight;Normal;Vehicle with vehicle collision;1;1;Other;31-50;Not a Pedestrian;Driving carelessly;Slight Injury
22:20:00;Thursday;Male;Junior high school;Employee;5-10yr;Motorcycle;Owner;Unknown;No defect;Office areas;One way;Tangent road with flat terrain;No junction;Asphalt roads;Dry;Darkness - no lighting;Normal;Vehicle with vehicle collision;1;1;Going straight;Over 51;Not a Pedestrian;No distancing;Slight Injury
16:35:00;Friday;Male;Junior high school;Employee;1-2yr;Lorry (41?100Q);Owner;2-5yrs;No defect;Residential areas;Undivided Two way;Tangent road with flat terrain;No junction;Asphalt roads;Dry;Daylight;Normal;Vehicle with vehicle collision;2;1;Going straight;31-50;Not a Pedestrian;No priority to vehicle;Slight Injury
16:35:00;Friday;Male;Junior high school;Employee;1-2yr;Ridden horse;Owner;Above 10yr;No defect;Residential areas;other;Tangent road with flat terrain;No junction;Asphalt roads;Dry;Daylight;Normal;Vehicle with vehicle collision;2;1;Other;na;Not a Pedestrian;Changing lane to the right;Slight Injury
08:22:00;Saturday;Male;Junior high school;Employee;1-2yr;Automobile;Owner;5-10yrs;unknown;Residential areas;Undivided Two way;Tangent road with flat terrain;No junction;Asphalt roads;Dry;Daylight;Normal;Vehicle with vehicle collision;2;1;Going straight;na;Not a Pedestrian;No priority to pedestrian;Slight Injury
08:22:00;Saturday;Male;High school;Employee;2-5yr;Lorry (41?100Q);Owner;5-10yrs;unknown;Office areas;Double carriageway (median);Tangent road with flat terrain;No junction;Asphalt roads;Dry;Daylight;Normal;Vehicle with vehicle collision;2;1;Going straight;31-50;Not a Pedestrian;No priority to vehicle;Slight Injury
16:00:00;Tuesday;Male;High school;Owner;Above 10yr;Pick up upto 10Q;Owner;Unknown;No defect;Residential areas;Two-way (divided with broken lines road marking);Steep grade downward with mountainous terrain;No junction;Asphalt roads;Dry;Daylight;Normal;Vehicle with vehicle collision;2;1;Going straight;na;Not a Pedestrian;Changing lane to the left;Slight Injury
16:00:00;Tuesday;Male;Elementary school;Employee;2-5yr;Public (> 45 seats);Governmental;Unknown;No defect;Other;Two-way (divided with broken lines road marking);Tangent road with flat terrain;No junction;Asphalt roads;Dry;Daylight;Normal;Vehicle with vehicle collision;2;1;Going straight;31-50;Not a Pedestrian;Turnover;Slight Injury
02:13:00;Saturday;Male;Junior high school;Employee;Above 10yr;Stationwagen;Governmental;Below 1yr;No defect;Other;Two-way (divided with broken lines road marking);Tangent road with flat terrain;Other;Asphalt roads;Dry;Darkness - lights lit;Other;Vehicle with vehicle collision;2;1;Going straight;na;Not a Pedestrian;Driving to the left;Slight Injury
02:13:00;Saturday;Male;High school;Employee;2-5yr;Automobile;Owner;unknown;unknown;Other;Two-way (divided with broken lines road marking);unknown;Other;Asphalt roads;Dry;Darkness - lights lit;Other;Vehicle with vehicle collision;2;1;Reversing;31-50;Not a Pedestrian;Driving carelessly;Slight Injury
20:10:00;Sunday;Male;Junior high school;Other;No Licence;Public (12 seats);Owner;Unknown;No defect;School areas;Double carriageway (median);Tangent road with flat terrain;Other;Asphalt roads;Wet or damp;Daylight;Normal;Collision with roadside objects;2;1;Moving Backward;na;Not a Pedestrian;Driving to the left;Slight Injury
20:10:00;Sunday;Male;Junior high school;Employee;1-2yr;Automobile;Owner;Unknown;No defect;School areas;Double carriageway (median);Tangent road with flat terrain;Other;Asphalt roads;Wet or damp;Daylight;Normal;Collision with roadside objects;2;1;Overtaking;18-30;Not a Pedestrian;Driving carelessly;Slight Injury
23:53:00;Thursday;Female;Junior high school;Owner;5-10yr;Automobile;Owner;2-5yrs;No defect;School areas;Undivided Two way;Tangent road with flat terrain;Y Shape;Asphalt roads;Dry;Darkness - no lighting;Normal;Vehicle with vehicle collision;2;1;Going straight;na;Not a Pedestrian;No priority to pedestrian;Slight Injury
23:53:00;Thursday;Male;Junior high school;Employee;1-2yr;Automobile;Owner;Unknown;No defect;Residential areas;One way;Tangent road with flat terrain;Y Shape;Asphalt roads;Dry;Darkness - no lighting;Normal;Vehicle with vehicle collision;2;1;Going straight;31-50;Not a Pedestrian;Driving carelessly;Slight Injury