Time;Day_of_week;Sex_of_driver;Educational_level;Vehicle_driver_relation;Driving_experience;Type_of_vehicle;Owner_of_vehicle;Service_year_of_vehicle;Defect_of_vehicle;Area_accident_occured;Lanes_or_Medians;Road_allignment;Types_of_Junction;Road_surface_type;Road_surface_conditions;Light_conditions;Weather_conditions;Type_of_collision;Number_of_vehicles_involved;Number_of_casualties;Vehicle_movement;Age_band_of_casualty;Pedestrian_movement;Cause_of_accident;Accident_severity
11:30:00;Wednesday;Male;Junior high school;Employee;Above 10yr;Lorry (41?100Q);Owner;Unknown;No defect;Other;Undivided Two way;Tangent road with flat terrain;Y Shape;Asphalt roads;Dry;Daylight;Normal;Vehicle with vehicle collision;2;1;Going straight;na;Not a Pedestrian;Changing lane to the right;Slight Injury
11:30:00;Wednesday;Male;Junior high school;Employee;1-2yr;Automobile;Owner;Unknown;No defect;Office areas;Two-way (divided with broken lines road marking);Tangent road with flat terrain;Y Shape;Asphalt roads;Dry;Daylight;Normal;Vehicle with vehicle collision;2;1;Reversing;Under 18;Not a Pedestrian;Moving Backward;Slight Injury
09:15:00;Tuesday;Male;Junior high school;Employee;1-2yr;Automobile;Owner;5-10yrs;No defect;Other;Two-way (divided with broken lines road marking);Tangent road with flat terrain;No junction;Asphalt roads;Dry;Daylight;Cloudy;Collision with roadside objects;2;1;Going straight;Under 18;Not a Pedestrian;Driving carelessly;Slight Injury
09:15:00;Tuesday;Male;Junior high school;Employee;2-5yr;Public (12 seats);Owner;Above 10yr;No defect;School areas;Undivided Two way;Tangent road with flat terrain;No junction;Asphalt roads;Dry;Daylight;Cloudy;Vehicle with vehicle collision;2;1;Going straight;Over 51;Not a Pedestrian;Changing lane to the right;Slight Injury
08:38:00;Tuesday;Male;High school;Employee;1-2yr;Taxi;Owner;5-10yrs;No defect;Other;Double carriageway (median);Tangent road with flat terrain;No junction;Asphalt roads;Dry;Daylight;Normal;Collision with roadside objects;1;1;Going straight;31-50;Not a Pedestrian;Driving carelessly;Slight Injury
13:00:00;Thursday;Male;Junior high school;Employee;1-2yr;Automobile;Owner;2-5yrs;No defect; Industrial areas;Two-way (divided with broken lines road marking);Tangent road with flat terrain;No junction;Asphalt roads;Dry;Daylight;Normal;Collision with roadside objects;2;1;Going straight;31-50;Not a Pedestrian;Driving carelessly;Slight Injury
13:00:00;Thursday;Male;Elementary school;Employee;Above 10yr;Public (12 seats);Owner;2-5yrs;No defect;Other;Two-way (divided with broken lines road marking);Tangent road with flat terrain;No junction;Other;Dry;Daylight;Normal;Collision with pedestrians;2;1;Reversing;31-50;Not a Pedestrian;Driving carelessly;Slight Injury
08:00:00;Thursday;Male;Junior high school;Employee;Above 10yr;Stationwagen;Owner;Unknown;No defect;Office areas;Two-way (divided with broken lines road marking);Tangent road with flat terrain;No junction;unknown;Dry;Daylight;Normal;Vehicle with vehicle collision;2;1;Going straight;31-50;Not a Pedestrian;Changing lane to the right;Slight Injury
08:00:00;Thursday;Male;Elementary school;Employee;Above 10yr;Stationwagen;Owner;Unknown;No defect;Other;Two-way (divided with broken lines road marking);Tangent road with flat terrain;No junction;Asphalt roads;Dry;Daylight;Normal;Collision with roadside objects;2;1;Going straight;na;Not a Pedestrian;Changing lane to the right;Slight Injury
13:13:00;Wednesday;Male;Junior high school;Employee;Above 10yr;Automobile;Owner;Unknown;No defect;Other;Two-way (divided with broken lines road marking);Tangent road with flat terrain;No junction;Asphalt roads;Dry;Daylight;Normal;Vehicle with vehicle collision;2;1;Other;na;Not a Pedestrian;Driving carelessly;Slight Injury
13:13:00;Wednesday;Female;Junior high school;Employee;1-2yr;Lorry (41?100Q);Organization;Above 10yr;No defect; Outside rural areas;Undivided Two way;Tangent road with flat terrain;No junction;Asphalt roads;Dry;Daylight;Normal;Vehicle with vehicle collision;2;1;Entering a junction;5;Not a Pedestrian;Overtaking;Slight Injury
17:51:00;Tuesday;Male;Junior high school;Employee;5-10yr;Automobile;Owner;Unknown;No defect;Other;other;Tangent road with flat terrain;No junction;Asphalt roads;Dry;Daylight;Normal;Vehicle with vehicle collision;2;1;Turnover;na;Not a Pedestrian;Changing lane to the right;Slight Injury
17:51:00;Tuesday;Male;High school;Owner;2-5yr;Public (12 seats);Owner;Above 10yr;No defect;Residential areas;Two-way (divided with broken lines road marking);Tangent road with flat terrain;No junction;Asphalt roads;Dry;Daylight;Normal;Vehicle with vehicle collision;2;1;Going straight;Over 51;Not a Pedestrian;No distancing;Slight Injury
15:50:00;Monday;Male;Junior high school;Employee;2-5yr;Automobile;Owner;Above 10yr;unknown;Office areas;Two-way (divided with broken lines road marking);Tangent road with flat terrain;No junction;Asphalt roads;Dry;Daylight;Normal;Vehicle with vehicle collision;4;1;Going straight;na;Not a Pedestrian;Other;Slight Injury
15:50:00;Monday;Male;Junior high school;Employee;5-10yr;Automobile;Owner;Unknown;unknown;Office areas;Double carriageway (median);Tangent road with flat terrain;No junction;Asphalt roads;Dry;Daylight;Normal;Vehicle with vehicle collision;4;1;Going straight;18-30;Not a Pedestrian;Changing lane to the right;Slight Injury
15:50:00;Monday;Male;Junior high school;Employee;5-10yr;Lorry (41?100Q);unknown;2-5yrs;unknown; Hospital areas;One way;unknown;No junction;Asphalt roads;Dry;Daylight;Normal;Collision with roadside objects;4;1;Going straight;31-50;Crossing from driver's nearside;Changing lane to the right;Slight Injury
15:50:00;Monday;Male;Junior high school;Employee;2-5yr;Automobile;Owner;Unknown;unknown; Industrial areas;Two-way (divided with broken lines road marking);Tangent road with flat terrain;No junction;Asphalt roads;Dry;Daylight;Normal;Vehicle with vehicle collision;4;1;Going straight;5;Not a Pedestrian;Overtaking;Slight Injury
15:45:00;Tuesday;Male;High school;Employee;Above 10yr;Motorcycle;Owner;2-5yrs;No defect;Other;Undivided Two way;Tangent road with flat terrain;No junction;Asphalt roads;Dry;Daylight;Normal;Collision with roadside objects;2;3;Going straight;31-50;Not a Pedestrian;Other;Slight Injury
15:45:00;Tuesday;Male;Elementary school;Employee;5-10yr;unknown;Owner;unknown;unknown;Office areas;Undivided Two way;Tangent road with flat terrain;No junction;Asphalt roads;Dry;Daylight;Normal;Vehicle with vehicle collision;2;3;Going straight;na;Not a Pedestrian;Driving to the left;Slight Injury
15:45:00;Tuesday;Male;Junior high school;Employee;Above 10yr;Automobile;Owner;Unknown;No defect;Office areas;other;Tangent road with flat terrain;No junction;Asphalt roads;Dry;Daylight;Normal;Vehicle with vehicle collision;2;3;Going straight;31-50;Not a Pedestrian;Overtaking;Slight Injury
15:45:00;Tuesday;Male;Writing & reading;Employee;2-5yr;Automobile;Owner;Unknown;unknown;Residential areas;Two-way (divided with broken lines road marking);Tangent road with flat terrain;No junction;Other;Dry;Daylight;Normal;Vehicle with vehicle collision;2;3;Getting off;18-30;Not a Pedestrian;No priority to vehicle;Slight Injury
15:30:00;Monday;Male;Junior high school;Employee;2-5yr;Automobile;Owner;Unknown;unknown;Residential areas;unknown;Tangent road with flat terrain;No junction;Asphalt roads;Dry;Daylight;Normal;Collision with roadside objects;2;1;Getting off;31-50;Crossing from nearside - masked by parked or statioNot a Pedestrianry vehicle;Moving Backward;Slight Injury
15:30:00;Monday;Male;High school;Employee;2-5yr;Public (> 45 seats);Owner;Unknown;No defect;School areas;Two-way (divided with broken lines road marking);Tangent road with flat terrain;No junction;Asphalt roads;Dry;Daylight;Normal;Collision with roadside objects;2;1;Getting off;na;Not a Pedestrian;Other;Slight Injury
13:37:00;Friday;Male;Junior high school;Employee;1-2yr;unknown;Governmental;Unknown;No defect;Other;Two-way (divided with broken lines road marking);Tangent road with flat terrain;Y Shape;Asphalt roads;Dry;Daylight;Unknown;Vehicle with vehicle collision;2;1;Moving Backward;31-50;Not a Pedestrian;No priority to vehicle;Slight Injury
13:37:00;Friday;Male;High school;Employee;5-10yr;Automobile;Governmental;Unknown;No defect;  Market areas;Undivided Two way;Tangent road with flat terrain;Y Shape;Asphalt roads;Dry;Daylight;Unknown;Vehicle with vehicle collision;2;1;Going straight;18-30;Crossing from offside - masked by  parked or statioNot a Pedestrianry vehicle;No priority to pedestrian;Slight Injury
05:42:00;Monday;Male;Elementary school;Employee;2-5yr;Automobile;Owner;Unknown;No defect;Office areas;other;Tangent road with flat terrain;No junction;Asphalt roads;Dry;Daylight;Normal;Vehicle with vehicle collision;2;1;Going straight;31-50;Not a Pedestrian;Changing lane to the right;Slight Injury
05:42:00;Monday;Male;Junior high school;Employee;1-2yr;Other;Owner;Unknown;No defect; Church areas;Two-way (divided with broken lines road marking);Tangent road with flat terrain;No junction;Asphalt roads;Dry;Daylight;Normal;Vehicle with vehicle collision;2;1;Waiting to go;31-50;Not a Pedestrian;Changing lane to the right;Slight Injury
08:30:00;Tuesday;Male;Elementary school;Employee;1-2yr;Stationwagen;Governmental;Unknown;No defect; Church areas;Two-way (divided with broken lines road marking);Tangent road with flat terrain;No junction;Asphalt roads;Dry;Daylight;Unknown;Vehicle with vehicle collision;2;1;Going straight;na;Not a Pedestrian;Changing lane to the right;Slight Injury
08:30:00;Tuesday;Male;High school;Employee;No Licence;Lorry (41?100Q);Owner;Unknown;No defect;Residential areas;Double carriageway (median);Tangent road with flat terrain;No junction;Asphalt roads;Dry;Daylight;Unknown;Vehicle with vehicle collision;2;1;Going straight;31-50;Not a Pedestrian;Driving to the left;Slight Injury
21:08:00;Saturday;Male;Junior high school;Owner;5-10yr;Taxi;Owner;Above 10yr;No defect;Residential areas;Two-way (divided with broken lines road marking);Tangent road with flat terrain;Y Shape;Asphalt roads;Dry;Darkness - lights lit;Normal;Vehicle with vehicle collision;2;1;Going straight;na;Not a Pedestrian;Changing lane to the left;Slight Injury
21:08:00;Saturday;Female;Junior high school;Employee;1-2yr;Other;Owner;Unknown;No defect;Residential areas;Double carriageway (median);Tangent road with flat terrain;Y Shape;Other;Dry;Darkness - lights lit;Normal;Collision with roadside objects;2;1;Reversing;Over 51;Not a Pedestrian;Moving Backward;Slight Injury
15:48:00;Monday;Male;Junior high school;Employee;2-5yr;Public (12 seats);Owner;Above 10yr;No defect;Residential areas;Two-way (divided with broken lines road marking);Tangent road with flat terrain;Other;Asphalt roads;Dry;Daylight;Normal;Collision with roadside objects;2;2;Going straight;na;Not a Pedestrian;Driving at high speed;Slight Injury
15:48:00;Monday;Male;Junior high school;Employee;5-10yr;Automobile;Owner;1-2yr;No defect;Other;Double carriageway (median);Tangent road with flat terrain;Other;Asphalt roads;Dry;Daylight;Normal;Collision with roadside objects;2;2;Going straight;31-50;Not a Pedestrian;Moving Backward;Slight Injury
19:27:00;Friday;Male;unknown;unknown;unknown;Automobile;Owner;Unknown;No defect;Other;Two-way (divided with broken lines road marking);Tangent road with flat terrain;No junction;unknown;Wet or damp;Daylight;Raining;Vehicle with vehicle collision;1;1;Other;Over 51;Not a Pedestrian;No distancing;Slight Injury
14:40:00;Saturday;Female;unknown;unknown;unknown;Public (13?45 seats);Owner;2-5yrs;No defect;Residential areas;Two-way (divided with broken lines road marking);Tangent road with flat terrain;No junction;Asphalt roads;Wet or damp;Daylight;Raining;Vehicle with vehicle collision;2;1;Entering a junction;na;Not a Pedestrian;Other;Serious Injury
14:40:00;Saturday;Male;Junior high school;Employee;2-5yr;Lorry (41?100Q);Owner;Unknown;No defect;Other;other;Tangent road with flat terrain;No junction;Asphalt roads;Wet or damp;Daylight;Raining;Vehicle with vehicle collision;2;1;Turnover;na;Not a Pedestrian;No priority to vehicle;Serious Injury
06:45:00;Thursday;Male;Junior high school;Employee;Above 10yr;Lorry (41?100Q);Owner;Unknown;No defect; Church areas;Undivided Two way;Tangent road with flat terrain;Y Shape;Asphalt roads;Dry;Daylight;Normal;Vehicle with vehicle collision;2;1;Going straight;31-50;Not a Pedestrian;Changing lane to the right;Slight Injury
06:45:00;Thursday;Male;Junior high school;Owner;Above 10yr;Lorry (11?40Q);Owner;Unknown;No defect;Other;Undivided Two way;Tangent road with flat terrain;Y Shape;Earth roads;Dry;Daylight;Normal;Collision with pedestrians;2;1;Going straight;31-50;Not a Pedestrian;Other;Slight Injury
19:30:00;Friday;Male;unknown;unknown;unknown;Motorcycle;Owner;Unknown;No defect;Office areas;Undivided Two way;Tangent road with flat terrain;No junction;Asphalt roads;Wet or damp;Daylight;Normal;Collision with pedestrians;1;1;Going straight;31-50;Not a Pedestrian;No distancing;Slight Injury
18:30:00;Monday;Male;Elementary school;Owner;Above 10yr;Lorry (41?100Q);Owner;2-5yrs;No defect;Office areas;Two-way (divided with broken lines road marking);Tangent road with flat terrain;Y Shape;Asphalt roads;Dry;Daylight;Normal;Vehicle with vehicle collision;2;1;Going straight;31-50;Not a Pedestrian;Driving carelessly;Slight Injury
18:30:00;Monday;Male;unknown;unknown;unknown;Stationwagen;Owner;unknown;unknown;Residential areas;Undivided Two way;Tangent road with flat terrain;Y Shape;Asphalt roads;Dry;Daylight;Normal;Vehicle with vehicle collision;2;1;Going straight;na;Not a Pedestrian;No distancing;Slight Injury
16:24:00;Tuesday;Male;Junior high school;Owner;5-10yr;Automobile;Owner;Unknown;unknown;Other;Two-way (divided with broken lines road marking);Tangent road with flat terrain;Y Shape;Asphalt roads;Dry;Daylight;Normal;Vehicle with vehicle collision;2;2;Going straight;na;Not a Pedestrian;Moving Backward;Slight Injury
16:24:00;Tuesday;Male;Junior high school;Owner;Above 10yr;Other;Owner;Above 10yr;unknown; Industrial areas;Undivided Two way;Tangent road with flat terrain;Y Shape;Asphalt roads;Dry;Daylight;Normal;Vehicle with vehicle collision;2;2;Going straight;31-50;Not a Pedestrian;No distancing;Slight Injury
03:29:00;Tuesday;Male;High school;Owner;Above 10yr;Other;Owner;Unknown;unknown;Office areas;Two-way (divided with broken lines road marking);Tangent road with flat terrain;No junction;Asphalt roads;Wet or damp;Darkness - no lighting;Windy;Vehicle with vehicle collision;2;2;Going straight;Over 51;Not a Pedestrian;Moving Backward;Slight Injury
03:29:00;Tuesday;Male;unknown;unknown;unknown;Taxi;Organization;Unknown;unknown;  Recreational areas;Two-way (divided with broken lines road marking);Tangent road with flat terrain;No junction;Asphalt roads;Wet or damp;Darkness - no lighting;Windy;Vehicle with vehicle collision;2;2;Getting off;Under 18;Not a Pedestrian;No priority to pedestrian;Slight Injury
03:29:00;Tuesday;Male;Elementary school;Employee;5-10yr;Automobile;Owner;1-2yr;No defect;Residential areas;Two-way (divided with broken lines road marking);Tangent road with flat terrain;No junction;Asphalt roads;Wet or damp;Darkness - no lighting;Windy;Vehicle with vehicle collision;2;2;Getting off;na;Not a Pedestrian;Changing lane to the left;Slight Injury
17:50:00;Friday;Male;Elementary school;Owner;Above 10yr;Long lorry;Owner;Above 10yr;unknown;Residential areas;Undivided Two way;Tangent road with flat terrain;Y Shape;Asphalt roads;Dry;Daylight;Normal;Vehicle with vehicle collision;2;1;Getting off;18-30;Not a Pedestrian;No distancing;Slight Injury
17:50:00;Friday;Male;Junior high school;Owner;Below 1yr;Long lorry;Owner;5-10yrs;unknown; Church areas;Undivided Two way;Steep grade downward with mountainous terrain;Y Shape;Asphalt roads;Dry;Daylight;Normal;Vehicle with vehicle collision;2;1;Moving Backward;31-50;Not a Pedestrian;Other;Slight Injury
06:25:00;Wednesday;Male;Junior high school;Owner;2-5yr;Lorry (41?100Q);Owner;5-10yrs;unknown;Residential areas;Undivided Two way;Tangent road with flat terrain;Other;Asphalt roads;Dry;Daylight;Normal;Vehicle with vehicle collision;2;1;Going straight;na;Not a Pedestrian;No distancing;Slight Injury
06:25:00;Wednesday;Male;Junior high school;Owner;2-5yr;Lorry (41?100Q);Owner;Unknown;No defect;unknown;other;Tangent road with flat terrain;Other;Asphalt roads;Dry;Daylight;Normal;Collision with roadside objects;2;1;Going straight;na;Not a Pedestrian;No priority to pedestrian;Slight Injury
08:23:00;Friday;Male;High school;Owner;5-10yr;Lorry (11?40Q);Owner;5-10yrs;No defect;Other;Undivided Two way;Tangent road with flat terrain;No junction;Asphalt roads;Dry;Daylight;Normal;Rollover;2;1;Waiting to go;18-30;Not a Pedestrian;Moving Backward;Serious Injury
08:23:00;Friday;Male;Junior high school;Owner;unknown;Automobile;Owner;Unknown;unknown;Other;Two-way (divided with solid lines road marking);Tangent road with flat terrain;No junction;Asphalt roads;Dry;Daylight;Normal;Vehicle with vehicle collision;2;1;Going straight;na;Not a Pedestrian;No priority to pedestrian;Serious Injury
15:00:00;Sunday;Male;unknown;Owner;Below 1yr;Taxi;Owner;Unknown;No defect; Church areas;Two-way (divided with solid lines road marking);Tangent road with flat terrain;No junction;Asphalt roads;Wet or damp;Daylight;Raining;Vehicle with vehicle collision;2;2;Other;na;Not a Pedestrian;No distancing;Slight Injury
15:00:00;Sunday;Male;Elementary school;Owner;Above 10yr;Other;Governmental;unknown;No defect;Other;Two-way (divided with solid lines road marking);Tangent road with flat terrain;No junction;Asphalt roads;Wet or damp;Daylight;Raining;Vehicle with vehicle collision;2;2;Going straight;na;Not a Pedestrian;No priority to pedestrian;Slight Injury
15:00:00;Sunday;Male;Elementary school;Owner;Below 1yr;Automobile;Owner;Unknown;No defect; Church areas;Two-way (divided with solid lines road marking);Tangent road with flat terrain;No junction;Asphalt roads;Wet or damp;Daylight;Raining;Vehicle with vehicle collision;2;2;Going straight;18-30;Not a Pedestrian;Driving carelessly;Slight Injury
20:17:00;Sunday;Male;Junior high school;Owner;5-10yr;Automobile;Owner;Unknown;No defect; Church areas;Two-way (divided with broken lines road marking);Tangent road with flat terrain;Crossing;Earth roads;Dry;Daylight;Normal;Vehicle with vehicle collision;2;1;Going straight;na;Not a Pedestrian;Getting off the vehicle improperly;Slight Injury
20:17:00;Sunday;Male;Junior high school;Owner;5-10yr;Automobile;Owner;Above 10yr;No defect;Other;Undivided Two way;Tangent road with flat terrain;Crossing;Asphalt roads;Dry;Daylight;Normal;Collision with roadside objects;2;1;Going straight;5;Not a Pedestrian;Driving carelessly;Slight Injury
20:30:00;Monday;Male;unknown;Owner;unknown;Automobile;Governmental;5-10yrs;No defect;Other;Undivided Two way;Tangent road with flat terrain;No junction;Asphalt roads;Dry;Daylight;Normal;Collision with roadside objects;2;1;Overtaking;na;Not a Pedestrian;Changing lane to the left;Slight Injury
20:30:00;Monday;Male;Junior high school;Employee;1-2yr;Public (> 45 seats);Owner;5-10yrs;No defect;School areas;other;Tangent road with flat terrain;No junction;Asphalt roads;Dry;Daylight;Normal;Vehicle with vehicle collision;2;1;Going straight;31-50;Not a Pedestrian;No priority to vehicle;Slight Injury
15:31:00;Monday;Male;High school;Owner;5-10yr;Lorry (11?40Q);Owner;Above 10yr;No defect;Residential areas;Undivided Two way;Tangent road with flat terrain;Other;Asphalt roads;Dry;Daylight;Normal;Collision with roadside objects;1;1;Going straight;31-50;Not a Pedestrian;Changing lane to the right;Slight Injury
18:00:00;Saturday;Male;Junior high school;Employee;5-10yr;Lorry (41?100Q);unknown;1-2yr;No defect;Other;Two-way (divided with broken lines road marking);Tangent road with flat terrain;No junction;Asphalt roads;Dry;Daylight;Normal;Vehicle with vehicle collision;2;1;Going straight;na;Not a Pedestrian;Changing lane to the right;Slight Injury
18:00:00;Saturday;Male;Junior high school;Employee;5-10yr;Lorry (41?100Q);Owner;Above 10yr;No defect;Office areas;Undivided Two way;Tangent road with flat terrain;No junction;Asphalt roads;Dry;Daylight;Normal;Vehicle with vehicle collision;2;1;Turnover;31-50;Not a Pedestrian;No distancing;Slight Injury
18:00:00;Tuesday;Female;Junior high school;Employee;5-10yr;Stationwagen;Owner;Above 10yr;No defect;Residential areas;Undivided Two way;Tangent road with flat terrain;No junction;Asphalt roads;Dry;Daylight;Unknown;Vehicle with vehicle collision;1;1;Going straight;31-50;Not a Pedestrian;No distancing;Serious Injury
17:20:00;Thursday;Male;Junior high school;Employee;Above 10yr;Other;Owner;Above 10yr;No defect;Other;One way;Steep grade downward with mountainous terrain;No junction;Asphalt roads;Dry;Daylight;Normal;Vehicle with vehicle collision;2;1;Going straight;na;Not a Pedestrian;Changing lane to the left;Slight Injury
17:20:00;Thursday;Male;Junior high school;Employee;5-10yr;Automobile;Owner;Above 10yr;No defect;Residential areas;Two-way (divided with broken lines road marking);Tangent road with flat terrain;No junction;Asphalt roads;Dry;Daylight;Normal;Vehicle with vehicle collision;2;1;Getting off;18-30;Not a Pedestrian;Changing lane to the right;Slight Injury
12:20:00;Friday;Male;Junior high school;Employee;No Licence;Pick up upto 10Q;Owner;5-10yrs;No defect;Residential areas;Undivided Two way;Tangent road with flat terrain;No junction;Asphalt roads;Dry;Daylight;Normal;Vehicle with vehicle collision;2;1;Moving Backward;na;Not a Pedestrian;No priority to vehicle;Slight Injury
12:20:00;Friday;Male;Above high school;Employee;Below 1yr;Motorcycle;Owner;unknown;No defect;Residential areas;Two-way (divided with broken lines road marking);Tangent road with flat terrain;No junction;Earth roads;Dry;Daylight;Normal;Collision with pedestrians;2;1;Getting off;31-50;Not a Pedestrian;Changing lane to the left;Slight Injury
18:00:00;Friday;Male;Elementary school;Employee;5-10yr;Automobile;Owner;1-2yr;No defect;Other;other;Tangent road with flat terrain;Other;Asphalt roads;Dry;Daylight;Normal;Vehicle with vehicle collision;3;2;Overtaking;na;Not a Pedestrian;No priority to vehicle;Slight Injury
18:00:00;Friday;Male;Elementary school;Employee;5-10yr;Pick up upto 10Q;Owner;5-10yrs;No defect;Other;Undivided Two way;Tangent road with flat terrain;Other;Asphalt roads;Dry;Daylight;Normal;Collision with roadside objects;3;2;Going straight;31-50;Not a Pedestrian;Moving Backward;Slight Injury
18:00:00;Friday;Male;Junior high school;Employee;5-10yr;Motorcycle;Owner;5-10yrs;No defect;Other;One way;Tangent road with flat terrain;Other;Asphalt roads;Dry;Daylight;Normal;Vehicle with vehicle collision;3;2;Going straight;na;Not a Pedestrian;Turnover;Slight Injury
18:00:00;Friday;Male;High school;Employee;5-10yr;Stationwagen;Owner;1-2yr;No defect; Hospital areas;Undivided Two way;Tangent road with flat terrain;Other;Asphalt roads;Dry;Daylight;Normal;Collision with roadside objects;3;2;Going straight;na;Not a Pedestrian;No distancing;Slight Injury
01:20:00;Sunday;Male;Junior high school;Employee;5-10yr;Lorry (41?100Q);Owner;2-5yrs;No defect;Residential areas;Undivided Two way;Tangent road with flat terrain;Y Shape;Asphalt roads;Wet or damp;Darkness - lights lit;Raining;Vehicle with vehicle collision;1;1;Reversing;31-50;Not a Pedestrian;No distancing;Slight Injury
07:10:00;Thursday;Male;Junior high school;Employee;2-5yr;Taxi;Owner;5-10yrs;No defect;Residential areas;One way;Tangent road with flat terrain;No junction;Asphalt roads;Dry;Daylight;Normal;Vehicle with vehicle collision;2;1;Getting off;Under 18;Unknown or other;No distancing;Slight Injury
07:10:00;Thursday;Male;Writing & reading;Employee;5-10yr;Automobile;Owner;5-10yrs;No defect;Residential areas;Undivided Two way;Tangent road with flat terrain;No junction;Asphalt roads;Dry;Daylight;Normal;Collision with pedestrians;2;1;Going straight;31-50;Not a Pedestrian;Changing lane to the left;Slight Injury
08:23:00;Tuesday;Male;Junior high school;Employee;Above 10yr;Long lorry;Owner;1-2yr;No defect;Other;Two-way (divided with broken lines road marking);Tangent road with flat terrain;Crossing;Asphalt roads;Wet or damp;Daylight;Raining;Vehicle with vehicle collision;2;1;Going straight;na;Not a Pedestrian;No priority to vehicle;Slight Injury
08:23:00;Tuesday;Male;Junior high school;Employee;1-2yr;Automobile;Owner;1-2yr;No defect;Office areas;Two-way (divided with broken lines road marking);Tangent road with flat terrain;Crossing;Gravel roads;Wet or damp;Daylight;Raining;Vehicle with vehicle collision;2;1;Going straight;18-30;Not a Pedestrian;Driving at high speed;Slight Injury
17:25:00;Tuesday;Male;Writing & reading;Employee;Below 1yr;Public (12 seats);Owner;2-5yrs;No defect;Other;other;Tangent road with flat terrain;Crossing;Asphalt roads;Wet or damp;Daylight;Raining;Vehicle with vehicle collision;2;2;Reversing;na;Not a Pedestrian;Overtaking;Slight Injury
17:25:00;Tuesday;Male;Elementary school;Employee;1-2yr;Lorry (11?40Q);Owner;Unknown;No defect;Office areas;Double carriageway (median);Tangent road with flat terrain;Crossing;Asphalt roads;Wet or damp;Daylight;Raining;Vehicle with vehicle collision;2;2;Going straight;18-30;Not a Pedestrian;Other;Slight Injury
08:17:00;Wednesday;Male;Junior high school;Employee;5-10yr;Pick up upto 10Q;Owner;Unknown;No defect;Residential areas;Two-way (divided with broken lines road marking);Tangent road with flat terrain;No junction;Asphalt roads;Wet or damp;Daylight;Other;Collision with pedestrians;1;1;Stopping;31-50;Crossing from nearside - masked by parked or statioNot a Pedestrianry vehicle;Changing lane to the left;Serious Injury
18:37:00;Thursday;Male;Elementary school;Employee;Above 10yr;Lorry (41?100Q);Owner;Unknown;No defect;Office areas;Double carriageway (median);Gentle horizontal curve;Other;Asphalt roads;Dry;Daylight;Normal;Vehicle with vehicle collision;2;2;Overtaking;18-30;Not a Pedestrian;No priority to pedestrian;Serious Injury
18:37:00;Thursday;Male;Junior high school;Employee;5-10yr;Other;Owner;unknown;No defect;Office areas;Double carriageway (median);Tangent road with flat terrain;Other;Asphalt roads;Dry;Daylight;Normal;Vehicle with vehicle collision;2;2;Going straight;na;Not a Pedestrian;Changing lane to the left;Serious Injury
18:37:00;Thursday;Male;Elementary school;Employee;2-5yr;Automobile;Organization;Unknown;No defect;Other;Double carriageway (median);Tangent road with flat terrain;Other;Asphalt roads;Dry;Daylight;Normal;Vehicle with vehicle collision;2;2;Reversing;18-30;Not a Pedestrian;No distancing;Serious Injury
11:00:00;Wednesday;Male;Junior high school;Employee;2-5yr;Long lorry;Owner;Unknown;No defect;Office areas;Two-way (divided with broken lines road marking);Tangent road with flat terrain;No junction;Asphalt roads;Dry;Daylight;Normal;Vehicle with vehicle collision;1;1;Going straight;Under 18;Crossing from nearside - masked by parked or statioNot a Pedestrianry vehicle;Moving Backward;Serious Injury
09:30:00;Sunday;Male;Junior high school;Employee;Above 10yr;Lorry (11?40Q);Owner;Unknown;No defect;Office areas;unknown;Tangent road with flat terrain;No junction;Asphalt roads;Dry;Daylight;Normal;Collision with roadside objects;2;1;Going straight;na;Not a Pedestrian;Changing lane to the left;Slight Injury
09:30:00;Sunday;Male;Junior high school;Employee;2-5yr;Long lorry;Governmental;Unknown;unknown;Office areas;One way;Tangent road with flat terrain;No junction;Asphalt roads;Dry;Daylight;Normal;Vehicle with vehicle collision;2;1;Reversing;18-30;Not a Pedestrian;Other;Slight Injury
14:35:00;Monday;Female;Junior high school;Owner;Below 1yr;Automobile;Owner;Unknown;unknown;Other;Undivided Two way;Tangent road with flat terrain;No junction;Asphalt roads;Dry;Daylight;Normal;Vehicle with vehicle collision;2;1;Going straight;18-30;Not a Pedestrian;No distancing;Slight Injury
14:35:00;Monday;Male;Junior high school;Employee;2-5yr;Taxi;Owner;Unknown;unknown;Residential areas;unknown;Tangent road with flat terrain;No junction;Asphalt roads;Dry;Daylight;Normal;Vehicle with vehicle collision;2;1;Waiting to go;18-30;Not a Pedestrian;Moving Backward;Slight Injury
18:05:00;Wednesday;Male;Junior high school;Employee;Above 10yr;Taxi;Owner;2-5yrs;No defect;Residential areas;Two-way (divided with broken lines road marking);Gentle horizontal curve;Y Shape;Asphalt roads;Dry;Daylight;Normal;Vehicle with vehicle collision;3;2;Going straight;na;Not a Pedestrian;No distancing;Slight Injury
18:05:00;Wednesday;Male;Junior high school;Employee;2-5yr;Long lorry;Owner;5-10yrs;unknown; Church areas;Two-way (divided with broken lines road marking);Tangent road with flat terrain;Y Shape;Asphalt roads;Dry;Daylight;Normal;Collision with roadside objects;3;2;Going straight;Over 51;Not a Pedestrian;Changing lane to the left;Slight Injury