Time;Day_of_week;Sex_of_driver;Educational_level;Vehicle_driver_relation;Driving_experience;Type_of_vehicle;Owner_of_vehicle;Service_year_of_vehicle;Defect_of_vehicle;Area_accident_occured;Lanes_or_Medians;Road_allignment;Types_of_Junction;Road_surface_type;Road_surface_conditions;Light_conditions;Weather_conditions;Type_of_collision;Number_of_vehicles_involved;Number_of_casualties;Vehicle_movement;Age_band_of_casualty;Pedestrian_movement;Cause_of_accident;Accident_severity
20:16:00;Sunday;Male;High school;Employee;Above 10yr;Pick up upto 10Q;Governmental;1-2yr;No defect;Residential areas;Undivided Two way;Tangent road with flat terrain;No junction;Asphalt roads;Dry;Darkness - lights lit;Normal;Vehicle with vehicle collision;2;2;Going straight;31-50;Not a Pedestrian;Moving Backward;Slight Injury
20:16:00;Sunday;Male;High school;Employee;Above 10yr;Lorry (41?100Q);Owner;Unknown;No defect;Other;Undivided Two way;Tangent road with flat terrain;No junction;Asphalt roads;Dry;Darkness - lights lit;Normal;Vehicle with vehicle collision;2;2;Going straight;Under 18;Not a Pedestrian;Driving carelessly;Slight Injury
20:16:00;Sunday;Male;Junior high school;Employee;5-10yr;Automobile;Owner;Unknown;No defect;Other;Two-way (divided with broken lines road marking);Tangent road with flat terrain;No junction;Asphalt roads;Dry;Darkness - lights lit;Normal;Collision with pedestrians;2;2;Going straight;18-30;Not a Pedestrian;No priority to vehicle;Slight Injury
06:20:00;Friday;Male;Elementary school;Employee;1-2yr;Public (13?45 seats);Owner;Unknown;No defect;Other;Double carriageway (median);Tangent road with flat terrain;No junction;Asphalt roads;Dry;Daylight;Normal;Vehicle with vehicle collision;2;1;Moving Backward;31-50;Not a Pedestrian;Changing lane to the right;Slight Injury
06:20:00;Friday;Male;Elementary school;Employee;5-10yr;Automobile;Owner;unknown;No defect;  Recreational areas;Two-way (divided with broken lines road marking);Tangent road with flat terrain;No junction;Asphalt roads;Dry;Daylight;Normal;Vehicle with vehicle collision;2;1;Moving Backward;18-30;Not a Pedestrian;Changing lane to the left;Slight Injury
15:00:00;Saturday;Male;Junior high school;Employee;5-10yr;Public (> 45 seats);Owner;Unknown;No defect;  Recreational areas;One way;Tangent road with flat terrain;No junction;Asphalt roads;Dry;Daylight;Other;Vehicle with vehicle collision;2;1;Moving Backward;na;Not a Pedestrian;No priority to vehicle;Slight Injury
15:00:00;Saturday;Male;Junior high school;Employee;1-2yr;Public (12 seats);Owner;unknown;No defect;Other;Two-way (divided with broken lines road marking);Tangent road with flat terrain;No junction;Asphalt roads;Dry;Daylight;Other;Vehicle with vehicle collision;2;1;Other;18-30;Not a Pedestrian;Driving carelessly;Slight Injury
00:43:00;Thursday;Female;Junior high school;Owner;5-10yr;Automobile;Organization;1-2yr;No defect;Office areas;Two-way (divided with broken lines road marking);Tangent road with flat terrain;No junction;Asphalt roads;Dry;Darkness - lights lit;Normal;Vehicle with vehicle collision;1;1;Going straight;5;Unknown or other;Moving Backward;Slight Injury
05:15:00;Monday;Male;High school;Owner;Above 10yr;Lorry (41?100Q);Owner;2-5yrs;No defect;Residential areas;Two-way (divided with broken lines road marking);Tangent road with flat terrain;Crossing;Asphalt roads;Wet or damp;Darkness - lights lit;Raining;Collision with roadside objects;2;1;Unknown;31-50;Not a Pedestrian;No distancing;Slight Injury
05:15:00;Monday;Male;unknown;Owner;Below 1yr;Automobile;Owner;2-5yrs;No defect;Other;Two-way (divided with broken lines road marking);Tangent road with flat terrain;Crossing;Asphalt roads;Wet or damp;Darkness - lights lit;Raining;Collision with roadside objects;2;1;Turnover;Under 18;Not a Pedestrian;Changing lane to the left;Slight Injury
21:48:00;Tuesday;Male;Writing & reading;Owner;5-10yr;Pick up upto 10Q;unknown;1-2yr;unknown;Residential areas;Undivided Two way;Steep grade downward with mountainous terrain;Y Shape;Asphalt roads;Wet or damp;Darkness - lights lit;Raining;Vehicle with vehicle collision;1;1;Getting off;na;Not a Pedestrian;Changing lane to the left;Serious Injury
18:30:00;Wednesday;Male;Above high school;Employee;Above 10yr;Public (12 seats);Owner;unknown;No defect; Church areas;Double carriageway (median);Tangent road with flat terrain;Y Shape;Earth roads;Dry;Darkness - lights lit;Normal;Vehicle with vehicle collision;2;1;Going straight;Over 51;Not a Pedestrian;No distancing;Slight Injury
18:30:00;Wednesday;Male;High school;Employee;Below 1yr;Automobile;Owner;2-5yrs;unknown;Other;One way;Tangent road with flat terrain;Y Shape;Asphalt roads;Dry;Darkness - lights lit;Normal;Vehicle with vehicle collision;2;1;Going straight;na;Not a Pedestrian;Changing lane to the left;Slight Injury
07:30:00;Tuesday;Male;Junior high school;Employee;1-2yr;Automobile;Owner;5-10yrs;No defect;Office areas;Two-way (divided with broken lines road marking);Tangent road with mountainous terrain and;No junction;Asphalt roads;Dry;Daylight;Normal;Vehicle with vehicle collision;2;1;Going straight;18-30;Not a Pedestrian;Driving carelessly;Slight Injury
07:30:00;Tuesday;Female;Junior high school;Employee;Above 10yr;Automobile;Owner;2-5yrs;unknown;Other;Undivided Two way;Tangent road with flat terrain;No junction;Other;Dry;Daylight;Normal;Vehicle with vehicle collision;2;1;Turnover;Under 18;Not a Pedestrian;Changing lane to the left;Slight Injury
16:00:00;Thursday;Male;Junior high school;Owner;Above 10yr;Stationwagen;Owner;Unknown;unknown;  Recreational areas;Two-way (divided with broken lines road marking);Steep grade downward with mountainous terrain;T Shape;Asphalt roads;Dry;Daylight;Normal;Vehicle with vehicle collision;2;1;Reversing;Under 18;Not a Pedestrian;No distancing;Slight Injury
16:00:00;Thursday;Male;Junior high school;Employee;Above 10yr;Other;Owner;unknown;No defect;Other;Undivided Two way;Tangent road with flat terrain;T Shape;Asphalt roads;Dry;Daylight;Normal;Vehicle with vehicle collision;2;1;Moving Backward;na;Not a Pedestrian;Changing lane to the right;Slight Injury
15:16:00;Wednesday;Male;Junior high school;Employee;No Licence;Other;Owner;1-2yr;No defect;Office areas;Two-way (divided with broken lines road marking);Tangent road with flat terrain;No junction;Asphalt roads;Dry;Daylight;Normal;Vehicle with vehicle collision;2;2;Other;31-50;Unknown or other;No distancing;Serious Injury
15:16:00;Wednesday;Male;Junior high school;Employee;1-2yr;Other;Governmental;unknown;No defect;Residential areas;Undivided Two way;Tangent road with flat terrain;No junction;Asphalt roads;Dry;Daylight;Normal;Vehicle with vehicle collision;2;2;Going straight;Over 51;Crossing from driver's nearside;Driving to the left;Serious Injury
15:16:00;Wednesday;Male;Illiterate;Owner;1-2yr;Public (13?45 seats);Owner;Unknown;No defect;Office areas;One way;Tangent road with flat terrain;No junction;Asphalt roads;Dry;Daylight;Normal;Vehicle with vehicle collision;2;2;Going straight;na;Not a Pedestrian;No distancing;Serious Injury
15:40:00;Thursday;Male;Junior high school;Owner;Below 1yr;Lorry (41?100Q);Owner;unknown;No defect;Office areas;Two-way (divided with broken lines road marking);Tangent road with flat terrain;No junction;Asphalt roads;Dry;Daylight;Normal;Other;2;1;Going straight;18-30;Not a Pedestrian;Overtaking;Slight Injury
15:40:00;Thursday;Male;Junior high school;Owner;1-2yr;Public (12 seats);Owner;Unknown;No defect; Church areas;Double carriageway (median);Tangent road with flat terrain;No junction;Asphalt roads;Dry;Daylight;Normal;Vehicle with vehicle collision;2;1;Going straight;na;Not a Pedestrian;Driving under the influence of drugs;Slight Injury
22:04:00;Saturday;Male;Junior high school;Owner;2-5yr;Automobile;Owner;unknown;No defect; Church areas;Undivided Two way;Tangent road with flat terrain;No junction;Asphalt roads;Dry;Darkness - lights lit;Normal;Collision with roadside objects;2;3;Going straight;31-50;Not a Pedestrian;No priority to pedestrian;Serious Injury
22:04:00;Saturday;Male;Unknown;Owner;5-10yr;Automobile;Owner;unknown;No defect;Residential areas;Undivided Two way;Tangent road with flat terrain;No junction;Asphalt roads;Dry;Darkness - lights lit;Normal;Vehicle with vehicle collision;2;3;Going straight;18-30;Not a Pedestrian;Moving Backward;Serious Injury
22:04:00;Saturday;Male;Unknown;Owner;Above 10yr;Stationwagen;Owner;unknown;No defect;Other;Undivided Two way;Tangent road with flat terrain;No junction;Asphalt roads;Dry;Darkness - lights lit;Normal;Vehicle with vehicle collision;2;3;Going straight;Over 51;Not a Pedestrian;Changing lane to the right;Serious Injury
08:10:00;Friday;Male;Junior high school;Owner;2-5yr;Lorry (41?100Q);Owner;Unknown;unknown;Other;other;Tangent road with flat terrain;Other;Asphalt roads;Dry;Daylight;Normal;Vehicle with vehicle collision;3;2;Going straight;na;Not a Pedestrian;Changing lane to the left;Slight Injury
08:10:00;Friday;Male;Elementary school;Owner;Above 10yr;Lorry (41?100Q);Owner;unknown;No defect;unknown;Undivided Two way;Tangent road with flat terrain;Other;Asphalt roads;Dry;Daylight;Normal;Vehicle with vehicle collision;3;2;Going straight;na;Not a Pedestrian;Changing lane to the right;Slight Injury
08:10:00;Friday;Male;Writing & reading;Owner;5-10yr;Lorry (41?100Q);Owner;2-5yrs;unknown;Residential areas;Undivided Two way;Tangent road with flat terrain;Other;Asphalt roads;Dry;Daylight;Normal;Vehicle with vehicle collision;3;2;Other;na;Not a Pedestrian;Driving under the influence of drugs;Slight Injury
11:16:00;Sunday;Male;unknown;Owner;unknown;Public (> 45 seats);Owner;Unknown;unknown;Office areas;Undivided Two way;Tangent road with flat terrain;No junction;Asphalt roads;Dry;Daylight;Normal;Vehicle with vehicle collision;2;5;Moving Backward;18-30;Not a Pedestrian;No priority to vehicle;Fatal injury
11:16:00;Sunday;Male;Junior high school;Owner;5-10yr;Public (12 seats);Owner;Unknown;unknown;Residential areas;Undivided Two way;Tangent road with flat terrain;No junction;Asphalt roads;Dry;Daylight;Normal;Collision with roadside objects;2;5;Going straight;na;Not a Pedestrian;No priority to vehicle;Fatal injury
11:16:00;Sunday;Male;Junior high school;Owner;Below 1yr;Other;Owner;Unknown;No defect;Other;Two-way (divided with broken lines road marking);Tangent road with flat terrain;No junction;Asphalt roads;Dry;Daylight;Normal;Collision with roadside objects;2;5;Moving Backward;31-50;Not a Pedestrian;Changing lane to the left;Fatal injury
11:16:00;Sunday;Male;Junior high school;Owner;2-5yr;Public (12 seats);Owner;unknown;No defect;Other;Two-way (divided with broken lines road marking);Tangent road with flat terrain;No junction;Asphalt roads;Dry;Daylight;Normal;Vehicle with vehicle collision;2;5;Going straight;31-50;Not a Pedestrian;Changing lane to the right;Fatal injury
11:16:00;Sunday;Male;Elementary school;Employee;2-5yr;Other;Owner;unknown;No defect;  Recreational areas;Two-way (divided with broken lines road marking);Tangent road with flat terrain;No junction;Asphalt roads;Dry;Daylight;Normal;Collision with roadside objects;2;5;Moving Backward;31-50;Unknown or other;Changing lane to the right;Fatal injury
11:16:00;Sunday;Male;Junior high school;Employee;2-5yr;Public (12 seats);Owner;5-10yrs;unknown; Church areas;One way;Tangent road with flat terrain;No junction;Asphalt roads;Dry;Daylight;Normal;Collision with roadside objects;2;5;unknown;Under 18;Not a Pedestrian;Changing lane to the left;Fatal injury
20:35:00;Monday;Male;Junior high school;Employee;2-5yr;Stationwagen;Owner;unknown;unknown;School areas;Two-way (divided with broken lines road marking);Tangent road with flat terrain;Y Shape;Asphalt roads;Dry;Darkness - lights lit;Normal;Vehicle with vehicle collision;2;1;Going straight;na;Not a Pedestrian;Changing lane to the left;Slight Injury
20:35:00;Monday;Male;Junior high school;Employee;5-10yr;Automobile;Owner;2-5yrs;unknown;Office areas;Undivided Two way;Tangent road with flat terrain;Y Shape;Gravel roads;Dry;Darkness - lights lit;Normal;Vehicle with vehicle collision;2;1;Going straight;na;Not a Pedestrian;Getting off the vehicle improperly;Slight Injury
09:26:00;Wednesday;Male;Junior high school;Employee;5-10yr;Lorry (41?100Q);Owner;1-2yr;unknown;Other;unknown;Tangent road with flat terrain;Crossing;Asphalt roads;Dry;Daylight;Normal;Collision with roadside objects;2;1;Going straight;Under 18;Not a Pedestrian;Overtaking;Serious Injury
09:26:00;Wednesday;Male;Junior high school;Employee;Above 10yr;Special vehicle;Owner;5-10yrs;unknown;Residential areas;Undivided Two way;Tangent road with flat terrain;Crossing;Asphalt roads;Dry;Daylight;Normal;Vehicle with vehicle collision;2;1;Going straight;na;Not a Pedestrian;Changing lane to the left;Serious Injury
12:15:00;Wednesday;Male;Elementary school;Employee;5-10yr;Lorry (41?100Q);Owner;Above 10yr;unknown;Other;Undivided Two way;Tangent road with flat terrain;No junction;Asphalt roads;Dry;Daylight;Normal;Vehicle with vehicle collision;2;1;Other;31-50;Not a Pedestrian;Driving under the influence of drugs;Slight Injury
12:15:00;Wednesday;Male;Junior high school;Employee;5-10yr;Lorry (41?100Q);Owner;1-2yr;No defect;Other;other;Steep grade downward with mountainous terrain;No junction;Asphalt roads;Dry;Daylight;Normal;Vehicle with vehicle collision;2;1;Going straight;18-30;Not a Pedestrian;Driving carelessly;Slight Injury
14:45:00;Monday;Male;Junior high school;Employee;Above 10yr;Public (> 45 seats);Owner;2-5yrs;unknown;Office areas;One way;Steep grade downward with mountainous terrain;No junction;Asphalt roads;Wet or damp;Daylight;Raining;Vehicle with vehicle collision;2;1;Moving Backward;Under 18;Not a Pedestrian;Moving Backward;Slight Injury
14:45:00;Monday;Male;Elementary school;Owner;unknown;Automobile;Owner;unknown;No defect;Residential areas;Two-way (divided with broken lines road marking);Tangent road with flat terrain;No junction;Asphalt roads;Wet or damp;Daylight;Raining;Vehicle with vehicle collision;2;1;Moving Backward;na;Not a Pedestrian;No distancing;Slight Injury
09:25:00;Tuesday;Male;Junior high school;Owner;5-10yr;Automobile;Owner;unknown;No defect;Other;Two-way (divided with broken lines road marking);Tangent road with flat terrain;No junction;Asphalt roads;Dry;Daylight;Normal;Vehicle with vehicle collision;2;1;Moving Backward;31-50;Not a Pedestrian;No priority to vehicle;Slight Injury
09:25:00;Tuesday;Male;Junior high school;Employee;5-10yr;Automobile;Organization;2-5yrs;unknown;Residential areas;Undivided Two way;Tangent road with flat terrain;No junction;Asphalt roads;Dry;Daylight;Normal;Collision with pedestrians;2;1;Going straight;na;Not a Pedestrian;Overturning;Slight Injury
14:20:00;Thursday;Male;Junior high school;Employee;Below 1yr;Public (> 45 seats);Owner;unknown;No defect; Church areas;Two-way (divided with broken lines road marking);Tangent road with flat terrain;No junction;Asphalt roads;Wet or damp;Daylight;Raining;Vehicle with vehicle collision;2;2;Going straight;Under 18;Not a Pedestrian;Changing lane to the left;Slight Injury
14:20:00;Thursday;Male;unknown;unknown;unknown;Lorry (11?40Q);Governmental;unknown;No defect;Residential areas;Two-way (divided with broken lines road marking);Tangent road with flat terrain;No junction;Asphalt roads;Wet or damp;Daylight;Raining;Collision with roadside objects;2;2;Going straight;na;Not a Pedestrian;No distancing;Slight Injury
17:30:00;Sunday;Male;Junior high school;Employee;5-10yr;Pick up upto 10Q;Owner;unknown;No defect;Office areas;One way;Tangent road with flat terrain;Other;Asphalt roads;Dry;Daylight;Normal;Vehicle with vehicle collision;2;1;Going straight;18-30;Unknown or other;Moving Backward;Slight Injury
17:30:00;Sunday;Male;Junior high school;Employee;5-10yr;Lorry (11?40Q);Governmental;Below 1yr;No defect;Residential areas;Two-way (divided with broken lines road marking);Tangent road with flat terrain;Other;Asphalt roads;Dry;Daylight;Normal;Vehicle with vehicle collision;2;1;Other;18-30;Not a Pedestrian;No priority to vehicle;Slight Injury
20:31:00;Saturday;Male;Junior high school;Employee;Above 10yr;Pick up upto 10Q;Owner;Unknown;No defect;Other;One way;Tangent road with flat terrain;No junction;Asphalt roads;Dry;Darkness - lights lit;Normal;Vehicle with vehicle collision;1;1;Going straight;na;Not a Pedestrian;No priority to vehicle;Slight Injury
17:18:00;Wednesday;Male;High school;Employee;Above 10yr;Special vehicle;Owner;Unknown;unknown; Industrial areas;Two-way (divided with broken lines road marking);Tangent road with flat terrain;Other;Asphalt roads;Dry;Darkness - lights lit;Normal;Vehicle with vehicle collision;2;1;Going straight;18-30;Unknown or other;No distancing;Slight Injury
17:18:00;Wednesday;Male;Junior high school;Employee;Above 10yr;Lorry (11?40Q);Owner;Unknown;unknown; Church areas;Two-way (divided with broken lines road marking);Tangent road with flat terrain;Other;Asphalt roads;Dry;Darkness - lights lit;Normal;Vehicle with vehicle collision;2;1;Going straight;Over 51;Crossing from nearside - masked by parked or statioNot a Pedestrianry vehicle;No distancing;Slight Injury
15:34:00;Monday;Male;Junior high school;Employee;Above 10yr;unknown;Owner;2-5yrs;No defect;Residential areas;Undivided Two way;Steep grade downward with mountainous terrain;Crossing;Asphalt roads;Dry;Daylight;Normal;Vehicle with vehicle collision;3;1;Reversing;18-30;Not a Pedestrian;Overtaking;Serious Injury
15:34:00;Monday;Male;Junior high school;Employee;Above 10yr;unknown;unknown;unknown;unknown;unknown;Two-way (divided with broken lines road marking);Tangent road with flat terrain;Crossing;Asphalt roads;Dry;Daylight;Normal;Vehicle with vehicle collision;3;1;Moving Backward;na;Not a Pedestrian;Driving under the influence of drugs;Serious Injury
15:34:00;Monday;Male;Junior high school;Employee;Above 10yr;Lorry (41?100Q);unknown;unknown;unknown;unknown;Two-way (divided with broken lines road marking);Tangent road with flat terrain;Crossing;Gravel roads;Dry;Daylight;Normal;Vehicle with vehicle collision;3;1;Going straight;18-30;Not a Pedestrian;Changing lane to the right;Serious Injury
08:46:00;Wednesday;Male;Junior high school;Employee;5-10yr;Other;Owner;1-2yr;No defect;Office areas;Undivided Two way;Tangent road with flat terrain;No junction;Asphalt roads;Dry;Daylight;Normal;Vehicle with vehicle collision;1;1;Going straight;na;Not a Pedestrian;Changing lane to the left;Slight Injury
16:59:00;Saturday;Male;Junior high school;Employee;2-5yr;Other;Owner;Above 10yr;No defect; Outside rural areas;Two-way (divided with broken lines road marking);Tangent road with mountainous terrain and;No junction;Gravel roads;Wet or damp;Darkness - lights lit;Other;Collision with roadside objects;1;1;Reversing;18-30;Not a Pedestrian;Driving carelessly;Serious Injury
21:30:00;Monday;Male;Junior high school;Employee;Below 1yr;Automobile;Owner;Above 10yr;No defect; Church areas;Two-way (divided with broken lines road marking);Steep grade downward with mountainous terrain;No junction;Asphalt roads;Dry;Darkness - lights lit;Normal;Vehicle with vehicle collision;2;2;Going straight;na;Not a Pedestrian;Moving Backward;Slight Injury
21:30:00;Monday;Male;Junior high school;Employee;Below 1yr;Other;Owner;unknown;No defect;Office areas;other;Tangent road with mountainous terrain and;No junction;Asphalt roads;Dry;Darkness - lights lit;Normal;Collision with roadside objects;2;2;Reversing;31-50;Not a Pedestrian;Moving Backward;Slight Injury
21:30:00;Monday;Male;Junior high school;Employee;2-5yr;Automobile;Owner;Above 10yr;unknown; Church areas;Two-way (divided with broken lines road marking);Steep grade downward with mountainous terrain;No junction;Asphalt roads;Dry;Darkness - lights lit;Normal;Vehicle with vehicle collision;2;2;Other;na;Not a Pedestrian;Changing lane to the right;Slight Injury
09:30:00;Tuesday;Male;Elementary school;Employee;Below 1yr;Public (13?45 seats);unknown;unknown;unknown;Office areas;other;Tangent road with mountainous terrain and;No junction;Asphalt roads;Dry;Daylight;Normal;Vehicle with vehicle collision;2;1;unknown;na;Not a Pedestrian;No priority to vehicle;Slight Injury
09:30:00;Tuesday;Male;Junior high school;Employee;Below 1yr;Lorry (41?100Q);Governmental;unknown;No defect;Office areas;Undivided Two way;Tangent road with flat terrain;No junction;Asphalt roads;Dry;Daylight;Normal;unknown;2;1;Going straight;5;Not a Pedestrian;Driving at high speed;Slight Injury
20:55:00;Saturday;Male;Junior high school;Employee;unknown;unknown;Owner;1-2yr;No defect;School areas;Two-way (divided with broken lines road marking);Tangent road with flat terrain;Y Shape;Asphalt roads;Wet or damp;Daylight;Normal;Collision with pedestrians;2;1;Going straight;Under 18;Not a Pedestrian;Driving under the influence of drugs;Slight Injury
20:55:00;Saturday;Male;unknown;Employee;5-10yr;Automobile;Owner;Below 1yr;No defect;Residential areas;Two-way (divided with broken lines road marking);Tangent road with flat terrain;Y Shape;Asphalt roads;Wet or damp;Daylight;Normal;Vehicle with vehicle collision;2;1;Going straight;Over 51;Not a Pedestrian;Changing lane to the right;Slight Injury
18:10:00;Tuesday;Female;Writing & reading;Employee;Below 1yr;unknown;Owner;unknown;No defect;Office areas;other;Tangent road with mountainous terrain and;Crossing;Asphalt roads;Wet or damp;Darkness - lights lit;Cloudy;Vehicle with vehicle collision;2;1;Going straight;na;Not a Pedestrian;Driving carelessly;Slight Injury
18:10:00;Tuesday;Male;Junior high school;Employee;Below 1yr;Lorry (41?100Q);Owner;Unknown;No defect;Rural village areasOffice areas;other;Tangent road with flat terrain;Crossing;Asphalt roads;Wet or damp;Darkness - lights lit;Cloudy;Vehicle with vehicle collision;2;1;Going straight;na;Not a Pedestrian;No distancing;Slight Injury
13:15:00;Friday;Male;Junior high school;Employee;1-2yr;unknown;Owner;Unknown;No defect;Other;Two-way (divided with broken lines road marking);Tangent road with flat terrain;Crossing;Asphalt roads;Wet or damp;Daylight;Normal;Collision with pedestrians;2;1;Going straight;na;Not a Pedestrian;Changing lane to the left;Slight Injury
13:15:00;Friday;Male;Elementary school;Employee;Above 10yr;Lorry (41?100Q);Owner;Unknown;No defect;Residential areas;Undivided Two way;Tangent road with flat terrain;Crossing;Asphalt roads;Wet or damp;Daylight;Normal;Collision with roadside objects;2;1;Going straight;31-50;Not a Pedestrian;No distancing;Slight Injury
17:15:00;Tuesday;Male;Elementary school;Employee;Above 10yr;Taxi;Owner;Unknown;No defect;Office areas;Undivided Two way;Tangent road with flat terrain;Y Shape;Asphalt roads;Wet or damp;Darkness - lights lit;Normal;unknown;4;1;Going straight;18-30;Not a Pedestrian;No distancing;Slight Injury
17:15:00;Tuesday;Male;Elementary school;Employee;Below 1yr;Lorry (41?100Q);Owner;Unknown;No defect;Office areas;Undivided Two way;Tangent road with flat terrain;Y Shape;Asphalt roads;Wet or damp;Darkness - lights lit;Normal;Vehicle with vehicle collision;4;1;Going straight;31-50;Not a Pedestrian;Getting off the vehicle improperly;Slight Injury
17:15:00;Tuesday;Male;High school;Employee;2-5yr;Lorry (41?100Q);Owner;Unknown;No defect;Residential areas;Undivided Two way;Tangent road with flat terrain;Y Shape;Asphalt roads;Wet or damp;Darkness - lights lit;Normal;unknown;4;1;Going straight;na;Not a Pedestrian;Overtaking;Slight Injury
17:15:00;Tuesday;Male;Junior high school;Employee;2-5yr;Other;Owner;Unknown;No defect;Office areas;Undivided Two way;Tangent road with flat terrain;Y Shape;Asphalt roads;Wet or damp;Darkness - lights lit;Normal;unknown;4;1;Going straight;31-50;Not a Pedestrian;Driving carelessly;Slight Injury
17:55:00;Tuesday;Male;Above high school;Employee;Above 10yr;Stationwagen;Owner;Unknown;No defect;Office areas;Undivided Two way;Tangent road with flat terrain;No junction;Asphalt roads;Dry;Darkness - lights lit;Normal;unknown;2;1;Going straight;na;Not a Pedestrian;Driving under the influence of drugs;Fatal injury
17:55:00;Tuesday;Male;Junior high school;Employee;2-5yr;Stationwagen;Owner;Unknown;No defect;Office areas;unknown;Tangent road with flat terrain;No junction;Asphalt roads;Dry;Darkness - lights lit;Normal;Vehicle with vehicle collision;2;1;Going straight;Over 51;Unknown or other;Moving Backward;Fatal injury
07:54:00;Wednesday;Male;Junior high school;Employee;2-5yr;Lorry (41?100Q);Owner;Unknown;No defect;Office areas;Two-way (divided with broken lines road marking);Tangent road with flat terrain;Other;Asphalt roads;Wet or damp;Daylight;Normal;Vehicle with vehicle collision;2;1;Going straight;na;Not a Pedestrian;Overturning;Slight Injury
07:54:00;Wednesday;Male;High school;Employee;1-2yr;Lorry (41?100Q);Owner;Unknown;No defect;Other;Undivided Two way;Tangent road with flat terrain;Other;Asphalt roads;Wet or damp;Daylight;Normal;Collision with roadside objects;2;1;Going straight;Under 18;Not a Pedestrian;Driving under the influence of drugs;Slight Injury
12:43:00;Wednesday;Male;Junior high school;Employee;5-10yr;Other;Owner;Unknown;No defect;Other;Two-way (divided with broken lines road marking);Tangent road with flat terrain;No junction;Asphalt roads;Dry;Daylight;Normal;Collision with roadside objects;1;1;Moving Backward;Over 51;Not a Pedestrian;Changing lane to the right;Serious Injury
17:25:00;Wednesday;Male;Junior high school;Employee;Below 1yr;Automobile;Owner;2-5yrs;unknown;Other;Two-way (divided with broken lines road marking);Tangent road with flat terrain;Y Shape;Asphalt roads;Wet or damp;Daylight;Other;Vehicle with vehicle collision;2;1;Going straight;na;Not a Pedestrian;Changing lane to the left;Serious Injury
17:25:00;Wednesday;Male;Junior high school;Employee;Below 1yr;unknown;Owner;2-5yrs;unknown;Residential areas;One way;Tangent road with flat terrain;Y Shape;Asphalt roads;Wet or damp;Daylight;Other;Vehicle with vehicle collision;2;1;Going straight;18-30;Not a Pedestrian;No distancing;Serious Injury
10:35:00;Sunday;Male;Elementary school;Employee;unknown;Taxi;Owner;2-5yrs;unknown;School areas;Undivided Two way;Tangent road with mild grade and flat terrain;Other;Asphalt roads;Dry;Daylight;Normal;Vehicle with vehicle collision;2;1;Going straight;Over 51;Not a Pedestrian;No distancing;Serious Injury
10:35:00;Sunday;Male;Junior high school;Employee;Below 1yr;Lorry (41?100Q);Owner;2-5yrs;unknown;Residential areas;Undivided Two way;Tangent road with mild grade and flat terrain;Other;Asphalt roads;Dry;Daylight;Normal;Vehicle with vehicle collision;2;1;unknown;Over 51;Not a Pedestrian;No priority to vehicle;Serious Injury
07:45:00;Monday;Female;Junior high school;Employee;1-2yr;Other;Owner;2-5yrs;No defect;Office areas;Two-way (divided with broken lines road marking);Tangent road with flat terrain;No junction;Asphalt roads;Dry;Daylight;Other;Vehicle with vehicle collision;2;1;Turnover;na;Not a Pedestrian;Moving Backward;Slight Injury
07:45:00;Monday;Male;Elementary school;Employee;2-5yr;Automobile;Owner;unknown;No defect; Church areas;One way;Tangent road with flat terrain;No junction;Asphalt roads;Dry;Daylight;Other;Rollover;2;1;Going straight;18-30;Not a Pedestrian;Moving Backward;Slight Injury
08:40:00;Wednesday;Female;High school;Employee;1-2yr;Public (> 45 seats);Owner;unknown;No defect;Other;Undivided Two way;Tangent road with flat terrain;No junction;Asphalt roads;Dry;Daylight;Normal;Vehicle with vehicle collision;1;1;Going straight;5;Not a Pedestrian;Getting off the vehicle improperly;Slight Injury
07:45:00;Thursday;Male;Junior high school;Employee;5-10yr;Stationwagen;Owner;2-5yrs;No defect;Other;One way;Tangent road with flat terrain;Crossing;Asphalt roads;Dry;Daylight;Normal;Collision with roadside objects;1;1;Going straight;na;Not a Pedestrian;Changing lane to the left;Slight Injury
15:50:00;Wednesday;Male;Junior high school;Employee;Below 1yr;Automobile;Owner;5-10yrs;No defect;Other;Two-way (divided with broken lines road marking);Tangent road with flat terrain;Y Shape;Asphalt roads;Dry;Daylight;Normal;Collision with pedestrians;2;3;Going straight;na;Not a Pedestrian;Changing lane to the left;Slight Injury
15:50:00;Wednesday;Male;High school;Employee;Above 10yr;Lorry (41?100Q);Owner;unknown;No defect;Other;Two-way (divided with broken lines road marking);Tangent road with flat terrain;Y Shape;Asphalt roads;Dry;Daylight;Normal;Vehicle with vehicle collision;2;3;Going straight;18-30;Not a Pedestrian;No priority to vehicle;Slight Injury
15:50:00;Wednesday;Male;Elementary school;Owner;5-10yr;Other;Owner;unknown;No defect;Office areas;Undivided Two way;Tangent road with flat terrain;Y Shape;Asphalt roads;Dry;Daylight;Normal;Vehicle with vehicle collision;2;3;Going straight;18-30;Crossing from driver's nearside;Changing lane to the right;Slight Injury
15:50:00;Wednesday;Male;Elementary school;Employee;Below 1yr;Public (13?45 seats);Owner;unknown;No defect;Office areas;Two-way (divided with solid lines road marking);Tangent road with flat terrain;Y Shape;Asphalt roads;Dry;Daylight;Normal;Vehicle with vehicle collision;2;3;Going straight;na;Not a Pedestrian;Changing lane to the right;Slight Injury