Time;Day_of_week;Sex_of_driver;Educational_level;Vehicle_driver_relation;Driving_experience;Type_of_vehicle;Owner_of_vehicle;Service_year_of_vehicle;Defect_of_vehicle;Area_accident_occured;Lanes_or_Medians;Road_allignment;Types_of_Junction;Road_surface_type;Road_surface_conditions;Light_conditions;Weather_conditions;Type_of_collision;Number_of_vehicles_involved;Number_of_casualties;Vehicle_movement;Age_band_of_casualty;Pedestrian_movement;Cause_of_accident;Accident_severity
17:00:00;Tuesday;Male;Junior high school;Employee;5-10yr;Other;Owner;Unknown;No defect;Residential areas;Undivided Two way;Tangent road with flat terrain;No junction;Asphalt roads;Wet or damp;Darkness - lights lit;Normal;Vehicle with vehicle collision;2;1;Going straight;18-30;Not a Pedestrian;Driving carelessly;Slight Injury
17:00:00;Tuesday;Male;Elementary school;Owner;5-10yr;Other;Owner;Unknown;No defect;Office areas;One way;Tangent road with flat terrain;No junction;Asphalt roads;Wet or damp;Darkness - lights lit;Normal;Vehicle with vehicle collision;2;1;Going straight;na;Not a Pedestrian;Changing lane to the left;Slight Injury
17:55:00;Sunday;Male;Junior high school;Employee;2-5yr;Ridden horse;Owner;Unknown;No defect;Residential areas;Two-way (divided with broken lines road marking);Tangent road with flat terrain;Y Shape;Asphalt roads;Dry;Darkness - lights lit;Normal;Vehicle with vehicle collision;1;1;Turnover;31-50;Not a Pedestrian;Changing lane to the right;Serious Injury
11:10:00;Saturday;Male;Junior high school;Employee;Above 10yr;Lorry (41?100Q);Owner;Unknown;No defect;Office areas;Undivided Two way;Tangent road with flat terrain;Crossing;Asphalt roads;Wet or damp;Daylight;Raining;Vehicle with vehicle collision;2;3;unknown;na;Not a Pedestrian;Driving under the influence of drugs;Slight Injury
11:10:00;Saturday;Male;Junior high school;Employee;5-10yr;Lorry (41?100Q);Owner;Unknown;No defect;Other;Two-way (divided with broken lines road marking);Tangent road with flat terrain;Crossing;Asphalt roads;Wet or damp;Daylight;Raining;Collision with roadside objects;2;3;Reversing;18-30;Not a Pedestrian;Driving carelessly;Slight Injury
11:10:00;Saturday;Male;High school;Employee;1-2yr;Pick up upto 10Q;Owner;Unknown;No defect;Office areas;One way;Tangent road with flat terrain;Crossing;Asphalt roads;Wet or damp;Daylight;Raining;Rollover;2;3;Other;Over 51;Crossing from nearside - masked by parked or statioNot a Pedestrianry vehicle;No distancing;Slight Injury
18:00:00;Tuesday;Male;Junior high school;Employee;Above 10yr;Lorry (11?40Q);Owner;Unknown;No defect;School areas;Undivided Two way;Tangent road with flat terrain;T Shape;Asphalt roads;Dry;Darkness - lights lit;Normal;Vehicle with vehicle collision;2;5;Going straight;Over 51;Not a Pedestrian;No priority to vehicle;Slight Injury
18:00:00;Tuesday;Male;Elementary school;Owner;2-5yr;Automobile;Owner;unknown;unknown;Residential areas;One way;Tangent road with flat terrain;T Shape;Asphalt roads;Dry;Darkness - lights lit;Normal;Collision with pedestrians;2;5;Going straight;Over 51;Not a Pedestrian;No priority to vehicle;Slight Injury
18:00:00;Tuesday;Male;Junior high school;Employee;5-10yr;Automobile;Owner;unknown;unknown;Office areas;Undivided Two way;Tangent road with flat terrain;T Shape;Asphalt roads;Dry;Darkness - lights lit;Normal;Vehicle with vehicle collision;2;5;Turnover;na;Not a Pedestrian;No priority to vehicle;Slight Injury
18:00:00;Tuesday;Male;Junior high school;Employee;Below 1yr;Pick up upto 10Q;Owner;Unknown;No defect;Residential areas;Undivided Two way;Tangent road with flat terrain;T Shape;Asphalt roads;Dry;Darkness - lights lit;Normal;Vehicle with vehicle collision;2;5;Other;5;Not a Pedestrian;Changing lane to the left;Slight Injury
18:00:00;Tuesday;Male;Junior high school;Employee;5-10yr;Automobile;Owner;Above 10yr;unknown;Office areas;Undivided Two way;Tangent road with flat terrain;T Shape;Asphalt roads;Dry;Darkness - lights lit;Normal;Collision with pedestrians;2;5;Going straight;Over 51;Not a Pedestrian;Moving Backward;Slight Injury
18:00:00;Tuesday;Male;High school;Employee;Above 10yr;Other;Owner;Above 10yr;unknown;Residential areas;One way;Tangent road with flat terrain;T Shape;Asphalt roads;Dry;Darkness - lights lit;Normal;Collision with pedestrians;2;5;Going straight;na;Not a Pedestrian;Driving carelessly;Slight Injury
15:35:00;Friday;Male;Junior high school;Employee;5-10yr;Lorry (41?100Q);Owner;Unknown;No defect;Other;other;Tangent road with flat terrain;Other;Asphalt roads;Dry;Daylight;Normal;Vehicle with vehicle collision;2;1;Other;na;Not a Pedestrian;Driving under the influence of drugs;Slight Injury
15:35:00;Friday;Male;Elementary school;Employee;1-2yr;Public (13?45 seats);Other;Unknown;unknown;Other;Two-way (divided with broken lines road marking);Tangent road with flat terrain;Other;Asphalt roads;Dry;Daylight;Normal;Vehicle with vehicle collision;2;1;Going straight;31-50;Not a Pedestrian;Changing lane to the right;Slight Injury
18:30:00;Thursday;Male;Junior high school;Employee;unknown;Pick up upto 10Q;Owner;5-10yrs;unknown;Office areas;Two-way (divided with broken lines road marking);Tangent road with flat terrain;Y Shape;Asphalt roads;Dry;Darkness - lights lit;Normal;Vehicle with vehicle collision;2;2;Turnover;Over 51;Crossing from nearside - masked by parked or statioNot a Pedestrianry vehicle;No priority to vehicle;Slight Injury
18:30:00;Thursday;Male;Above high school;Employee;1-2yr;Stationwagen;Owner;Above 10yr;No defect;Office areas;Two-way (divided with broken lines road marking);Tangent road with flat terrain;Y Shape;Asphalt roads;Dry;Darkness - lights lit;Normal;Vehicle with vehicle collision;2;2;Going straight;Under 18;Not a Pedestrian;Changing lane to the right;Slight Injury
18:30:00;Thursday;Male;Junior high school;Employee;Above 10yr;Other;Owner;2-5yrs;No defect;Residential areas;Two-way (divided with broken lines road marking);Tangent road with flat terrain;Y Shape;Asphalt roads;Dry;Darkness - lights lit;Normal;Vehicle with vehicle collision;2;2;Turnover;18-30;Not a Pedestrian;Driving to the left;Slight Injury
13:50:00;Wednesday;Male;Junior high school;Employee;1-2yr;Pick up upto 10Q;Owner;unknown;No defect;Other;Two-way (divided with broken lines road marking);Tangent road with flat terrain;Y Shape;Asphalt roads;Dry;Daylight;Normal;Collision with roadside objects;2;2;Going straight;18-30;Crossing from offside - masked by  parked or statioNot a Pedestrianry vehicle;Moving Backward;Serious Injury
13:50:00;Wednesday;Male;Junior high school;Employee;5-10yr;Public (13?45 seats);Governmental;unknown;No defect;Other;Undivided Two way;Tangent road with flat terrain;Y Shape;Asphalt roads;Dry;Daylight;Normal;Vehicle with vehicle collision;2;2;Moving Backward;31-50;Not a Pedestrian;No priority to vehicle;Serious Injury
13:50:00;Wednesday;Male;Junior high school;Employee;2-5yr;Public (12 seats);Owner;unknown;No defect;Office areas;Two-way (divided with broken lines road marking);Tangent road with flat terrain;Y Shape;Asphalt roads;Dry;Daylight;Normal;Vehicle with vehicle collision;2;2;unknown;na;Not a Pedestrian;No distancing;Serious Injury
18:15:00;Tuesday;Male;unknown;unknown;unknown;Lorry (41?100Q);Owner;unknown;No defect;Office areas;Two-way (divided with broken lines road marking);Tangent road with flat terrain;No junction;Asphalt roads;Dry;Darkness - lights lit;Normal;Vehicle with vehicle collision;2;1;Going straight;31-50;Not a Pedestrian;Driving carelessly;Slight Injury
18:15:00;Tuesday;Male;Junior high school;Employee;2-5yr;Pick up upto 10Q;Owner;Unknown;No defect; Church areas;Undivided Two way;Tangent road with flat terrain;No junction;Asphalt roads;Dry;Darkness - lights lit;Normal;Vehicle with vehicle collision;2;1;Going straight;na;Not a Pedestrian;Changing lane to the left;Slight Injury
15:45:00;Friday;Male;Junior high school;Employee;2-5yr;Lorry (41?100Q);Governmental;Unknown;No defect;Other;One way;Tangent road with flat terrain;No junction;Asphalt roads;Dry;Daylight;Normal;Vehicle with vehicle collision;2;2;Reversing;18-30;Not a Pedestrian;No priority to vehicle;Slight Injury
15:45:00;Friday;Male;Junior high school;Employee;Above 10yr;Pick up upto 10Q;Owner;Unknown;No defect;Office areas;Undivided Two way;Tangent road with flat terrain;No junction;Asphalt roads;Dry;Daylight;Normal;Vehicle with vehicle collision;2;2;Reversing;na;Not a Pedestrian;No priority to vehicle;Slight Injury
14:20:00;Tuesday;Male;Junior high school;Employee;1-2yr;Long lorry;Owner;1-2yr;unknown;Office areas;Two-way (divided with broken lines road marking);Tangent road with flat terrain;Y Shape;Asphalt roads;Wet or damp;Daylight;Other;Vehicle with vehicle collision;2;1;Reversing;31-50;Not a Pedestrian;No distancing;Slight Injury
14:20:00;Tuesday;Male;Above high school;Owner;1-2yr;unknown;Owner;Below 1yr;unknown;Residential areas;Two-way (divided with broken lines road marking);Tangent road with flat terrain;Y Shape;Asphalt roads;Wet or damp;Daylight;Other;Vehicle with vehicle collision;2;1;Going straight;18-30;Not a Pedestrian;Driving to the left;Slight Injury
22:04:00;Monday;Male;Above high school;Employee;No Licence;Other;unknown;unknown;unknown;Other;Undivided Two way;Tangent road with flat terrain;Crossing;Asphalt roads;Snow;Darkness - lights lit;Snow;Vehicle with vehicle collision;2;2;Going straight;na;Not a Pedestrian;Driving carelessly;Serious Injury
22:04:00;Monday;Male;Junior high school;Employee;1-2yr;unknown;Owner;5-10yrs;unknown;Residential areas;Two-way (divided with broken lines road marking);Tangent road with flat terrain;Crossing;Asphalt roads;Snow;Darkness - lights lit;Snow;Vehicle with vehicle collision;2;2;Going straight;na;Not a Pedestrian;Driving carelessly;Serious Injury
22:04:00;Monday;Male;Junior high school;Employee;5-10yr;Public (13?45 seats);Governmental;unknown;unknown;Office areas;Two-way (divided with broken lines road marking);Tangent road with flat terrain;Crossing;Asphalt roads;Snow;Darkness - lights lit;Snow;Vehicle with vehicle collision;2;2;Going straight;18-30;Not a Pedestrian;Changing lane to the right;Serious Injury
17:10:00;Tuesday;Female;Junior high school;Employee;Above 10yr;Special vehicle;Owner;5-10yrs;unknown;Office areas;Undivided Two way;Tangent road with flat terrain;Y Shape;Asphalt roads;Dry;Darkness - lights lit;Normal;Vehicle with vehicle collision;2;1;Moving Backward;31-50;Not a Pedestrian;Driving carelessly;Slight Injury
17:10:00;Tuesday;Male;Junior high school;Employee;Above 10yr;Lorry (41?100Q);Owner;Above 10yr;unknown;Other;Undivided Two way;Tangent road with flat terrain;Y Shape;Asphalt roads;Dry;Darkness - lights lit;Normal;Vehicle with vehicle collision;2;1;Going straight;na;Not a Pedestrian;Changing lane to the left;Slight Injury
09:00:00;Wednesday;Male;Junior high school;Owner;5-10yr;Lorry (41?100Q);Owner;1-2yr;No defect;Other;other;Steep grade downward with mountainous terrain;No junction;Asphalt roads;Wet or damp;Daylight;Normal;Vehicle with vehicle collision;2;1;Moving Backward;31-50;Not a Pedestrian;Driving carelessly;Slight Injury
09:00:00;Wednesday;Male;Elementary school;Employee;2-5yr;Public (> 45 seats);Owner;2-5yrs;unknown;Office areas;One way;Steep grade downward with mountainous terrain;No junction;Asphalt roads;Wet or damp;Daylight;Normal;Vehicle with vehicle collision;2;1;Moving Backward;na;Not a Pedestrian;Driving carelessly;Slight Injury
03:59:00;Sunday;Male;Junior high school;Employee;2-5yr;Automobile;Owner;unknown;No defect;Residential areas;Two-way (divided with broken lines road marking);Tangent road with flat terrain;Crossing;Asphalt roads;Dry;Darkness - lights lit;Other;Collision with roadside objects;2;2;Going straight;18-30;Not a Pedestrian;Driving under the influence of drugs;Slight Injury
03:59:00;Sunday;Male;Junior high school;Employee;Below 1yr;Automobile;Owner;unknown;No defect;Other;Two-way (divided with broken lines road marking);Tangent road with flat terrain;Crossing;Asphalt roads;Dry;Darkness - lights lit;Other;Vehicle with vehicle collision;2;2;Other;18-30;Crossing from nearside - masked by parked or statioNot a Pedestrianry vehicle;Driving carelessly;Slight Injury
15:15:00;Sunday;Male;Junior high school;Employee;2-5yr;Automobile;Organization;2-5yrs;unknown;Residential areas;Undivided Two way;Tangent road with flat terrain;No junction;Asphalt roads;Wet or damp;Daylight;Windy;Vehicle with vehicle collision;2;3;Going straight;na;Not a Pedestrian;No distancing;Serious Injury
15:15:00;Sunday;Male;Junior high school;Employee;2-5yr;Public (> 45 seats);Owner;unknown;No defect; Church areas;Two-way (divided with broken lines road marking);Tangent road with flat terrain;No junction;Asphalt roads;Wet or damp;Daylight;Windy;Vehicle with vehicle collision;2;3;Other;Over 51;Not a Pedestrian;Driving carelessly;Serious Injury
15:15:00;Sunday;Male;Elementary school;Employee;5-10yr;Lorry (11?40Q);Governmental;unknown;No defect;Residential areas;Two-way (divided with broken lines road marking);Tangent road with flat terrain;No junction;Asphalt roads;Wet or damp;Daylight;Windy;Vehicle with vehicle collision;2;3;Going straight;Over 51;Not a Pedestrian;Driving to the left;Serious Injury
15:15:00;Sunday;Male;Junior high school;Employee;Above 10yr;Pick up upto 10Q;Owner;unknown;No defect;Office areas;One way;Tangent road with flat terrain;No junction;Asphalt roads;Wet or damp;Daylight;Windy;Collision with pedestrians;2;3;Reversing;31-50;Crossing from nearside - masked by parked or statioNot a Pedestrianry vehicle;Overtaking;Serious Injury
08:39:00;Wednesday;Male;unknown;unknown;unknown;Lorry (11?40Q);Governmental;Below 1yr;No defect;Residential areas;Two-way (divided with broken lines road marking);Tangent road with flat terrain;Y Shape;Asphalt roads;Dry;Daylight;Normal;Vehicle with vehicle collision;2;2;unknown;18-30;Not a Pedestrian;No distancing;Serious Injury
08:39:00;Wednesday;Male;Junior high school;Employee;2-5yr;Pick up upto 10Q;Owner;Unknown;No defect;Other;One way;Tangent road with flat terrain;Y Shape;Asphalt roads;Dry;Daylight;Normal;Vehicle with vehicle collision;2;2;Going straight;Over 51;Crossing from nearside - masked by parked or statioNot a Pedestrianry vehicle;Driving carelessly;Serious Injury
13:52:00;Wednesday;Male;Junior high school;Employee;5-10yr;Special vehicle;Owner;Unknown;unknown; Industrial areas;Two-way (divided with broken lines road marking);Tangent road with flat terrain;No junction;Asphalt roads;Dry;Daylight;Normal;Vehicle with vehicle collision;2;1;Going straight;Over 51;Not a Pedestrian;No priority to vehicle;Slight Injury
13:52:00;Wednesday;Male;Above high school;Employee;2-5yr;Lorry (11?40Q);Owner;Unknown;unknown; Church areas;Two-way (divided with broken lines road marking);Tangent road with flat terrain;No junction;Asphalt roads;Dry;Daylight;Normal;Vehicle with vehicle collision;2;1;Going straight;31-50;Not a Pedestrian;No priority to vehicle;Slight Injury
13:15:00;Friday;Male;unknown;unknown;unknown;unknown;Owner;2-5yrs;No defect;Residential areas;Undivided Two way;Steep grade downward with mountainous terrain;Y Shape;Asphalt roads;Wet or damp;Daylight;Other;Vehicle with vehicle collision;1;1;Going straight;18-30;Not a Pedestrian;No priority to vehicle;Slight Injury
17:45:00;Wednesday;Male;unknown;Employee;1-2yr;unknown;unknown;unknown;unknown;unknown;Two-way (divided with broken lines road marking);Tangent road with flat terrain;No junction;Asphalt roads;Dry;Darkness - lights lit;Normal;Vehicle with vehicle collision;1;1;Going straight;18-30;Not a Pedestrian;No priority to vehicle;Slight Injury
08:45:00;Monday;Male;Junior high school;Employee;2-5yr;Lorry (41?100Q);unknown;unknown;unknown;unknown;Two-way (divided with broken lines road marking);Tangent road with flat terrain;Y Shape;Asphalt roads;Dry;Daylight;Normal;Vehicle with vehicle collision;1;1;Going straight;31-50;Not a Pedestrian;No distancing;Slight Injury
01:25:00;Saturday;Male;Junior high school;Employee;Above 10yr;Other;Owner;1-2yr;No defect;Office areas;Undivided Two way;Tangent road with flat terrain;No junction;Asphalt roads;Dry;Darkness - lights lit;Cloudy;Vehicle with vehicle collision;3;1;Other;na;Not a Pedestrian;Moving Backward;Slight Injury
01:25:00;Saturday;Male;Junior high school;Employee;Below 1yr;Other;Owner;Above 10yr;No defect; Outside rural areas;Two-way (divided with broken lines road marking);Tangent road with mountainous terrain and;No junction;Asphalt roads;Dry;Darkness - lights lit;Cloudy;Collision with pedestrians;3;1;Going straight;Under 18;Not a Pedestrian;No distancing;Slight Injury
01:25:00;Saturday;Male;Junior high school;Employee;2-5yr;Automobile;Owner;Above 10yr;No defect; Church areas;Two-way (divided with broken lines road marking);Steep grade downward with mountainous terrain;No junction;Asphalt roads;Dry;Darkness - lights lit;Cloudy;Vehicle with vehicle collision;3;1;Going straight;na;Not a Pedestrian;Changing lane to the left;Slight Injury
05:02:00;Saturday;Male;Junior high school;Employee;Below 1yr;Other;Owner;unknown;No defect;Office areas;other;Tangent road with mountainous terrain and;No junction;Asphalt roads;Wet or damp;Darkness - lights lit;Raining;Vehicle with vehicle collision;1;1;Going straight;18-30;Not a Pedestrian;Changing lane to the left;Slight Injury
08:40:00;Wednesday;Male;High school;Employee;5-10yr;Automobile;Owner;Above 10yr;unknown; Church areas;Two-way (divided with broken lines road marking);Steep grade downward with mountainous terrain;No junction;Asphalt roads;Dry;Daylight;Normal;Vehicle with vehicle collision;1;1;Going straight;31-50;Not a Pedestrian;No priority to pedestrian;Slight Injury
17:55:00;Tuesday;Male;Above high school;Employee;1-2yr;Public (13?45 seats);unknown;unknown;unknown;Office areas;other;Tangent road with mountainous terrain and;No junction;Asphalt roads;Dry;Darkness - lights lit;Normal;Vehicle with vehicle collision;2;1;Reversing;31-50;Not a Pedestrian;Moving Backward;Slight Injury
17:55:00;Tuesday;Male;Junior high school;Employee;Below 1yr;Lorry (41?100Q);Governmental;unknown;No defect;Office areas;Undivided Two way;Tangent road with flat terrain;No junction;Asphalt roads;Dry;Darkness - lights lit;Normal;Collision with roadside objects;2;1;Going straight;31-50;Not a Pedestrian;Changing lane to the left;Slight Injury
14:20:00;Saturday;Male;unknown;unknown;unknown;unknown;Owner;1-2yr;No defect;School areas;Two-way (divided with broken lines road marking);Tangent road with flat terrain;No junction;Asphalt roads;Dry;Daylight;Normal;Vehicle with vehicle collision;3;2;Going straight;18-30;Not a Pedestrian;No distancing;Slight Injury
14:20:00;Saturday;Male;High school;Employee;Below 1yr;Automobile;Owner;Below 1yr;No defect;Residential areas;Two-way (divided with broken lines road marking);Tangent road with flat terrain;No junction;Asphalt roads;Dry;Daylight;Normal;Vehicle with vehicle collision;3;2;Other;na;Not a Pedestrian;No priority to vehicle;Slight Injury
14:20:00;Saturday;Male;High school;Employee;Below 1yr;unknown;Owner;unknown;No defect;Office areas;other;Tangent road with mountainous terrain and;No junction;Asphalt roads;Dry;Daylight;Normal;Vehicle with vehicle collision;3;2;Going straight;31-50;Not a Pedestrian;Changing lane to the right;Slight Injury
14:20:00;Saturday;Male;unknown;unknown;unknown;Lorry (41?100Q);Owner;Unknown;No defect;Rural village areasOffice areas;other;Tangent road with flat terrain;No junction;Asphalt roads;Dry;Daylight;Normal;Vehicle with vehicle collision;3;2;Going straight;na;Not a Pedestrian;No distancing;Slight Injury
07:10:00;Tuesday;Male;High school;Employee;2-5yr;unknown;Owner;Unknown;No defect;Other;Two-way (divided with broken lines road marking);Tangent road with flat terrain;No junction;Asphalt roads;Dry;Darkness - lights lit;Normal;Vehicle with vehicle collision;2;1;Going straight;18-30;Not a Pedestrian;No distancing;Slight Injury
07:10:00;Tuesday;Male;Junior high school;Employee;Above 10yr;Lorry (41?100Q);Owner;Unknown;No defect;Residential areas;Undivided Two way;Tangent road with flat terrain;No junction;Asphalt roads;Dry;Darkness - lights lit;Normal;Vehicle with vehicle collision;2;1;Turnover;na;Not a Pedestrian;Getting off the vehicle improperly;Slight Injury
19:42:00;Saturday;Male;Junior high school;Employee;Above 10yr;Taxi;Owner;Unknown;No defect;Office areas;Undivided Two way;Tangent road with flat terrain;No junction;Asphalt roads;Dry;Darkness - lights lit;Normal;Vehicle with vehicle collision;1;1;Going straight;18-30;Not a Pedestrian;No priority to pedestrian;Serious Injury
07:45:00;Tuesday;Male;Junior high school;Employee;5-10yr;Lorry (41?100Q);Owner;Unknown;No defect;Office areas;Undivided Two way;Tangent road with flat terrain;No junction;Asphalt roads;Wet or damp;Daylight;Normal;Collision with roadside objects;2;1;Going straight;Over 51;Not a Pedestrian;Changing lane to the left;Serious Injury
07:45:00;Tuesday;Male;Junior high school;Employee;1-2yr;Lorry (41?100Q);Owner;Unknown;No defect;Residential areas;Undivided Two way;Tangent road with flat terrain;No junction;Asphalt roads;Wet or damp;Daylight;Normal;Vehicle with vehicle collision;2;1;Reversing;na;Not a Pedestrian;No distancing;Serious Injury
14:35:00;Wednesday;Male;Unknown;Employee;Below 1yr;Other;Owner;Unknown;No defect;Office areas;Undivided Two way;Tangent road with flat terrain;No junction;Asphalt roads;Dry;Daylight;Normal;Vehicle with vehicle collision;2;1;Other;18-30;Not a Pedestrian;Driving carelessly;Slight Injury
14:35:00;Wednesday;Male;Junior high school;Employee;Below 1yr;Stationwagen;Owner;Unknown;No defect;Office areas;Undivided Two way;Tangent road with flat terrain;No junction;Asphalt roads;Dry;Daylight;Normal;Vehicle with vehicle collision;2;1;Going straight;na;Not a Pedestrian;No distancing;Slight Injury
16:16:00;Saturday;Male;High school;Employee;2-5yr;Stationwagen;Owner;Unknown;No defect;Office areas;unknown;Tangent road with flat terrain;No junction;Asphalt roads;Wet or damp;Daylight;Normal;Vehicle with vehicle collision;2;1;Going straight;Over 51;Not a Pedestrian;Changing lane to the right;Slight Injury
16:16:00;Saturday;Male;Junior high school;Owner;1-2yr;Lorry (41?100Q);Owner;Unknown;No defect;Office areas;Two-way (divided with broken lines road marking);Tangent road with flat terrain;No junction;Asphalt roads;Wet or damp;Daylight;Normal;Rollover;2;1;Moving Backward;18-30;Not a Pedestrian;Overtaking;Slight Injury
02:25:00;Thursday;Male;Junior high school;Employee;5-10yr;Lorry (41?100Q);Owner;Unknown;No defect;Other;Undivided Two way;Tangent road with flat terrain;Y Shape;Asphalt roads;Dry;Darkness - lights lit;Normal;Vehicle with vehicle collision;1;1;Reversing;na;Not a Pedestrian;Driving carelessly;Slight Injury
17:55:00;Wednesday;Male;Elementary school;Employee;2-5yr;Other;Owner;Unknown;No defect;Other;Two-way (divided with broken lines road marking);Tangent road with flat terrain;Y Shape;Asphalt roads;Wet or damp;Darkness - lights lit;Normal;Vehicle with vehicle collision;2;1;Going straight;18-30;Not a Pedestrian;Moving Backward;Slight Injury
17:55:00;Wednesday;Male;Elementary school;Owner;5-10yr;Automobile;Owner;2-5yrs;unknown;Other;Two-way (divided with broken lines road marking);Tangent road with flat terrain;Y Shape;Asphalt roads;Wet or damp;Darkness - lights lit;Normal;Collision with roadside objects;2;1;Going straight;na;Not a Pedestrian;No distancing;Slight Injury
18:30:00;Thursday;Male;Junior high school;Employee;Above 10yr;unknown;Owner;2-5yrs;unknown;Residential areas;One way;Tangent road with flat terrain;T Shape;Asphalt roads;Wet or damp;Darkness - lights lit;Raining;Vehicle with vehicle collision;2;1;Moving Backward;18-30;Not a Pedestrian;Overtaking;Slight Injury
18:30:00;Thursday;Male;Junior high school;Employee;5-10yr;Taxi;Owner;2-5yrs;unknown;School areas;Undivided Two way;Tangent road with mild grade and flat terrain;T Shape;Asphalt roads;Wet or damp;Darkness - lights lit;Raining;Vehicle with vehicle collision;2;1;Going straight;Under 18;Unknown or other;Driving carelessly;Slight Injury
09:55:00;Thursday;Male;High school;Employee;5-10yr;Lorry (41?100Q);Owner;2-5yrs;unknown;Residential areas;Undivided Two way;Tangent road with mild grade and flat terrain;Y Shape;Asphalt roads;Dry;Daylight;Other;Vehicle with vehicle collision;1;1;Going straight;na;Not a Pedestrian;Driving carelessly;Slight Injury
13:58:00;Friday;Male;Junior high school;Employee;5-10yr;Other;Owner;2-5yrs;No defect;Office areas;Two-way (divided with broken lines road marking);Tangent road with flat terrain;Other;unknown;Dry;Daylight;Normal;Collision with roadside objects;1;1;Going straight;18-30;Not a Pedestrian;Moving Backward;Slight Injury
17:00:00;Tuesday;Male;Junior high school;Employee;Above 10yr;Automobile;Owner;unknown;No defect; Church areas;One way;Tangent road with flat terrain;No junction;Asphalt roads;Wet or damp;Daylight;Raining;Collision with roadside objects;1;1;Going straight;na;Not a Pedestrian;Driving carelessly;Slight Injury
09:15:00;Friday;Male;Junior high school;unknown;1-2yr;Public (> 45 seats);Owner;unknown;No defect;Other;Undivided Two way;Tangent road with flat terrain;Y Shape;Asphalt roads;Dry;Daylight;Normal;Vehicle with vehicle collision;2;1;Going straight;31-50;Not a Pedestrian;Driving to the left;Slight Injury
09:15:00;Friday;Male;Junior high school;Employee;2-5yr;Stationwagen;Owner;2-5yrs;No defect;Other;One way;Tangent road with flat terrain;Y Shape;Asphalt roads;Dry;Daylight;Normal;Vehicle with vehicle collision;2;1;Going straight;Over 51;Not a Pedestrian;Changing lane to the left;Slight Injury
21:40:00;Wednesday;Male;Junior high school;Employee;1-2yr;Automobile;Owner;5-10yrs;No defect;Other;Two-way (divided with broken lines road marking);Tangent road with flat terrain;No junction;Asphalt roads;Wet or damp;Darkness - lights lit;Windy;Collision with roadside objects;2;1;unknown;Over 51;Not a Pedestrian;No distancing;Slight Injury
21:40:00;Wednesday;Male;unknown;unknown;unknown;Lorry (41?100Q);Owner;unknown;No defect;Other;Two-way (divided with broken lines road marking);Tangent road with flat terrain;No junction;Asphalt roads;Wet or damp;Darkness - lights lit;Windy;Collision with roadside objects;2;1;Going straight;na;Not a Pedestrian;No distancing;Slight Injury
13:49:00;Monday;Male;Elementary school;Employee;5-10yr;Other;Owner;unknown;No defect;Office areas;Undivided Two way;Tangent road with flat terrain;No junction;Asphalt roads;Wet or damp;Daylight;Raining;Vehicle with vehicle collision;2;1;Reversing;18-30;Not a Pedestrian;Changing lane to the right;Slight Injury
13:49:00;Monday;Male;Junior high school;Employee;5-10yr;Public (13?45 seats);Owner;unknown;No defect;Office areas;Two-way (divided with solid lines road marking);Tangent road with flat terrain;No junction;Asphalt roads;Wet or damp;Daylight;Raining;Vehicle with vehicle collision;2;1;Going straight;18-30;Not a Pedestrian;Driving under the influence of drugs;Slight Injury
11:55:00;Saturday;Male;Junior high school;Employee;Above 10yr;Other;Owner;Unknown;No defect;Residential areas;Undivided Two way;Tangent road with flat terrain;Crossing;Asphalt roads;Dry;Daylight;Normal;Vehicle with vehicle collision;2;1;Going straight;na;Not a Pedestrian;Changing lane to the right;Slight Injury
11:55:00;Saturday;Male;Junior high school;Employee;2-5yr;Other;Owner;Unknown;No defect;Office areas;One way;Tangent road with flat terrain;Crossing;Asphalt roads;Dry;Daylight;Normal;Collision with roadside objects;2;1;Going straight;na;Not a Pedestrian;Changing lane to the left;Slight Injury
19:00:00;Friday;Male;Junior high school;Owner;Above 10yr;Ridden horse;Owner;Unknown;No defect;Residential areas;Two-way (divided with broken lines road marking);Tangent road with flat terrain;No junction;Asphalt roads;Wet or damp;Darkness - lights lit;Normal;Vehicle with vehicle collision;3;3;Going straight;31-50;Not a Pedestrian;Moving Backward;Slight Injury
19:00:00;Friday;Male;Junior high school;Employee;2-5yr;Lorry (41?100Q);Owner;Unknown;No defect;Office areas;Undivided Two way;Tangent road with flat terrain;No junction;Asphalt roads;Wet or damp;Darkness - lights lit;Normal;Vehicle with vehicle collision;3;3;Going straight;Under 18;Not a Pedestrian;No distancing;Slight Injury
19:00:00;Friday;Male;Elementary school;Other;5-10yr;Lorry (41?100Q);Owner;Unknown;No defect;Other;Two-way (divided with broken lines road marking);Tangent road with flat terrain;No junction;Asphalt roads;Wet or damp;Darkness - lights lit;Normal;Vehicle with vehicle collision;3;3;Going straight;na;Not a Pedestrian;Changing lane to the right;Slight Injury
19:00:00;Friday;Female;Elementary school;Employee;5-10yr;Pick up upto 10Q;Owner;Unknown;No defect;Office areas;One way;Tangent road with flat terrain;No junction;Asphalt roads;Wet or damp;Darkness - lights lit;Normal;Rollover;3;3;Other;Over 51;Not a Pedestrian;Moving Backward;Slight Injury