Time;Day_of_week;Sex_of_driver;Educational_level;Vehicle_driver_relation;Driving_experience;Type_of_vehicle;Owner_of_vehicle;Service_year_of_vehicle;Defect_of_vehicle;Area_accident_occured;Lanes_or_Medians;Road_allignment;Types_of_Junction;Road_surface_type;Road_surface_conditions;Light_conditions;Weather_conditions;Type_of_collision;Number_of_vehicles_involved;Number_of_casualties;Vehicle_movement;Age_band_of_casualty;Pedestrian_movement;Cause_of_accident;Accident_severity
01:15:00;Friday;Female;Junior high school;Employee;Above 10yr;Lorry (41?100Q);Governmental;unknown;No defect;School areas;Undivided Two way;Tangent road with flat terrain;Y Shape;Asphalt roads;Dry;Darkness - lights lit;Unknown;Collision with roadside objects;2;1;Going straight;na;Not a Pedestrian;No distancing;Slight Injury
01:15:00;Friday;Male;Junior high school;Owner;Above 10yr;Motorcycle;Owner;unknown;No defect;Office areas;Two-way (divided with broken lines road marking);Tangent road with flat terrain;Y Shape;Asphalt roads with some distress;Dry;Darkness - lights lit;Unknown;Collision with roadside objects;2;1;Going straight;31-50;Not a Pedestrian;Changing lane to the right;Slight Injury
18:22:00;Wednesday;Male;Junior high school;Employee;unknown;Automobile;Owner;unknown;No defect;Office areas;Two-way (divided with broken lines road marking);Tangent road with flat terrain;No junction;Asphalt roads;Dry;Daylight;Normal;Vehicle with vehicle collision;2;1;Going straight;na;Not a Pedestrian;Changing lane to the right;Slight Injury
18:22:00;Wednesday;Male;Junior high school;Employee;5-10yr;Automobile;Governmental;Above 10yr;No defect;School areas;Two-way (divided with broken lines road marking);Tangent road with flat terrain;No junction;Asphalt roads;Dry;Daylight;Normal;Collision with roadside objects;2;1;Going straight;18-30;Not a Pedestrian;No distancing;Slight Injury
14:45:00;Monday;Male;Junior high school;Employee;2-5yr;Automobile;Owner;1-2yr;No defect;unknown;Two-way (divided with broken lines road marking);Tangent road with flat terrain;No junction;Asphalt roads;Dry;Daylight;Normal;Collision with roadside objects;1;1;Getting off;18-30;Not a Pedestrian;Changing lane to the right;Slight Injury
10:50:00;Monday;Male;Elementary school;Employee;5-10yr;Stationwagen;Owner;Above 10yr;No defect;Other;Two-way (divided with broken lines road marking);Tangent road with flat terrain;Y Shape;Asphalt roads;Dry;Daylight;Normal;Vehicle with vehicle collision;2;1;Moving Backward;18-30;Not a Pedestrian;Driving carelessly;Slight Injury
10:50:00;Monday;Female;Junior high school;Employee;2-5yr;unknown;Owner;Below 1yr;No defect;Other;Undivided Two way;Tangent road with flat terrain;Y Shape;Gravel roads;Dry;Daylight;Normal;Vehicle with vehicle collision;2;1;Other;na;Not a Pedestrian;Driving carelessly;Slight Injury
16:41:00;Tuesday;Male;High school;Owner;5-10yr;Public (> 45 seats);Owner;Above 10yr;No defect;Other;Two-way (divided with broken lines road marking);Tangent road with flat terrain;Y Shape;Asphalt roads;Dry;Daylight;Normal;Collision with roadside objects;2;1;Going straight;31-50;Not a Pedestrian;Changing lane to the right;Slight Injury
16:41:00;Tuesday;Male;Junior high school;Employee;Above 10yr;Public (> 45 seats);Owner;Unknown;No defect;Residential areas;Undivided Two way;Tangent road with flat terrain;Y Shape;Asphalt roads;Dry;Daylight;Normal;Vehicle with vehicle collision;2;1;Going straight;Under 18;Not a Pedestrian;Overturning;Slight Injury
14:45:00;Thursday;Male;Junior high school;Employee;2-5yr;Stationwagen;Governmental;1-2yr;No defect;Other;Undivided Two way;Tangent road with flat terrain;Y Shape;Asphalt roads;Dry;Daylight;Normal;Vehicle with vehicle collision;2;1;Going straight;Under 18;Not a Pedestrian;Changing lane to the right;Slight Injury
14:45:00;Thursday;Male;Elementary school;Employee;2-5yr;Automobile;Owner;1-2yr;No defect;Other;Undivided Two way;Tangent road with flat terrain;Y Shape;Asphalt roads;Dry;Daylight;Normal;Vehicle with vehicle collision;2;1;Going straight;31-50;Not a Pedestrian;Moving Backward;Slight Injury
16:55:00;Friday;Male;High school;Owner;Above 10yr;Bicycle;Owner;unknown;No defect; Industrial areas;Undivided Two way;Tangent road with flat terrain;No junction;Asphalt roads;Wet or damp;Darkness - lights lit;Normal;Vehicle with vehicle collision;2;2;Going straight;na;Not a Pedestrian;No distancing;Slight Injury
16:55:00;Friday;Male;Elementary school;Employee;1-2yr;Automobile;Owner;unknown;No defect;  Recreational areas;Undivided Two way;Tangent road with flat terrain;No junction;Asphalt roads;Wet or damp;Darkness - lights lit;Normal;Vehicle with vehicle collision;2;2;Going straight;31-50;Not a Pedestrian;Overturning;Slight Injury
14:40:00;Saturday;Male;Junior high school;Employee;Above 10yr;Lorry (41?100Q);Owner;Above 10yr;No defect; Church areas;Two-way (divided with broken lines road marking);Tangent road with flat terrain;Y Shape;Asphalt roads;Wet or damp;Daylight;Normal;Vehicle with vehicle collision;2;2;Going straight;Over 51;Not a Pedestrian;Driving carelessly;Slight Injury
14:40:00;Saturday;Male;unknown;unknown;unknown;Automobile;Owner;unknown;unknown;Office areas;Two-way (divided with broken lines road marking);Tangent road with flat terrain;Y Shape;Asphalt roads;Wet or damp;Daylight;Normal;Collision with pedestrians;2;2;Going straight;31-50;Not a Pedestrian;Changing lane to the right;Slight Injury
11:05:00;Friday;Male;Junior high school;Owner;5-10yr;Public (13?45 seats);Owner;unknown;unknown;Other;Two-way (divided with broken lines road marking);Tangent road with flat terrain;T Shape;Asphalt roads;Dry;Daylight;Normal;Vehicle with vehicle collision;3;1;Going straight;na;Not a Pedestrian;Driving at high speed;Slight Injury
11:05:00;Friday;Male;Above high school;Employee;5-10yr;Special vehicle;Owner;unknown;unknown;Office areas;Undivided Two way;Tangent road with flat terrain;T Shape;Asphalt roads;Dry;Daylight;Normal;Collision with roadside objects;3;1;Going straight;31-50;Unknown or other;Changing lane to the left;Slight Injury
11:05:00;Friday;Female;Junior high school;Employee;5-10yr;Automobile;Owner;unknown;unknown;Office areas;Two-way (divided with broken lines road marking);Tangent road with flat terrain;T Shape;Asphalt roads;Dry;Daylight;Normal;Vehicle with vehicle collision;3;1;Going straight;Under 18;Crossing from nearside - masked by parked or statioNot a Pedestrianry vehicle;Driving carelessly;Slight Injury
17:23:00;Thursday;Male;Junior high school;Employee;Above 10yr;Public (13?45 seats);Owner;unknown;unknown;Other;Two-way (divided with broken lines road marking);Tangent road with flat terrain;T Shape;Asphalt roads;Dry;Darkness - lights lit;Normal;Vehicle with vehicle collision;2;1;Going straight;na;Not a Pedestrian;No distancing;Slight Injury
17:23:00;Thursday;Male;Junior high school;Employee;1-2yr;unknown;Owner;Above 10yr;unknown;Residential areas;Undivided Two way;Tangent road with flat terrain;T Shape;Asphalt roads;Dry;Darkness - lights lit;Normal;Vehicle with vehicle collision;2;1;Moving Backward;31-50;Not a Pedestrian;Moving Backward;Slight Injury
09:15:00;Tuesday;Male;Junior high school;Employee;2-5yr;Lorry (41?100Q);Owner;Above 10yr;unknown;Office areas;other;Tangent road with mountainous terrain and;Y Shape;Asphalt roads;Dry;Daylight;Normal;Vehicle with vehicle collision;2;1;Going straight;na;Not a Pedestrian;No priority to pedestrian;Slight Injury
09:15:00;Tuesday;Male;Junior high school;Employee;Below 1yr;Lorry (41?100Q);Owner;Above 10yr;No defect;Residential areas;other;Tangent road with flat terrain;Y Shape;Asphalt roads;Dry;Daylight;Normal;Vehicle with vehicle collision;2;1;Moving Backward;18-30;Not a Pedestrian;Moving Backward;Slight Injury
12:40:00;Wednesday;Male;Junior high school;Employee;Above 10yr;Public (12 seats);unknown;unknown;unknown;School areas;Two-way (divided with broken lines road marking);Tangent road with flat terrain;Y Shape;Asphalt roads;Wet or damp;Daylight;Raining;Vehicle with vehicle collision;2;1;Moving Backward;Over 51;Not a Pedestrian;Moving Backward;Slight Injury
12:40:00;Wednesday;Male;Junior high school;Employee;1-2yr;Lorry (41?100Q);Owner;Above 10yr;No defect;Office areas;Two-way (divided with broken lines road marking);Sharp reverse curve;Y Shape;Asphalt roads;Wet or damp;Daylight;Raining;Vehicle with vehicle collision;2;1;Going straight;18-30;Not a Pedestrian;Overtaking;Slight Injury
04:30:00;Saturday;Female;Above high school;Employee;5-10yr;Lorry (41?100Q);Owner;5-10yrs;No defect;Other;other;Tangent road with flat terrain;Y Shape;Asphalt roads;Dry;Darkness - lights lit;Normal;Vehicle with vehicle collision;2;1;Going straight;na;Not a Pedestrian;Changing lane to the left;Slight Injury
04:30:00;Saturday;Male;Junior high school;Employee;5-10yr;Public (12 seats);Owner;Above 10yr;No defect;Other;Undivided Two way;Tangent road with flat terrain;Y Shape;Asphalt roads;Dry;Darkness - lights lit;Normal;Vehicle with vehicle collision;2;1;Going straight;18-30;Not a Pedestrian;Changing lane to the right;Slight Injury
17:52:00;Saturday;Male;Elementary school;Owner;Below 1yr;Public (> 45 seats);Owner;Above 10yr;No defect; Church areas;other;Tangent road with flat terrain;Unknown;Asphalt roads;Dry;Darkness - lights lit;Normal;Collision with roadside objects;3;2;Going straight;na;Not a Pedestrian;Overtaking;Slight Injury
17:52:00;Saturday;Male;unknown;unknown;unknown;Automobile;Owner;unknown;No defect;Office areas;Two-way (divided with broken lines road marking);Tangent road with flat terrain;Unknown;Earth roads;Dry;Darkness - lights lit;Normal;Vehicle with vehicle collision;3;2;Going straight;Over 51;Not a Pedestrian;Overloading;Slight Injury
17:52:00;Saturday;Male;Junior high school;Employee;Above 10yr;Pick up upto 10Q;Owner;unknown;No defect;Other;Two-way (divided with broken lines road marking);Tangent road with flat terrain;Unknown;Asphalt roads;Dry;Darkness - lights lit;Normal;Collision with roadside objects;3;2;Going straight;Under 18;Not a Pedestrian;Other;Slight Injury
23:39:00;Sunday;Male;Junior high school;unknown;unknown;Stationwagen;Owner;unknown;No defect;Office areas;Two-way (divided with broken lines road marking);Tangent road with mild grade and flat terrain;No junction;Asphalt roads;Dry;Darkness - lights lit;Normal;Vehicle with vehicle collision;2;1;unknown;na;Not a Pedestrian;No priority to vehicle;Serious Injury
23:39:00;Sunday;Male;Junior high school;Employee;1-2yr;Other;Owner;unknown;No defect;Office areas;Two-way (divided with broken lines road marking);Tangent road with flat terrain;No junction;Asphalt roads;Dry;Darkness - lights lit;Normal;Vehicle with vehicle collision;2;1;Other;18-30;Not a Pedestrian;Changing lane to the right;Serious Injury
14:43:00;Thursday;Male;Junior high school;Owner;2-5yr;unknown;Owner;Above 10yr;No defect;Office areas;Two-way (divided with broken lines road marking);Sharp reverse curve;No junction;Asphalt roads;Dry;Daylight;Normal;unknown;2;1;Going straight;31-50;Unknown or other;Moving Backward;Slight Injury
14:43:00;Thursday;Male;unknown;Employee;unknown;Automobile;Owner;Above 10yr;No defect; Church areas;Undivided Two way;Sharp reverse curve;No junction;Asphalt roads;Dry;Daylight;Normal;Collision with pedestrians;2;1;unknown;18-30;Not a Pedestrian;Changing lane to the left;Slight Injury
16:10:00;Monday;Male;Junior high school;Employee;Above 10yr;Stationwagen;Owner;Above 10yr;No defect;Office areas;Undivided Two way;Gentle horizontal curve;Y Shape;Asphalt roads;Dry;Daylight;Normal;Vehicle with vehicle collision;2;5;Overtaking;na;Not a Pedestrian;No priority to pedestrian;Slight Injury
16:10:00;Monday;Male;Junior high school;Owner;2-5yr;Pick up upto 10Q;Owner;5-10yrs;No defect;Other;Double carriageway (median);Gentle horizontal curve;Y Shape;Asphalt roads;Dry;Daylight;Normal;Vehicle with vehicle collision;2;5;Reversing;31-50;Not a Pedestrian;No distancing;Slight Injury
16:10:00;Monday;Male;Junior high school;Employee;5-10yr;Lorry (41?100Q);Owner;unknown;unknown;Other;Two-way (divided with broken lines road marking);Tangent road with flat terrain;Y Shape;Asphalt roads;Dry;Daylight;Normal;Vehicle with vehicle collision;2;5;Going straight;na;Not a Pedestrian;No priority to vehicle;Slight Injury
16:10:00;Monday;Male;Junior high school;Employee;2-5yr;Automobile;Owner;5-10yrs;No defect; Church areas;Unknown;Tangent road with mountainous terrain and;Y Shape;Asphalt roads;Dry;Daylight;Normal;Collision with pedestrians;2;5;Other;na;Not a Pedestrian;No distancing;Slight Injury
16:10:00;Monday;Male;Junior high school;Employee;1-2yr;unknown;Owner;1-2yr;unknown;School areas;Undivided Two way;Tangent road with flat terrain;Y Shape;Asphalt roads with some distress;Dry;Daylight;Normal;Collision with roadside objects;2;5;Moving Backward;18-30;Not a Pedestrian;No distancing;Slight Injury
00:45:00;Thursday;Male;Junior high school;Employee;5-10yr;Lorry (41?100Q);unknown;unknown;unknown; Church areas;Two-way (divided with broken lines road marking);Tangent road with flat terrain;No junction;Asphalt roads;Wet or damp;Darkness - no lighting;Other;unknown;2;1;Going straight;na;Not a Pedestrian;Moving Backward;Slight Injury
00:45:00;Thursday;Male;Junior high school;Employee;2-5yr;Lorry (41?100Q);Owner;Above 10yr;unknown;Office areas;Undivided Two way;Tangent road with flat terrain;No junction;Asphalt roads;Wet or damp;Darkness - no lighting;Other;Vehicle with vehicle collision;2;1;Other;31-50;Not a Pedestrian;Changing lane to the right;Slight Injury
15:15:00;Wednesday;Male;Elementary school;Employee;5-10yr;Lorry (41?100Q);Owner;2-5yrs;No defect;Other;other;Tangent road with flat terrain;No junction;Asphalt roads;Dry;Daylight;Normal;unknown;2;1;Moving Backward;18-30;Not a Pedestrian;No priority to pedestrian;Serious Injury
15:15:00;Wednesday;Male;Above high school;Owner;5-10yr;Pick up upto 10Q;Owner;Above 10yr;unknown; Church areas;Two-way (divided with broken lines road marking);Steep grade upward with mountainous terrain;No junction;Asphalt roads;Dry;Daylight;Normal;unknown;2;1;Going straight;na;Not a Pedestrian;Moving Backward;Serious Injury
03:00:00;Saturday;Male;Junior high school;Employee;2-5yr;Pick up upto 10Q;Governmental;1-2yr;No defect;Other;Double carriageway (median);Tangent road with flat terrain;No junction;Asphalt roads;Dry;Darkness - lights lit;Normal;unknown;2;1;Going straight;18-30;Unknown or other;Getting off the vehicle improperly;Slight Injury
03:00:00;Saturday;Male;Junior high school;Employee;2-5yr;Automobile;Governmental;Above 10yr;unknown;Other;Double carriageway (median);Tangent road with flat terrain;No junction;Asphalt roads;Dry;Darkness - lights lit;Normal;Vehicle with vehicle collision;2;1;Moving Backward;na;Not a Pedestrian;Overtaking;Slight Injury
22:17:00;Saturday;Male;Junior high school;Employee;2-5yr;Other;Organization;5-10yrs;No defect;Office areas;Two-way (divided with broken lines road marking);Gentle horizontal curve;Other;Asphalt roads;Dry;Darkness - lights lit;Normal;Vehicle with vehicle collision;3;6;Going straight;18-30;Not a Pedestrian;Overloading;Slight Injury
22:17:00;Saturday;Male;Junior high school;Employee;5-10yr;unknown;Organization;Above 10yr;No defect;Other;Two-way (divided with broken lines road marking);Tangent road with flat terrain;Other;Asphalt roads;Dry;Darkness - lights lit;Normal;Collision with roadside objects;3;6;Getting off;31-50;Not a Pedestrian;Changing lane to the right;Slight Injury
22:17:00;Saturday;Male;Junior high school;Employee;1-2yr;Automobile;Owner;2-5yrs;No defect;Other;Two-way (divided with broken lines road marking);Tangent road with flat terrain;Other;Asphalt roads;Dry;Darkness - lights lit;Normal;Collision with roadside objects;3;6;Going straight;18-30;Not a Pedestrian;Improper parking;Slight Injury
22:17:00;Saturday;Male;Junior high school;Owner;2-5yr;Automobile;Governmental;unknown;No defect;Residential areas;Two-way (divided with broken lines road marking);Tangent road with flat terrain;Other;Asphalt roads;Dry;Darkness - lights lit;Normal;Vehicle with vehicle collision;3;6;Going straight;na;Not a Pedestrian;Other;Slight Injury
22:17:00;Saturday;Male;High school;Owner;2-5yr;Public (> 45 seats);Owner;2-5yrs;No defect;Office areas;Two-way (divided with broken lines road marking);Tangent road with flat terrain;Other;Asphalt roads;Dry;Darkness - lights lit;Normal;Vehicle with vehicle collision;3;6;Moving Backward;Over 51;Unknown or other;Changing lane to the left;Slight Injury
22:17:00;Saturday;Male;unknown;Employee;unknown;Lorry (41?100Q);Owner;2-5yrs;No defect; Church areas;One way;Tangent road with flat terrain;Other;Asphalt roads;Dry;Darkness - lights lit;Normal;Vehicle with vehicle collision;3;6;Going straight;Under 18;Not a Pedestrian;Changing lane to the right;Slight Injury
22:17:00;Saturday;Male;Junior high school;Owner;1-2yr;Public (> 45 seats);Owner;1-2yr;No defect;unknown;Undivided Two way;Tangent road with flat terrain;Other;Asphalt roads;Dry;Darkness - lights lit;Normal;Vehicle with vehicle collision;3;6;Going straight;31-50;Not a Pedestrian;No priority to pedestrian;Slight Injury
17:14:00;Tuesday;Male;Junior high school;unknown;Below 1yr;unknown;Owner;Above 10yr;unknown;  Market areas;other;Steep grade downward with mountainous terrain;No junction;Asphalt roads;Dry;Daylight;Normal;Vehicle with vehicle collision;1;1;Going straight;na;Not a Pedestrian;Overspeed;Serious Injury
20:20:00;Thursday;Male;High school;Employee;1-2yr;unknown;Owner;Above 10yr;No defect;Residential areas;unknown;Tangent road with flat terrain;Y Shape;Asphalt roads;Wet or damp;Darkness - lights lit;Normal;Rollover;2;2;Going straight;18-30;Not a Pedestrian;Changing lane to the left;Slight Injury
20:20:00;Thursday;Male;Above high school;Employee;1-2yr;Automobile;Owner;5-10yrs;No defect;Office areas;Undivided Two way;Tangent road with flat terrain;Y Shape;Asphalt roads;Wet or damp;Darkness - lights lit;Normal;Vehicle with vehicle collision;2;2;Going straight;na;Not a Pedestrian;No priority to vehicle;Slight Injury
16:00:00;Monday;Male;Junior high school;Employee;Above 10yr;Automobile;Owner;unknown;No defect;  Recreational areas;other;unknown;Y Shape;Asphalt roads;Dry;Daylight;Normal;Collision with roadside objects;1;1;Moving Backward;na;Not a Pedestrian;Changing lane to the right;Slight Injury
17:00:00;Wednesday;Male;High school;Employee;1-2yr;Lorry (41?100Q);Governmental;unknown;No defect;Office areas;other;Tangent road with mild grade and flat terrain;No junction;Asphalt roads;Dry;Daylight;Normal;Collision with pedestrians;2;1;Going straight;18-30;Not a Pedestrian;No distancing;Slight Injury
17:00:00;Wednesday;Male;Junior high school;Employee;2-5yr;Automobile;Owner;5-10yrs;No defect; Industrial areas;other;Tangent road with flat terrain;No junction;unknown;Dry;Daylight;Normal;Vehicle with vehicle collision;2;1;Going straight;31-50;Not a Pedestrian;No priority to pedestrian;Slight Injury
09:01:00;Friday;Male;Above high school;Other;2-5yr;Public (13?45 seats);unknown;unknown;unknown;unknown;unknown;unknown;Crossing;Asphalt roads;Dry;Daylight;Normal;Vehicle with vehicle collision;1;1;Moving Backward;31-50;Unknown or other;No distancing;Serious Injury
07:55:00;Thursday;Male;High school;Employee;Above 10yr;Automobile;Owner;unknown;No defect;Residential areas;Undivided Two way;Tangent road with flat terrain;No junction;Asphalt roads;Dry;Daylight;Normal;Vehicle with vehicle collision;2;1;Moving Backward;18-30;Not a Pedestrian;No priority to vehicle;Slight Injury
07:55:00;Thursday;Male;Elementary school;Employee;5-10yr;Public (> 45 seats);Governmental;Above 10yr;No defect;Residential areas;other;Tangent road with flat terrain;No junction;Asphalt roads;Dry;Daylight;Normal;Vehicle with vehicle collision;2;1;Going straight;18-30;Not a Pedestrian;Other;Slight Injury
08:50:00;Monday;Male;High school;Employee;1-2yr;Lorry (41?100Q);Owner;1-2yr;No defect; Industrial areas;other;Tangent road with flat terrain;No junction;Asphalt roads;Dry;Daylight;Normal;Vehicle with vehicle collision;1;1;Going straight;na;Not a Pedestrian;Driving carelessly;Slight Injury
18:12:00;Friday;Male;High school;Employee;5-10yr;Automobile;Owner;2-5yrs;No defect;Residential areas;Undivided Two way;Tangent road with flat terrain;No junction;Asphalt roads;Dry;Daylight;Normal;Vehicle with vehicle collision;2;1;Going straight;Under 18;Crossing from nearside - masked by parked or statioNot a Pedestrianry vehicle;Changing lane to the left;Slight Injury
18:12:00;Friday;Male;High school;Employee;2-5yr;Lorry (11?40Q);Owner;Unknown;No defect;Residential areas;other;Tangent road with flat terrain;No junction;Asphalt roads;Dry;Daylight;Normal;Vehicle with vehicle collision;2;1;Going straight;31-50;Not a Pedestrian;Driving carelessly;Slight Injury
10:35:00;Saturday;Male;Junior high school;Employee;1-2yr;Public (13?45 seats);Owner;unknown;No defect;Office areas;Undivided Two way;Tangent road with flat terrain;Y Shape;Asphalt roads;Dry;Daylight;Normal;Collision with roadside objects;2;1;Going straight;31-50;Walking along in carriageway, facing traffic;Changing lane to the left;Slight Injury
10:35:00;Saturday;Male;Above high school;Employee;Above 10yr;Public (13?45 seats);Owner;2-5yrs;No defect;Office areas;Double carriageway (median);Escarpments;Y Shape;Asphalt roads;Dry;Daylight;Normal;Rollover;2;1;Going straight;Over 51;Walking along in carriageway, back to traffic;No priority to vehicle;Slight Injury
23:30:00;Sunday;Female;Above high school;Employee;2-5yr;unknown;Owner;Above 10yr;No defect;Office areas;other;Tangent road with flat terrain;No junction;Asphalt roads;Dry;Darkness - lights lit;Normal;Vehicle with vehicle collision;2;1;Going straight;31-50;Not a Pedestrian;No distancing;Slight Injury
23:30:00;Sunday;Unknown;Elementary school;Employee;5-10yr;Long lorry;Owner;1-2yr;No defect;Office areas;Undivided Two way;Escarpments;No junction;Asphalt roads;Dry;Darkness - lights lit;Normal;Collision with pedestrians;2;1;Going straight;18-30;Not a Pedestrian;Changing lane to the right;Slight Injury
13:36:00;Wednesday;Male;Elementary school;Employee;1-2yr;Lorry (41?100Q);Owner;unknown;No defect;Office areas;One way;Tangent road with flat terrain;No junction;Asphalt roads;Dry;Daylight;Normal;Vehicle with vehicle collision;4;2;Going straight;na;Not a Pedestrian;Changing lane to the right;Slight Injury
13:36:00;Wednesday;Male;Junior high school;Employee;unknown;Lorry (11?40Q);Owner;unknown;No defect;Office areas;Undivided Two way;Tangent road with flat terrain;No junction;Asphalt roads;Dry;Daylight;Normal;Vehicle with vehicle collision;4;2;Going straight;31-50;Not a Pedestrian;Driving at high speed;Slight Injury
13:36:00;Wednesday;Male;unknown;unknown;unknown;Lorry (41?100Q);Owner;unknown;No defect;Office areas;other;Tangent road with flat terrain;No junction;Asphalt roads;Dry;Daylight;Normal;Collision with pedestrians;4;2;Other;na;Not a Pedestrian;No distancing;Slight Injury
13:36:00;Wednesday;Unknown;Elementary school;Employee;5-10yr;Public (12 seats);Owner;Above 10yr;No defect;Residential areas;other;Tangent road with flat terrain;No junction;Asphalt roads;Dry;Daylight;Normal;Collision with pedestrians;4;2;Going straight;18-30;Not a Pedestrian;Changing lane to the right;Slight Injury
19:45:00;Thursday;Male;Junior high school;Employee;2-5yr;unknown;Owner;5-10yrs;No defect;Residential areas;One way;Tangent road with flat terrain;Other;Asphalt roads;Dry;Daylight;Normal;Vehicle with vehicle collision;2;1;Reversing;na;Not a Pedestrian;Changing lane to the left;Slight Injury
19:45:00;Thursday;Male;Junior high school;Employee;5-10yr;Taxi;Owner;unknown;No defect;Other;One way;Tangent road with flat terrain;Other;Asphalt roads;Dry;Daylight;Normal;Vehicle with vehicle collision;2;1;Going straight;18-30;Not a Pedestrian;Getting off the vehicle improperly;Slight Injury
06:27:00;Friday;Male;High school;Employee;2-5yr;unknown;Owner;5-10yrs;No defect; Church areas;Undivided Two way;Tangent road with flat terrain;Other;Asphalt roads;Dry;Daylight;Normal;Vehicle with vehicle collision;2;1;Reversing;na;Not a Pedestrian;Other;Slight Injury
06:27:00;Friday;Male;Junior high school;Employee;1-2yr;Automobile;Owner;unknown;No defect;  Recreational areas;other;Tangent road with flat terrain;Other;Asphalt roads;Dry;Daylight;Normal;Vehicle with vehicle collision;2;1;Going straight;31-50;Not a Pedestrian;Other;Slight Injury
18:20:00;Thursday;Male;Junior high school;Employee;1-2yr;unknown;Owner;unknown;unknown; Industrial areas;Undivided Two way;Tangent road with flat terrain;No junction;Asphalt roads;Dry;Darkness - lights lit;Normal;Vehicle with vehicle collision;2;2;Reversing;na;Not a Pedestrian;No distancing;Slight Injury
18:20:00;Thursday;Male;Junior high school;Employee;5-10yr;Lorry (41?100Q);unknown;unknown;unknown;Residential areas;other;unknown;No junction;Asphalt roads;Dry;Darkness - lights lit;Normal;Collision with roadside objects;2;2;unknown;31-50;Not a Pedestrian;No priority to vehicle;Slight Injury
17:00:00;Saturday;Male;Illiterate;Employee;unknown;Automobile;Owner;Above 10yr;No defect;Residential areas;other;Tangent road with rolling terrain;No junction;Asphalt roads;Dry;Daylight;Unknown;Vehicle with vehicle collision;1;1;Going straight;na;Not a Pedestrian;Overtaking;Slight Injury
11:00:00;Sunday;Male;Junior high school;Employee;5-10yr;Automobile;Owner;2-5yrs;No defect;Office areas;Double carriageway (median);Tangent road with flat terrain;No junction;Asphalt roads;Dry;Daylight;Normal;Vehicle with vehicle collision;2;3;Reversing;31-50;Walking along in carriageway, facing traffic;No priority to pedestrian;Slight Injury
11:00:00;Sunday;Male;Junior high school;Employee;1-2yr;Lorry (41?100Q);Owner;2-5yrs;No defect;  Market areas;Undivided Two way;Tangent road with flat terrain;No junction;Asphalt roads;Dry;Daylight;Normal;Vehicle with vehicle collision;2;3;Other;na;Not a Pedestrian;No distancing;Slight Injury
11:00:00;Sunday;Male;Junior high school;Employee;2-5yr;Automobile;unknown;unknown;unknown;Unknown;other;Tangent road with flat terrain;No junction;Asphalt roads;Dry;Daylight;Normal;Vehicle with vehicle collision;2;3;Going straight;18-30;Not a Pedestrian;Changing lane to the right;Slight Injury
11:00:00;Sunday;Male;Junior high school;Employee;Above 10yr;Automobile;Owner;unknown;No defect; Industrial areas;other;Tangent road with flat terrain;No junction;Asphalt roads;Dry;Daylight;Normal;Vehicle with vehicle collision;2;3;Going straight;Over 51;Not a Pedestrian;Driving carelessly;Slight Injury
17:21:00;Thursday;Male;Junior high school;Owner;5-10yr;Automobile;Owner;unknown;No defect;Residential areas;Two-way (divided with solid lines road marking);Tangent road with flat terrain;Y Shape;Asphalt roads;Dry;Daylight;Normal;Vehicle with vehicle collision;4;2;Going straight;Under 18;Not a Pedestrian;Changing lane to the right;Slight Injury
17:21:00;Thursday;Male;High school;Employee;1-2yr;Taxi;Governmental;Below 1yr;No defect;Residential areas;Undivided Two way;Tangent road with flat terrain;Y Shape;Asphalt roads;Dry;Daylight;Normal;Vehicle with vehicle collision;4;2;Moving Backward;18-30;Not a Pedestrian;Overtaking;Slight Injury
17:21:00;Thursday;Male;Junior high school;Employee;Above 10yr;unknown;Owner;5-10yrs;No defect;Other;Undivided Two way;Tangent road with flat terrain;Y Shape;Asphalt roads;Dry;Daylight;Normal;Vehicle with vehicle collision;4;2;Going straight;na;Not a Pedestrian;Other;Slight Injury
17:21:00;Thursday;Male;Junior high school;Employee;1-2yr;unknown;Governmental;unknown;No defect;Residential areas;other;Tangent road with flat terrain;Y Shape;Asphalt roads;Dry;Daylight;Normal;Vehicle with vehicle collision;4;2;Going straight;18-30;Not a Pedestrian;Driving to the left;Slight Injury
22:15:00;Friday;Female;Junior high school;Employee;2-5yr;Automobile;Owner;1-2yr;No defect;Rural village areas;Undivided Two way;Gentle horizontal curve;No junction;Asphalt roads;Dry;Darkness - lights lit;Normal;Vehicle with vehicle collision;1;1;Going straight;31-50;Not a Pedestrian;Driving at high speed;Slight Injury
08:45:00;Tuesday;Male;Junior high school;Employee;Above 10yr;Pick up upto 10Q;Owner;2-5yrs;No defect;Rural village areas;Undivided Two way;Gentle horizontal curve;Y Shape;Asphalt roads;Dry;Daylight;Normal;Vehicle with vehicle collision;1;1;Going straight;31-50;Not a Pedestrian;Unknown;Slight Injury
09:43:00;Thursday;Male;Junior high school;Employee;2-5yr;unknown;Owner;unknown;No defect;Office areas;Double carriageway (median);Tangent road with flat terrain;Crossing;Asphalt roads;Dry;Daylight;Normal;Vehicle with vehicle collision;2;2;Other;18-30;Not a Pedestrian;Changing lane to the right;Slight Injury
09:43:00;Thursday;Male;Elementary school;Employee;5-10yr;Automobile;Owner;2-5yrs;No defect;Residential areas;Undivided Two way;Gentle horizontal curve;Crossing;Asphalt roads;Dry;Daylight;Normal;Vehicle with vehicle collision;2;2;unknown;Under 18;Not a Pedestrian;No distancing;Slight Injury