Time;Day_of_week;Sex_of_driver;Educational_level;Vehicle_driver_relation;Driving_experience;Type_of_vehicle;Owner_of_vehicle;Service_year_of_vehicle;Defect_of_vehicle;Area_accident_occured;Lanes_or_Medians;Road_allignment;Types_of_Junction;Road_surface_type;Road_surface_conditions;Light_conditions;Weather_conditions;Type_of_collision;Number_of_vehicles_involved;Number_of_casualties;Vehicle_movement;Age_band_of_casualty;Pedestrian_movement;Cause_of_accident;Accident_severity
09:43:00;Thursday;Male;unknown;unknown;unknown;Public (12 seats);Owner;unknown;unknown;Residential areas;other;Tangent road with flat terrain;Crossing;Asphalt roads;Dry;Daylight;Normal;Vehicle with vehicle collision;2;2;Going straight;Over 51;Not a Pedestrian;Other;Slight Injury
09:00:00;Friday;Female;Elementary school;Employee;1-2yr;Public (13?45 seats);Owner;unknown;7; Outside rural areas;other;Tangent road with flat terrain;Y Shape;Asphalt roads;Dry;Daylight;Normal;Vehicle with vehicle collision;1;1;Turnover;Over 51;Not a Pedestrian;No priority to vehicle;Slight Injury
17:29:00;Wednesday;Male;Elementary school;Employee;5-10yr;Lorry (11?40Q);Owner;Above 10yr;unknown;Residential areas;other;Tangent road with flat terrain;Other;Asphalt roads;Dry;Daylight;Normal;Collision with roadside objects;1;1;Going straight;18-30;Not a Pedestrian;Changing lane to the left;Slight Injury
08:49:00;Wednesday;Male;Elementary school;Employee;5-10yr;Stationwagen;Owner;5-10yrs;5; Church areas;other;Tangent road with flat terrain;No junction;Asphalt roads;Wet or damp;Daylight;Normal;Vehicle with vehicle collision;2;1;Moving Backward;18-30;Not a Pedestrian;No priority to pedestrian;Slight Injury
08:49:00;Wednesday;Male;Junior high school;Employee;1-2yr;Ridden horse;Owner;unknown;No defect;Office areas;Undivided Two way;Tangent road with flat terrain;No junction;Asphalt roads;Wet or damp;Daylight;Normal;Vehicle with vehicle collision;2;1;Moving Backward;na;Not a Pedestrian;Overtaking;Slight Injury
16:50:00;Saturday;Male;Junior high school;Employee;5-10yr;Stationwagen;Owner;Unknown;No defect;Office areas;Two-way (divided with broken lines road marking);Tangent road with mountainous terrain and;No junction;Asphalt roads;Dry;Daylight;Normal;Vehicle with vehicle collision;2;1;Going straight;18-30;Not a Pedestrian;Driving carelessly;Slight Injury
16:50:00;Saturday;Male;Junior high school;Employee;5-10yr;Automobile;Governmental;unknown;No defect;Office areas;Two-way (divided with broken lines road marking);Escarpments;No junction;Asphalt roads;Dry;Daylight;Normal;Vehicle with vehicle collision;2;1;Other;na;Not a Pedestrian;No priority to vehicle;Slight Injury
20:40:00;Sunday;Male;Junior high school;Employee;2-5yr;Automobile;Owner;2-5yrs;unknown;Other;Undivided Two way;Tangent road with mountainous terrain and;Y Shape;Asphalt roads;Dry;Daylight;Normal;Collision with pedestrians;2;1;Going straight;na;Not a Pedestrian;No priority to pedestrian;Slight Injury
20:40:00;Sunday;Male;Junior high school;Employee;1-2yr;Other;Owner;2-5yrs;unknown;Other;Undivided Two way;Tangent road with flat terrain;Y Shape;Asphalt roads;Dry;Daylight;Normal;Vehicle with vehicle collision;2;1;Going straight;31-50;Not a Pedestrian;Changing lane to the right;Slight Injury
10:30:00;Monday;Male;Junior high school;Employee;5-10yr;Taxi;Owner;Unknown;No defect;Residential areas;Two-way (divided with broken lines road marking);Tangent road with flat terrain;No junction;Asphalt roads;Dry;Daylight;Normal;Vehicle with vehicle collision;1;1;Going straight;18-30;Not a Pedestrian;Driving carelessly;Serious Injury
19:45:00;Tuesday;Male;Junior high school;Employee;Below 1yr;Automobile;Owner;unknown;unknown;Other;Two-way (divided with broken lines road marking);Tangent road with flat terrain;No junction;Asphalt roads;Wet or damp;Darkness - lights unlit;Windy;Vehicle with vehicle collision;1;1;Going straight;na;Not a Pedestrian;Changing lane to the right;Slight Injury
09:00:00;Tuesday;Male;Junior high school;Employee;5-10yr;Stationwagen;Owner;Below 1yr;unknown;Other;Undivided Two way;Tangent road with mild grade and flat terrain;Y Shape;Asphalt roads;Wet or damp;Daylight;Normal;Vehicle with vehicle collision;3;1;Going straight;18-30;Not a Pedestrian;Changing lane to the right;Slight Injury
09:00:00;Tuesday;Male;Junior high school;Owner;5-10yr;Automobile;Owner;5-10yrs;unknown;Other;Two-way (divided with broken lines road marking);Tangent road with flat terrain;Y Shape;Asphalt roads;Wet or damp;Daylight;Normal;Vehicle with vehicle collision;3;1;Going straight;na;Not a Pedestrian;Changing lane to the left;Slight Injury
09:00:00;Tuesday;Male;unknown;Owner;5-10yr;Public (12 seats);Governmental;5-10yrs;No defect;Other;Undivided Two way;Tangent road with flat terrain;Y Shape;Asphalt roads;Wet or damp;Daylight;Normal;Vehicle with vehicle collision;3;1;Going straight;18-30;Not a Pedestrian;Overturning;Slight Injury
18:00:00;Sunday;Male;Junior high school;Employee;5-10yr;unknown;Owner;2-5yrs;No defect;Other;Double carriageway (median);Tangent road with mild grade and flat terrain;Y Shape;Asphalt roads;Dry;Daylight;Normal;Vehicle with vehicle collision;2;1;Going straight;na;Not a Pedestrian;Driving carelessly;Slight Injury
18:00:00;Sunday;Male;High school;Employee;2-5yr;Automobile;Owner;unknown;No defect;Other;Two-way (divided with broken lines road marking);Tangent road with flat terrain;Y Shape;Asphalt roads;Dry;Daylight;Normal;Vehicle with vehicle collision;2;1;Other;18-30;Not a Pedestrian;No distancing;Slight Injury
03:00:00;Sunday;Male;Above high school;Employee;5-10yr;Lorry (41?100Q);Owner;2-5yrs;unknown; Church areas;Two-way (divided with broken lines road marking);Tangent road with flat terrain;No junction;Asphalt roads;Wet or damp;Darkness - lights lit;Normal;Collision with pedestrians;1;2;Going straight;na;Not a Pedestrian;Driving carelessly;Serious Injury
03:00:00;Sunday;Male;Junior high school;Employee;Above 10yr;unknown;Owner;5-10yrs;unknown;Other;Undivided Two way;Tangent road with flat terrain;No junction;Asphalt roads;Wet or damp;Darkness - lights lit;Normal;Vehicle with vehicle collision;1;2;Overtaking;31-50;Not a Pedestrian;Changing lane to the left;Serious Injury
12:05:00;Monday;Male;Junior high school;Employee;Below 1yr;Public (> 45 seats);Organization;2-5yrs;unknown; Industrial areas;Two-way (divided with broken lines road marking);Tangent road with flat terrain;Crossing;Asphalt roads;Wet or damp;Daylight;Windy;Vehicle with vehicle collision;2;1;Going straight;31-50;Not a Pedestrian;No priority to vehicle;Slight Injury
12:05:00;Monday;Male;Elementary school;Employee;5-10yr;unknown;Owner;unknown;No defect;Residential areas;Double carriageway (median);Tangent road with flat terrain;Crossing;Asphalt roads;Wet or damp;Daylight;Windy;Vehicle with vehicle collision;2;1;Going straight;31-50;Not a Pedestrian;Changing lane to the right;Slight Injury
12:14:00;Saturday;Male;Elementary school;Employee;2-5yr;Public (12 seats);Governmental;Above 10yr;No defect;Other;Two-way (divided with broken lines road marking);Tangent road with flat terrain;No junction;Asphalt roads;Dry;Daylight;Normal;Vehicle with vehicle collision;2;3;Going straight;Over 51;Not a Pedestrian;No distancing;Serious Injury
12:14:00;Saturday;Male;Junior high school;Employee;2-5yr;Public (12 seats);Owner;unknown;No defect;Office areas;Two-way (divided with broken lines road marking);Tangent road with flat terrain;No junction;Asphalt roads;Dry;Daylight;Normal;Collision with roadside objects;2;3;U-Turn;18-30;Not a Pedestrian;Moving Backward;Serious Injury
12:14:00;Saturday;Male;Junior high school;Employee;1-2yr;Automobile;Owner;unknown;No defect; Industrial areas;Unknown;Tangent road with flat terrain;No junction;Asphalt roads;Dry;Daylight;Normal;Vehicle with vehicle collision;2;3;Going straight;na;Not a Pedestrian;Moving Backward;Serious Injury
06:45:00;Tuesday;Female;Junior high school;Employee;2-5yr;unknown;Owner;1-2yr;No defect; Industrial areas;Double carriageway (median);Tangent road with flat terrain;No junction;Asphalt roads;Dry;Daylight;Normal;Vehicle with vehicle collision;2;1;Going straight;31-50;Not a Pedestrian;No distancing;Slight Injury
06:45:00;Tuesday;Male;Junior high school;Employee;2-5yr;Automobile;Owner;unknown;No defect;Other;Two-way (divided with broken lines road marking);Tangent road with flat terrain;No junction;Asphalt roads;Dry;Daylight;Normal;Vehicle with vehicle collision;2;1;Going straight;na;Not a Pedestrian;No distancing;Slight Injury
15:45:00;Friday;Male;Junior high school;Employee;Above 10yr;Lorry (41?100Q);Organization;Above 10yr;unknown; Hospital areas;Two-way (divided with broken lines road marking);Tangent road with flat terrain;No junction;Asphalt roads;Dry;Daylight;Normal;Vehicle with vehicle collision;2;1;Going straight;18-30;Not a Pedestrian;No distancing;Slight Injury
15:45:00;Friday;Male;High school;Employee;Below 1yr;Public (12 seats);Owner;Unknown;unknown;Office areas;One way;Tangent road with flat terrain;No junction;Asphalt roads;Dry;Daylight;Normal;Vehicle with vehicle collision;2;1;Turnover;na;Not a Pedestrian;No priority to pedestrian;Slight Injury
06:21:00;Friday;Male;Junior high school;Employee;2-5yr;Lorry (11?40Q);Owner;2-5yrs;No defect; Church areas;Undivided Two way;Tangent road with flat terrain;No junction;Asphalt roads;Wet or damp;Darkness - lights lit;Normal;Vehicle with vehicle collision;2;1;Going straight;na;Not a Pedestrian;Driving carelessly;Slight Injury
06:21:00;Friday;Male;High school;Employee;Above 10yr;Automobile;Organization;5-10yrs;No defect; Hospital areas;Undivided Two way;Tangent road with mountainous terrain and;No junction;Asphalt roads;Wet or damp;Darkness - lights lit;Normal;Vehicle with vehicle collision;2;1;Going straight;Under 18;Not a Pedestrian;Changing lane to the right;Slight Injury
08:21:00;Tuesday;Male;Junior high school;Employee;Above 10yr;Automobile;Owner;Above 10yr;No defect;Office areas;other;Tangent road with flat terrain;Y Shape;Asphalt roads;Wet or damp;Daylight;Raining;Collision with roadside objects;3;1;Moving Backward;18-30;Not a Pedestrian;Changing lane to the left;Slight Injury
08:21:00;Tuesday;Male;High school;Employee;5-10yr;Automobile;Owner;2-5yrs;No defect;Other;Two-way (divided with broken lines road marking);Escarpments;Y Shape;Asphalt roads;Wet or damp;Daylight;Raining;Vehicle with vehicle collision;3;1;Going straight;18-30;Not a Pedestrian;Driving carelessly;Slight Injury
08:21:00;Tuesday;Male;Junior high school;Employee;Above 10yr;Bajaj;Owner;1-2yr;unknown;Office areas;Undivided Two way;Tangent road with flat terrain;Y Shape;Asphalt roads;Wet or damp;Daylight;Raining;Vehicle with vehicle collision;3;1;Moving Backward;31-50;Not a Pedestrian;Driving carelessly;Slight Injury
13:30:00;Sunday;Female;Junior high school;Employee;1-2yr;Public (12 seats);Owner;2-5yrs;unknown;Office areas;Two-way (divided with broken lines road marking);Tangent road with mountainous terrain and;Y Shape;Asphalt roads;Dry;Daylight;Unknown;Vehicle with vehicle collision;1;1;Going straight;31-50;Not a Pedestrian;No distancing;Slight Injury
09:30:00;Thursday;Female;Junior high school;Employee;2-5yr;Lorry (11?40Q);Owner;unknown;No defect;Other;Double carriageway (median);Steep grade downward with mountainous terrain;No junction;Asphalt roads;Dry;Daylight;Normal;Vehicle with vehicle collision;2;1;Going straight;na;Not a Pedestrian;Other;Slight Injury
09:30:00;Thursday;Male;Elementary school;Employee;2-5yr;unknown;Owner;1-2yr;No defect;Office areas;Undivided Two way;Tangent road with mild grade and flat terrain;No junction;Asphalt roads;Dry;Daylight;Normal;Rollover;2;1;Going straight;18-30;Not a Pedestrian;Changing lane to the right;Slight Injury
16:20:00;Monday;Male;Elementary school;Other;5-10yr;unknown;Owner;unknown;No defect;Residential areas;Undivided Two way;Tangent road with flat terrain;No junction;Asphalt roads;Wet or damp;Daylight;Normal;Vehicle with vehicle collision;2;3;Going straight;Under 18;Not a Pedestrian;Changing lane to the right;Serious Injury
16:20:00;Monday;Male;Junior high school;Employee;5-10yr;Automobile;Owner;Unknown;unknown;Other;Two-way (divided with broken lines road marking);Tangent road with flat terrain;No junction;Asphalt roads;Wet or damp;Daylight;Normal;Vehicle with vehicle collision;2;3;U-Turn;na;Not a Pedestrian;No distancing;Serious Injury
16:20:00;Monday;Male;High school;Owner;5-10yr;Lorry (11?40Q);Owner;2-5yrs;unknown;Office areas;Double carriageway (median);Tangent road with flat terrain;No junction;Asphalt roads;Wet or damp;Daylight;Normal;Collision with roadside objects;2;3;Going straight;na;Not a Pedestrian;No distancing;Serious Injury
17:30:00;Thursday;Male;Junior high school;Employee;Above 10yr;Lorry (41?100Q);Owner;5-10yrs;unknown;Office areas;Undivided Two way;Tangent road with mountainous terrain and;Y Shape;Asphalt roads;Dry;Daylight;Normal;Vehicle with vehicle collision;1;1;Going straight;18-30;Not a Pedestrian;Overturning;Serious Injury
06:26:00;Friday;Male;Junior high school;Employee;Below 1yr;Pick up upto 10Q;unknown;unknown;unknown;Office areas;other;Tangent road with flat terrain;No junction;Asphalt roads;Wet or damp;Darkness - lights lit;Normal;Vehicle with vehicle collision;3;1;Going straight;31-50;Not a Pedestrian;Driving at high speed;Slight Injury
06:26:00;Friday;Male;Junior high school;Other;Below 1yr;Lorry (11?40Q);Owner;5-10yrs;No defect;Other;Two-way (divided with broken lines road marking);Tangent road with mild grade and flat terrain;No junction;Earth roads;Wet or damp;Darkness - lights lit;Normal;Vehicle with vehicle collision;3;1;Going straight;18-30;Not a Pedestrian;No priority to vehicle;Slight Injury
06:26:00;Friday;Male;Junior high school;Employee;Above 10yr;Stationwagen;Owner;unknown;No defect; Church areas;Undivided Two way;Tangent road with flat terrain;No junction;Asphalt roads;Wet or damp;Darkness - lights lit;Normal;Collision with roadside objects;3;1;Going straight;na;Not a Pedestrian;No priority to pedestrian;Slight Injury
06:26:00;Friday;Male;High school;Owner;5-10yr;Other;Owner;Unknown;No defect; Industrial areas;Undivided Two way;Tangent road with flat terrain;No junction;Asphalt roads;Wet or damp;Darkness - lights lit;Normal;Collision with roadside objects;3;1;Going straight;31-50;Not a Pedestrian;No priority to vehicle;Slight Injury
06:26:00;Friday;Male;Elementary school;Owner;5-10yr;Other;Owner;1-2yr;No defect;Office areas;Double carriageway (median);Tangent road with flat terrain;No junction;Asphalt roads;Wet or damp;Darkness - lights lit;Normal;Vehicle with vehicle collision;3;1;Stopping;Under 18;Not a Pedestrian;Other;Slight Injury
08:45:00;Thursday;Female;Junior high school;Employee;2-5yr;Lorry (11?40Q);Owner;Unknown;No defect; Church areas;Undivided Two way;Tangent road with flat terrain;No junction;Asphalt roads;Wet or damp;Daylight;Raining;Vehicle with vehicle collision;2;1;Turnover;Over 51;Not a Pedestrian;Other;Slight Injury
08:45:00;Thursday;Male;Junior high school;Employee;2-5yr;unknown;Owner;unknown;unknown;Office areas;Undivided Two way;Tangent road with flat terrain;No junction;Asphalt roads;Wet or damp;Daylight;Raining;Collision with roadside objects;2;1;Getting off;na;Not a Pedestrian;Moving Backward;Slight Injury
20:05:00;Saturday;Male;Above high school;Employee;5-10yr;Automobile;Owner;unknown;No defect;Office areas;other;Tangent road with flat terrain;Y Shape;Asphalt roads;Dry;Darkness - lights lit;Normal;Collision with roadside objects;2;2;Moving Backward;Over 51;Crossing from nearside - masked by parked or statioNot a Pedestrianry vehicle;No distancing;Slight Injury
20:05:00;Saturday;Male;Junior high school;Owner;2-5yr;Lorry (41?100Q);Owner;unknown;unknown;Residential areas;Two-way (divided with broken lines road marking);Tangent road with flat terrain;Y Shape;Asphalt roads;Dry;Darkness - lights lit;Normal;Vehicle with vehicle collision;2;2;Moving Backward;Under 18;Not a Pedestrian;Moving Backward;Slight Injury
10:00:00;Saturday;Male;unknown;unknown;unknown;Other;Owner;5-10yrs;unknown;Office areas;Two-way (divided with broken lines road marking);Tangent road with flat terrain;No junction;Asphalt roads;Dry;Daylight;Normal;Vehicle with vehicle collision;1;1;Going straight;18-30;Not a Pedestrian;No priority to vehicle;Slight Injury
20:10:00;Saturday;Male;Junior high school;Employee;2-5yr;Lorry (41?100Q);Owner;5-10yrs;unknown;Residential areas;Undivided Two way;Tangent road with flat terrain;No junction;Asphalt roads;Dry;Daylight;Normal;Vehicle with vehicle collision;3;5;Turnover;na;Not a Pedestrian;Driving carelessly;Serious Injury
20:10:00;Saturday;Male;Junior high school;Employee;5-10yr;Automobile;Owner;2-5yrs;unknown;Office areas;Double carriageway (median);Tangent road with flat terrain;No junction;Asphalt roads;Dry;Daylight;Normal;Collision with roadside objects;3;5;Going straight;na;Not a Pedestrian;No distancing;Serious Injury
20:10:00;Saturday;Male;Junior high school;Employee;2-5yr;Pick up upto 10Q;Owner;2-5yrs;No defect;Office areas;Double carriageway (median);Tangent road with flat terrain;No junction;Asphalt roads;Dry;Daylight;Normal;Vehicle with vehicle collision;3;5;Going straight;18-30;Not a Pedestrian;Other;Serious Injury
20:10:00;Saturday;Male;Elementary school;Employee;1-2yr;Lorry (41?100Q);unknown;unknown;No defect;Other;Two-way (divided with broken lines road marking);Tangent road with flat terrain;No junction;Asphalt roads;Dry;Daylight;Normal;Vehicle with vehicle collision;3;5;U-Turn;na;Not a Pedestrian;Changing lane to the right;Serious Injury
20:10:00;Saturday;Male;High school;Employee;unknown;Public (13?45 seats);Owner;Unknown;No defect;Other;Two-way (divided with broken lines road marking);Tangent road with flat terrain;No junction;Asphalt roads;Dry;Daylight;Normal;Vehicle with vehicle collision;3;5;Going straight;18-30;Not a Pedestrian;No distancing;Serious Injury
20:10:00;Saturday;Male;Junior high school;Owner;1-2yr;Long lorry;Owner;Above 10yr;No defect;Residential areas;Two-way (divided with broken lines road marking);Tangent road with flat terrain;No junction;Asphalt roads;Dry;Daylight;Normal;Rollover;3;5;Going straight;na;Not a Pedestrian;Driving carelessly;Serious Injury
20:10:00;Saturday;Male;Junior high school;Employee;2-5yr;Automobile;Owner;Unknown;unknown; Church areas;Two-way (divided with broken lines road marking);Tangent road with flat terrain;No junction;Asphalt roads;Dry;Daylight;Normal;Vehicle with vehicle collision;3;5;U-Turn;Over 51;Not a Pedestrian;No distancing;Serious Injury
11:58:00;Saturday;Male;Junior high school;Employee;1-2yr;Automobile;Governmental;Unknown;No defect; Church areas;Double carriageway (median);Tangent road with flat terrain;Y Shape;Asphalt roads;Dry;Daylight;Normal;Vehicle with vehicle collision;2;2;Stopping;31-50;Not a Pedestrian;No priority to vehicle;Slight Injury
11:58:00;Saturday;Male;Elementary school;Employee;Above 10yr;Other;Owner;2-5yrs;No defect;Residential areas;Double carriageway (median);Tangent road with flat terrain;Y Shape;Asphalt roads;Dry;Daylight;Normal;Collision with pedestrians;2;2;Going straight;na;Not a Pedestrian;Changing lane to the right;Slight Injury
16:00:00;Monday;Male;Junior high school;Employee;2-5yr;unknown;Owner;unknown;No defect;Office areas;Two-way (divided with broken lines road marking);Tangent road with mild grade and flat terrain;No junction;Asphalt roads;Dry;Daylight;Normal;Vehicle with vehicle collision;2;1;Moving Backward;18-30;Not a Pedestrian;No priority to pedestrian;Slight Injury
16:00:00;Monday;Male;Junior high school;Employee;2-5yr;Long lorry;Owner;5-10yrs;No defect;Office areas;Two-way (divided with broken lines road marking);Tangent road with mild grade and flat terrain;No junction;Asphalt roads;Dry;Daylight;Normal;Vehicle with vehicle collision;2;1;Getting off;18-30;Not a Pedestrian;No priority to vehicle;Slight Injury
16:35:00;Monday;Male;Junior high school;Employee;2-5yr;Public (12 seats);Owner;2-5yrs;unknown;Residential areas;Two-way (divided with broken lines road marking);Tangent road with flat terrain;T Shape;Asphalt roads;Dry;Daylight;Normal;Vehicle with vehicle collision;2;1;Going straight;31-50;Not a Pedestrian;Changing lane to the left;Slight Injury
16:35:00;Monday;Male;Junior high school;Employee;2-5yr;Public (12 seats);Owner;5-10yrs;unknown; Church areas;other;Tangent road with flat terrain;T Shape;Asphalt roads;Dry;Daylight;Normal;Vehicle with vehicle collision;2;1;Going straight;na;Not a Pedestrian;Turnover;Slight Injury
19:15:00;Sunday;Male;Elementary school;Employee;2-5yr;Other;Owner;unknown;unknown;Other;Two-way (divided with broken lines road marking);Tangent road with flat terrain;No junction;Asphalt roads;Wet or damp;Daylight;Normal;Collision with roadside objects;2;2;Turnover;Over 51;Not a Pedestrian;Driving to the left;Slight Injury
19:15:00;Sunday;Male;Junior high school;Employee;2-5yr;Other;Owner;unknown;unknown;Office areas;Two-way (divided with broken lines road marking);Tangent road with flat terrain;No junction;Asphalt roads;Wet or damp;Daylight;Normal;Vehicle with vehicle collision;2;2;Moving Backward;na;Not a Pedestrian;Driving carelessly;Slight Injury
19:15:00;Sunday;Male;Elementary school;Employee;5-10yr;Other;Owner;unknown;unknown;Other;Two-way (divided with broken lines road marking);Tangent road with flat terrain;No junction;Asphalt roads;Wet or damp;Daylight;Normal;Vehicle with vehicle collision;2;2;Going straight;18-30;Not a Pedestrian;Driving to the left;Slight Injury
08:28:00;Tuesday;Male;Elementary school;Employee;2-5yr;Public (12 seats);Owner;unknown;unknown;Other;Two-way (divided with broken lines road marking);Tangent road with flat terrain;No junction;Asphalt roads;Dry;Daylight;Normal;Vehicle with vehicle collision;2;1;Moving Backward;31-50;Not a Pedestrian;Driving carelessly;Slight Injury
08:28:00;Tuesday;Male;Junior high school;Employee;Above 10yr;Lorry (41?100Q);Owner;unknown;unknown;unknown;unknown;Tangent road with flat terrain;No junction;Asphalt roads;Dry;Daylight;Normal;Vehicle with vehicle collision;2;1;Going straight;na;Not a Pedestrian;No priority to pedestrian;Slight Injury
21:05:00;Saturday;Male;Junior high school;Employee;Above 10yr;Other;Governmental;2-5yrs;unknown;Residential areas;Two-way (divided with broken lines road marking);unknown;No junction;Asphalt roads;Dry;Darkness - lights lit;Unknown;Collision with roadside objects;2;2;unknown;18-30;Not a Pedestrian;Driving carelessly;Slight Injury
21:05:00;Saturday;Male;High school;Employee;Above 10yr;Public (12 seats);Owner;Below 1yr;unknown; Church areas;Undivided Two way;Tangent road with flat terrain;No junction;Asphalt roads;Dry;Darkness - lights lit;Unknown;Vehicle with vehicle collision;2;2;Going straight;18-30;Not a Pedestrian;Changing lane to the right;Slight Injury
21:05:00;Saturday;Male;Junior high school;Employee;5-10yr;Other;unknown;unknown;unknown;Other;Undivided Two way;Tangent road with flat terrain;No junction;Asphalt roads;Dry;Darkness - lights lit;Unknown;Collision with roadside objects;2;2;unknown;31-50;Not a Pedestrian;Moving Backward;Slight Injury
12:40:00;Friday;Male;Junior high school;Owner;2-5yr;Lorry (11?40Q);Owner;Unknown;unknown;Other;One way;Tangent road with flat terrain;No junction;Asphalt roads;Dry;Daylight;Normal;Vehicle with vehicle collision;2;1;Going straight;18-30;Not a Pedestrian;Driving carelessly;Serious Injury
12:40:00;Friday;Male;Elementary school;Employee;1-2yr;Other;Owner;Unknown;No defect;Residential areas;Two-way (divided with broken lines road marking);Tangent road with flat terrain;No junction;Asphalt roads;Dry;Daylight;Normal;Rollover;2;1;unknown;na;Not a Pedestrian;Changing lane to the right;Serious Injury
13:02:00;Wednesday;Male;Junior high school;Employee;2-5yr;Other;Owner;Unknown;unknown;Office areas;One way;Tangent road with flat terrain;O Shape;Asphalt roads;Dry;Daylight;Normal;Vehicle with vehicle collision;2;2;Going straight;31-50;Not a Pedestrian;Driving carelessly;Slight Injury
13:02:00;Wednesday;Male;Junior high school;Employee;5-10yr;Other;Owner;Unknown;No defect; Industrial areas;Two-way (divided with broken lines road marking);Tangent road with flat terrain;O Shape;Asphalt roads;Dry;Daylight;Normal;Vehicle with vehicle collision;2;2;Going straight;18-30;Not a Pedestrian;Driving carelessly;Slight Injury
13:02:00;Wednesday;Male;unknown;unknown;unknown;Pick up upto 10Q;Governmental;unknown;No defect;Residential areas;Double carriageway (median);Tangent road with flat terrain;O Shape;Asphalt roads;Dry;Daylight;Normal;Vehicle with vehicle collision;2;2;Going straight;Under 18;Not a Pedestrian;Driving carelessly;Slight Injury
11:00:00;Saturday;Male;Elementary school;Owner;5-10yr;Automobile;Owner;unknown;No defect;Office areas;Unknown;Tangent road with flat terrain;No junction;Asphalt roads;Dry;Daylight;Normal;Vehicle with vehicle collision;2;1;Going straight;na;Not a Pedestrian;Changing lane to the right;Slight Injury
11:00:00;Saturday;Male;High school;Other;Above 10yr;Other;Owner;2-5yrs;unknown;Other;unknown;Tangent road with flat terrain;No junction;Asphalt roads;Dry;Daylight;Normal;Vehicle with vehicle collision;2;1;Going straight;Over 51;Not a Pedestrian;Changing lane to the right;Slight Injury
18:55:00;Friday;Male;Junior high school;Employee;Above 10yr;Lorry (41?100Q);Owner;Unknown;unknown; Church areas;other;Tangent road with flat terrain;No junction;Asphalt roads;Wet or damp;Daylight;Normal;Collision with pedestrians;2;1;Other;na;Not a Pedestrian;Driving carelessly;Slight Injury
18:55:00;Friday;Male;Junior high school;Employee;1-2yr;Public (13?45 seats);Owner;Above 10yr;unknown; Industrial areas;unknown;Tangent road with flat terrain;No junction;Asphalt roads;Wet or damp;Daylight;Normal;Rollover;2;1;Other;Under 18;Not a Pedestrian;Overtaking;Slight Injury
18:10:00;Monday;Male;High school;Owner;unknown;Automobile;Owner;Unknown;No defect;  Recreational areas;One way;Tangent road with flat terrain;No junction;Asphalt roads;Dry;Daylight;Normal;Vehicle with vehicle collision;3;3;Going straight;na;Not a Pedestrian;Changing lane to the right;Slight Injury
18:10:00;Monday;Male;Junior high school;Employee;2-5yr;Pick up upto 10Q;Owner;Unknown;No defect;  Market areas;Undivided Two way;Tangent road with flat terrain;No junction;Asphalt roads;Dry;Daylight;Normal;Rollover;3;3;Going straight;31-50;Not a Pedestrian;No distancing;Slight Injury
18:10:00;Monday;Male;Junior high school;Employee;5-10yr;Lorry (41?100Q);Owner;Unknown;No defect;Other;Two-way (divided with broken lines road marking);Tangent road with flat terrain;No junction;Asphalt roads;Dry;Daylight;Normal;Vehicle with vehicle collision;3;3;Getting off;5;Not a Pedestrian;Other;Slight Injury
18:10:00;Monday;Male;Junior high school;Employee;2-5yr;Public (12 seats);Owner;Unknown;unknown;Other;Two-way (divided with broken lines road marking);Tangent road with flat terrain;No junction;Asphalt roads;Dry;Daylight;Normal;Vehicle with vehicle collision;3;3;Going straight;5;Not a Pedestrian;Changing lane to the right;Slight Injury
07:47:00;Friday;Male;Junior high school;Employee;Above 10yr;Other;Owner;Unknown;No defect; Industrial areas;Two-way (divided with broken lines road marking);unknown;Y Shape;Asphalt roads;Dry;Daylight;Normal;Vehicle with vehicle collision;2;1;Going straight;na;Not a Pedestrian;Changing lane to the right;Slight Injury
07:47:00;Friday;Male;Elementary school;Employee;5-10yr;Lorry (41?100Q);Governmental;2-5yrs;unknown;Other;Two-way (divided with broken lines road marking);Tangent road with flat terrain;Y Shape;Asphalt roads;Dry;Daylight;Normal;Fall from vehicles;2;1;Going straight;18-30;Not a Pedestrian;Overtaking;Slight Injury
17:28:00;Monday;Female;Junior high school;Employee;5-10yr;Pick up upto 10Q;Governmental;unknown;unknown;Office areas;other;Tangent road with flat terrain;T Shape;Asphalt roads;Dry;Daylight;Normal;Vehicle with vehicle collision;2;1;Going straight;na;Not a Pedestrian;Other;Slight Injury
17:28:00;Monday;Male;Above high school;Employee;1-2yr;Other;Owner;Unknown;unknown;unknown;other;Tangent road with flat terrain;T Shape;Asphalt roads;Dry;Daylight;Normal;Collision with roadside objects;2;1;Going straight;18-30;Not a Pedestrian;Driving to the left;Slight Injury
16:06:00;Saturday;Male;Elementary school;Employee;Above 10yr;Lorry (41?100Q);Owner;unknown;unknown;Office areas;Two-way (divided with broken lines road marking);Tangent road with flat terrain;Y Shape;Asphalt roads;Dry;Daylight;Normal;Vehicle with vehicle collision;2;1;Getting off;na;Not a Pedestrian;Overtaking;Slight Injury
16:06:00;Saturday;Male;Elementary school;Employee;5-10yr;Ridden horse;Owner;unknown;unknown;Office areas;Undivided Two way;Tangent road with flat terrain;Y Shape;Asphalt roads;Dry;Daylight;Normal;Vehicle with vehicle collision;2;1;Going straight;na;Not a Pedestrian;No priority to vehicle;Slight Injury