Time;Day_of_week;Sex_of_driver;Educational_level;Vehicle_driver_relation;Driving_experience;Type_of_vehicle;Owner_of_vehicle;Service_year_of_vehicle;Defect_of_vehicle;Area_accident_occured;Lanes_or_Medians;Road_allignment;Types_of_Junction;Road_surface_type;Road_surface_conditions;Light_conditions;Weather_conditions;Type_of_collision;Number_of_vehicles_involved;Number_of_casualties;Vehicle_movement;Age_band_of_casualty;Pedestrian_movement;Cause_of_accident;Accident_severity
14:43:00;Monday;Male;Elementary school;Employee;2-5yr;Automobile;Organization;Unknown;unknown;Other;other;Tangent road with flat terrain;Y Shape;Asphalt roads;Dry;Daylight;Normal;Vehicle with vehicle collision;1;1;Going straight;18-30;Not a Pedestrian;Moving Backward;Slight Injury
17:00:00;Monday;Male;Elementary school;Employee;2-5yr;Automobile;Governmental;2-5yrs;unknown;Other;other;Tangent road with flat terrain;No junction;Asphalt roads;Wet or damp;Daylight;Raining;Collision with pedestrians;2;1;Other;Over 51;Not a Pedestrian;Other;Slight Injury
17:00:00;Monday;Male;Junior high school;Employee;5-10yr;Stationwagen;Owner;Unknown;No defect;Other;Undivided Two way;Tangent road with flat terrain;No junction;Asphalt roads;Wet or damp;Daylight;Raining;Vehicle with vehicle collision;2;1;Going straight;Over 51;Not a Pedestrian;No priority to vehicle;Slight Injury
08:30:00;Wednesday;Male;Junior high school;Employee;1-2yr;Other;Owner;Above 10yr;unknown;Other;other;Tangent road with flat terrain;No junction;Asphalt roads;Dry;Daylight;Normal;Vehicle with vehicle collision;2;1;Going straight;Over 51;Not a Pedestrian;No priority to pedestrian;Slight Injury
08:30:00;Wednesday;Male;Junior high school;Employee;5-10yr;Lorry (41?100Q);unknown;unknown;unknown;Residential areas;Undivided Two way;Tangent road with flat terrain;No junction;Asphalt roads;Dry;Daylight;Normal;Vehicle with vehicle collision;2;1;Going straight;na;Not a Pedestrian;Changing lane to the right;Slight Injury
08:02:00;Friday;Male;Junior high school;Employee;5-10yr;Lorry (41?100Q);Owner;2-5yrs;No defect; Church areas;Undivided Two way;Tangent road with flat terrain;Y Shape;Asphalt roads;Dry;Daylight;Normal;Rollover;1;1;Going straight;18-30;Not a Pedestrian;Changing lane to the right;Slight Injury
12:30:00;Friday;Male;Above high school;Employee;5-10yr;Long lorry;Owner;2-5yrs;unknown;Office areas;Double carriageway (median);Tangent road with flat terrain;No junction;Asphalt roads;Dry;Daylight;Normal;Collision with roadside objects;1;1;Going straight;na;Not a Pedestrian;Changing lane to the right;Slight Injury
10:30:00;Sunday;Male;Junior high school;Employee;Above 10yr;Stationwagen;Owner;2-5yrs;unknown; Church areas;other;Tangent road with flat terrain;Y Shape;Asphalt roads;Wet or damp;Daylight;Raining;Vehicle with vehicle collision;2;1;Reversing;18-30;Not a Pedestrian;Driving to the left;Serious Injury
10:30:00;Sunday;Male;Elementary school;Employee;2-5yr;Public (12 seats);Owner;2-5yrs;unknown;Other;Two-way (divided with broken lines road marking);Tangent road with flat terrain;Y Shape;Asphalt roads;Wet or damp;Daylight;Raining;Vehicle with vehicle collision;2;1;Other;Over 51;Not a Pedestrian;Changing lane to the left;Serious Injury
08:36:00;Friday;Male;Junior high school;Employee;5-10yr;Automobile;Owner;unknown;unknown;unknown;other;Tangent road with flat terrain;No junction;Asphalt roads;Dry;Daylight;Normal;Collision with roadside objects;3;1;Going straight;na;Not a Pedestrian;Moving Backward;Slight Injury
08:36:00;Friday;Male;unknown;unknown;unknown;Public (12 seats);Owner;1-2yr;unknown;School areas;other;Steep grade downward with mountainous terrain;No junction;Asphalt roads;Dry;Daylight;Normal;Vehicle with vehicle collision;3;1;Going straight;31-50;Not a Pedestrian;Driving at high speed;Slight Injury
08:36:00;Friday;Male;Junior high school;Employee;5-10yr;Lorry (41?100Q);Owner;5-10yrs;unknown;Office areas;Two-way (divided with broken lines road marking);Tangent road with mild grade and flat terrain;No junction;Asphalt roads;Dry;Daylight;Normal;Vehicle with vehicle collision;3;1;Going straight;na;Not a Pedestrian;Moving Backward;Slight Injury
17:55:00;Thursday;Male;Junior high school;Employee;unknown;Automobile;Owner;Below 1yr;unknown;Other;other;Steep grade downward with mountainous terrain;No junction;Asphalt roads;Wet or damp;Daylight;Raining;Vehicle with vehicle collision;1;1;Going straight;5;Not a Pedestrian;No distancing;Serious Injury
04:40:00;Monday;Male;Junior high school;Employee;unknown;Lorry (41?100Q);Owner;Unknown;unknown;Office areas;Undivided Two way;Tangent road with flat terrain;Y Shape;Asphalt roads;Wet or damp;Darkness - lights lit;Normal;Rollover;2;1;Going straight;na;Not a Pedestrian;Other;Slight Injury
04:40:00;Monday;Male;Junior high school;Employee;1-2yr;Lorry (41?100Q);Owner;unknown;unknown;Other;Undivided Two way;Tangent road with flat terrain;Y Shape;Asphalt roads;Wet or damp;Darkness - lights lit;Normal;Rollover;2;1;Going straight;Under 18;Not a Pedestrian;No priority to vehicle;Slight Injury
08:41:00;Friday;Male;Above high school;Owner;5-10yr;Pick up upto 10Q;Owner;2-5yrs;unknown;Other;Two-way (divided with broken lines road marking);Tangent road with flat terrain;No junction;Asphalt roads;Wet or damp;Daylight;Raining;Collision with pedestrians;1;1;Going straight;na;Not a Pedestrian;Changing lane to the right;Slight Injury
06:20:00;Friday;Male;Junior high school;Employee;2-5yr;Other;Owner;unknown;unknown;Office areas;Undivided Two way;Tangent road with flat terrain;Y Shape;Asphalt roads;Wet or damp;Daylight;Raining;Vehicle with vehicle collision;2;1;Going straight;18-30;Not a Pedestrian;Other;Slight Injury
06:20:00;Friday;Male;Junior high school;Owner;5-10yr;Automobile;Owner;unknown;No defect;Other;Double carriageway (median);Tangent road with flat terrain;Y Shape;Asphalt roads;Wet or damp;Daylight;Raining;Vehicle with vehicle collision;2;1;Going straight;18-30;Not a Pedestrian;No distancing;Slight Injury
13:55:00;Sunday;Male;High school;Employee;2-5yr;Automobile;Owner;unknown;unknown; Church areas;other;Tangent road with flat terrain;No junction;Asphalt roads;Dry;Daylight;Normal;Vehicle with vehicle collision;2;1;Moving Backward;18-30;Not a Pedestrian;Driving carelessly;Slight Injury
13:55:00;Sunday;Male;Junior high school;Employee;Above 10yr;Lorry (11?40Q);Owner;unknown;No defect;Office areas;Two-way (divided with broken lines road marking);Tangent road with flat terrain;No junction;Asphalt roads;Dry;Daylight;Normal;Collision with pedestrians;2;1;Moving Backward;Under 18;Not a Pedestrian;No distancing;Slight Injury
11:30:00;Tuesday;Male;Junior high school;Employee;Below 1yr;Bajaj;Owner;Above 10yr;No defect;Office areas;Two-way (divided with broken lines road marking);Tangent road with flat terrain;No junction;Asphalt roads;Dry;Daylight;Normal;Collision with pedestrians;2;2;Turnover;18-30;Crossing from nearside - masked by parked or statioNot a Pedestrianry vehicle;Moving Backward;Slight Injury
11:30:00;Tuesday;Male;Junior high school;Employee;Below 1yr;Automobile;Owner;2-5yrs;unknown;Other;Undivided Two way;Tangent road with mountainous terrain and;No junction;Asphalt roads;Dry;Daylight;Normal;Vehicle with vehicle collision;2;2;Other;na;Not a Pedestrian;No distancing;Slight Injury
15:45:00;Wednesday;Male;unknown;Owner;unknown;Lorry (41?100Q);Owner;2-5yrs;unknown;Residential areas;Undivided Two way;Tangent road with flat terrain;No junction;Asphalt roads;Dry;Daylight;Normal;Vehicle with vehicle collision;1;1;Other;Under 18;Not a Pedestrian;Moving Backward;Slight Injury
23:49:00;Saturday;Male;Junior high school;Employee;2-5yr;Lorry (11?40Q);Owner;Unknown;No defect;Residential areas;Undivided Two way;Tangent road with flat terrain;No junction;Asphalt roads;Dry;Darkness - lights lit;Normal;Vehicle with vehicle collision;1;1;Going straight;Under 18;Not a Pedestrian;No priority to pedestrian;Slight Injury
17:00:00;Saturday;Male;unknown;unknown;unknown;Lorry (11?40Q);Owner;5-10yrs;7;unknown;Two-way (divided with broken lines road marking);Tangent road with flat terrain;Crossing;Asphalt roads;Dry;Daylight;Normal;Collision with roadside objects;3;2;Going straight;5;Unknown or other;Changing lane to the left;Slight Injury
17:00:00;Saturday;Male;Elementary school;Employee;No Licence;Automobile;Owner;Unknown;7;Other;other;Tangent road with flat terrain;Crossing;Asphalt roads;Dry;Daylight;Normal;Vehicle with vehicle collision;3;2;Other;31-50;Not a Pedestrian;No distancing;Slight Injury
17:00:00;Saturday;Male;Junior high school;Employee;Above 10yr;unknown;Owner;Unknown;No defect;Office areas;unknown;Steep grade downward with mountainous terrain;Crossing;Asphalt roads;Dry;Daylight;Normal;Collision with roadside objects;3;2;Other;18-30;Not a Pedestrian;Other;Slight Injury
17:00:00;Saturday;Male;Junior high school;Owner;Above 10yr;Automobile;Governmental;Unknown;No defect;School areas;Double carriageway (median);Tangent road with flat terrain;Crossing;Asphalt roads;Dry;Daylight;Normal;Vehicle with vehicle collision;3;2;Going straight;na;Not a Pedestrian;No distancing;Slight Injury
14:00:00;Saturday;Male;Junior high school;Employee;Above 10yr;Public (13?45 seats);Owner;Unknown;No defect;Other;Two-way (divided with broken lines road marking);Steep grade downward with mountainous terrain;Y Shape;Asphalt roads;Dry;Daylight;Normal;Vehicle with vehicle collision;1;1;Reversing;18-30;Not a Pedestrian;No priority to pedestrian;Slight Injury
15:46:00;Saturday;Male;Junior high school;Employee;Above 10yr;Public (12 seats);Owner;5-10yrs;No defect;Other;Two-way (divided with broken lines road marking);Tangent road with rolling terrain;No junction;Asphalt roads;Dry;Daylight;Normal;Collision with roadside objects;1;1;Other;na;Not a Pedestrian;Moving Backward;Slight Injury
19:40:00;Friday;Male;Junior high school;Owner;5-10yr;Other;Governmental;Unknown;No defect; Church areas;Two-way (divided with broken lines road marking);Tangent road with flat terrain;Other;Asphalt roads;Dry;Daylight;Normal;Vehicle with vehicle collision;2;1;Turnover;18-30;Not a Pedestrian;No priority to pedestrian;Slight Injury
19:40:00;Friday;Male;Junior high school;Employee;Below 1yr;Automobile;unknown;unknown;unknown;Office areas;unknown;Tangent road with mild grade and flat terrain;Other;Asphalt roads;Dry;Daylight;Normal;Vehicle with vehicle collision;2;1;Going straight;18-30;Not a Pedestrian;No distancing;Slight Injury
08:00:00;Monday;Male;Junior high school;Employee;2-5yr;Automobile;Owner;unknown;unknown;Other;Two-way (divided with broken lines road marking);Tangent road with mild grade and flat terrain;Y Shape;Asphalt roads;Dry;Daylight;Normal;Collision with roadside objects;2;1;Going straight;na;Not a Pedestrian;No priority to pedestrian;Slight Injury
08:00:00;Monday;Male;Junior high school;Employee;unknown;Public (13?45 seats);Governmental;unknown;No defect;Residential areas;Double carriageway (median);Tangent road with flat terrain;Y Shape;Asphalt roads;Dry;Daylight;Normal;Collision with roadside objects;2;1;Going straight;18-30;Not a Pedestrian;Driving carelessly;Slight Injury
17:25:00;Wednesday;Male;Above high school;Employee;1-2yr;Public (13?45 seats);Owner;unknown;unknown;Office areas;Two-way (divided with broken lines road marking);Tangent road with flat terrain;No junction;Asphalt roads;Dry;Daylight;Normal;Vehicle with vehicle collision;2;1;Going straight;na;Not a Pedestrian;Getting off the vehicle improperly;Slight Injury
17:25:00;Wednesday;Male;Junior high school;Employee;1-2yr;Automobile;Owner;unknown;unknown;Office areas;Undivided Two way;Tangent road with flat terrain;No junction;Asphalt roads;Dry;Daylight;Normal;Vehicle with vehicle collision;2;1;Going straight;Over 51;Not a Pedestrian;Driving carelessly;Slight Injury
12:45:00;Saturday;Male;Junior high school;Employee;1-2yr;Other;Owner;Below 1yr;unknown;Office areas;Two-way (divided with broken lines road marking);Tangent road with flat terrain;Y Shape;unknown;Dry;Daylight;Normal;Vehicle with vehicle collision;2;1;Going straight;na;Not a Pedestrian;Changing lane to the left;Slight Injury
12:45:00;Saturday;Male;Unknown;Employee;5-10yr;Pick up upto 10Q;Organization;1-2yr;unknown; Church areas;unknown;Tangent road with flat terrain;Y Shape;Asphalt roads;Dry;Daylight;Normal;Vehicle with vehicle collision;2;1;Going straight;31-50;Not a Pedestrian;No priority to vehicle;Slight Injury
07:49:00;Wednesday;Male;Junior high school;Employee;Above 10yr;Lorry (41?100Q);Owner;unknown;unknown;Office areas;Two-way (divided with broken lines road marking);Tangent road with flat terrain;T Shape;Asphalt roads;Dry;Daylight;Normal;Vehicle with vehicle collision;3;2;Going straight;31-50;Not a Pedestrian;Changing lane to the right;Serious Injury
07:49:00;Wednesday;Male;Junior high school;Employee;Above 10yr;Automobile;Owner;1-2yr;unknown;Office areas;Two-way (divided with broken lines road marking);Tangent road with mild grade and flat terrain;T Shape;Asphalt roads;Dry;Daylight;Normal;Vehicle with vehicle collision;3;2;Going straight;na;Not a Pedestrian;Changing lane to the right;Serious Injury
07:49:00;Wednesday;Male;Junior high school;Employee;5-10yr;Automobile;Owner;unknown;unknown;Office areas;Two-way (divided with broken lines road marking);Tangent road with mild grade and flat terrain;T Shape;Asphalt roads;Dry;Daylight;Normal;Vehicle with vehicle collision;3;2;Other;18-30;Not a Pedestrian;No distancing;Serious Injury
18:48:00;Monday;Male;Junior high school;Employee;2-5yr;Lorry (41?100Q);Owner;5-10yrs;No defect;Office areas;Two-way (divided with broken lines road marking);Tangent road with flat terrain;Crossing;Asphalt roads;Dry;Daylight;Normal;Vehicle with vehicle collision;4;5;Going straight;na;Not a Pedestrian;No distancing;Slight Injury
18:48:00;Monday;Male;Junior high school;Employee;Below 1yr;unknown;Owner;unknown;No defect;Other;Two-way (divided with broken lines road marking);Tangent road with flat terrain;Crossing;Asphalt roads;Dry;Daylight;Normal;Vehicle with vehicle collision;4;5;Going straight;na;Not a Pedestrian;Changing lane to the left;Slight Injury
18:48:00;Monday;Male;Junior high school;Employee;1-2yr;Other;Owner;unknown;No defect;Residential areas;Double carriageway (median);Tangent road with flat terrain;Crossing;Asphalt roads;Dry;Daylight;Normal;Vehicle with vehicle collision;4;5;Moving Backward;31-50;Not a Pedestrian;Changing lane to the right;Slight Injury
18:48:00;Monday;Male;Junior high school;Employee;5-10yr;Automobile;Owner;unknown;No defect; Church areas;Undivided Two way;Tangent road with flat terrain;Crossing;Asphalt roads;Dry;Daylight;Normal;Vehicle with vehicle collision;4;5;Going straight;18-30;Not a Pedestrian;No priority to vehicle;Slight Injury
18:48:00;Monday;Male;Junior high school;Employee;Below 1yr;Automobile;Owner;unknown;No defect;Other;Two-way (divided with broken lines road marking);Tangent road with flat terrain;Crossing;Asphalt roads;Dry;Daylight;Normal;Vehicle with vehicle collision;4;5;Moving Backward;na;Not a Pedestrian;Changing lane to the left;Slight Injury
18:48:00;Monday;Male;Elementary school;Employee;5-10yr;Automobile;Owner;unknown;No defect;  Recreational areas;Two-way (divided with broken lines road marking);Tangent road with flat terrain;Crossing;Asphalt roads;Dry;Daylight;Normal;Vehicle with vehicle collision;4;5;Other;Over 51;Not a Pedestrian;No priority to vehicle;Slight Injury
18:48:00;Monday;Female;Junior high school;Employee;2-5yr;Automobile;unknown;unknown;unknown;unknown;unknown;Tangent road with flat terrain;Crossing;Asphalt roads;Dry;Daylight;Normal;Vehicle with vehicle collision;4;5;Going straight;18-30;Not a Pedestrian;Moving Backward;Slight Injury
08:15:00;Monday;Male;Junior high school;Employee;5-10yr;Lorry (41?100Q);Owner;Unknown;No defect; Industrial areas;Undivided Two way;Tangent road with mild grade and flat terrain;Crossing;Asphalt roads;Dry;Daylight;Normal;Vehicle with vehicle collision;2;1;Reversing;na;Not a Pedestrian;Turnover;Slight Injury
08:15:00;Monday;Male;Elementary school;Employee;5-10yr;Other;Owner;unknown;No defect;Other;Two-way (divided with broken lines road marking);Tangent road with flat terrain;Crossing;Asphalt roads;Dry;Daylight;Normal;Vehicle with vehicle collision;2;1;Going straight;31-50;Not a Pedestrian;No distancing;Slight Injury
13:54:00;Tuesday;Female;Junior high school;Employee;Above 10yr;Pick up upto 10Q;Owner;Unknown;unknown;Other;other;Tangent road with flat terrain;No junction;Asphalt roads;Dry;Daylight;Normal;Vehicle with vehicle collision;1;1;Other;31-50;Not a Pedestrian;No distancing;Slight Injury
21:34:00;Friday;Male;Junior high school;Employee;1-2yr;Stationwagen;Owner;5-10yrs;No defect; Church areas;other;Tangent road with flat terrain;No junction;Asphalt roads;Dry;Darkness - lights lit;Normal;Vehicle with vehicle collision;1;3;Other;na;Not a Pedestrian;No distancing;Slight Injury
21:34:00;Friday;Male;High school;Employee;Below 1yr;Other;Owner;5-10yrs;No defect; Church areas;Undivided Two way;Tangent road with flat terrain;No junction;Asphalt roads;Dry;Darkness - lights lit;Normal;Collision with roadside objects;1;3;Other;Under 18;Not a Pedestrian;Changing lane to the left;Slight Injury
21:34:00;Friday;Male;Elementary school;Employee;Above 10yr;Pick up upto 10Q;Owner;unknown;No defect;Other;Two-way (divided with broken lines road marking);Tangent road with flat terrain;No junction;Asphalt roads;Dry;Darkness - lights lit;Normal;Vehicle with vehicle collision;1;3;Stopping;na;Not a Pedestrian;No priority to vehicle;Slight Injury
14:50:00;Friday;Male;High school;Owner;1-2yr;Stationwagen;Owner;unknown;No defect;Other;One way;Tangent road with flat terrain;Y Shape;Asphalt roads;Dry;Daylight;Normal;Collision with pedestrians;2;1;Other;Over 51;Not a Pedestrian;Driving at high speed;Slight Injury
14:50:00;Friday;Male;Junior high school;Employee;2-5yr;Lorry (41?100Q);Governmental;2-5yrs;unknown;  Recreational areas;Two-way (divided with broken lines road marking);Tangent road with flat terrain;Y Shape;Asphalt roads;Dry;Daylight;Normal;Vehicle with vehicle collision;2;1;Other;31-50;Not a Pedestrian;Overtaking;Slight Injury
14:20:00;Sunday;Male;unknown;Employee;5-10yr;Automobile;Owner;2-5yrs;unknown;Other;Undivided Two way;Tangent road with flat terrain;Crossing;Asphalt roads;Dry;Daylight;Normal;Collision with roadside objects;2;1;Other;31-50;Not a Pedestrian;Other;Slight Injury
14:20:00;Sunday;Male;High school;Owner;2-5yr;unknown;Owner;5-10yrs;unknown;Office areas;Undivided Two way;Tangent road with flat terrain;Crossing;Asphalt roads;Dry;Daylight;Normal;Vehicle with vehicle collision;2;1;Going straight;na;Not a Pedestrian;Changing lane to the left;Slight Injury
15:28:00;Thursday;Male;High school;Employee;Above 10yr;Automobile;Owner;5-10yrs;No defect; Church areas;Two-way (divided with broken lines road marking);Tangent road with flat terrain;No junction;Asphalt roads;Dry;Daylight;Normal;Vehicle with vehicle collision;1;1;Going straight;na;Not a Pedestrian;No priority to pedestrian;Serious Injury
13:46:00;Thursday;Male;Junior high school;Employee;1-2yr;Automobile;Owner;2-5yrs;unknown;Office areas;Two-way (divided with broken lines road marking);Tangent road with flat terrain;Y Shape;Asphalt roads;Dry;Daylight;Normal;Vehicle with vehicle collision;2;3;Going straight;18-30;Not a Pedestrian;Changing lane to the left;Serious Injury
13:46:00;Thursday;Male;Elementary school;Employee;1-2yr;Turbo;unknown;unknown;No defect;Office areas;Undivided Two way;Tangent road with mountainous terrain and;Y Shape;Asphalt roads;Dry;Daylight;Normal;Vehicle with vehicle collision;2;3;Going straight;18-30;Not a Pedestrian;No distancing;Serious Injury
13:46:00;Thursday;Male;High school;Employee;1-2yr;unknown;Owner;2-5yrs;No defect;Other;Undivided Two way;Tangent road with flat terrain;Y Shape;Asphalt roads;Dry;Daylight;Normal;Vehicle with vehicle collision;2;3;Going straight;na;Not a Pedestrian;Moving Backward;Serious Injury
13:50:00;Monday;Male;Above high school;Employee;5-10yr;Stationwagen;Governmental;unknown;unknown;Residential areas;Two-way (divided with broken lines road marking);Tangent road with flat terrain;No junction;Asphalt roads;Dry;Daylight;Normal;Rollover;2;1;Going straight;18-30;Not a Pedestrian;Changing lane to the left;Slight Injury
13:50:00;Monday;Male;unknown;unknown;unknown;Automobile;Owner;2-5yrs;No defect;Office areas;Two-way (divided with broken lines road marking);Tangent road with mild grade and flat terrain;No junction;Asphalt roads;Dry;Daylight;Normal;Collision with roadside objects;2;1;Going straight;na;Not a Pedestrian;Other;Slight Injury
15:27:00;Monday;Male;Junior high school;Employee;5-10yr;Automobile;Owner;2-5yrs;unknown;Residential areas;other;Tangent road with flat terrain;No junction;Asphalt roads;Wet or damp;Daylight;Normal;Vehicle with vehicle collision;1;1;Going straight;na;Not a Pedestrian;No distancing;Serious Injury
08:29:00;Thursday;Male;Elementary school;Owner;5-10yr;Automobile;Owner;Unknown;No defect;Residential areas;Two-way (divided with broken lines road marking);Tangent road with flat terrain;No junction;Gravel roads;Dry;Daylight;Normal;Collision with roadside objects;2;1;Going straight;31-50;Not a Pedestrian;Moving Backward;Serious Injury
08:29:00;Thursday;Male;Elementary school;Employee;5-10yr;Pick up upto 10Q;Owner;unknown;No defect;Other;Double carriageway (median);Tangent road with flat terrain;No junction;Asphalt roads;Dry;Daylight;Normal;Vehicle with vehicle collision;2;1;Going straight;na;Not a Pedestrian;No distancing;Serious Injury
18:10:00;Thursday;Male;High school;Owner;5-10yr;Lorry (41?100Q);Owner;unknown;No defect; Hospital areas;One way;Tangent road with flat terrain;No junction;Asphalt roads;Dry;Daylight;Normal;Vehicle with vehicle collision;1;1;Going straight;18-30;Not a Pedestrian;Changing lane to the left;Slight Injury
05:05:00;Wednesday;Male;Junior high school;Employee;5-10yr;Lorry (41?100Q);Governmental;unknown;No defect;Other;Undivided Two way;Tangent road with flat terrain;Y Shape;Asphalt roads;Dry;Daylight;Normal;Vehicle with vehicle collision;2;4;Reversing;31-50;Not a Pedestrian;Changing lane to the left;Slight Injury
05:05:00;Wednesday;Male;Junior high school;Owner;1-2yr;Automobile;Owner;unknown;No defect;Other;Undivided Two way;Tangent road with flat terrain;Y Shape;Asphalt roads;Dry;Daylight;Normal;Vehicle with vehicle collision;2;4;Going straight;na;Not a Pedestrian;No priority to pedestrian;Slight Injury
05:05:00;Wednesday;Male;Junior high school;Employee;2-5yr;Lorry (41?100Q);Owner;unknown;No defect;  Recreational areas;One way;Tangent road with mild grade and flat terrain;Y Shape;Asphalt roads;Dry;Daylight;Normal;Vehicle with vehicle collision;2;4;Other;18-30;Not a Pedestrian;Changing lane to the left;Slight Injury
05:05:00;Wednesday;Male;Junior high school;Owner;5-10yr;Lorry (41?100Q);Owner;unknown;No defect;Other;Undivided Two way;Tangent road with flat terrain;Y Shape;Asphalt roads;Dry;Daylight;Normal;Collision with roadside objects;2;4;unknown;na;Not a Pedestrian;Driving carelessly;Slight Injury
08:44:00;Tuesday;Male;Junior high school;Owner;Above 10yr;Lorry (41?100Q);Owner;unknown;No defect;Other;Undivided Two way;Tangent road with flat terrain;No junction;Asphalt roads;Wet or damp;Daylight;Cloudy;Vehicle with vehicle collision;2;1;Getting off;18-30;Not a Pedestrian;Driving carelessly;Slight Injury
08:44:00;Tuesday;Female;High school;Employee;5-10yr;Lorry (41?100Q);Owner;unknown;No defect;Other;Undivided Two way;Tangent road with flat terrain;No junction;Asphalt roads;Wet or damp;Daylight;Cloudy;Collision with roadside objects;2;1;Going straight;na;Not a Pedestrian;No priority to pedestrian;Slight Injury
17:30:00;Tuesday;Male;High school;Owner;2-5yr;Automobile;Owner;Below 1yr;No defect;Office areas;Two-way (divided with broken lines road marking);Tangent road with flat terrain;Y Shape;Asphalt roads;Dry;Daylight;Normal;Vehicle with vehicle collision;1;1;Going straight;31-50;Not a Pedestrian;Getting off the vehicle improperly;Slight Injury
19:50:00;Thursday;Male;Junior high school;Employee;5-10yr;Automobile;Owner;2-5yrs;No defect;Other;Two-way (divided with broken lines road marking);Tangent road with mild grade and flat terrain;No junction;Asphalt roads with some distress;Dry;Darkness - lights lit;Normal;Vehicle with vehicle collision;2;1;Going straight;na;Not a Pedestrian;No distancing;Slight Injury
19:50:00;Thursday;Male;Elementary school;Employee;2-5yr;Automobile;Owner;unknown;No defect;Residential areas;Two-way (divided with broken lines road marking);Tangent road with flat terrain;No junction;Asphalt roads;Dry;Darkness - lights lit;Normal;Vehicle with vehicle collision;2;1;Going straight;31-50;Not a Pedestrian;Changing lane to the left;Slight Injury
10:00:00;Tuesday;Male;Elementary school;Employee;5-10yr;Public (13?45 seats);Owner;5-10yrs;No defect;Other;Undivided Two way;Tangent road with flat terrain;No junction;Asphalt roads;Dry;Daylight;Normal;Vehicle with vehicle collision;2;1;Turnover;na;Not a Pedestrian;No priority to vehicle;Slight Injury
10:00:00;Tuesday;Male;Junior high school;Employee;1-2yr;Automobile;Owner;Unknown;No defect;Other;Undivided Two way;Tangent road with flat terrain;No junction;Asphalt roads;Dry;Daylight;Normal;Vehicle with vehicle collision;2;1;Entering a junction;na;Not a Pedestrian;No distancing;Slight Injury
14:11:00;Monday;Male;Junior high school;Employee;5-10yr;Public (13?45 seats);Owner;unknown;unknown; Church areas;Undivided Two way;Tangent road with flat terrain;No junction;Asphalt roads;Wet or damp;Daylight;Normal;Vehicle with vehicle collision;1;1;Entering a junction;18-30;Not a Pedestrian;No priority to pedestrian;Serious Injury
22:00:00;Sunday;Male;unknown;unknown;unknown;Public (13?45 seats);Owner;1-2yr;5;Office areas;Undivided Two way;Tangent road with flat terrain;Other;Asphalt roads;Dry;Darkness - lights lit;Normal;Vehicle with vehicle collision;2;1;Entering a junction;18-30;Not a Pedestrian;No priority to pedestrian;Slight Injury
22:00:00;Sunday;Male;Elementary school;Employee;Above 10yr;Automobile;Owner;Above 10yr;No defect;School areas;other;Tangent road with flat terrain;Other;Asphalt roads;Dry;Darkness - lights lit;Normal;Vehicle with vehicle collision;2;1;Entering a junction;na;Not a Pedestrian;No priority to vehicle;Slight Injury
23:00:00;Thursday;Female;Elementary school;Employee;Below 1yr;Lorry (11?40Q);Owner;2-5yrs;No defect;Other;Undivided Two way;Tangent road with flat terrain;No junction;Asphalt roads;Dry;Darkness - lights lit;Normal;Vehicle with vehicle collision;2;4;Other;31-50;Not a Pedestrian;Driving carelessly;Slight Injury
23:00:00;Thursday;Male;Junior high school;Employee;2-5yr;Automobile;Owner;1-2yr;No defect;Office areas;Undivided Two way;Tangent road with flat terrain;No junction;Asphalt roads;Dry;Darkness - lights lit;Normal;Vehicle with vehicle collision;2;4;Entering a junction;na;Not a Pedestrian;Changing lane to the right;Slight Injury
23:00:00;Thursday;Male;Elementary school;Owner;1-2yr;Lorry (41?100Q);Owner;1-2yr;No defect;Residential areas;other;Steep grade downward with mountainous terrain;No junction;Asphalt roads;Dry;Darkness - lights lit;Normal;Vehicle with vehicle collision;2;4;Turnover;18-30;Not a Pedestrian;Changing lane to the left;Slight Injury
23:00:00;Thursday;Male;Junior high school;Owner;5-10yr;Other;Owner;1-2yr;No defect; Industrial areas;One way;Tangent road with flat terrain;No junction;Asphalt roads;Dry;Darkness - lights lit;Normal;Rollover;2;4;Entering a junction;18-30;Not a Pedestrian;Moving Backward;Slight Injury
23:00:00;Thursday;Male;Junior high school;Employee;2-5yr;Pick up upto 10Q;Owner;2-5yrs;No defect;Other;Undivided Two way;Tangent road with flat terrain;No junction;Asphalt roads;Dry;Darkness - lights lit;Normal;Collision with roadside objects;2;4;Entering a junction;na;Not a Pedestrian;Driving carelessly;Slight Injury
08:10:00;Tuesday;Male;Junior high school;Employee;2-5yr;Lorry (11?40Q);Owner;1-2yr;No defect;Residential areas;Undivided Two way;Tangent road with flat terrain;No junction;Asphalt roads;Dry;Daylight;Normal;Vehicle with vehicle collision;3;1;Entering a junction;na;Not a Pedestrian;Driving to the left;Slight Injury
08:10:00;Tuesday;Male;High school;Employee;2-5yr;Motorcycle;Owner;1-2yr;No defect;  Recreational areas;Two-way (divided with broken lines road marking);Tangent road with flat terrain;No junction;Asphalt roads;Dry;Daylight;Normal;Vehicle with vehicle collision;3;1;Entering a junction;18-30;Not a Pedestrian;Driving to the left;Slight Injury
08:10:00;Tuesday;Male;Junior high school;Employee;Above 10yr;Pick up upto 10Q;Owner;Unknown;7;Office areas;other;Tangent road with flat terrain;No junction;Asphalt roads;Dry;Daylight;Normal;Collision with roadside objects;3;1;Entering a junction;Under 18;Not a Pedestrian;No priority to pedestrian;Slight Injury