Time;Day_of_week;Sex_of_driver;Educational_level;Vehicle_driver_relation;Driving_experience;Type_of_vehicle;Owner_of_vehicle;Service_year_of_vehicle;Defect_of_vehicle;Area_accident_occured;Lanes_or_Medians;Road_allignment;Types_of_Junction;Road_surface_type;Road_surface_conditions;Light_conditions;Weather_conditions;Type_of_collision;Number_of_vehicles_involved;Number_of_casualties;Vehicle_movement;Age_band_of_casualty;Pedestrian_movement;Cause_of_accident;Accident_severity
18:43:00;Saturday;Male;Junior high school;Employee;5-10yr;Lorry (41?100Q);Owner;5-10yrs;unknown; Industrial areas;Undivided Two way;Tangent road with flat terrain;Y Shape;Asphalt roads;Dry;Daylight;Normal;Vehicle with vehicle collision;2;1;Going straight;18-30;In carriageway, statioNot a Pedestrianry - not crossing  (standing or playing) - masked by parked or statioNot a Pedestrianry vehicle;Driving under the influence of drugs;Slight Injury
18:43:00;Saturday;Male;Junior high school;Employee;2-5yr;Automobile;Owner;Unknown;No defect; Church areas;Two-way (divided with broken lines road marking);Tangent road with flat terrain;Y Shape;Asphalt roads;Dry;Daylight;Normal;unknown;2;1;Going straight;na;Not a Pedestrian;No priority to pedestrian;Slight Injury
16:17:00;Tuesday;Male;Junior high school;Employee;No Licence;Stationwagen;Owner;unknown;No defect;Office areas;Two-way (divided with broken lines road marking);Tangent road with flat terrain;No junction;Asphalt roads;Wet or damp;Daylight;Raining;unknown;1;1;unknown;Under 18;Not a Pedestrian;Moving Backward;Serious Injury
11:10:00;Sunday;Male;Junior high school;Employee;Above 10yr;Motorcycle;Owner;unknown;No defect;Other;Two-way (divided with broken lines road marking);Tangent road with flat terrain;No junction;Asphalt roads;Dry;Daylight;Normal;unknown;2;3;Moving Backward;na;Not a Pedestrian;Changing lane to the right;Slight Injury
11:10:00;Sunday;Male;Junior high school;Employee;Above 10yr;unknown;Owner;unknown;No defect;Office areas;Double carriageway (median);Tangent road with flat terrain;No junction;Asphalt roads;Dry;Daylight;Normal;Vehicle with vehicle collision;2;3;unknown;31-50;Not a Pedestrian;Changing lane to the left;Slight Injury
11:10:00;Sunday;Male;Junior high school;Employee;5-10yr;Other;Owner;unknown;No defect;Office areas;Double carriageway (median);Tangent road with flat terrain;No junction;Asphalt roads;Dry;Daylight;Normal;Vehicle with vehicle collision;2;3;Going straight;18-30;Not a Pedestrian;Changing lane to the right;Slight Injury
15:20:00;Sunday;Male;High school;Employee;2-5yr;Automobile;Governmental;unknown;No defect;Office areas;Double carriageway (median);Tangent road with flat terrain;Y Shape;Asphalt roads;Dry;Daylight;Normal;Collision with roadside objects;2;1;Going straight;na;Not a Pedestrian;Driving under the influence of drugs;Serious Injury
15:20:00;Sunday;Male;High school;Owner;2-5yr;Automobile;Owner;unknown;No defect;Residential areas;Double carriageway (median);Tangent road with flat terrain;Y Shape;Asphalt roads;Dry;Daylight;Normal;Collision with roadside objects;2;1;unknown;18-30;Not a Pedestrian;No priority to vehicle;Serious Injury
09:15:00;Tuesday;Male;Junior high school;Employee;Below 1yr;unknown;Owner;unknown;No defect;Office areas;Double carriageway (median);Tangent road with flat terrain;No junction;Asphalt roads;Dry;Daylight;Normal;Vehicle with vehicle collision;2;1;Going straight;31-50;Not a Pedestrian;No priority to vehicle;Slight Injury
09:15:00;Tuesday;Male;Junior high school;Owner;Above 10yr;Public (> 45 seats);Owner;2-5yrs;unknown;Other;Undivided Two way;Tangent road with flat terrain;No junction;Asphalt roads;Dry;Daylight;Normal;Vehicle with vehicle collision;2;1;Going straight;na;Not a Pedestrian;Changing lane to the left;Slight Injury
08:45:00;Thursday;Male;Junior high school;Employee;Above 10yr;Automobile;Owner;2-5yrs;unknown; Industrial areas;One way;unknown;Y Shape;Asphalt roads;Dry;Daylight;Normal;Vehicle with vehicle collision;2;2;Going straight;18-30;Not a Pedestrian;Changing lane to the right;Slight Injury
08:45:00;Thursday;Male;Elementary school;Employee;2-5yr;Other;Owner;unknown;No defect;Other;One way;Tangent road with flat terrain;Y Shape;Asphalt roads;Dry;Daylight;Normal;Vehicle with vehicle collision;2;2;Going straight;na;Not a Pedestrian;Changing lane to the right;Slight Injury
08:45:00;Thursday;Male;Junior high school;Employee;2-5yr;Automobile;Owner;unknown;No defect;Office areas;Double carriageway (median);Tangent road with flat terrain;Y Shape;Asphalt roads;Dry;Daylight;Normal;Vehicle with vehicle collision;2;2;Going straight;31-50;Not a Pedestrian;Changing lane to the left;Slight Injury
17:00:00;Monday;Male;Unknown;Employee;Above 10yr;Other;Governmental;Unknown;unknown;Office areas;Two-way (divided with broken lines road marking);Tangent road with flat terrain;No junction;Asphalt roads;Dry;Daylight;Normal;Rollover;1;1;Going straight;31-50;Crossing from nearside - masked by parked or statioNot a Pedestrianry vehicle;Changing lane to the left;Slight Injury
07:25:00;Thursday;Male;Elementary school;Employee;5-10yr;Lorry (41?100Q);Governmental;unknown;No defect;unknown;Double carriageway (median);Tangent road with flat terrain;Crossing;Asphalt roads;Dry;Daylight;Normal;Vehicle with vehicle collision;2;1;Going straight;31-50;Crossing from nearside - masked by parked or statioNot a Pedestrianry vehicle;Getting off the vehicle improperly;Slight Injury
07:25:00;Thursday;Male;Junior high school;Employee;Below 1yr;Pick up upto 10Q;Owner;unknown;unknown;Other;unknown;Tangent road with flat terrain;Crossing;Asphalt roads;Dry;Daylight;Normal;Collision with roadside objects;2;1;Other;Under 18;Crossing from nearside - masked by parked or statioNot a Pedestrianry vehicle;Overtaking;Slight Injury
17:19:00;Thursday;Male;Elementary school;Employee;Below 1yr;Public (13?45 seats);Owner;Unknown;unknown;Office areas;Double carriageway (median);Tangent road with flat terrain;No junction;Asphalt roads;Dry;Daylight;Normal;Collision with pedestrians;3;4;Going straight;na;Not a Pedestrian;Changing lane to the left;Slight Injury
17:19:00;Thursday;Female;Junior high school;Employee;Below 1yr;Automobile;Owner;unknown;No defect;Office areas;Two-way (divided with broken lines road marking);Tangent road with flat terrain;No junction;Asphalt roads;Dry;Daylight;Normal;Vehicle with vehicle collision;3;4;Going straight;18-30;Not a Pedestrian;Driving under the influence of drugs;Slight Injury
17:19:00;Thursday;Male;Junior high school;Employee;5-10yr;Pick up upto 10Q;Owner;5-10yrs;unknown;Office areas;Undivided Two way;Tangent road with flat terrain;No junction;Gravel roads;Dry;Daylight;Normal;Vehicle with vehicle collision;3;4;Going straight;Over 51;Crossing from nearside - masked by parked or statioNot a Pedestrianry vehicle;Driving carelessly;Slight Injury
17:19:00;Thursday;Male;Junior high school;Owner;5-10yr;Automobile;Owner;unknown;unknown;Other;Undivided Two way;Tangent road with flat terrain;No junction;Asphalt roads;Dry;Daylight;Normal;Vehicle with vehicle collision;3;4;Going straight;5;Not a Pedestrian;Moving Backward;Slight Injury
17:19:00;Thursday;Male;High school;Owner;5-10yr;Lorry (41?100Q);Owner;unknown;No defect;Other;Undivided Two way;Tangent road with flat terrain;No junction;Asphalt roads;Dry;Daylight;Normal;Vehicle with vehicle collision;3;4;Going straight;Over 51;Not a Pedestrian;No distancing;Slight Injury
17:19:00;Thursday;Male;Junior high school;Employee;5-10yr;Automobile;Owner;unknown;No defect;  Recreational areas;Undivided Two way;Tangent road with flat terrain;No junction;Asphalt roads;Dry;Daylight;Normal;Vehicle with vehicle collision;3;4;Going straight;31-50;Not a Pedestrian;No priority to vehicle;Slight Injury
10:30:00;Monday;Male;Junior high school;Employee;2-5yr;Lorry (41?100Q);Owner;unknown;No defect; Church areas;Undivided Two way;Tangent road with flat terrain;Other;Asphalt roads;Dry;Daylight;Normal;Vehicle with vehicle collision;2;1;Moving Backward;18-30;Not a Pedestrian;Overturning;Slight Injury
10:30:00;Monday;Male;Elementary school;Employee;5-10yr;Lorry (41?100Q);Other;1-2yr;No defect;  Recreational areas;other;Tangent road with flat terrain;Other;Asphalt roads;Dry;Daylight;Normal;Vehicle with vehicle collision;2;1;Going straight;Under 18;Not a Pedestrian;Changing lane to the left;Slight Injury
09:53:00;Monday;Male;Junior high school;Employee;2-5yr;Lorry (41?100Q);Owner;5-10yrs;No defect;School areas;other;Tangent road with flat terrain;Y Shape;Asphalt roads;Dry;Daylight;Normal;Collision with roadside objects;2;2;Going straight;na;Not a Pedestrian;No distancing;Slight Injury
09:53:00;Monday;Male;Junior high school;Employee;Below 1yr;Public (13?45 seats);Owner;unknown;No defect; Church areas;Double carriageway (median);Tangent road with flat terrain;Y Shape;Asphalt roads;Dry;Daylight;Normal;Rollover;2;2;Going straight;na;Not a Pedestrian;Moving Backward;Slight Injury
17:10:00;Thursday;Male;Elementary school;Employee;2-5yr;Automobile;Owner;5-10yrs;unknown;Office areas;unknown;Tangent road with flat terrain;Other;Asphalt roads;Dry;Daylight;Normal;Vehicle with vehicle collision;2;1;Going straight;31-50;Not a Pedestrian;No priority to vehicle;Slight Injury
17:10:00;Thursday;Male;Junior high school;Employee;2-5yr;Other;Owner;2-5yrs;unknown;Residential areas;One way;Steep grade downward with mountainous terrain;Other;Asphalt roads;Dry;Daylight;Normal;Collision with pedestrians;2;1;Going straight;na;Not a Pedestrian;No priority to vehicle;Slight Injury
14:06:00;Wednesday;Male;Junior high school;Employee;2-5yr;Other;Owner;unknown;No defect;Other;One way;Tangent road with flat terrain;Y Shape;Asphalt roads;Dry;Daylight;Normal;Vehicle with vehicle collision;2;1;Going straight;Over 51;Not a Pedestrian;No distancing;Slight Injury
14:06:00;Wednesday;Male;Junior high school;Employee;5-10yr;Other;Owner;unknown;No defect;Other;Undivided Two way;Tangent road with flat terrain;Y Shape;Asphalt roads;Dry;Daylight;Normal;Vehicle with vehicle collision;2;1;Going straight;na;Not a Pedestrian;No distancing;Slight Injury
21:09:00;Saturday;Male;Junior high school;Employee;5-10yr;Automobile;Governmental;1-2yr;No defect; Industrial areas;One way;Tangent road with flat terrain;Y Shape;Asphalt roads;Dry;Daylight;Normal;Collision with pedestrians;1;1;Going straight;Under 18;Not a Pedestrian;Overtaking;Slight Injury
19:21:00;Saturday;Male;Junior high school;Employee;unknown;Other;Governmental;1-2yr;No defect; Church areas;other;Steep grade downward with mountainous terrain;Crossing;Asphalt roads;Dry;Daylight;Normal;Collision with pedestrians;3;1;Going straight;Under 18;Not a Pedestrian;Driving under the influence of drugs;Slight Injury
19:21:00;Saturday;Male;Junior high school;Owner;5-10yr;Lorry (41?100Q);Organization;1-2yr;No defect;Office areas;other;Tangent road with flat terrain;Crossing;Asphalt roads;Dry;Daylight;Normal;Vehicle with vehicle collision;3;1;Going straight;18-30;Not a Pedestrian;Changing lane to the right;Slight Injury
19:21:00;Saturday;Male;Junior high school;Employee;2-5yr;Public (12 seats);Owner;Unknown;No defect;Office areas;Undivided Two way;Tangent road with flat terrain;Crossing;Gravel roads;Dry;Daylight;Normal;Vehicle with vehicle collision;3;1;Going straight;Under 18;Not a Pedestrian;Changing lane to the left;Slight Injury
19:52:00;Wednesday;Male;Junior high school;Employee;Below 1yr;Lorry (41?100Q);Owner;unknown;unknown;Office areas;Double carriageway (median);Tangent road with flat terrain;No junction;Asphalt roads;Dry;Daylight;Normal;Vehicle with vehicle collision;2;1;Going straight;na;Not a Pedestrian;Driving carelessly;Slight Injury
19:52:00;Wednesday;Male;Junior high school;Employee;1-2yr;Public (12 seats);Owner;2-5yrs;unknown;Other;Two-way (divided with broken lines road marking);Tangent road with flat terrain;No junction;Asphalt roads;Dry;Daylight;Normal;Vehicle with vehicle collision;2;1;Other;na;Not a Pedestrian;Moving Backward;Slight Injury
03:19:00;Saturday;Male;Junior high school;Employee;Below 1yr;Lorry (41?100Q);Owner;unknown;unknown;Office areas;Undivided Two way;Tangent road with flat terrain;No junction;Asphalt roads;Wet or damp;Darkness - lights lit;Normal;Vehicle with vehicle collision;1;2;Going straight;18-30;Not a Pedestrian;Moving Backward;Slight Injury
03:19:00;Saturday;Male;Junior high school;Employee;Above 10yr;Other;Owner;unknown;No defect;Other;Double carriageway (median);Tangent road with flat terrain;No junction;Asphalt roads;Wet or damp;Darkness - lights lit;Normal;Collision with roadside objects;1;2;Going straight;18-30;Not a Pedestrian;Changing lane to the right;Slight Injury
13:05:00;Thursday;Female;Junior high school;Employee;Below 1yr;Lorry (41?100Q);Owner;Above 10yr;No defect; Industrial areas;Two-way (divided with broken lines road marking);Tangent road with flat terrain;Y Shape;Earth roads;Dry;Daylight;Unknown;Vehicle with vehicle collision;2;1;Going straight;na;Not a Pedestrian;No priority to vehicle;Slight Injury
13:05:00;Thursday;Male;Junior high school;Employee;2-5yr;unknown;Owner;unknown;No defect;Residential areas;other;Tangent road with flat terrain;Y Shape;Asphalt roads;Dry;Daylight;Unknown;Vehicle with vehicle collision;2;1;Going straight;18-30;Not a Pedestrian;Driving at high speed;Slight Injury
07:10:00;Tuesday;Male;Junior high school;Employee;1-2yr;Public (> 45 seats);Owner;unknown;No defect;Other;Two-way (divided with broken lines road marking);Tangent road with flat terrain;Crossing;Asphalt roads;Dry;Daylight;Normal;Vehicle with vehicle collision;2;1;Going straight;na;Not a Pedestrian;Driving under the influence of drugs;Slight Injury
07:10:00;Tuesday;Male;Elementary school;Employee;5-10yr;Lorry (41?100Q);Owner;5-10yrs;unknown;Other;One way;Tangent road with flat terrain;Crossing;unknown;Dry;Daylight;Normal;Vehicle with vehicle collision;2;1;Going straight;na;Not a Pedestrian;Changing lane to the right;Slight Injury
11:45:00;Sunday;Male;Junior high school;Owner;Below 1yr;Other;Owner;1-2yr;No defect;Other;One way;Tangent road with flat terrain;No junction;Gravel roads;Dry;Daylight;Normal;Vehicle with vehicle collision;2;3;Going straight;18-30;Not a Pedestrian;Driving carelessly;Slight Injury
11:45:00;Sunday;Male;Junior high school;Employee;Below 1yr;Other;Owner;unknown;unknown;Other;Undivided Two way;Tangent road with flat terrain;No junction;Asphalt roads;Dry;Daylight;Normal;Vehicle with vehicle collision;2;3;Other;18-30;Not a Pedestrian;No distancing;Slight Injury
11:45:00;Sunday;Male;Writing & reading;Employee;Below 1yr;Automobile;unknown;unknown;unknown;Other;Two-way (divided with broken lines road marking);Tangent road with flat terrain;No junction;unknown;Dry;Daylight;Normal;Vehicle with vehicle collision;2;3;Going straight;na;Not a Pedestrian;Changing lane to the left;Slight Injury
11:45:00;Sunday;Male;Junior high school;Employee;1-2yr;Lorry (41?100Q);Governmental;Below 1yr;No defect;Residential areas;other;Steep grade downward with mountainous terrain;No junction;Asphalt roads;Dry;Daylight;Normal;Vehicle with vehicle collision;2;3;Going straight;18-30;Not a Pedestrian;No distancing;Slight Injury
22:10:00;Monday;Male;Elementary school;Owner;5-10yr;Pick up upto 10Q;Owner;unknown;No defect;Office areas;Two-way (divided with broken lines road marking);Tangent road with flat terrain;Y Shape;Earth roads;Dry;Darkness - lights lit;Normal;Vehicle with vehicle collision;2;1;Going straight;na;Not a Pedestrian;No distancing;Slight Injury
22:10:00;Monday;Male;Junior high school;Employee;2-5yr;Automobile;Owner;unknown;unknown;Office areas;Two-way (divided with broken lines road marking);Tangent road with flat terrain;Y Shape;Asphalt roads;Dry;Darkness - lights lit;Normal;Vehicle with vehicle collision;2;1;Going straight;18-30;Not a Pedestrian;Getting off the vehicle improperly;Slight Injury
23:44:00;Monday;Male;Junior high school;Owner;Below 1yr;unknown;Owner;Unknown;No defect;Other;Two-way (divided with broken lines road marking);Tangent road with flat terrain;Y Shape;Asphalt roads;Dry;Darkness - lights lit;Normal;Vehicle with vehicle collision;2;1;Going straight;na;Not a Pedestrian;Overtaking;Slight Injury
23:44:00;Monday;Male;Writing & reading;Employee;5-10yr;Other;Owner;Above 10yr;No defect;Other;One way;Tangent road with flat terrain;Y Shape;Asphalt roads;Dry;Darkness - lights lit;Normal;Vehicle with vehicle collision;2;1;Going straight;18-30;Not a Pedestrian;Driving carelessly;Slight Injury
08:05:00;Tuesday;Male;Writing & reading;Employee;5-10yr;Automobile;Owner;unknown;No defect;Office areas;Two-way (divided with broken lines road marking);Tangent road with flat terrain;Y Shape;Asphalt roads;Dry;Daylight;Normal;Vehicle with vehicle collision;4;2;Going straight;na;Not a Pedestrian;Driving under the influence of drugs;Slight Injury
08:05:00;Tuesday;Male;Junior high school;Employee;5-10yr;Stationwagen;Owner;2-5yrs;unknown;Office areas;Undivided Two way;Tangent road with flat terrain;Y Shape;Asphalt roads;Dry;Daylight;Normal;Vehicle with vehicle collision;4;2;Going straight;na;Not a Pedestrian;Moving Backward;Slight Injury
08:05:00;Tuesday;Male;Junior high school;Employee;2-5yr;Other;Owner;unknown;No defect;Other;Two-way (divided with broken lines road marking);Tangent road with flat terrain;Y Shape;Earth roads;Dry;Daylight;Normal;Vehicle with vehicle collision;4;2;Going straight;18-30;Not a Pedestrian;Overturning;Slight Injury
08:05:00;Tuesday;Male;Junior high school;Employee;Above 10yr;unknown;Owner;unknown;No defect;Other;Two-way (divided with broken lines road marking);Tangent road with flat terrain;Y Shape;Asphalt roads;Dry;Daylight;Normal;Collision with roadside objects;4;2;Moving Backward;31-50;Not a Pedestrian;Driving under the influence of drugs;Slight Injury
17:31:00;Thursday;Male;Junior high school;Employee;5-10yr;Ridden horse;Governmental;Unknown;unknown;Residential areas;Two-way (divided with broken lines road marking);Tangent road with flat terrain;Y Shape;Asphalt roads;Dry;Daylight;Normal;Vehicle with vehicle collision;2;1;Going straight;Under 18;Not a Pedestrian;Changing lane to the right;Slight Injury
17:31:00;Thursday;Male;Junior high school;Employee;Above 10yr;unknown;Owner;1-2yr;No defect;Other;Undivided Two way;Tangent road with flat terrain;Y Shape;Asphalt roads;Dry;Daylight;Normal;Vehicle with vehicle collision;2;1;Going straight;18-30;Not a Pedestrian;Changing lane to the left;Slight Injury
08:39:00;Thursday;Male;Junior high school;Employee;2-5yr;Other;Owner;unknown;No defect;Office areas;Undivided Two way;Tangent road with flat terrain;No junction;Asphalt roads;Dry;Daylight;Normal;Vehicle with vehicle collision;2;1;Going straight;na;Not a Pedestrian;No distancing;Slight Injury
08:39:00;Thursday;Male;Junior high school;Employee;Below 1yr;Lorry (41?100Q);Owner;2-5yrs;No defect;Office areas;Undivided Two way;Tangent road with flat terrain;No junction;Asphalt roads;Dry;Daylight;Normal;Vehicle with vehicle collision;2;1;Going straight;18-30;Not a Pedestrian;No distancing;Slight Injury
11:14:00;Friday;Male;Junior high school;Employee;Below 1yr;Lorry (41?100Q);unknown;unknown;unknown;Other;Undivided Two way;Tangent road with flat terrain;Crossing;Asphalt roads;Dry;Daylight;Normal;Collision with pedestrians;2;1;Moving Backward;18-30;Not a Pedestrian;No priority to vehicle;Slight Injury
11:14:00;Friday;Male;Junior high school;Owner;5-10yr;Lorry (41?100Q);Owner;Unknown;unknown;Other;unknown;Tangent road with flat terrain;Crossing;Asphalt roads;Dry;Daylight;Normal;Vehicle with vehicle collision;2;1;Going straight;31-50;Not a Pedestrian;Moving Backward;Slight Injury
12:58:00;Friday;Male;Junior high school;Employee;2-5yr;Stationwagen;Owner;Above 10yr;unknown;Other;Undivided Two way;Tangent road with flat terrain;Other;Asphalt roads;Dry;Daylight;Normal;Vehicle with vehicle collision;2;2;Other;31-50;Not a Pedestrian;Moving Backward;Slight Injury
12:58:00;Friday;Male;Elementary school;Employee;Below 1yr;Lorry (41?100Q);Owner;unknown;No defect;Office areas;unknown;Tangent road with flat terrain;Other;Asphalt roads;Dry;Daylight;Normal;Vehicle with vehicle collision;2;2;Other;na;Not a Pedestrian;Getting off the vehicle improperly;Slight Injury
02:05:00;Sunday;Male;Junior high school;Employee;2-5yr;Automobile;Owner;Above 10yr;No defect;Office areas;Two-way (divided with broken lines road marking);Tangent road with flat terrain;Y Shape;Asphalt roads;Dry;Darkness - lights lit;Normal;Vehicle with vehicle collision;2;1;Going straight;31-50;Not a Pedestrian;Changing lane to the left;Serious Injury
02:05:00;Sunday;Male;Junior high school;Employee;5-10yr;Automobile;Owner;unknown;No defect;Other;Two-way (divided with broken lines road marking);Steep grade downward with mountainous terrain;Y Shape;Asphalt roads;Dry;Darkness - lights lit;Normal;Vehicle with vehicle collision;2;1;Going straight;31-50;Not a Pedestrian;Changing lane to the left;Serious Injury
16:00:00;Thursday;Male;High school;Employee;Above 10yr;Pick up upto 10Q;Owner;Above 10yr;No defect; Church areas;other;Tangent road with flat terrain;No junction;Earth roads;Dry;Daylight;Normal;Vehicle with vehicle collision;1;1;Going straight;na;Not a Pedestrian;No priority to vehicle;Slight Injury
15:15:00;Monday;Male;High school;Employee;Above 10yr;Taxi;Governmental;unknown;No defect; Industrial areas;Undivided Two way;Tangent road with flat terrain;No junction;Asphalt roads;Dry;Daylight;Normal;Vehicle with vehicle collision;1;2;Going straight;31-50;Not a Pedestrian;Changing lane to the right;Slight Injury
15:15:00;Monday;Male;Junior high school;Employee;5-10yr;unknown;Organization;2-5yrs;unknown;Other;Undivided Two way;Tangent road with flat terrain;No junction;Asphalt roads;Dry;Daylight;Normal;Vehicle with vehicle collision;1;2;Other;31-50;Not a Pedestrian;Changing lane to the right;Slight Injury
17:34:00;Saturday;Male;Elementary school;Employee;1-2yr;Automobile;Owner;5-10yrs;No defect;Other;Two-way (divided with broken lines road marking);Tangent road with flat terrain;Y Shape;Asphalt roads;Dry;Daylight;Normal;Collision with pedestrians;2;1;Going straight;na;Not a Pedestrian;Driving carelessly;Slight Injury
17:34:00;Saturday;Male;Elementary school;Employee;5-10yr;unknown;Owner;1-2yr;unknown;Office areas;Undivided Two way;Tangent road with mountainous terrain and;Y Shape;Asphalt roads;Dry;Daylight;Normal;Vehicle with vehicle collision;2;1;Getting off;31-50;Not a Pedestrian;Changing lane to the left;Slight Injury
18:40:00;Saturday;Male;Junior high school;Employee;5-10yr;Long lorry;Owner;Unknown;No defect;Other;One way;Tangent road with flat terrain;No junction;Other;Dry;Daylight;Normal;Vehicle with vehicle collision;1;1;Going straight;31-50;Not a Pedestrian;Changing lane to the right;Slight Injury
14:26:00;Wednesday;Male;Junior high school;Employee;1-2yr;Public (12 seats);Owner;Unknown;No defect;  Recreational areas;Undivided Two way;Steep grade downward with mountainous terrain;Crossing;Gravel roads;Dry;Daylight;Normal;Vehicle with vehicle collision;2;1;Going straight;na;Not a Pedestrian;Driving under the influence of drugs;Serious Injury
14:26:00;Wednesday;Male;Junior high school;Owner;5-10yr;Pick up upto 10Q;Governmental;Unknown;No defect;Other;Two-way (divided with broken lines road marking);Steep grade downward with mountainous terrain;Crossing;Gravel roads;Dry;Daylight;Normal;Vehicle with vehicle collision;2;1;Going straight;31-50;Not a Pedestrian;Driving carelessly;Serious Injury
14:05:00;Thursday;Male;High school;Owner;Above 10yr;unknown;Governmental;5-10yrs;No defect; Church areas;Two-way (divided with broken lines road marking);Tangent road with flat terrain;Y Shape;Asphalt roads;Dry;Daylight;Other;Collision with roadside objects;2;1;Going straight;5;Not a Pedestrian;No distancing;Slight Injury
14:05:00;Thursday;Male;unknown;Owner;Below 1yr;Other;Owner;unknown;unknown;Residential areas;Undivided Two way;Tangent road with flat terrain;Y Shape;Asphalt roads;Dry;Daylight;Other;Vehicle with vehicle collision;2;1;Going straight;31-50;Not a Pedestrian;No priority to vehicle;Slight Injury
17:23:00;Thursday;Female;Writing & reading;Owner;5-10yr;Lorry (41?100Q);Owner;5-10yrs;No defect;Office areas;Two-way (divided with broken lines road marking);unknown;Y Shape;Earth roads;Dry;Daylight;Normal;Vehicle with vehicle collision;2;1;Going straight;na;Not a Pedestrian;No priority to vehicle;Slight Injury
17:23:00;Thursday;Male;Above high school;Employee;Above 10yr;Automobile;Owner;2-5yrs;No defect;Other;Two-way (divided with broken lines road marking);Tangent road with flat terrain;Y Shape;Asphalt roads;Dry;Daylight;Normal;Vehicle with vehicle collision;2;1;Moving Backward;na;Not a Pedestrian;No priority to vehicle;Slight Injury
12:05:00;Tuesday;Male;High school;Employee;Below 1yr;Pick up upto 10Q;Governmental;2-5yrs;unknown;Office areas;Undivided Two way;Tangent road with flat terrain;Y Shape;Asphalt roads;Dry;Daylight;Normal;Vehicle with vehicle collision;2;1;Going straight;18-30;Not a Pedestrian;Changing lane to the left;Slight Injury
12:05:00;Tuesday;Male;Junior high school;Employee;1-2yr;Lorry (41?100Q);Owner;unknown;unknown;Office areas;other;Tangent road with flat terrain;Y Shape;Asphalt roads;Dry;Daylight;Normal;Vehicle with vehicle collision;2;1;Other;na;Not a Pedestrian;Moving Backward;Slight Injury
15:40:00;Friday;Male;Junior high school;Employee;Above 10yr;Lorry (41?100Q);Owner;unknown;No defect;Other;One way;Escarpments;Y Shape;Asphalt roads;Dry;Daylight;Normal;Vehicle with vehicle collision;2;1;Going straight;31-50;Not a Pedestrian;Driving carelessly;Slight Injury
15:40:00;Friday;Male;Junior high school;Owner;Above 10yr;Long lorry;Owner;unknown;No defect;Residential areas;Undivided Two way;Tangent road with flat terrain;Y Shape;Earth roads;Dry;Daylight;Normal;Vehicle with vehicle collision;2;1;Going straight;na;Not a Pedestrian;Driving under the influence of drugs;Slight Injury
22:40:00;Tuesday;Male;Junior high school;Employee;Above 10yr;Public (> 45 seats);Owner;unknown;No defect;  Recreational areas;One way;Tangent road with flat terrain;No junction;Asphalt roads;Dry;Darkness - lights lit;Normal;Collision with roadside objects;7;1;Going straight;na;Not a Pedestrian;Changing lane to the right;Slight Injury
22:40:00;Tuesday;Female;Junior high school;Employee;No Licence;Public (> 45 seats);Owner;unknown;No defect; Church areas;Undivided Two way;Tangent road with flat terrain;No junction;Asphalt roads;Dry;Darkness - lights lit;Normal;Vehicle with vehicle collision;7;1;Going straight;na;Not a Pedestrian;No priority to vehicle;Slight Injury
22:40:00;Tuesday;Male;Junior high school;Employee;1-2yr;Automobile;Owner;unknown;No defect;Other;One way;Tangent road with flat terrain;No junction;Asphalt roads;Dry;Darkness - lights lit;Normal;Vehicle with vehicle collision;7;1;unknown;18-30;Not a Pedestrian;Changing lane to the right;Slight Injury
22:40:00;Tuesday;Male;Illiterate;Owner;1-2yr;Automobile;Owner;unknown;No defect;Other;Undivided Two way;Tangent road with flat terrain;No junction;Asphalt roads;Dry;Darkness - lights lit;Normal;Vehicle with vehicle collision;7;1;Moving Backward;na;Not a Pedestrian;Driving to the left;Slight Injury
22:40:00;Tuesday;Male;Junior high school;Owner;Below 1yr;Automobile;Owner;Unknown;No defect;Other;Two-way (divided with broken lines road marking);Tangent road with flat terrain;No junction;Asphalt roads;Dry;Darkness - lights lit;Normal;Vehicle with vehicle collision;7;1;unknown;Over 51;Crossing from nearside - masked by parked or statioNot a Pedestrianry vehicle;Moving Backward;Slight Injury
22:40:00;Tuesday;Male;Junior high school;Owner;1-2yr;Other;Governmental;unknown;No defect;Residential areas;other;Tangent road with flat terrain;No junction;Asphalt roads;Dry;Darkness - lights lit;Normal;Rollover;7;1;Going straight;18-30;Unknown or other;No priority to vehicle;Slight Injury
22:40:00;Tuesday;Female;Junior high school;Owner;2-5yr;Public (12 seats);Owner;Above 10yr;No defect;School areas;other;Tangent road with flat terrain;No junction;Asphalt roads;Dry;Darkness - lights lit;Normal;Vehicle with vehicle collision;7;1;Going straight;18-30;Not a Pedestrian;No distancing;Slight Injury
18:35:00;Monday;Male;Unknown;Owner;5-10yr;Automobile;Owner;Above 10yr;No defect; Church areas;Two-way (divided with broken lines road marking);Tangent road with flat terrain;Other;Asphalt roads;Dry;Daylight;Normal;Vehicle with vehicle collision;2;2;unknown;31-50;Not a Pedestrian;Driving carelessly;Slight Injury
18:35:00;Monday;Male;Unknown;Owner;Above 10yr;Stationwagen;Owner;Above 10yr;No defect;Other;other;Tangent road with flat terrain;Other;Asphalt roads;Dry;Daylight;Normal;Collision with roadside objects;2;2;Going straight;na;Not a Pedestrian;Changing lane to the left;Slight Injury
16:00:00;Tuesday;Male;Junior high school;Owner;2-5yr;Automobile;Owner;Below 1yr;unknown;Other;Two-way (divided with broken lines road marking);Tangent road with flat terrain;No junction;Asphalt roads;Dry;Daylight;Normal;Vehicle with vehicle collision;3;1;Going straight;18-30;Not a Pedestrian;No priority to vehicle;Slight Injury