Time;Day_of_week;Sex_of_driver;Educational_level;Vehicle_driver_relation;Driving_experience;Type_of_vehicle;Owner_of_vehicle;Service_year_of_vehicle;Defect_of_vehicle;Area_accident_occured;Lanes_or_Medians;Road_allignment;Types_of_Junction;Road_surface_type;Road_surface_conditions;Light_conditions;Weather_conditions;Type_of_collision;Number_of_vehicles_involved;Number_of_casualties;Vehicle_movement;Age_band_of_casualty;Pedestrian_movement;Cause_of_accident;Accident_severity
16:00:00;Tuesday;Male;Elementary school;Owner;Above 10yr;Automobile;Owner;2-5yrs;unknown;Office areas;Undivided Two way;Tangent road with flat terrain;No junction;Earth roads;Dry;Daylight;Normal;Vehicle with vehicle collision;3;1;Going straight;18-30;Not a Pedestrian;No priority to vehicle;Slight Injury
16:00:00;Tuesday;Male;Writing & reading;Owner;5-10yr;Automobile;Owner;2-5yrs;unknown;Office areas;Two-way (divided with broken lines road marking);Tangent road with flat terrain;No junction;Asphalt roads;Dry;Daylight;Normal;Vehicle with vehicle collision;3;1;Going straight;Under 18;Not a Pedestrian;No distancing;Slight Injury
18:42:00;Friday;Male;unknown;Owner;unknown;unknown;Owner;2-5yrs;No defect;Other;Undivided Two way;Tangent road with flat terrain;Crossing;Asphalt roads;Dry;Daylight;Normal;Collision with roadside objects;2;1;Going straight;Over 51;Not a Pedestrian;Driving to the left;Serious Injury
18:42:00;Friday;Male;Junior high school;Owner;5-10yr;unknown;Owner;Below 1yr;No defect; Hospital areas;Undivided Two way;Tangent road with flat terrain;Crossing;Asphalt roads;Dry;Daylight;Normal;Collision with roadside objects;2;1;Going straight;31-50;Not a Pedestrian;Driving carelessly;Serious Injury
08:15:00;Monday;Male;Junior high school;Owner;Below 1yr;Pick up upto 10Q;Owner;2-5yrs;unknown;Other;Undivided Two way;Tangent road with flat terrain;No junction;Asphalt roads;Dry;Daylight;Normal;Vehicle with vehicle collision;2;1;Going straight;31-50;Not a Pedestrian;Driving carelessly;Slight Injury
08:15:00;Monday;Male;Junior high school;Owner;2-5yr;Turbo;Owner;unknown;unknown;Other;Two-way (divided with broken lines road marking);Tangent road with flat terrain;No junction;Earth roads;Dry;Daylight;Normal;Vehicle with vehicle collision;2;1;Other;na;Not a Pedestrian;Changing lane to the right;Slight Injury
12:30:00;Thursday;Male;Elementary school;Employee;2-5yr;Pick up upto 10Q;Owner;unknown;unknown;Other;Undivided Two way;Tangent road with flat terrain;No junction;Asphalt roads;Dry;Daylight;Normal;Collision with roadside objects;2;2;Going straight;31-50;Not a Pedestrian;Driving carelessly;Serious Injury
12:30:00;Thursday;Male;Junior high school;Employee;2-5yr;Other;unknown;unknown;unknown;Other;Double carriageway (median);Tangent road with flat terrain;No junction;Asphalt roads;Dry;Daylight;Normal;Collision with roadside objects;2;2;Going straight;Over 51;Not a Pedestrian;Changing lane to the left;Serious Injury
17:35:00;Friday;Male;Junior high school;Employee;2-5yr;Stationwagen;Governmental;unknown;No defect;Other;Two-way (divided with broken lines road marking);Tangent road with mild grade and flat terrain;No junction;Asphalt roads;Dry;Daylight;Normal;Vehicle with vehicle collision;2;1;Going straight;na;Not a Pedestrian;Driving carelessly;Slight Injury
17:35:00;Friday;Male;Junior high school;Employee;5-10yr;Pick up upto 10Q;Owner;Above 10yr;No defect; Hospital areas;Two-way (divided with broken lines road marking);Tangent road with flat terrain;No junction;Asphalt roads;Dry;Daylight;Normal;Vehicle with vehicle collision;2;1;Going straight;18-30;Not a Pedestrian;Driving carelessly;Slight Injury
15:00:00;Saturday;Male;Junior high school;Employee;5-10yr;Lorry (41?100Q);unknown;Above 10yr;No defect;Other;Two-way (divided with broken lines road marking);Tangent road with flat terrain;Y Shape;Asphalt roads;Dry;Daylight;Normal;Vehicle with vehicle collision;2;2;Going straight;na;Not a Pedestrian;Driving under the influence of drugs;Serious Injury
15:00:00;Saturday;Male;Junior high school;Employee;Above 10yr;Lorry (41?100Q);Owner;unknown;No defect;Other;One way;Tangent road with flat terrain;Y Shape;Asphalt roads;Dry;Daylight;Normal;Collision with roadside objects;2;2;Going straight;na;Not a Pedestrian;Driving carelessly;Serious Injury
15:00:00;Saturday;Male;Elementary school;Employee;5-10yr;Automobile;Owner;2-5yrs;No defect;Other;Two-way (divided with broken lines road marking);Tangent road with mild grade and flat terrain;Y Shape;Asphalt roads;Dry;Daylight;Normal;Vehicle with vehicle collision;2;2;Moving Backward;31-50;Not a Pedestrian;No distancing;Serious Injury
18:15:00;Friday;Male;Junior high school;Employee;5-10yr;Automobile;Owner;unknown;unknown;Office areas;Two-way (divided with broken lines road marking);Tangent road with flat terrain;Unknown;Asphalt roads;Dry;Daylight;Normal;Collision with roadside-parked vehicles;1;1;Going straight;18-30;Not a Pedestrian;Driving carelessly;Slight Injury
12:59:00;Tuesday;Male;Junior high school;Employee;Above 10yr;Pick up upto 10Q;Owner;Unknown;unknown;Residential areas;Two-way (divided with broken lines road marking);Tangent road with flat terrain;Other;Other;Dry;Daylight;Normal;Vehicle with vehicle collision;3;1;Going straight;Over 51;Not a Pedestrian;Driving to the left;Slight Injury
12:59:00;Tuesday;Male;Elementary school;Owner;unknown;Pick up upto 10Q;Owner;2-5yrs;No defect;Other;Two-way (divided with broken lines road marking);Tangent road with flat terrain;Other;Asphalt roads;Dry;Daylight;Normal;Collision with roadside objects;3;1;Going straight;na;Not a Pedestrian;Overtaking;Slight Injury
12:59:00;Tuesday;Male;Junior high school;Owner;5-10yr;Lorry (41?100Q);Owner;Unknown;unknown;Residential areas;Two-way (divided with broken lines road marking);Tangent road with flat terrain;Other;Asphalt roads;Dry;Daylight;Normal;Vehicle with vehicle collision;3;1;Going straight;Under 18;Not a Pedestrian;No distancing;Slight Injury
12:59:00;Tuesday;Male;Junior high school;Employee;5-10yr;Public (12 seats);Owner;Unknown;unknown;Other;Undivided Two way;Tangent road with flat terrain;Other;Asphalt roads;Dry;Daylight;Normal;Vehicle with vehicle collision;3;1;Going straight;na;Not a Pedestrian;Driving carelessly;Slight Injury
12:59:00;Tuesday;Male;Junior high school;Employee;Below 1yr;Other;Owner;2-5yrs;unknown;Residential areas;Double carriageway (median);Tangent road with flat terrain;Other;Asphalt roads;Dry;Daylight;Normal;Vehicle with vehicle collision;3;1;Going straight;18-30;Not a Pedestrian;No priority to vehicle;Slight Injury
16:15:00;Wednesday;Male;unknown;unknown;unknown;Stationwagen;Owner;unknown;unknown;Office areas;Two-way (divided with broken lines road marking);Tangent road with flat terrain;No junction;Asphalt roads;Dry;Daylight;Normal;Vehicle with vehicle collision;2;1;Going straight;na;Not a Pedestrian;No priority to vehicle;Slight Injury
16:15:00;Wednesday;Male;Junior high school;Employee;5-10yr;Automobile;Owner;5-10yrs;unknown;Office areas;Two-way (divided with broken lines road marking);Tangent road with mild grade and flat terrain;No junction;Asphalt roads;Dry;Daylight;Normal;Vehicle with vehicle collision;2;1;Getting off;18-30;Not a Pedestrian;No priority to vehicle;Slight Injury
22:35:00;Saturday;Male;Junior high school;Employee;5-10yr;Automobile;Owner;Unknown;unknown;Office areas;Double carriageway (median);Tangent road with flat terrain;Y Shape;Asphalt roads;Dry;Darkness - lights lit;Normal;Collision with roadside-parked vehicles;2;1;Going straight;na;Not a Pedestrian;No priority to vehicle;Slight Injury
22:35:00;Saturday;Male;Junior high school;Employee;Above 10yr;Lorry (41?100Q);Owner;unknown;unknown;  Recreational areas;Two-way (divided with broken lines road marking);Tangent road with flat terrain;Y Shape;Earth roads;Dry;Darkness - lights lit;Normal;Collision with roadside-parked vehicles;2;1;Going straight;Over 51;Not a Pedestrian;No distancing;Slight Injury
07:00:00;Friday;Male;High school;Employee;Above 10yr;Stationwagen;Owner;unknown;unknown;Other;Two-way (divided with broken lines road marking);Tangent road with flat terrain;Y Shape;Asphalt roads;Dry;Daylight;Normal;Collision with animals;2;1;Turnover;Under 18;Not a Pedestrian;Moving Backward;Slight Injury
07:00:00;Friday;Male;Junior high school;Employee;Above 10yr;Lorry (41?100Q);Owner;unknown;unknown;Other;other;Tangent road with flat terrain;Y Shape;Asphalt roads;Dry;Daylight;Normal;Collision with animals;2;1;Moving Backward;Under 18;Not a Pedestrian;No distancing;Slight Injury
15:20:00;Tuesday;Male;Junior high school;Employee;Above 10yr;Public (> 45 seats);Owner;5-10yrs;unknown;Other;Two-way (divided with broken lines road marking);Tangent road with flat terrain;Crossing;Asphalt roads;Dry;Daylight;Normal;Collision with animals;2;1;Going straight;na;Not a Pedestrian;Changing lane to the left;Slight Injury
15:20:00;Tuesday;Male;Junior high school;Employee;Above 10yr;Automobile;Owner;unknown;unknown;Other;Double carriageway (median);Tangent road with flat terrain;Crossing;Asphalt roads;Dry;Daylight;Normal;Collision with animals;2;1;Moving Backward;na;Not a Pedestrian;Changing lane to the left;Slight Injury
13:03:00;Thursday;Male;Junior high school;Employee;Above 10yr;Automobile;Owner;2-5yrs;No defect;Other;Undivided Two way;Tangent road with mountainous terrain and;No junction;Asphalt roads;Dry;Daylight;Normal;Collision with animals;2;1;Going straight;18-30;Not a Pedestrian;No priority to pedestrian;Slight Injury
13:03:00;Thursday;Male;Junior high school;Employee;5-10yr;Automobile;Owner;2-5yrs;No defect;Office areas;Two-way (divided with broken lines road marking);Tangent road with flat terrain;No junction;Asphalt roads;Dry;Daylight;Normal;Collision with animals;2;1;unknown;na;Not a Pedestrian;Moving Backward;Slight Injury
22:54:00;Saturday;Female;Junior high school;Employee;2-5yr;unknown;Owner;Above 10yr;No defect;Office areas;Two-way (divided with broken lines road marking);Tangent road with flat terrain;No junction;Asphalt roads;Dry;Darkness - lights lit;Normal;Collision with animals;1;1;Going straight;31-50;Not a Pedestrian;Changing lane to the left;Slight Injury
21:43:00;Sunday;Male;Junior high school;Employee;Below 1yr;Lorry (41?100Q);Owner;Unknown;No defect;Office areas;One way;Tangent road with flat terrain;Y Shape;Asphalt roads;Dry;Darkness - lights lit;Normal;Collision with animals;2;1;unknown;31-50;Not a Pedestrian;No distancing;Slight Injury
21:43:00;Sunday;Male;Junior high school;Employee;Below 1yr;Lorry (41?100Q);Owner;Above 10yr;No defect;Residential areas;Double carriageway (median);Tangent road with flat terrain;Y Shape;Asphalt roads;Dry;Darkness - lights lit;Normal;Collision with animals;2;1;Going straight;18-30;Not a Pedestrian;No priority to vehicle;Slight Injury
15:10:00;Saturday;Male;Junior high school;Employee;2-5yr;Automobile;Governmental;Below 1yr;No defect;  Recreational areas;Two-way (divided with broken lines road marking);Tangent road with flat terrain;Y Shape;Asphalt roads;Dry;Daylight;Normal;Collision with animals;2;1;unknown;31-50;Not a Pedestrian;Changing lane to the right;Slight Injury
15:10:00;Saturday;Male;Elementary school;Employee;Below 1yr;Stationwagen;Owner;Unknown;No defect; Church areas;Double carriageway (median);Tangent road with flat terrain;Y Shape;Asphalt roads;Dry;Daylight;Normal;Collision with animals;2;1;Going straight;na;Not a Pedestrian;No distancing;Slight Injury
08:46:00;Friday;Male;Junior high school;Employee;Below 1yr;Public (12 seats);Owner;Unknown;No defect;Office areas;Undivided Two way;Tangent road with flat terrain;No junction;Asphalt roads;Dry;Daylight;Normal;Collision with animals;2;1;Going straight;18-30;Not a Pedestrian;No distancing;Slight Injury
08:46:00;Friday;Male;Junior high school;Employee;unknown;Public (12 seats);Owner;Unknown;No defect;Other;Two-way (divided with broken lines road marking);Tangent road with flat terrain;No junction;Asphalt roads;Dry;Daylight;Normal;Other;2;1;Going straight;na;Not a Pedestrian;Getting off the vehicle improperly;Slight Injury
10:29:00;Friday;Male;unknown;Employee;5-10yr;Automobile;Owner;unknown;unknown;Residential areas;other;Steep grade downward with mountainous terrain;Y Shape;Asphalt roads;Dry;Daylight;Normal;Rollover;2;2;Going straight;31-50;Not a Pedestrian;No priority to pedestrian;Slight Injury
10:29:00;Friday;Male;Writing & reading;Employee;Below 1yr;Public (12 seats);Owner;unknown;No defect;School areas;other;Tangent road with flat terrain;Y Shape;Asphalt roads;Dry;Daylight;Normal;Collision with animals;2;2;Going straight;18-30;Not a Pedestrian;Changing lane to the left;Slight Injury
20:20:00;Thursday;Male;Junior high school;Employee;Below 1yr;Public (12 seats);Owner;1-2yr;No defect;Office areas;Two-way (divided with broken lines road marking);Tangent road with flat terrain;Other;Earth roads;Dry;Daylight;Normal;Rollover;2;3;Other;Under 18;Unknown or other;No distancing;Slight Injury
20:20:00;Thursday;Male;Junior high school;Employee;1-2yr;Lorry (41?100Q);Owner;Above 10yr;No defect;Other;other;Tangent road with flat terrain;Other;Asphalt roads;Dry;Daylight;Normal;Collision with animals;2;3;Other;na;Not a Pedestrian;Driving carelessly;Slight Injury
20:20:00;Thursday;Male;Elementary school;Employee;Above 10yr;Automobile;Owner;Unknown;No defect;Other;Two-way (divided with broken lines road marking);Tangent road with flat terrain;Other;unknown;Dry;Daylight;Normal;Collision with animals;2;3;Going straight;31-50;Not a Pedestrian;No distancing;Slight Injury
16:10:00;Sunday;Male;Elementary school;Employee;Above 10yr;Lorry (41?100Q);Organization;2-5yrs;unknown;Office areas;Two-way (divided with broken lines road marking);Tangent road with mountainous terrain and;No junction;Asphalt roads;Dry;Daylight;Normal;Vehicle with vehicle collision;4;1;Going straight;18-30;Crossing from nearside - masked by parked or statioNot a Pedestrianry vehicle;Changing lane to the right;Slight Injury
16:10:00;Sunday;Male;Elementary school;Employee;Below 1yr;unknown;Owner;unknown;unknown;Office areas;Two-way (divided with broken lines road marking);Tangent road with flat terrain;No junction;Asphalt roads;Dry;Daylight;Normal;Fall from vehicles;4;1;Getting off;na;Not a Pedestrian;Overtaking;Slight Injury
16:10:00;Sunday;Male;High school;Employee;2-5yr;Automobile;Owner;5-10yrs;unknown;Other;Undivided Two way;Tangent road with flat terrain;No junction;Asphalt roads;Dry;Daylight;Normal;Collision with roadside-parked vehicles;4;1;Going straight;18-30;Not a Pedestrian;Driving carelessly;Slight Injury
16:10:00;Sunday;Male;Junior high school;Employee;2-5yr;Stationwagen;Owner;5-10yrs;No defect;Office areas;Two-way (divided with broken lines road marking);Tangent road with flat terrain;No junction;Asphalt roads;Dry;Daylight;Normal;Collision with roadside-parked vehicles;4;1;Going straight;Over 51;Not a Pedestrian;Moving Backward;Slight Injury
16:30:00;Tuesday;Male;Above high school;Employee;Above 10yr;unknown;Owner;2-5yrs;No defect; Industrial areas;Two-way (divided with broken lines road marking);Tangent road with flat terrain;Y Shape;Asphalt roads;Dry;Daylight;Normal;Rollover;3;1;Going straight;na;Not a Pedestrian;No distancing;Slight Injury
16:30:00;Tuesday;Female;Junior high school;Employee;2-5yr;unknown;Owner;Unknown;No defect;Office areas;Undivided Two way;Tangent road with flat terrain;Y Shape;Asphalt roads;Dry;Daylight;Normal;Collision with animals;3;1;Going straight;na;Not a Pedestrian;Overtaking;Slight Injury
16:30:00;Tuesday;Male;Junior high school;Employee;2-5yr;Automobile;Owner;unknown;unknown;Other;Undivided Two way;Tangent road with flat terrain;Y Shape;Asphalt roads;Dry;Daylight;Normal;Collision with animals;3;1;Going straight;na;Not a Pedestrian;Driving carelessly;Slight Injury
20:35:00;Tuesday;Male;High school;Employee;1-2yr;Stationwagen;Owner;Above 10yr;unknown;Other;Two-way (divided with broken lines road marking);Tangent road with flat terrain;No junction;Asphalt roads;Wet or damp;Daylight;Raining;Fall from vehicles;1;1;Getting off;na;Not a Pedestrian;Driving carelessly;Slight Injury
11:37:00;Monday;Male;Junior high school;Employee;5-10yr;Automobile;Owner;Unknown;unknown;Office areas;Two-way (divided with broken lines road marking);Tangent road with flat terrain;T Shape;Asphalt roads;Wet or damp;Daylight;Raining;Collision with roadside-parked vehicles;1;1;Going straight;18-30;Not a Pedestrian;Moving Backward;Slight Injury
08:52:00;Wednesday;Male;Junior high school;Employee;Below 1yr;Other;unknown;unknown;unknown; Church areas;unknown;Tangent road with flat terrain;No junction;Gravel roads;Wet or damp;Daylight;Other;Collision with animals;3;2;Going straight;na;Not a Pedestrian;Driving carelessly;Slight Injury
08:52:00;Wednesday;Male;Junior high school;Employee;Below 1yr;Other;Owner;unknown;unknown;Office areas;other;Tangent road with flat terrain;No junction;Asphalt roads;Wet or damp;Daylight;Other;Collision with animals;3;2;Other;18-30;Not a Pedestrian;Driving to the left;Slight Injury
08:52:00;Wednesday;Male;Elementary school;Employee;unknown;Automobile;Owner;unknown;unknown;Residential areas;other;Tangent road with flat terrain;No junction;Asphalt roads;Wet or damp;Daylight;Other;Collision with pedestrians;3;2;Going straight;na;Not a Pedestrian;Changing lane to the left;Slight Injury
16:50:00;Thursday;Male;Junior high school;Employee;Below 1yr;Lorry (41?100Q);Owner;Unknown;No defect;  Recreational areas;Two-way (divided with broken lines road marking);Tangent road with flat terrain;T Shape;Asphalt roads;Dry;Daylight;Normal;Vehicle with vehicle collision;2;1;Going straight;31-50;Not a Pedestrian;No distancing;Slight Injury
16:50:00;Thursday;Male;Junior high school;Employee;1-2yr;Lorry (41?100Q);Governmental;5-10yrs;unknown;Other;other;Tangent road with flat terrain;T Shape;Asphalt roads;Dry;Daylight;Normal;Vehicle with vehicle collision;2;1;Going straight;na;Not a Pedestrian;No distancing;Slight Injury
20:30:00;Saturday;Male;Elementary school;Employee;2-5yr;Lorry (41?100Q);Owner;Unknown;No defect; Church areas;Undivided Two way;Tangent road with flat terrain;No junction;Asphalt roads;Dry;Daylight;Normal;Collision with pedestrians;4;3;Going straight;5;Not a Pedestrian;Changing lane to the right;Serious Injury
20:30:00;Saturday;Male;High school;Employee;1-2yr;Automobile;Owner;Unknown;No defect;Other;One way;Tangent road with flat terrain;No junction;Asphalt roads;Dry;Daylight;Normal;Vehicle with vehicle collision;4;3;Going straight;18-30;Not a Pedestrian;Driving under the influence of drugs;Serious Injury
20:30:00;Saturday;Male;Junior high school;Employee;5-10yr;Automobile;Owner;Above 10yr;No defect;Other;Two-way (divided with broken lines road marking);Tangent road with flat terrain;No junction;Asphalt roads;Dry;Daylight;Normal;Collision with roadside objects;4;3;Reversing;na;Not a Pedestrian;Changing lane to the right;Serious Injury
20:30:00;Saturday;Male;Junior high school;Employee;Below 1yr;Public (13?45 seats);Owner;5-10yrs;unknown; Church areas;Undivided Two way;Tangent road with flat terrain;No junction;Asphalt roads;Dry;Daylight;Normal;Vehicle with vehicle collision;4;3;Other;18-30;Not a Pedestrian;Changing lane to the left;Serious Injury
20:30:00;Saturday;Male;High school;Employee;Above 10yr;Public (13?45 seats);Owner;Unknown;unknown;Office areas;Two-way (divided with broken lines road marking);Tangent road with mild grade and flat terrain;No junction;Asphalt roads;Dry;Daylight;Normal;Vehicle with vehicle collision;4;3;Going straight;na;Not a Pedestrian;Moving Backward;Serious Injury
09:35:00;Tuesday;Male;Elementary school;Owner;5-10yr;Lorry (41?100Q);Owner;Unknown;unknown;Office areas;Double carriageway (median);Tangent road with flat terrain;No junction;Asphalt roads;Wet or damp;Daylight;Other;Vehicle with vehicle collision;2;1;Going straight;na;Not a Pedestrian;No distancing;Slight Injury
09:35:00;Tuesday;Male;Elementary school;Employee;Below 1yr;Lorry (41?100Q);Organization;5-10yrs;No defect; Church areas;Two-way (divided with broken lines road marking);Tangent road with flat terrain;No junction;Asphalt roads;Wet or damp;Daylight;Other;Rollover;2;1;Going straight;31-50;Not a Pedestrian;Changing lane to the right;Slight Injury
14:11:00;Wednesday;Male;Junior high school;Employee;5-10yr;Public (12 seats);Organization;2-5yrs;No defect;Other;Undivided Two way;Tangent road with mountainous terrain and;No junction;Asphalt roads;Dry;Daylight;Normal;Vehicle with vehicle collision;1;1;Going straight;Under 18;Not a Pedestrian;Moving Backward;Slight Injury
14:45:00;Thursday;Male;Elementary school;Owner;5-10yr;Other;Owner;Unknown;No defect;Other;Undivided Two way;Tangent road with flat terrain;Y Shape;Asphalt roads;Dry;Daylight;Normal;Vehicle with vehicle collision;3;1;Going straight;Over 51;Not a Pedestrian;No distancing;Slight Injury
14:45:00;Thursday;Male;Junior high school;Employee;2-5yr;Lorry (41?100Q);Owner;Unknown;No defect; Church areas;Undivided Two way;Tangent road with flat terrain;Y Shape;Asphalt roads;Dry;Daylight;Normal;Vehicle with vehicle collision;3;1;Going straight;na;Not a Pedestrian;Driving to the left;Slight Injury
14:45:00;Thursday;Male;Junior high school;Employee;Above 10yr;Automobile;Owner;5-10yrs;No defect; Industrial areas;Two-way (divided with broken lines road marking);Tangent road with mild grade and flat terrain;Y Shape;Asphalt roads;Dry;Daylight;Normal;Collision with pedestrians;3;1;Going straight;31-50;Not a Pedestrian;Driving to the left;Slight Injury
01:50:00;Sunday;Female;Junior high school;Employee;5-10yr;Other;Owner;Unknown;No defect;Office areas;Undivided Two way;Tangent road with flat terrain;No junction;Asphalt roads;Dry;Darkness - lights lit;Normal;Vehicle with vehicle collision;1;1;Going straight;Over 51;Not a Pedestrian;Moving Backward;Serious Injury
22:45:00;Saturday;Male;High school;Employee;1-2yr;Motorcycle;Owner;Unknown;No defect;School areas;Undivided Two way;Tangent road with flat terrain;No junction;Asphalt roads;Dry;Darkness - lights lit;Normal;Collision with roadside objects;2;4;Going straight;Under 18;Not a Pedestrian;Moving Backward;Slight Injury
22:45:00;Saturday;Male;Elementary school;Employee;5-10yr;Automobile;Owner;Unknown;No defect;Other;Undivided Two way;Tangent road with flat terrain;No junction;Other;Dry;Darkness - lights lit;Normal;Vehicle with vehicle collision;2;4;Moving Backward;18-30;Not a Pedestrian;Overtaking;Slight Injury
22:45:00;Saturday;Male;Elementary school;Employee;2-5yr;Automobile;Owner;Unknown;No defect; Church areas;One way;Tangent road with flat terrain;No junction;Asphalt roads;Dry;Darkness - lights lit;Normal;Rollover;2;4;Moving Backward;18-30;Not a Pedestrian;Driving carelessly;Slight Injury
22:45:00;Saturday;Male;Junior high school;Employee;Below 1yr;Lorry (41?100Q);Owner;Unknown;No defect;Office areas;Undivided Two way;Tangent road with flat terrain;No junction;Asphalt roads;Dry;Darkness - lights lit;Normal;Vehicle with vehicle collision;2;4;Turnover;31-50;Not a Pedestrian;Changing lane to the left;Slight Injury
21:10:00;Friday;Male;Junior high school;Employee;Below 1yr;Automobile;Owner;Unknown;No defect;Other;other;Steep grade downward with mountainous terrain;No junction;Asphalt roads;Dry;Darkness - lights lit;Normal;Vehicle with vehicle collision;4;1;Other;na;Not a Pedestrian;Driving under the influence of drugs;Slight Injury
21:10:00;Friday;Female;Junior high school;Employee;5-10yr;Public (> 45 seats);Owner;2-5yrs;No defect;Other;other;Tangent road with flat terrain;No junction;Asphalt roads;Dry;Darkness - lights lit;Normal;Vehicle with vehicle collision;4;1;Other;18-30;Not a Pedestrian;No distancing;Slight Injury
21:10:00;Friday;Female;Junior high school;Owner;5-10yr;Lorry (41?100Q);Owner;Unknown;unknown;Other;Two-way (divided with broken lines road marking);Tangent road with flat terrain;No junction;Asphalt roads;Dry;Darkness - lights lit;Normal;Vehicle with vehicle collision;4;1;Going straight;18-30;Not a Pedestrian;Moving Backward;Slight Injury
21:10:00;Friday;Female;Elementary school;Employee;1-2yr;Public (> 45 seats);Owner;2-5yrs;unknown;Other;One way;Tangent road with flat terrain;No junction;Asphalt roads;Dry;Darkness - lights lit;Normal;Vehicle with vehicle collision;4;1;Going straight;na;Not a Pedestrian;Changing lane to the left;Slight Injury
09:51:00;Saturday;Male;Junior high school;Employee;unknown;Lorry (41?100Q);Owner;Above 10yr;No defect; Church areas;Two-way (divided with broken lines road marking);Tangent road with mild grade and flat terrain;No junction;Asphalt roads;Dry;Daylight;Normal;Collision with roadside objects;2;1;Other;Over 51;Not a Pedestrian;Changing lane to the right;Slight Injury
09:51:00;Saturday;Male;Elementary school;Employee;Above 10yr;Lorry (41?100Q);Governmental;2-5yrs;No defect;Residential areas;Two-way (divided with broken lines road marking);Tangent road with flat terrain;No junction;Asphalt roads;Dry;Daylight;Normal;Vehicle with vehicle collision;2;1;Other;na;Not a Pedestrian;No distancing;Slight Injury
21:25:00;Thursday;Male;Junior high school;Owner;1-2yr;Lorry (41?100Q);Owner;2-5yrs;No defect;Office areas;Two-way (divided with broken lines road marking);Tangent road with mild grade and flat terrain;No junction;Asphalt roads;Dry;Darkness - lights lit;Other;Vehicle with vehicle collision;2;1;Going straight;na;Not a Pedestrian;Driving at high speed;Slight Injury
21:25:00;Thursday;Male;unknown;unknown;unknown;Public (12 seats);Owner;2-5yrs;No defect;Other;Two-way (divided with broken lines road marking);Tangent road with flat terrain;No junction;Asphalt roads;Dry;Darkness - lights lit;Other;Collision with roadside objects;2;1;Reversing;Under 18;Not a Pedestrian;Changing lane to the right;Slight Injury
16:48:00;Sunday;Male;Junior high school;Employee;Above 10yr;Public (12 seats);Owner;2-5yrs;No defect;Office areas;Two-way (divided with broken lines road marking);Tangent road with mild grade and flat terrain;Crossing;Earth roads;Dry;Daylight;Normal;Collision with roadside objects;2;1;Other;31-50;Not a Pedestrian;No priority to vehicle;Serious Injury
16:48:00;Sunday;Male;Elementary school;Owner;2-5yr;Stationwagen;Owner;2-5yrs;No defect;Other;Two-way (divided with broken lines road marking);Tangent road with flat terrain;Crossing;Asphalt roads;Dry;Daylight;Normal;Vehicle with vehicle collision;2;1;Turnover;na;Not a Pedestrian;No distancing;Serious Injury
15:42:00;Thursday;Male;Junior high school;Employee;5-10yr;Lorry (41?100Q);Owner;1-2yr;No defect; Church areas;Undivided Two way;Tangent road with flat terrain;No junction;unknown;Dry;Daylight;Normal;Vehicle with vehicle collision;1;1;Going straight;18-30;Not a Pedestrian;Turnover;Slight Injury
00:29:00;Wednesday;Male;Junior high school;Employee;Below 1yr;Automobile;Owner;Unknown;No defect;Office areas;Two-way (divided with broken lines road marking);Tangent road with flat terrain;No junction;unknown;Dry;Darkness - lights lit;Normal;Vehicle with vehicle collision;2;2;Going straight;na;Not a Pedestrian;No distancing;Slight Injury
00:29:00;Wednesday;Male;Junior high school;Employee;5-10yr;Pick up upto 10Q;Owner;Unknown;No defect;Other;Two-way (divided with broken lines road marking);Tangent road with flat terrain;No junction;Asphalt roads;Dry;Darkness - lights lit;Normal;Vehicle with vehicle collision;2;2;Going straight;18-30;Not a Pedestrian;Changing lane to the right;Slight Injury
00:29:00;Wednesday;Male;High school;Employee;Above 10yr;Automobile;Owner;Unknown;No defect;Other;Two-way (divided with broken lines road marking);Tangent road with flat terrain;No junction;Earth roads;Dry;Darkness - lights lit;Normal;Collision with roadside objects;2;2;Going straight;31-50;Not a Pedestrian;No distancing;Slight Injury
20:05:00;Monday;Male;Junior high school;Employee;5-10yr;Public (13?45 seats);Owner;Above 10yr;unknown;School areas;Two-way (divided with broken lines road marking);Tangent road with flat terrain;Crossing;Asphalt roads;Dry;Daylight;Normal;Vehicle with vehicle collision;2;1;Going straight;na;Not a Pedestrian;Changing lane to the left;Serious Injury
20:05:00;Monday;Male;Elementary school;Employee;1-2yr;Public (> 45 seats);Owner;Unknown;No defect; Church areas;Double carriageway (median);Tangent road with mild grade and flat terrain;Crossing;Asphalt roads;Dry;Daylight;Normal;Vehicle with vehicle collision;2;1;Going straight;na;Not a Pedestrian;Driving carelessly;Serious Injury
08:04:00;Monday;Male;Junior high school;Employee;unknown;Stationwagen;Owner;Unknown;unknown;School areas;Undivided Two way;Tangent road with flat terrain;No junction;Earth roads;Wet or damp;Daylight;Raining;Vehicle with vehicle collision;1;1;Going straight;18-30;Not a Pedestrian;Changing lane to the right;Slight Injury