Time;Day_of_week;Sex_of_driver;Educational_level;Vehicle_driver_relation;Driving_experience;Type_of_vehicle;Owner_of_vehicle;Service_year_of_vehicle;Defect_of_vehicle;Area_accident_occured;Lanes_or_Medians;Road_allignment;Types_of_Junction;Road_surface_type;Road_surface_conditions;Light_conditions;Weather_conditions;Type_of_collision;Number_of_vehicles_involved;Number_of_casualties;Vehicle_movement;Age_band_of_casualty;Pedestrian_movement;Cause_of_accident;Accident_severity
20:04:00;Wednesday;Male;Elementary school;Employee;1-2yr;unknown;Owner;2-5yrs;No defect;Residential areas;Double carriageway (median);Tangent road with flat terrain;No junction;Asphalt roads;Dry;Daylight;Normal;Vehicle with vehicle collision;2;1;Going straight;31-50;Not a Pedestrian;No priority to vehicle;Slight Injury
20:04:00;Wednesday;Male;Junior high school;Owner;1-2yr;Lorry (41?100Q);unknown;unknown;unknown;Office areas;Two-way (divided with broken lines road marking);Tangent road with flat terrain;No junction;Asphalt roads;Dry;Daylight;Normal;Vehicle with vehicle collision;2;1;Going straight;31-50;Not a Pedestrian;No distancing;Slight Injury
20:40:00;Saturday;Male;Above high school;Owner;1-2yr;Stationwagen;Owner;Unknown;unknown;Office areas;Undivided Two way;Tangent road with flat terrain;Other;Asphalt roads;Dry;Daylight;Normal;Vehicle with vehicle collision;2;1;Other;na;Not a Pedestrian;No priority to pedestrian;Slight Injury
20:40:00;Saturday;Male;Junior high school;Owner;5-10yr;Lorry (41?100Q);Governmental;5-10yrs;No defect; Church areas;Two-way (divided with broken lines road marking);Tangent road with flat terrain;Other;Asphalt roads;Dry;Daylight;Normal;Collision with roadside objects;2;1;Going straight;31-50;Not a Pedestrian;No priority to pedestrian;Slight Injury
07:36:00;Thursday;Male;Junior high school;Employee;5-10yr;Public (12 seats);Owner;2-5yrs;unknown;Residential areas;Undivided Two way;Tangent road with flat terrain;No junction;Asphalt roads;Dry;Daylight;Normal;Vehicle with vehicle collision;2;2;Going straight;18-30;Not a Pedestrian;No priority to vehicle;Slight Injury
07:36:00;Thursday;Male;Elementary school;Employee;5-10yr;Lorry (41?100Q);Owner;Unknown;No defect;Office areas;other;Tangent road with flat terrain;No junction;Asphalt roads;Dry;Daylight;Normal;Collision with pedestrians;2;2;Moving Backward;na;Not a Pedestrian;Changing lane to the left;Slight Injury
11:50:00;Friday;Male;High school;Owner;Below 1yr;Other;Owner;2-5yrs;No defect;Residential areas;One way;Tangent road with flat terrain;No junction;Asphalt roads;Dry;Daylight;Normal;Collision with roadside objects;2;1;Going straight;Over 51;Not a Pedestrian;Changing lane to the left;Slight Injury
11:50:00;Friday;Male;Junior high school;Employee;Above 10yr;Stationwagen;Owner;2-5yrs;No defect;Other;Two-way (divided with broken lines road marking);Tangent road with flat terrain;No junction;Asphalt roads;Dry;Daylight;Normal;Collision with roadside objects;2;1;Moving Backward;Over 51;Not a Pedestrian;No distancing;Slight Injury
17:35:00;Friday;Male;Junior high school;Employee;5-10yr;Automobile;Governmental;2-5yrs;No defect;Other;Two-way (divided with broken lines road marking);Tangent road with flat terrain;Y Shape;Asphalt roads;Dry;Daylight;Normal;Vehicle with vehicle collision;3;2;Other;18-30;Not a Pedestrian;No priority to vehicle;Serious Injury
17:35:00;Friday;Male;Junior high school;Employee;Below 1yr;Public (> 45 seats);Owner;Unknown;No defect;Residential areas;Two-way (divided with broken lines road marking);Tangent road with flat terrain;Y Shape;Asphalt roads;Dry;Daylight;Normal;Rollover;3;2;Going straight;na;Not a Pedestrian;No distancing;Serious Injury
17:35:00;Friday;Female;Junior high school;Employee;Above 10yr;Other;Owner;5-10yrs;No defect; Industrial areas;Undivided Two way;Tangent road with flat terrain;Y Shape;Asphalt roads;Dry;Daylight;Normal;Vehicle with vehicle collision;3;2;Reversing;31-50;Not a Pedestrian;No distancing;Serious Injury
17:24:00;Tuesday;Male;Junior high school;Employee;5-10yr;Lorry (41?100Q);Owner;2-5yrs;No defect;Other;Undivided Two way;Steep grade downward with mountainous terrain;Y Shape;Asphalt roads;Dry;Daylight;Normal;Vehicle with vehicle collision;1;1;Going straight;31-50;Not a Pedestrian;Changing lane to the right;Slight Injury
22:30:00;Sunday;Male;Junior high school;Owner;Above 10yr;Automobile;Owner;1-2yr;No defect;Office areas;Undivided Two way;Tangent road with flat terrain;No junction;Asphalt roads with some distress;Wet or damp;Darkness - lights lit;Raining;Vehicle with vehicle collision;2;1;Other;na;Not a Pedestrian;Changing lane to the left;Slight Injury
22:30:00;Sunday;Male;Junior high school;Employee;5-10yr;Public (> 45 seats);Organization;2-5yrs;No defect;Other;Two-way (divided with broken lines road marking);Tangent road with mountainous terrain and;No junction;Asphalt roads;Wet or damp;Darkness - lights lit;Raining;Vehicle with vehicle collision;2;1;Other;18-30;Not a Pedestrian;No distancing;Slight Injury
16:32:00;Sunday;Female;Junior high school;Employee;1-2yr;unknown;Governmental;1-2yr;unknown;Other;Undivided Two way;Tangent road with flat terrain;No junction;Asphalt roads;Dry;Daylight;Normal;Vehicle with vehicle collision;1;1;Other;na;Not a Pedestrian;Overturning;Slight Injury
09:34:00;Wednesday;Male;Junior high school;Employee;1-2yr;Automobile;Owner;Unknown;No defect;Other;Two-way (divided with broken lines road marking);Tangent road with flat terrain;No junction;Asphalt roads;Dry;Daylight;Normal;Vehicle with vehicle collision;3;1;Stopping;18-30;Not a Pedestrian;No priority to vehicle;Slight Injury
09:34:00;Wednesday;Male;Junior high school;Employee;1-2yr;Pick up upto 10Q;Owner;2-5yrs;No defect;Other;Double carriageway (median);Tangent road with flat terrain;No junction;Asphalt roads;Dry;Daylight;Normal;Vehicle with vehicle collision;3;1;Other;18-30;Not a Pedestrian;Moving Backward;Slight Injury
09:34:00;Wednesday;Male;High school;Employee;2-5yr;Public (12 seats);Owner;Unknown;7;Office areas;Undivided Two way;Tangent road with flat terrain;No junction;Asphalt roads;Dry;Daylight;Normal;Vehicle with vehicle collision;3;1;Other;na;Not a Pedestrian;Driving under the influence of drugs;Slight Injury
21:40:00;Saturday;Male;High school;Owner;Above 10yr;Lorry (41?100Q);Governmental;1-2yr;No defect;Other;Two-way (divided with broken lines road marking);Tangent road with flat terrain;Y Shape;Asphalt roads;Dry;Darkness - lights lit;Normal;Collision with roadside objects;1;1;Other;18-30;Not a Pedestrian;Moving Backward;Slight Injury
16:10:00;Friday;Male;Elementary school;Employee;2-5yr;Lorry (41?100Q);unknown;unknown;unknown;unknown;other;Tangent road with flat terrain;Other;Asphalt roads;Dry;Daylight;Normal;Vehicle with vehicle collision;2;1;Going straight;31-50;Not a Pedestrian;Changing lane to the right;Slight Injury
16:10:00;Friday;Male;Junior high school;Employee;Above 10yr;Lorry (41?100Q);Organization;Unknown;No defect;Other;Two-way (divided with broken lines road marking);Tangent road with flat terrain;Other;Asphalt roads;Dry;Daylight;Normal;Vehicle with vehicle collision;2;1;Going straight;31-50;Not a Pedestrian;Overspeed;Slight Injury
16:45:00;Wednesday;Male;High school;Employee;2-5yr;Public (13?45 seats);Owner;Above 10yr;unknown;Other;other;Steep grade downward with mountainous terrain;Y Shape;Asphalt roads;Dry;Daylight;Normal;Vehicle with vehicle collision;2;1;Going straight;Over 51;Not a Pedestrian;Driving under the influence of drugs;Slight Injury
16:45:00;Wednesday;Male;Junior high school;Other;No Licence;Lorry (41?100Q);Owner;Unknown;unknown;Office areas;Undivided Two way;Tangent road with flat terrain;Y Shape;Asphalt roads;Dry;Daylight;Normal;Vehicle with vehicle collision;2;1;Going straight;na;Not a Pedestrian;Driving carelessly;Slight Injury
17:20:00;Saturday;Male;Junior high school;Employee;1-2yr;Lorry (41?100Q);Owner;Unknown;No defect;Office areas;One way;Tangent road with flat terrain;No junction;Asphalt roads;Wet or damp;Daylight;Raining;Collision with pedestrians;2;4;Going straight;na;Not a Pedestrian;No distancing;Slight Injury
17:20:00;Saturday;Male;Junior high school;Owner;5-10yr;Motorcycle;Owner;Above 10yr;No defect; Church areas;other;Tangent road with flat terrain;No junction;Asphalt roads;Wet or damp;Daylight;Raining;Vehicle with vehicle collision;2;4;Going straight;18-30;Not a Pedestrian;No priority to vehicle;Slight Injury
17:20:00;Saturday;Male;Junior high school;Employee;1-2yr;Lorry (41?100Q);Owner;unknown;No defect;Office areas;Double carriageway (median);Tangent road with flat terrain;No junction;Asphalt roads;Wet or damp;Daylight;Raining;Vehicle with vehicle collision;2;4;Going straight;18-30;Crossing from nearside - masked by parked or statioNot a Pedestrianry vehicle;Overspeed;Slight Injury
17:20:00;Saturday;Male;Junior high school;Employee;Above 10yr;Ridden horse;Owner;Above 10yr;No defect;Office areas;other;Tangent road with flat terrain;No junction;Asphalt roads;Wet or damp;Daylight;Raining;Vehicle with vehicle collision;2;4;Going straight;18-30;Not a Pedestrian;Driving under the influence of drugs;Slight Injury
23:20:00;Sunday;Female;Junior high school;Employee;1-2yr;Automobile;Owner;Unknown;No defect;Office areas;Two-way (divided with broken lines road marking);Tangent road with flat terrain;No junction;Asphalt roads;Dry;Darkness - lights lit;Normal;Vehicle with vehicle collision;2;1;Going straight;na;Not a Pedestrian;Changing lane to the right;Slight Injury
23:20:00;Sunday;Male;Junior high school;Employee;1-2yr;Lorry (41?100Q);Owner;Unknown;No defect;Office areas;One way;Tangent road with flat terrain;No junction;Asphalt roads;Dry;Darkness - lights lit;Normal;Vehicle with vehicle collision;2;1;Going straight;18-30;Not a Pedestrian;Changing lane to the right;Slight Injury
15:48:00;Tuesday;Male;Junior high school;Employee;2-5yr;Pick up upto 10Q;Owner;2-5yrs;No defect;Residential areas;Undivided Two way;Tangent road with flat terrain;No junction;Asphalt roads;Dry;Daylight;Normal;Vehicle with vehicle collision;2;1;Going straight;na;Not a Pedestrian;Changing lane to the right;Slight Injury
15:48:00;Tuesday;Male;High school;Employee;1-2yr;Public (> 45 seats);Owner;Above 10yr;No defect;Residential areas;other;Tangent road with flat terrain;No junction;Asphalt roads;Dry;Daylight;Normal;Collision with roadside objects;2;1;Reversing;18-30;Not a Pedestrian;Changing lane to the right;Slight Injury
00:55:00;Sunday;Female;Junior high school;Employee;1-2yr;Stationwagen;Owner;5-10yrs;unknown;Residential areas;Undivided Two way;Tangent road with flat terrain;No junction;Asphalt roads;Wet or damp;Darkness - lights lit;Raining;Vehicle with vehicle collision;2;1;Going straight;na;Not a Pedestrian;Moving Backward;Slight Injury
00:55:00;Sunday;Male;Elementary school;Employee;Above 10yr;Automobile;Owner;5-10yrs;unknown;Office areas;Double carriageway (median);Tangent road with flat terrain;No junction;Gravel roads;Wet or damp;Darkness - lights lit;Raining;Vehicle with vehicle collision;2;1;Other;na;Not a Pedestrian;No distancing;Slight Injury
15:50:00;Saturday;Male;Junior high school;Employee;Above 10yr;Public (12 seats);Owner;Unknown;No defect;Residential areas;Two-way (divided with broken lines road marking);Steep grade downward with mountainous terrain;Other;Asphalt roads;Dry;Daylight;Normal;Vehicle with vehicle collision;2;1;unknown;18-30;Not a Pedestrian;Overspeed;Slight Injury
15:50:00;Saturday;Male;Elementary school;Employee;Above 10yr;Automobile;Governmental;Unknown;No defect;Other;Two-way (divided with broken lines road marking);Tangent road with flat terrain;Other;Asphalt roads;Dry;Daylight;Normal;Vehicle with vehicle collision;2;1;Getting off;31-50;Crossing from nearside - masked by parked or statioNot a Pedestrianry vehicle;No distancing;Slight Injury
19:10:00;Friday;Male;Junior high school;Employee;Above 10yr;Automobile;Governmental;Below 1yr;No defect;Other;Two-way (divided with broken lines road marking);Tangent road with flat terrain;No junction;Asphalt roads;Wet or damp;Daylight;Other;Vehicle with vehicle collision;1;1;Going straight;Under 18;Crossing from nearside - masked by parked or statioNot a Pedestrianry vehicle;Driving carelessly;Slight Injury
11:04:00;Sunday;Male;Junior high school;Employee;1-2yr;Automobile;Owner;unknown;unknown;Other;Two-way (divided with broken lines road marking);unknown;Crossing;Asphalt roads;Wet or damp;Daylight;Raining;Vehicle with vehicle collision;2;1;Going straight;na;Not a Pedestrian;No distancing;Slight Injury
11:04:00;Sunday;Male;Junior high school;Employee;5-10yr;Lorry (41?100Q);Owner;Unknown;No defect;School areas;Double carriageway (median);Tangent road with flat terrain;Crossing;Asphalt roads;Wet or damp;Daylight;Raining;Vehicle with vehicle collision;2;1;Going straight;31-50;Not a Pedestrian;No distancing;Slight Injury
07:20:00;Monday;Male;High school;Owner;2-5yr;Automobile;Owner;Unknown;No defect;School areas;Double carriageway (median);Tangent road with flat terrain;No junction;Asphalt roads;Dry;Daylight;Normal;Vehicle with vehicle collision;2;1;Going straight;18-30;Not a Pedestrian;No distancing;Slight Injury
07:20:00;Monday;Male;Junior high school;Employee;2-5yr;Automobile;Owner;2-5yrs;No defect;School areas;Undivided Two way;Tangent road with flat terrain;No junction;Asphalt roads;Dry;Daylight;Normal;Rollover;2;1;Turnover;na;Not a Pedestrian;Changing lane to the right;Slight Injury
13:57:00;Tuesday;Male;Junior high school;Employee;5-10yr;Public (12 seats);Owner;Unknown;No defect;Residential areas;One way;Tangent road with flat terrain;Y Shape;Asphalt roads;Dry;Daylight;Normal;Vehicle with vehicle collision;3;1;Entering a junction;18-30;Not a Pedestrian;No distancing;Slight Injury
13:57:00;Tuesday;Male;Junior high school;Employee;5-10yr;Taxi;Owner;Unknown;No defect;Other;Undivided Two way;Tangent road with flat terrain;Y Shape;Asphalt roads;Dry;Daylight;Normal;Vehicle with vehicle collision;3;1;Entering a junction;na;Not a Pedestrian;No priority to vehicle;Slight Injury
13:57:00;Tuesday;Male;Junior high school;Employee;2-5yr;Automobile;Owner;Unknown;No defect;Office areas;Two-way (divided with broken lines road marking);Tangent road with flat terrain;Y Shape;Asphalt roads;Dry;Daylight;Normal;Vehicle with vehicle collision;3;1;Entering a junction;18-30;Not a Pedestrian;Changing lane to the left;Slight Injury
18:14:00;Thursday;Male;High school;Employee;Above 10yr;Public (12 seats);Owner;5-10yrs;No defect;Other;Two-way (divided with broken lines road marking);Tangent road with flat terrain;Unknown;Asphalt roads;Dry;Daylight;Normal;Collision with roadside objects;2;1;Entering a junction;5;Not a Pedestrian;Moving Backward;Slight Injury
18:14:00;Thursday;Male;Elementary school;Employee;5-10yr;Stationwagen;Owner;Above 10yr;No defect;School areas;Undivided Two way;Tangent road with flat terrain;Unknown;Asphalt roads;Dry;Daylight;Normal;Vehicle with vehicle collision;2;1;Other;18-30;Not a Pedestrian;Driving carelessly;Slight Injury
12:20:00;Thursday;Female;Junior high school;Employee;Above 10yr;Stationwagen;Owner;5-10yrs;No defect;Other;Double carriageway (median);Tangent road with flat terrain;Unknown;Asphalt roads;Dry;Daylight;Normal;Vehicle with vehicle collision;1;1;Entering a junction;na;Not a Pedestrian;Changing lane to the left;Slight Injury
14:20:00;Saturday;Male;Writing & reading;Employee;2-5yr;Automobile;Owner;2-5yrs;No defect; Industrial areas;Two-way (divided with broken lines road marking);Tangent road with flat terrain;No junction;Asphalt roads;Dry;Daylight;Normal;Vehicle with vehicle collision;2;1;Turnover;na;Not a Pedestrian;No priority to pedestrian;Slight Injury
14:20:00;Saturday;Male;Junior high school;Employee;2-5yr;Lorry (41?100Q);Owner;2-5yrs;No defect;Other;Two-way (divided with broken lines road marking);Tangent road with flat terrain;No junction;Gravel roads;Dry;Daylight;Normal;Collision with roadside objects;2;1;Entering a junction;Over 51;Not a Pedestrian;No distancing;Slight Injury
15:20:00;Monday;Male;High school;Employee;2-5yr;Automobile;Owner;Unknown;No defect;Office areas;Two-way (divided with broken lines road marking);Tangent road with flat terrain;No junction;Asphalt roads;Dry;Daylight;Normal;Vehicle with vehicle collision;2;1;Entering a junction;na;Not a Pedestrian;No distancing;Slight Injury
15:20:00;Monday;Male;Junior high school;Employee;1-2yr;Public (12 seats);Owner;Unknown;No defect;Other;Two-way (divided with broken lines road marking);Tangent road with flat terrain;No junction;Asphalt roads;Dry;Daylight;Normal;Vehicle with vehicle collision;2;1;Entering a junction;31-50;Not a Pedestrian;Overturning;Slight Injury
06:05:00;Tuesday;Male;High school;Employee;5-10yr;Automobile;Owner;Unknown;No defect;Other;Two-way (divided with broken lines road marking);Tangent road with flat terrain;Y Shape;Asphalt roads;Dry;Daylight;Normal;Vehicle with vehicle collision;2;1;Entering a junction;na;Not a Pedestrian;No distancing;Slight Injury
06:05:00;Tuesday;Female;Elementary school;Employee;2-5yr;Automobile;Organization;Above 10yr;No defect; Outside rural areas;Undivided Two way;Tangent road with flat terrain;Y Shape;Asphalt roads;Dry;Daylight;Normal;Vehicle with vehicle collision;2;1;Entering a junction;31-50;Not a Pedestrian;Drunk driving;Slight Injury
11:19:00;Friday;Male;Junior high school;Employee;1-2yr;Lorry (41?100Q);Owner;Unknown;No defect;Other;other;Tangent road with flat terrain;No junction;Earth roads;Dry;Daylight;Normal;Collision with roadside objects;1;1;Other;31-50;Unknown or other;Moving Backward;Slight Injury
15:50:00;Saturday;Male;Elementary school;Employee;1-2yr;Automobile;Owner;Above 10yr;No defect;Residential areas;Two-way (divided with broken lines road marking);Tangent road with flat terrain;Y Shape;Asphalt roads;Dry;Daylight;Normal;Vehicle with vehicle collision;2;3;Going straight;18-30;Not a Pedestrian;No priority to pedestrian;Slight Injury
15:50:00;Saturday;Male;High school;Employee;No Licence;Motorcycle;Owner;Above 10yr;unknown;Office areas;Two-way (divided with broken lines road marking);Tangent road with flat terrain;Y Shape;Asphalt roads;Dry;Daylight;Normal;Vehicle with vehicle collision;2;3;Going straight;na;Not a Pedestrian;Changing lane to the left;Slight Injury
15:50:00;Saturday;Male;Junior high school;Owner;5-10yr;unknown;Owner;Unknown;unknown;Office areas;Double carriageway (median);Tangent road with flat terrain;Y Shape;unknown;Dry;Daylight;Normal;Vehicle with vehicle collision;2;3;Other;Over 51;Not a Pedestrian;Changing lane to the left;Slight Injury
15:50:00;Saturday;Male;Junior high school;Employee;1-2yr;Automobile;unknown;2-5yrs;unknown; Hospital areas;One way;unknown;Y Shape;Gravel roads;Dry;Daylight;Normal;Vehicle with vehicle collision;2;3;Going straight;na;Not a Pedestrian;Getting off the vehicle improperly;Slight Injury
06:41:00;Thursday;Male;Junior high school;Employee;2-5yr;Automobile;Owner;Unknown;unknown; Industrial areas;Two-way (divided with broken lines road marking);Tangent road with flat terrain;No junction;Asphalt roads;Dry;Daylight;Normal;Vehicle with vehicle collision;2;3;Going straight;na;Not a Pedestrian;No distancing;Slight Injury
06:41:00;Thursday;Male;Junior high school;Employee;5-10yr;Automobile;Owner;2-5yrs;No defect;Other;Undivided Two way;Tangent road with flat terrain;No junction;unknown;Dry;Daylight;Normal;Collision with pedestrians;2;3;Going straight;Over 51;Not a Pedestrian;Changing lane to the right;Slight Injury
06:41:00;Thursday;Male;unknown;unknown;unknown;Public (> 45 seats);Owner;unknown;unknown;Office areas;Undivided Two way;Tangent road with flat terrain;No junction;Asphalt roads;Dry;Daylight;Normal;Vehicle with vehicle collision;2;3;Going straight;31-50;Not a Pedestrian;Changing lane to the right;Slight Injury
02:17:00;Friday;Male;unknown;unknown;unknown;unknown;Owner;Unknown;No defect;Office areas;other;Tangent road with flat terrain;No junction;Earth roads;Dry;Darkness - lights lit;Normal;Vehicle with vehicle collision;2;1;Going straight;Under 18;Not a Pedestrian;Moving Backward;Slight Injury
02:17:00;Friday;Male;Junior high school;Employee;2-5yr;Automobile;Owner;Unknown;unknown;Residential areas;Two-way (divided with broken lines road marking);Tangent road with flat terrain;No junction;Asphalt roads;Dry;Darkness - lights lit;Normal;Collision with roadside objects;2;1;Reversing;Over 51;Not a Pedestrian;Driving at high speed;Slight Injury
20:00:00;Saturday;Male;Junior high school;Employee;Above 10yr;Automobile;Owner;Unknown;unknown;Residential areas;unknown;Tangent road with flat terrain;Y Shape;Asphalt roads;Dry;Daylight;Normal;Vehicle with vehicle collision;2;1;Moving Backward;5;Not a Pedestrian;Changing lane to the left;Slight Injury
20:00:00;Saturday;Male;Junior high school;Owner;Above 10yr;Other;Owner;Unknown;No defect;School areas;Two-way (divided with broken lines road marking);Tangent road with flat terrain;Y Shape;Asphalt roads;Dry;Daylight;Normal;Vehicle with vehicle collision;2;1;Overtaking;na;Not a Pedestrian;Changing lane to the right;Slight Injury
20:03:00;Saturday;Male;unknown;unknown;unknown;Stationwagen;Governmental;Unknown;No defect;Other;Two-way (divided with broken lines road marking);Tangent road with flat terrain;No junction;Asphalt roads;Dry;Daylight;Normal;Collision with pedestrians;2;3;Going straight;na;Not a Pedestrian;No distancing;Fatal injury
20:03:00;Saturday;Male;Elementary school;Owner;Above 10yr;Lorry (41?100Q);Governmental;Unknown;No defect;  Market areas;Undivided Two way;Tangent road with flat terrain;No junction;Asphalt roads;Dry;Daylight;Normal;Vehicle with vehicle collision;2;3;Going straight;18-30;Not a Pedestrian;Changing lane to the right;Fatal injury
20:03:00;Saturday;Male;unknown;unknown;unknown;Taxi;Owner;Unknown;No defect;Office areas;other;Tangent road with flat terrain;No junction;Earth roads;Dry;Daylight;Normal;Vehicle with vehicle collision;2;3;Going straight;31-50;Not a Pedestrian;Changing lane to the right;Fatal injury
06:45:00;Friday;Male;Junior high school;Owner;5-10yr;Other;Owner;Unknown;No defect; Church areas;Two-way (divided with broken lines road marking);Tangent road with flat terrain;Y Shape;Asphalt roads;Dry;Daylight;Normal;Collision with pedestrians;3;2;Going straight;18-30;Not a Pedestrian;No distancing;Slight Injury
06:45:00;Friday;Male;Junior high school;Owner;Above 10yr;Public (12 seats);Governmental;Unknown;No defect; Church areas;Two-way (divided with broken lines road marking);Tangent road with flat terrain;Y Shape;Asphalt roads;Dry;Daylight;Normal;Collision with pedestrians;3;2;Going straight;18-30;Not a Pedestrian;Changing lane to the right;Slight Injury
06:45:00;Friday;Male;High school;Owner;Above 10yr;Automobile;Owner;Unknown;No defect;Residential areas;Double carriageway (median);Tangent road with flat terrain;Y Shape;Asphalt roads;Dry;Daylight;Normal;Collision with pedestrians;3;2;Going straight;na;Not a Pedestrian;Driving carelessly;Slight Injury
06:45:00;Friday;Male;unknown;unknown;unknown;Automobile;Owner;Above 10yr;No defect;Residential areas;Two-way (divided with broken lines road marking);Tangent road with flat terrain;Y Shape;Asphalt roads;Dry;Daylight;Normal;Collision with roadside objects;3;2;Going straight;Under 18;Not a Pedestrian;Driving carelessly;Slight Injury
15:36:00;Saturday;Male;Elementary school;Employee;5-10yr;Public (13?45 seats);Owner;Unknown;No defect;Residential areas;Double carriageway (median);Tangent road with flat terrain;T Shape;Asphalt roads;Dry;Daylight;Normal;Vehicle with vehicle collision;2;1;Reversing;18-30;Not a Pedestrian;Changing lane to the right;Slight Injury
15:36:00;Saturday;Male;Elementary school;Owner;Above 10yr;Lorry (41?100Q);Owner;Above 10yr;No defect;Residential areas;Two-way (divided with broken lines road marking);Tangent road with flat terrain;T Shape;Asphalt roads;Dry;Daylight;Normal;Vehicle with vehicle collision;2;1;Going straight;na;Not a Pedestrian;Overturning;Slight Injury
16:20:00;Friday;Male;Junior high school;Owner;Below 1yr;Lorry (41?100Q);Owner;1-2yr;No defect;Other;Double carriageway (median);Tangent road with flat terrain;Y Shape;Asphalt roads;Dry;Daylight;Normal;Vehicle with vehicle collision;2;1;Going straight;18-30;Not a Pedestrian;Changing lane to the right;Slight Injury
16:20:00;Friday;Male;Junior high school;Owner;2-5yr;Lorry (11?40Q);Owner;Unknown;No defect;Other;Two-way (divided with broken lines road marking);Tangent road with flat terrain;Y Shape;Asphalt roads;Dry;Daylight;Normal;Vehicle with vehicle collision;2;1;Other;na;Not a Pedestrian;Moving Backward;Slight Injury
12:03:00;Sunday;Male;Junior high school;Owner;2-5yr;Motorcycle;Owner;2-5yrs;No defect;Residential areas;Two-way (divided with broken lines road marking);Tangent road with flat terrain;Crossing;Asphalt roads;Dry;Daylight;Normal;Vehicle with vehicle collision;2;3;Entering a junction;na;Not a Pedestrian;No distancing;Slight Injury
12:03:00;Sunday;Male;High school;Owner;5-10yr;Lorry (41?100Q);Owner;Unknown;No defect;Other;other;Tangent road with flat terrain;Crossing;Asphalt roads;Dry;Daylight;Normal;Vehicle with vehicle collision;2;3;Turnover;na;Not a Pedestrian;Overturning;Slight Injury
12:03:00;Sunday;Male;Junior high school;Owner;unknown;Stationwagen;Owner;Unknown;No defect; Church areas;Undivided Two way;Tangent road with flat terrain;Crossing;Asphalt roads;Dry;Daylight;Normal;Collision with pedestrians;2;3;Going straight;31-50;Not a Pedestrian;Driving carelessly;Slight Injury
07:40:00;Friday;Male;unknown;Owner;Below 1yr;Automobile;Owner;Unknown;No defect;Other;Undivided Two way;Tangent road with flat terrain;Other;Earth roads;Dry;Daylight;Normal;Collision with roadside objects;2;1;Going straight;18-30;Crossing from nearside - masked by parked or statioNot a Pedestrianry vehicle;Changing lane to the right;Slight Injury
07:40:00;Friday;Male;Elementary school;Owner;Above 10yr;Other;Owner;Unknown;No defect;Office areas;Undivided Two way;Tangent road with flat terrain;Other;Asphalt roads;Dry;Daylight;Normal;Vehicle with vehicle collision;2;1;Going straight;na;Not a Pedestrian;Driving at high speed;Slight Injury
04:57:00;Monday;Male;Elementary school;Owner;Below 1yr;Other;Owner;2-5yrs;No defect;Office areas;Two-way (divided with broken lines road marking);Tangent road with flat terrain;No junction;Asphalt roads;Dry;Daylight;Normal;Vehicle with vehicle collision;1;1;Going straight;31-50;Not a Pedestrian;Changing lane to the left;Slight Injury
07:03:00;Monday;Male;Junior high school;Owner;5-10yr;Taxi;Owner;unknown;unknown;Residential areas;Undivided Two way;Tangent road with flat terrain;No junction;Asphalt roads;Dry;Daylight;Normal;Vehicle with vehicle collision;2;1;Going straight;na;Not a Pedestrian;Driving carelessly;Slight Injury
07:03:00;Monday;Male;Junior high school;Owner;5-10yr;Automobile;Owner;Unknown;unknown;Other;Two-way (divided with broken lines road marking);Tangent road with flat terrain;No junction;Asphalt roads;Dry;Daylight;Normal;Vehicle with vehicle collision;2;1;Going straight;31-50;Not a Pedestrian;No distancing;Slight Injury
17:28:00;Tuesday;Male;unknown;Owner;unknown;Long lorry;Owner;Above 10yr;unknown; Industrial areas;Undivided Two way;Tangent road with flat terrain;Other;Other;Dry;Daylight;Normal;With Train;2;1;Going straight;18-30;Not a Pedestrian;Moving Backward;Serious Injury
17:28:00;Tuesday;Male;Junior high school;Employee;1-2yr;Long lorry;Owner;Unknown;unknown;Office areas;Two-way (divided with broken lines road marking);Tangent road with flat terrain;Other;Gravel roads;Dry;Daylight;Normal;Vehicle with vehicle collision;2;1;Going straight;na;Not a Pedestrian;No priority to pedestrian;Serious Injury
13:00:00;Wednesday;Male;High school;Owner;5-10yr;Lorry (41?100Q);Organization;Unknown;unknown;  Recreational areas;Two-way (divided with broken lines road marking);Tangent road with flat terrain;No junction;Gravel roads;Dry;Daylight;Normal;Vehicle with vehicle collision;1;1;Getting off;na;Not a Pedestrian;Moving Backward;Slight Injury
01:30:00;Monday;Male;Junior high school;Employee;5-10yr;Lorry (41?100Q);Owner;1-2yr;No defect;Residential areas;Two-way (divided with broken lines road marking);Tangent road with flat terrain;Y Shape;Asphalt roads;Dry;Darkness - lights lit;Normal;Vehicle with vehicle collision;3;2;Getting off;18-30;Not a Pedestrian;Changing lane to the right;Slight Injury
01:30:00;Monday;Male;Junior high school;Employee;5-10yr;Lorry (11?40Q);Owner;Above 10yr;unknown;Residential areas;Undivided Two way;Tangent road with flat terrain;Y Shape;Asphalt roads;Dry;Darkness - lights lit;Normal;Vehicle with vehicle collision;3;2;Getting off;Under 18;Not a Pedestrian;No distancing;Slight Injury
01:30:00;Monday;Male;Junior high school;Employee;5-10yr;Automobile;Owner;5-10yrs;unknown; Church areas;Undivided Two way;Steep grade downward with mountainous terrain;Y Shape;Earth roads;Dry;Darkness - lights lit;Normal;Vehicle with vehicle collision;3;2;Moving Backward;na;Not a Pedestrian;Drunk driving;Slight Injury