Time;Day_of_week;Sex_of_driver;Educational_level;Vehicle_driver_relation;Driving_experience;Type_of_vehicle;Owner_of_vehicle;Service_year_of_vehicle;Defect_of_vehicle;Area_accident_occured;Lanes_or_Medians;Road_allignment;Types_of_Junction;Road_surface_type;Road_surface_conditions;Light_conditions;Weather_conditions;Type_of_collision;Number_of_vehicles_involved;Number_of_casualties;Vehicle_movement;Age_band_of_casualty;Pedestrian_movement;Cause_of_accident;Accident_severity
22:00:00;Monday;Female;unknown;Employee;5-10yr;unknown;Governmental;Below 1yr;No defect;Residential areas;Two-way (divided with broken lines road marking);Tangent road with flat terrain;No junction;Asphalt roads;Wet or damp;Darkness - lights lit;Normal;Collision with roadside objects;2;1;Other;31-50;Not a Pedestrian;Driving carelessly;Slight Injury
14:35:00;Wednesday;Male;Writing & reading;Employee;Below 1yr;unknown;Owner;Unknown;No defect;Other;One way;Tangent road with flat terrain;Other;Asphalt roads;Dry;Daylight;Normal;Collision with roadside objects;2;2;Going straight;Over 51;Not a Pedestrian;Changing lane to the right;Serious Injury
14:35:00;Wednesday;Male;Junior high school;Employee;Below 1yr;Lorry (41?100Q);Owner;Unknown;unknown; Industrial areas;Two-way (divided with broken lines road marking);Tangent road with flat terrain;Other;Asphalt roads;Dry;Daylight;Normal;Collision with pedestrians;2;2;Going straight;Under 18;Not a Pedestrian;No distancing;Serious Injury
14:35:00;Wednesday;Male;Junior high school;Employee;1-2yr;Other;Owner;Unknown;unknown; Church areas;Two-way (divided with broken lines road marking);Tangent road with flat terrain;Other;Asphalt roads;Dry;Daylight;Normal;Vehicle with vehicle collision;2;2;Going straight;na;Not a Pedestrian;Changing lane to the right;Serious Injury
11:50:00;Friday;Male;Elementary school;Employee;Above 10yr;Other;Owner;2-5yrs;No defect;Residential areas;Undivided Two way;Steep grade downward with mountainous terrain;No junction;Asphalt roads;Dry;Daylight;Unknown;Vehicle with vehicle collision;2;2;Reversing;5;Not a Pedestrian;No distancing;Slight Injury
11:50:00;Friday;Male;Elementary school;Employee;Above 10yr;Automobile;unknown;unknown;unknown;unknown;Two-way (divided with broken lines road marking);Tangent road with flat terrain;No junction;Asphalt roads;Dry;Daylight;Unknown;Collision with pedestrians;2;2;Moving Backward;Under 18;Not a Pedestrian;Driving under the influence of drugs;Slight Injury
11:50:00;Friday;Male;Elementary school;Employee;Below 1yr;Other;unknown;unknown;unknown;unknown;Two-way (divided with broken lines road marking);Tangent road with flat terrain;No junction;Asphalt roads;Dry;Daylight;Unknown;Vehicle with vehicle collision;2;2;Going straight;31-50;Not a Pedestrian;Changing lane to the left;Slight Injury
08:29:00;Wednesday;Male;High school;Employee;2-5yr;Automobile;Owner;1-2yr;No defect;Office areas;Undivided Two way;Tangent road with flat terrain;Y Shape;Asphalt roads;Dry;Daylight;Normal;Vehicle with vehicle collision;3;3;Going straight;na;Not a Pedestrian;Getting off the vehicle improperly;Slight Injury
08:29:00;Wednesday;Male;Junior high school;Employee;2-5yr;Public (13?45 seats);Owner;Above 10yr;No defect; Outside rural areas;Two-way (divided with broken lines road marking);Tangent road with mountainous terrain and;Y Shape;Asphalt roads;Dry;Daylight;Normal;Vehicle with vehicle collision;3;3;Reversing;18-30;Not a Pedestrian;Overloading;Slight Injury
08:29:00;Wednesday;Male;Above high school;Employee;Above 10yr;Lorry (41?100Q);Owner;Above 10yr;No defect; Church areas;Two-way (divided with broken lines road marking);Steep grade downward with mountainous terrain;Y Shape;Asphalt roads;Dry;Daylight;Normal;Vehicle with vehicle collision;3;3;Going straight;18-30;Not a Pedestrian;Driving carelessly;Slight Injury
08:29:00;Wednesday;Male;Junior high school;Employee;2-5yr;unknown;Owner;unknown;No defect;Office areas;other;Tangent road with mountainous terrain and;Y Shape;Asphalt roads;Dry;Daylight;Normal;Vehicle with vehicle collision;3;3;Reversing;18-30;Not a Pedestrian;Overtaking;Slight Injury
01:20:00;Monday;Male;Junior high school;Employee;2-5yr;Automobile;Owner;Above 10yr;unknown; Church areas;Two-way (divided with broken lines road marking);Steep grade downward with mountainous terrain;No junction;Asphalt roads;Wet or damp;Darkness - lights lit;Raining;Vehicle with vehicle collision;2;1;Other;na;Not a Pedestrian;No distancing;Slight Injury
01:20:00;Monday;Male;High school;Employee;1-2yr;unknown;unknown;unknown;unknown;Office areas;other;Tangent road with mountainous terrain and;No junction;Asphalt roads;Wet or damp;Darkness - lights lit;Raining;Collision with roadside objects;2;1;unknown;18-30;Not a Pedestrian;Overturning;Slight Injury
21:20:00;Wednesday;Male;Junior high school;Employee;5-10yr;Lorry (41?100Q);Governmental;unknown;No defect;Office areas;Undivided Two way;Tangent road with flat terrain;Crossing;Gravel roads;Dry;Darkness - lights lit;Normal;Collision with pedestrians;2;1;Going straight;na;Not a Pedestrian;Driving carelessly;Serious Injury
21:20:00;Wednesday;Male;Junior high school;Employee;Below 1yr;unknown;Owner;1-2yr;No defect;School areas;Two-way (divided with broken lines road marking);Tangent road with flat terrain;Crossing;Asphalt roads;Dry;Darkness - lights lit;Normal;Vehicle with vehicle collision;2;1;Going straight;18-30;Unknown or other;No priority to pedestrian;Serious Injury
17:48:00;Thursday;Male;Junior high school;Employee;Below 1yr;Lorry (41?100Q);Owner;Below 1yr;No defect;Residential areas;Two-way (divided with broken lines road marking);Tangent road with flat terrain;No junction;Asphalt roads;Dry;Daylight;Normal;Vehicle with vehicle collision;2;1;Going straight;18-30;Not a Pedestrian;No distancing;Slight Injury
17:48:00;Thursday;Male;Elementary school;Employee;unknown;Taxi;Owner;unknown;No defect;Office areas;other;Tangent road with mountainous terrain and;No junction;Asphalt roads;Dry;Daylight;Normal;Collision with roadside objects;2;1;Going straight;na;Not a Pedestrian;No priority to vehicle;Slight Injury
16:30:00;Tuesday;Male;Junior high school;Employee;Below 1yr;Lorry (41?100Q);Owner;Unknown;No defect;Rural village areasOffice areas;other;Tangent road with flat terrain;Y Shape;Asphalt roads;Wet or damp;Daylight;Normal;Vehicle with vehicle collision;2;1;Going straight;18-30;Not a Pedestrian;Getting off the vehicle improperly;Slight Injury
16:30:00;Tuesday;Male;Junior high school;Employee;1-2yr;Lorry (41?100Q);Owner;Unknown;No defect;Other;Two-way (divided with broken lines road marking);Tangent road with flat terrain;Y Shape;Asphalt roads;Wet or damp;Daylight;Normal;Vehicle with vehicle collision;2;1;Going straight;18-30;Not a Pedestrian;No priority to pedestrian;Slight Injury
14:26:00;Friday;Male;Elementary school;Employee;2-5yr;Other;Owner;Unknown;No defect;Residential areas;Undivided Two way;Tangent road with flat terrain;No junction;Asphalt roads;Dry;Daylight;Normal;Vehicle with vehicle collision;2;2;Going straight;31-50;Not a Pedestrian;Changing lane to the right;Slight Injury
14:26:00;Friday;Male;High school;Employee;1-2yr;Stationwagen;Owner;Unknown;No defect;Office areas;Undivided Two way;Tangent road with flat terrain;No junction;Asphalt roads;Dry;Daylight;Normal;Vehicle with vehicle collision;2;2;Going straight;31-50;Not a Pedestrian;Moving Backward;Slight Injury
14:26:00;Friday;Male;Junior high school;Employee;5-10yr;Stationwagen;Owner;Unknown;No defect;Office areas;Undivided Two way;Tangent road with flat terrain;No junction;Asphalt roads;Dry;Daylight;Normal;Vehicle with vehicle collision;2;2;Going straight;18-30;Not a Pedestrian;Changing lane to the left;Slight Injury
18:25:00;Tuesday;Male;Junior high school;Employee;Below 1yr;Lorry (41?100Q);Owner;Unknown;No defect;Residential areas;Undivided Two way;Tangent road with flat terrain;No junction;Asphalt roads;Wet or damp;Daylight;Raining;Vehicle with vehicle collision;1;1;Going straight;18-30;Not a Pedestrian;No distancing;Slight Injury
17:30:00;Thursday;Male;High school;Employee;Above 10yr;Lorry (41?100Q);Owner;Unknown;No defect;Office areas;Undivided Two way;Tangent road with flat terrain;No junction;Asphalt roads;Dry;Daylight;Normal;Vehicle with vehicle collision;2;1;Going straight;18-30;Not a Pedestrian;Driving carelessly;Serious Injury
17:30:00;Thursday;Male;Elementary school;Owner;5-10yr;Other;Owner;Unknown;No defect;Office areas;Undivided Two way;Tangent road with flat terrain;No junction;Asphalt roads;Dry;Daylight;Normal;Vehicle with vehicle collision;2;1;Going straight;na;Not a Pedestrian;Driving under the influence of drugs;Serious Injury
11:16:00;Thursday;Female;Elementary school;Employee;Below 1yr;Automobile;Owner;Unknown;No defect;Office areas;unknown;Tangent road with flat terrain;No junction;Asphalt roads;Dry;Daylight;Normal;Collision with roadside objects;1;1;Going straight;18-30;Not a Pedestrian;Driving carelessly;Slight Injury
21:08:00;Saturday;Male;Junior high school;Employee;5-10yr;unknown;Owner;Unknown;No defect;Office areas;Two-way (divided with broken lines road marking);Tangent road with flat terrain;Crossing;Asphalt roads;Wet or damp;Darkness - lights lit;Other;Collision with roadside objects;2;1;Going straight;na;Not a Pedestrian;Driving carelessly;Slight Injury
21:08:00;Saturday;Male;Elementary school;Owner;5-10yr;Taxi;Owner;Unknown;No defect;Other;Undivided Two way;Tangent road with flat terrain;Crossing;Asphalt roads;Wet or damp;Darkness - lights lit;Other;Collision with roadside objects;2;1;Going straight;31-50;Not a Pedestrian;Changing lane to the right;Slight Injury
01:44:00;Saturday;Male;Junior high school;Employee;2-5yr;Lorry (41?100Q);Owner;Unknown;No defect;Other;Two-way (divided with broken lines road marking);Tangent road with flat terrain;No junction;Gravel roads;Wet or damp;Darkness - lights lit;Raining;Vehicle with vehicle collision;1;1;Moving Backward;na;Not a Pedestrian;No distancing;Slight Injury
08:53:00;Wednesday;Male;Junior high school;Employee;Above 10yr;Other;Owner;2-5yrs;unknown;Other;Two-way (divided with broken lines road marking);Tangent road with flat terrain;No junction;Asphalt roads;Dry;Daylight;Normal;Collision with pedestrians;1;1;Going straight;Under 18;Not a Pedestrian;Driving carelessly;Serious Injury
10:10:00;Saturday;Male;Junior high school;Employee;5-10yr;Automobile;Owner;2-5yrs;unknown;Residential areas;One way;Tangent road with flat terrain;Y Shape;Asphalt roads;Dry;Daylight;Normal;Vehicle with vehicle collision;2;1;Going straight;Under 18;Not a Pedestrian;No priority to pedestrian;Slight Injury
10:10:00;Saturday;Male;High school;Employee;1-2yr;Public (> 45 seats);Owner;2-5yrs;unknown;School areas;Undivided Two way;Tangent road with mild grade and flat terrain;Y Shape;Asphalt roads;Dry;Daylight;Normal;Collision with pedestrians;2;1;Going straight;Under 18;Not a Pedestrian;No distancing;Slight Injury
17:15:00;Tuesday;Male;Elementary school;Owner;unknown;Stationwagen;Owner;2-5yrs;unknown;Residential areas;Undivided Two way;Tangent road with mild grade and flat terrain;Other;Asphalt roads;Dry;Daylight;Unknown;Vehicle with vehicle collision;2;1;Going straight;na;Not a Pedestrian;Moving Backward;Slight Injury
17:15:00;Tuesday;Male;Junior high school;Owner;5-10yr;Automobile;Owner;2-5yrs;No defect;Office areas;Two-way (divided with broken lines road marking);Tangent road with flat terrain;Other;Earth roads;Dry;Daylight;Unknown;Collision with pedestrians;2;1;Going straight;18-30;Not a Pedestrian;Moving Backward;Slight Injury
11:35:00;Wednesday;Male;Junior high school;Employee;5-10yr;Lorry (41?100Q);Owner;unknown;No defect; Church areas;One way;Tangent road with flat terrain;Crossing;Asphalt roads;Dry;Daylight;Normal;Vehicle with vehicle collision;2;1;Reversing;na;Not a Pedestrian;No priority to vehicle;Slight Injury
11:35:00;Wednesday;Male;Junior high school;Employee;Below 1yr;Other;Owner;unknown;No defect;Other;Undivided Two way;Tangent road with flat terrain;Crossing;Asphalt roads;Dry;Daylight;Normal;Vehicle with vehicle collision;2;1;Going straight;18-30;Not a Pedestrian;No distancing;Slight Injury
13:35:00;Tuesday;Male;unknown;unknown;unknown;Public (13?45 seats);Owner;2-5yrs;No defect;Other;One way;Tangent road with flat terrain;No junction;unknown;Dry;Daylight;Normal;Vehicle with vehicle collision;2;5;Going straight;18-30;Not a Pedestrian;Moving Backward;Slight Injury
13:35:00;Tuesday;Male;Junior high school;Employee;5-10yr;Other;Owner;5-10yrs;No defect;Other;Two-way (divided with broken lines road marking);Tangent road with flat terrain;No junction;Gravel roads;Dry;Daylight;Normal;Vehicle with vehicle collision;2;5;Other;18-30;Not a Pedestrian;Changing lane to the right;Slight Injury
13:35:00;Tuesday;Male;Junior high school;Employee;5-10yr;Other;Owner;unknown;No defect;Other;Two-way (divided with broken lines road marking);Tangent road with flat terrain;No junction;Asphalt roads;Dry;Daylight;Normal;Vehicle with vehicle collision;2;5;Entering a junction;18-30;Not a Pedestrian;Moving Backward;Slight Injury
13:35:00;Tuesday;Male;Junior high school;Employee;Above 10yr;Ridden horse;Owner;unknown;No defect;Office areas;Undivided Two way;Tangent road with flat terrain;No junction;unknown;Dry;Daylight;Normal;Vehicle with vehicle collision;2;5;Turnover;18-30;Not a Pedestrian;Changing lane to the right;Slight Injury
13:35:00;Tuesday;Male;High school;Employee;Above 10yr;Lorry (41?100Q);Owner;unknown;No defect;Office areas;Two-way (divided with solid lines road marking);Tangent road with flat terrain;No junction;Asphalt roads;Dry;Daylight;Normal;Vehicle with vehicle collision;2;5;Going straight;na;Not a Pedestrian;Driving carelessly;Slight Injury
12:00:00;Tuesday;Female;Junior high school;Employee;Above 10yr;Lorry (41?100Q);Owner;Unknown;No defect;Residential areas;Undivided Two way;Tangent road with flat terrain;Y Shape;Earth roads;Dry;Daylight;Normal;Vehicle with vehicle collision;2;2;Going straight;31-50;Crossing from nearside - masked by parked or statioNot a Pedestrianry vehicle;Changing lane to the right;Slight Injury
12:00:00;Tuesday;Male;Junior high school;Employee;Above 10yr;Pick up upto 10Q;Owner;Unknown;No defect;Office areas;One way;Tangent road with flat terrain;Y Shape;Asphalt roads;Dry;Daylight;Normal;Vehicle with vehicle collision;2;2;Going straight;31-50;Unknown or other;No distancing;Slight Injury
12:00:00;Tuesday;Male;Junior high school;Employee;Above 10yr;Lorry (11?40Q);Owner;Unknown;No defect;Residential areas;Two-way (divided with broken lines road marking);Tangent road with flat terrain;Y Shape;Asphalt roads;Dry;Daylight;Normal;Vehicle with vehicle collision;2;2;Going straight;31-50;Not a Pedestrian;Moving Backward;Slight Injury
17:12:00;Wednesday;Male;Junior high school;Employee;Above 10yr;Automobile;Owner;Unknown;No defect;Office areas;Undivided Two way;Tangent road with flat terrain;Crossing;Asphalt roads;Dry;Daylight;Normal;Vehicle with vehicle collision;2;1;Going straight;na;Not a Pedestrian;Driving carelessly;Slight Injury
17:12:00;Wednesday;Male;Junior high school;Employee;5-10yr;Automobile;Owner;Unknown;No defect;Other;Two-way (divided with broken lines road marking);Tangent road with flat terrain;Crossing;Asphalt roads;Dry;Daylight;Normal;Vehicle with vehicle collision;2;1;Going straight;31-50;Not a Pedestrian;No distancing;Slight Injury
19:55:00;Monday;Male;Junior high school;Employee;2-5yr;Pick up upto 10Q;Owner;Unknown;No defect;Office areas;One way;Tangent road with flat terrain;Y Shape;Asphalt roads;Dry;Daylight;Normal;Rollover;2;2;Going straight;na;Not a Pedestrian;No priority to vehicle;Slight Injury
19:55:00;Monday;Male;Junior high school;Employee;Below 1yr;Automobile;Owner;Unknown;No defect;School areas;Undivided Two way;Tangent road with flat terrain;Y Shape;Earth roads;Dry;Daylight;Normal;Collision with roadside objects;2;2;Going straight;18-30;Not a Pedestrian;Changing lane to the right;Slight Injury
19:55:00;Monday;Male;Junior high school;Employee;Below 1yr;Other;Owner;unknown;unknown;Residential areas;One way;Tangent road with flat terrain;Y Shape;Asphalt roads;Dry;Daylight;Normal;Vehicle with vehicle collision;2;2;Getting off;na;Not a Pedestrian;Moving Backward;Slight Injury
08:30:00;Wednesday;Male;Junior high school;Employee;2-5yr;Lorry (41?100Q);Owner;unknown;unknown;Office areas;Undivided Two way;Tangent road with flat terrain;Other;Asphalt roads;Wet or damp;Daylight;Other;Vehicle with vehicle collision;2;2;Getting off;18-30;Not a Pedestrian;Driving under the influence of drugs;Slight Injury
08:30:00;Wednesday;Male;Elementary school;Employee;Below 1yr;Public (13?45 seats);Owner;Unknown;No defect;Residential areas;Undivided Two way;Tangent road with flat terrain;Other;Asphalt roads;Wet or damp;Daylight;Other;Vehicle with vehicle collision;2;2;Getting off;na;Not a Pedestrian;Changing lane to the right;Slight Injury
08:30:00;Wednesday;Male;Junior high school;Employee;Below 1yr;Pick up upto 10Q;Owner;Above 10yr;unknown;Office areas;Undivided Two way;Tangent road with flat terrain;Other;Asphalt roads;Wet or damp;Daylight;Other;Collision with pedestrians;2;2;Moving Backward;31-50;Not a Pedestrian;No priority to vehicle;Slight Injury
10:45:00;Sunday;Male;Junior high school;Employee;unknown;Stationwagen;Owner;Above 10yr;unknown;Residential areas;One way;Tangent road with flat terrain;No junction;Asphalt roads;Dry;Daylight;Normal;Collision with pedestrians;2;2;Going straight;na;Not a Pedestrian;Changing lane to the left;Slight Injury
10:45:00;Sunday;Male;unknown;Employee;5-10yr;Other;Owner;Unknown;No defect;Other;other;Tangent road with flat terrain;No junction;Asphalt roads;Dry;Daylight;Normal;Vehicle with vehicle collision;2;2;Going straight;18-30;Not a Pedestrian;Driving carelessly;Slight Injury
10:45:00;Sunday;Male;Writing & reading;Employee;Below 1yr;Pick up upto 10Q;Other;Unknown;unknown;Other;Two-way (divided with broken lines road marking);Tangent road with flat terrain;No junction;Asphalt roads;Dry;Daylight;Normal;Vehicle with vehicle collision;2;2;Waiting to go;na;Not a Pedestrian;No priority to pedestrian;Slight Injury
04:14:00;Sunday;Male;Junior high school;Employee;Below 1yr;Public (13?45 seats);Owner;5-10yrs;unknown;Office areas;Two-way (divided with broken lines road marking);Tangent road with flat terrain;No junction;Asphalt roads;Dry;Darkness - lights lit;Normal;Collision with pedestrians;2;1;Going straight;18-30;Not a Pedestrian;No priority to pedestrian;Slight Injury
04:14:00;Sunday;Male;Junior high school;Employee;1-2yr;Public (12 seats);Owner;Above 10yr;No defect;Office areas;Two-way (divided with broken lines road marking);Tangent road with flat terrain;No junction;Asphalt roads;Dry;Darkness - lights lit;Normal;Collision with pedestrians;2;1;Other;Under 18;Crossing from nearside - masked by parked or statioNot a Pedestrianry vehicle;Changing lane to the right;Slight Injury
14:49:00;Thursday;Male;Elementary school;Employee;Above 10yr;Lorry (41?100Q);Owner;2-5yrs;No defect;Residential areas;Two-way (divided with broken lines road marking);Tangent road with flat terrain;Y Shape;Asphalt roads;Dry;Daylight;Normal;Collision with pedestrians;3;2;Going straight;18-30;Not a Pedestrian;Drunk driving;Slight Injury
14:49:00;Thursday;Male;Elementary school;Employee;Above 10yr;Pick up upto 10Q;Owner;unknown;No defect;Other;Two-way (divided with broken lines road marking);Tangent road with flat terrain;Y Shape;Asphalt roads;Dry;Daylight;Normal;Vehicle with vehicle collision;3;2;Going straight;31-50;Not a Pedestrian;Changing lane to the left;Slight Injury
14:49:00;Thursday;Male;Elementary school;Employee;Below 1yr;Lorry (41?100Q);Governmental;unknown;No defect;Other;Undivided Two way;Tangent road with flat terrain;Y Shape;Earth roads;Dry;Daylight;Normal;Collision with roadside objects;3;2;Going straight;na;Not a Pedestrian;Changing lane to the left;Slight Injury
20:32:00;Tuesday;Male;High school;Employee;2-5yr;Pick up upto 10Q;Owner;unknown;No defect;Office areas;Two-way (divided with broken lines road marking);Tangent road with flat terrain;Crossing;Asphalt roads;Wet or damp;Darkness - lights lit;Raining;Vehicle with vehicle collision;2;1;Going straight;Under 18;In carriageway, statioNot a Pedestrianry - not crossing  (standing or playing) - masked by parked or statioNot a Pedestrianry vehicle;Driving to the left;Slight Injury
20:32:00;Tuesday;Male;Junior high school;Employee;2-5yr;Long lorry;Owner;unknown;No defect;Office areas;Two-way (divided with broken lines road marking);Tangent road with flat terrain;Crossing;Asphalt roads;Wet or damp;Darkness - lights lit;Raining;Vehicle with vehicle collision;2;1;Overtaking;na;Not a Pedestrian;Changing lane to the left;Slight Injury
18:03:00;Thursday;Male;Above high school;Employee;Above 10yr;Automobile;Owner;Unknown;No defect; Church areas;Undivided Two way;Tangent road with flat terrain;O Shape;Asphalt roads;Dry;Daylight;Normal;Collision with roadside objects;2;1;Going straight;5;Not a Pedestrian;Driving under the influence of drugs;Slight Injury
18:03:00;Thursday;Male;Junior high school;Employee;2-5yr;Public (> 45 seats);Governmental;Unknown;No defect;Other;One way;Tangent road with flat terrain;O Shape;Asphalt roads;Dry;Daylight;Normal;Vehicle with vehicle collision;2;1;Going straight;5;Not a Pedestrian;No priority to pedestrian;Slight Injury
05:45:00;Monday;Male;Junior high school;Employee;2-5yr;Lorry (41?100Q);Owner;Unknown;No defect;Office areas;Undivided Two way;Tangent road with flat terrain;No junction;Other;Dry;Daylight;Normal;Vehicle with vehicle collision;2;1;Going straight;Under 18;Not a Pedestrian;Changing lane to the left;Slight Injury
05:45:00;Monday;Male;High school;Employee;1-2yr;Public (> 45 seats);Owner;1-2yr;unknown;Office areas;Two-way (divided with broken lines road marking);Tangent road with flat terrain;No junction;Gravel roads;Dry;Daylight;Normal;Vehicle with vehicle collision;2;1;Turnover;na;Not a Pedestrian;Moving Backward;Slight Injury
13:00:00;Tuesday;Male;Junior high school;Employee;5-10yr;unknown;Owner;Below 1yr;unknown;Residential areas;Two-way (divided with broken lines road marking);Tangent road with flat terrain;Y Shape;Gravel roads;Dry;Daylight;Normal;Vehicle with vehicle collision;2;3;Going straight;18-30;Unknown or other;No distancing;Slight Injury
13:00:00;Tuesday;Male;Junior high school;Employee;Below 1yr;unknown;unknown;unknown;unknown;Other;Undivided Two way;Tangent road with flat terrain;Y Shape;Asphalt roads;Dry;Daylight;Normal;Collision with pedestrians;2;3;Going straight;31-50;Not a Pedestrian;Changing lane to the right;Slight Injury
13:00:00;Tuesday;Male;Junior high school;Employee;Below 1yr;Automobile;Owner;5-10yrs;unknown;Residential areas;Two-way (divided with broken lines road marking);Tangent road with flat terrain;Y Shape;Asphalt roads;Dry;Daylight;Normal;Rollover;2;3;Getting off;na;Not a Pedestrian;No priority to vehicle;Slight Injury
06:45:00;Wednesday;Male;Elementary school;Employee;unknown;Automobile;Governmental;unknown;unknown;Office areas;Two-way (divided with broken lines road marking);Tangent road with flat terrain;Y Shape;Earth roads;Dry;Daylight;Normal;Vehicle with vehicle collision;2;1;Moving Backward;31-50;Not a Pedestrian;Moving Backward;Slight Injury
06:45:00;Wednesday;Male;Junior high school;Employee;Below 1yr;Lorry (41?100Q);Owner;5-10yrs;unknown;Office areas;Undivided Two way;Tangent road with flat terrain;Y Shape;Asphalt roads;Dry;Daylight;Normal;Vehicle with vehicle collision;2;1;Getting off;na;Not a Pedestrian;Overtaking;Slight Injury
16:07:00;Tuesday;Female;Junior high school;Employee;1-2yr;Automobile;Owner;Above 10yr;unknown;Other;Undivided Two way;Tangent road with flat terrain;No junction;Asphalt roads;Dry;Daylight;Normal;Vehicle with vehicle collision;3;1;Overtaking;Under 18;Not a Pedestrian;Changing lane to the left;Slight Injury
16:07:00;Tuesday;Male;Elementary school;Employee;2-5yr;Public (13?45 seats);Owner;1-2yr;No defect;Other;other;Steep grade downward with mountainous terrain;No junction;Asphalt roads;Dry;Daylight;Normal;Collision with roadside objects;3;1;Going straight;na;Not a Pedestrian;Changing lane to the right;Slight Injury
16:07:00;Tuesday;Male;High school;Employee;1-2yr;Automobile;Owner;2-5yrs;unknown;Office areas;One way;Steep grade downward with mountainous terrain;No junction;Asphalt roads;Dry;Daylight;Normal;Vehicle with vehicle collision;3;1;Going straight;18-30;Not a Pedestrian;Overtaking;Slight Injury
16:05:00;Saturday;Male;Junior high school;Employee;5-10yr;Public (> 45 seats);Owner;unknown;No defect;Residential areas;Two-way (divided with broken lines road marking);Tangent road with flat terrain;No junction;Earth roads;Dry;Daylight;Normal;Rollover;2;1;Going straight;18-30;Not a Pedestrian;Overloading;Slight Injury
16:05:00;Saturday;Male;Junior high school;Employee;Below 1yr;Lorry (41?100Q);Owner;unknown;No defect;Other;Two-way (divided with broken lines road marking);Tangent road with flat terrain;No junction;Asphalt roads;Dry;Daylight;Normal;Collision with roadside objects;2;1;Reversing;18-30;Not a Pedestrian;Other;Slight Injury
18:00:00;Saturday;Male;High school;Employee;Above 10yr;Automobile;Organization;2-5yrs;unknown;Residential areas;Undivided Two way;Tangent road with flat terrain;Y Shape;Asphalt roads;Dry;Daylight;Normal;Vehicle with vehicle collision;2;3;Getting off;18-30;Not a Pedestrian;No priority to vehicle;Fatal injury
18:00:00;Saturday;Male;Elementary school;Owner;5-10yr;Lorry (11?40Q);Owner;unknown;No defect; Church areas;Two-way (divided with broken lines road marking);Tangent road with flat terrain;Y Shape;Asphalt roads;Dry;Daylight;Normal;Vehicle with vehicle collision;2;3;Going straight;na;Not a Pedestrian;Changing lane to the right;Fatal injury
18:00:00;Saturday;Male;Elementary school;Employee;Below 1yr;Public (13?45 seats);Governmental;unknown;No defect;Residential areas;Two-way (divided with broken lines road marking);Tangent road with flat terrain;Y Shape;Asphalt roads;Dry;Daylight;Normal;Vehicle with vehicle collision;2;3;Going straight;Over 51;Not a Pedestrian;Moving Backward;Fatal injury
18:00:00;Saturday;Male;Junior high school;Employee;5-10yr;Public (13?45 seats);Owner;unknown;No defect;Office areas;One way;Tangent road with flat terrain;Y Shape;Asphalt roads;Dry;Daylight;Normal;Vehicle with vehicle collision;2;3;Going straight;na;Not a Pedestrian;Changing lane to the left;Fatal injury
14:35:00;Friday;Male;Elementary school;Owner;5-10yr;unknown;Governmental;Below 1yr;No defect;Residential areas;Two-way (divided with broken lines road marking);Tangent road with flat terrain;No junction;Asphalt roads;Dry;Daylight;Normal;Vehicle with vehicle collision;3;3;Reversing;18-30;Not a Pedestrian;No priority to pedestrian;Slight Injury
14:35:00;Friday;Male;Junior high school;Employee;2-5yr;Long lorry;Owner;Unknown;No defect;Other;One way;Tangent road with flat terrain;No junction;Asphalt roads;Dry;Daylight;Normal;Vehicle with vehicle collision;3;3;Going straight;na;Not a Pedestrian;No distancing;Slight Injury
14:35:00;Friday;Male;Junior high school;Employee;Above 10yr;Lorry (41?100Q);Owner;Unknown;unknown; Industrial areas;Two-way (divided with broken lines road marking);Tangent road with flat terrain;No junction;Asphalt roads;Dry;Daylight;Normal;Collision with pedestrians;3;3;Stopping;18-30;Not a Pedestrian;No priority to vehicle;Slight Injury
14:35:00;Friday;Male;Junior high school;Employee;5-10yr;Lorry (11?40Q);Owner;Unknown;unknown; Church areas;Two-way (divided with broken lines road marking);Tangent road with flat terrain;No junction;Asphalt roads;Dry;Daylight;Normal;Vehicle with vehicle collision;3;3;Overtaking;na;Not a Pedestrian;No distancing;Slight Injury
08:00:00;Wednesday;Male;High school;Employee;1-2yr;Lorry (41?100Q);Owner;2-5yrs;No defect;Residential areas;Undivided Two way;Steep grade downward with mountainous terrain;No junction;Asphalt roads;Wet or damp;Daylight;Other;Vehicle with vehicle collision;2;1;Going straight;31-50;Not a Pedestrian;No distancing;Slight Injury
08:00:00;Wednesday;Female;Junior high school;Employee;Above 10yr;Public (12 seats);unknown;unknown;unknown;unknown;Two-way (divided with broken lines road marking);Tangent road with flat terrain;No junction;Earth roads;Wet or damp;Daylight;Other;Collision with roadside objects;2;1;Reversing;18-30;Not a Pedestrian;Moving Backward;Slight Injury
12:53:00;Wednesday;Male;Elementary school;Owner;2-5yr;unknown;unknown;unknown;unknown;unknown;Two-way (divided with broken lines road marking);Tangent road with flat terrain;O Shape;Asphalt roads;Dry;Daylight;Normal;Vehicle with vehicle collision;1;1;Going straight;na;Not a Pedestrian;Changing lane to the right;Slight Injury