Time;Day_of_week;Sex_of_driver;Educational_level;Vehicle_driver_relation;Driving_experience;Type_of_vehicle;Owner_of_vehicle;Service_year_of_vehicle;Defect_of_vehicle;Area_accident_occured;Lanes_or_Medians;Road_allignment;Types_of_Junction;Road_surface_type;Road_surface_conditions;Light_conditions;Weather_conditions;Type_of_collision;Number_of_vehicles_involved;Number_of_casualties;Vehicle_movement;Age_band_of_casualty;Pedestrian_movement;Cause_of_accident;Accident_severity
15:42:00;Friday;Male;Above high school;Owner;2-5yr;Other;Owner;Unknown;No defect;Office areas;unknown;Tangent road with flat terrain;No junction;Asphalt roads with some distress;Dry;Daylight;Normal;Vehicle with vehicle collision;2;1;Going straight;na;Not a Pedestrian;Driving at high speed;Slight Injury
15:42:00;Friday;Female;unknown;unknown;unknown;Other;Governmental;Unknown;unknown;Office areas;One way;Tangent road with flat terrain;No junction;unknown;Dry;Daylight;Normal;Vehicle with vehicle collision;2;1;Turnover;31-50;Unknown or other;No priority to vehicle;Slight Injury
12:45:00;Friday;Male;Elementary school;Owner;2-5yr;Other;Owner;Unknown;unknown;Other;Undivided Two way;Tangent road with flat terrain;No junction;Asphalt roads;Wet or damp;Daylight;Raining;Collision with pedestrians;2;3;Going straight;18-30;Not a Pedestrian;No priority to pedestrian;Serious Injury
12:45:00;Friday;Male;Junior high school;Employee;1-2yr;Pick up upto 10Q;Owner;Unknown;unknown;Residential areas;unknown;Tangent road with flat terrain;No junction;Asphalt roads;Wet or damp;Daylight;Raining;Vehicle with vehicle collision;2;3;Other;na;Not a Pedestrian;No priority to vehicle;Serious Injury
12:45:00;Friday;Male;unknown;Owner;5-10yr;Automobile;Owner;2-5yrs;No defect;Residential areas;Two-way (divided with broken lines road marking);Gentle horizontal curve;No junction;Asphalt roads;Wet or damp;Daylight;Raining;Collision with pedestrians;2;3;Going straight;na;Not a Pedestrian;Other;Serious Injury
14:56:00;Friday;Male;Junior high school;Employee;Below 1yr;Other;Owner;5-10yrs;unknown; Church areas;Two-way (divided with broken lines road marking);Tangent road with flat terrain;Y Shape;Asphalt roads;Dry;Daylight;Normal;Vehicle with vehicle collision;2;2;Going straight;31-50;Not a Pedestrian;Other;Slight Injury
14:56:00;Friday;Male;Junior high school;Employee;2-5yr;Lorry (41?100Q);Owner;5-10yrs;unknown;Other;Two-way (divided with broken lines road marking);Tangent road with flat terrain;Y Shape;Earth roads;Dry;Daylight;Normal;Vehicle with vehicle collision;2;2;Going straight;na;Not a Pedestrian;Moving Backward;Slight Injury
16:50:00;Tuesday;Male;Junior high school;Employee;5-10yr;Public (13?45 seats);Owner;Unknown;unknown;Residential areas;Two-way (divided with broken lines road marking);Tangent road with flat terrain;Y Shape;Asphalt roads;Dry;Daylight;Normal;Collision with roadside objects;2;1;Going straight;18-30;Unknown or other;No distancing;Slight Injury
16:50:00;Tuesday;Male;Junior high school;Employee;Above 10yr;Automobile;Owner;2-5yrs;unknown;Other;Undivided Two way;Tangent road with flat terrain;Y Shape;Asphalt roads;Dry;Daylight;Normal;Vehicle with vehicle collision;2;1;Going straight;na;Not a Pedestrian;Moving Backward;Slight Injury
06:30:00;Wednesday;Male;Elementary school;Employee;2-5yr;Pick up upto 10Q;Owner;2-5yrs;unknown;Residential areas;Undivided Two way;Tangent road with flat terrain;No junction;Asphalt roads;Wet or damp;Daylight;Raining;Vehicle with vehicle collision;1;1;Moving Backward;18-30;Not a Pedestrian;No priority to vehicle;Slight Injury
16:45:00;Tuesday;Male;Elementary school;Owner;Above 10yr;Lorry (41?100Q);Owner;2-5yrs;unknown;Residential areas;Two-way (divided with broken lines road marking);Tangent road with flat terrain;Crossing;Asphalt roads;Dry;Daylight;Normal;Vehicle with vehicle collision;1;1;Moving Backward;na;Not a Pedestrian;Driving carelessly;Slight Injury
14:30:00;Sunday;Male;Junior high school;Employee;1-2yr;Public (12 seats);Owner;5-10yrs;No defect;Other;Two-way (divided with broken lines road marking);Tangent road with flat terrain;No junction;Asphalt roads;Dry;Daylight;Normal;Collision with pedestrians;2;2;Moving Backward;31-50;Not a Pedestrian;No distancing;Slight Injury
14:30:00;Sunday;Male;Junior high school;Employee;5-10yr;Other;unknown;unknown;unknown;Other;Two-way (divided with broken lines road marking);Tangent road with flat terrain;No junction;Asphalt roads;Dry;Daylight;Normal;Collision with roadside objects;2;2;Other;5;Not a Pedestrian;Other;Slight Injury
10:00:00;Saturday;Male;Junior high school;Employee;2-5yr;Lorry (41?100Q);Owner;Unknown;No defect;Other;Undivided Two way;Tangent road with flat terrain;O Shape;Asphalt roads;Dry;Daylight;Normal;Collision with pedestrians;2;1;Going straight;na;Not a Pedestrian;Changing lane to the right;Slight Injury
10:00:00;Saturday;Male;Junior high school;Employee;2-5yr;Pick up upto 10Q;Owner;Unknown;No defect;Other;Double carriageway (median);Tangent road with flat terrain;O Shape;Asphalt roads;Dry;Daylight;Normal;Vehicle with vehicle collision;2;1;Unknown;na;Not a Pedestrian;No distancing;Slight Injury
07:45:00;Friday;Male;Junior high school;Employee;2-5yr;Other;Owner;Unknown;unknown;Residential areas;Two-way (divided with broken lines road marking);Tangent road with flat terrain;Y Shape;Asphalt roads;Wet or damp;Daylight;Raining;Vehicle with vehicle collision;3;1;Turnover;Under 18;Not a Pedestrian;Driving carelessly;Slight Injury
07:45:00;Friday;Male;Junior high school;Employee;2-5yr;Lorry (41?100Q);Owner;2-5yrs;unknown;  Recreational areas;Undivided Two way;Tangent road with flat terrain;Y Shape;Asphalt roads;Wet or damp;Daylight;Raining;Vehicle with vehicle collision;3;1;Getting off;31-50;Not a Pedestrian;No distancing;Slight Injury
07:45:00;Friday;Male;Junior high school;Employee;Above 10yr;Ridden horse;Owner;unknown;unknown;Other;other;Tangent road with flat terrain;Y Shape;Asphalt roads;Wet or damp;Daylight;Raining;Vehicle with vehicle collision;3;1;Going straight;na;Not a Pedestrian;No priority to vehicle;Slight Injury
19:45:00;Friday;Male;Junior high school;Employee;Above 10yr;Automobile;Owner;unknown;unknown;Office areas;Undivided Two way;Tangent road with flat terrain;Crossing;Gravel roads;Dry;Darkness - lights lit;Normal;Vehicle with vehicle collision;2;4;Going straight;18-30;Not a Pedestrian;Changing lane to the right;Slight Injury
19:45:00;Friday;Male;Elementary school;Employee;5-10yr;Automobile;unknown;unknown;unknown;Other;Undivided Two way;Tangent road with flat terrain;Crossing;Asphalt roads;Dry;Darkness - lights lit;Normal;Collision with roadside objects;2;4;Going straight;na;Not a Pedestrian;No priority to pedestrian;Slight Injury
19:45:00;Friday;Male;unknown;Employee;unknown;Stationwagen;Owner;Unknown;unknown;Office areas;Undivided Two way;Tangent road with flat terrain;Crossing;Asphalt roads;Dry;Darkness - lights lit;Normal;Collision with roadside objects;2;4;Turnover;na;Not a Pedestrian;No priority to vehicle;Slight Injury
19:45:00;Friday;Male;unknown;Employee;2-5yr;Other;Owner;Unknown;unknown;Office areas;One way;Tangent road with flat terrain;Crossing;Asphalt roads;Dry;Darkness - lights lit;Normal;Vehicle with vehicle collision;2;4;Reversing;18-30;Not a Pedestrian;Changing lane to the left;Slight Injury
19:45:00;Friday;Male;Elementary school;Employee;5-10yr;Lorry (41?100Q);Owner;Unknown;unknown;Office areas;Undivided Two way;Tangent road with flat terrain;Crossing;Asphalt roads;Dry;Darkness - lights lit;Normal;Vehicle with vehicle collision;2;4;Moving Backward;31-50;Not a Pedestrian;Turnover;Slight Injury
18:50:00;Friday;Male;Junior high school;Employee;5-10yr;Lorry (41?100Q);Owner;Unknown;No defect;Other;Undivided Two way;Tangent road with flat terrain;Crossing;Asphalt roads;Wet or damp;Darkness - lights lit;Normal;Vehicle with vehicle collision;2;1;Other;31-50;Not a Pedestrian;Driving to the left;Slight Injury
18:50:00;Friday;Male;Junior high school;Employee;Above 10yr;Long lorry;Governmental;Unknown;unknown;Other;Double carriageway (median);Tangent road with flat terrain;Crossing;Asphalt roads;Wet or damp;Darkness - lights lit;Normal;Vehicle with vehicle collision;2;1;Going straight;18-30;Not a Pedestrian;Driving carelessly;Slight Injury
11:42:00;Wednesday;Male;Junior high school;Employee;5-10yr;Stationwagen;Owner;Unknown;No defect;Office areas;Two-way (divided with solid lines road marking);Tangent road with flat terrain;No junction;Asphalt roads;Dry;Daylight;Normal;Vehicle with vehicle collision;2;1;Going straight;na;Not a Pedestrian;Driving to the left;Serious Injury
11:42:00;Wednesday;Male;Junior high school;Employee;Above 10yr;Public (12 seats);Owner;Unknown;unknown;Residential areas;other;Tangent road with flat terrain;No junction;Asphalt roads;Dry;Daylight;Normal;Vehicle with vehicle collision;2;1;Going straight;18-30;Not a Pedestrian;Driving carelessly;Serious Injury
17:57:00;Thursday;Male;Elementary school;Employee;Below 1yr;Automobile;Governmental;2-5yrs;unknown;  Recreational areas;Undivided Two way;Tangent road with flat terrain;No junction;Asphalt roads;Dry;Daylight;Normal;Vehicle with vehicle collision;1;1;Going straight;na;Not a Pedestrian;No priority to pedestrian;Slight Injury
20:30:00;Sunday;Male;Elementary school;Employee;5-10yr;Public (12 seats);Owner;1-2yr;No defect;Other;other;Tangent road with flat terrain;No junction;Asphalt roads;Dry;Darkness - lights lit;Raining and Windy;Vehicle with vehicle collision;1;1;Going straight;18-30;Not a Pedestrian;Driving carelessly;Slight Injury
12:28:00;Thursday;Male;Elementary school;Employee;1-2yr;Lorry (41?100Q);Owner;Above 10yr;No defect;Residential areas;other;Tangent road with flat terrain;Other;Asphalt roads;Wet or damp;Daylight;Raining;Vehicle with vehicle collision;2;1;Going straight;18-30;Not a Pedestrian;Changing lane to the right;Slight Injury
12:28:00;Thursday;Male;Elementary school;Employee;5-10yr;Automobile;Owner;Unknown;No defect;Other;other;Tangent road with flat terrain;Other;Asphalt roads;Wet or damp;Daylight;Raining;Vehicle with vehicle collision;2;1;Going straight;na;Not a Pedestrian;Moving Backward;Slight Injury
08:35:00;Friday;Male;Elementary school;Employee;5-10yr;Lorry (41?100Q);Owner;Unknown;unknown;Other;other;Tangent road with flat terrain;No junction;Asphalt roads;Wet or damp;Daylight;Normal;Other;1;1;Going straight;5;Not a Pedestrian;Driving carelessly;Slight Injury
12:25:00;Wednesday;Male;Elementary school;Employee;2-5yr;Lorry (41?100Q);Owner;5-10yrs;unknown;Other;One way;Tangent road with flat terrain;Crossing;Asphalt roads;Dry;Daylight;Normal;Vehicle with vehicle collision;3;1;Going straight;18-30;Not a Pedestrian;Changing lane to the right;Serious Injury
12:25:00;Wednesday;Male;Elementary school;Employee;5-10yr;Pick up upto 10Q;Owner;Unknown;No defect;Other;Two-way (divided with broken lines road marking);Tangent road with flat terrain;Crossing;Asphalt roads;Dry;Daylight;Normal;Collision with roadside objects;3;1;Other;5;Not a Pedestrian;Driving carelessly;Serious Injury
12:25:00;Wednesday;Female;unknown;unknown;5-10yr;Other;Owner;2-5yrs;No defect;Other;other;Tangent road with flat terrain;Crossing;Asphalt roads;Dry;Daylight;Normal;Vehicle with vehicle collision;3;1;Moving Backward;na;Not a Pedestrian;Driving carelessly;Serious Injury
12:30:00;Sunday;Male;Junior high school;Employee;Above 10yr;Automobile;Owner;Unknown;No defect;School areas;Undivided Two way;Tangent road with flat terrain;No junction;Asphalt roads;Wet or damp;Daylight;Normal;Vehicle with vehicle collision;1;1;Going straight;Over 51;Not a Pedestrian;Driving carelessly;Slight Injury
18:05:00;Thursday;Male;Junior high school;Employee;Above 10yr;Automobile;Owner;unknown;No defect;Office areas;Two-way (divided with broken lines road marking);Tangent road with flat terrain;No junction;Asphalt roads;Dry;Darkness - lights lit;Normal;Vehicle with vehicle collision;2;1;Moving Backward;18-30;Not a Pedestrian;Changing lane to the right;Serious Injury
18:05:00;Thursday;Male;Elementary school;Employee;Below 1yr;Lorry (11?40Q);Owner;Unknown;No defect;Office areas;Two-way (divided with broken lines road marking);Tangent road with flat terrain;No junction;Asphalt roads;Dry;Darkness - lights lit;Normal;Vehicle with vehicle collision;2;1;Going straight;na;Not a Pedestrian;Changing lane to the right;Serious Injury
10:50:00;Tuesday;Male;Elementary school;Employee;5-10yr;Bajaj;Owner;5-10yrs;No defect;Office areas;Two-way (divided with broken lines road marking);Tangent road with flat terrain;Crossing;Asphalt roads;Dry;Daylight;Normal;Vehicle with vehicle collision;1;1;Moving Backward;Over 51;Not a Pedestrian;Driving carelessly;Slight Injury
14:12:00;Saturday;Male;Elementary school;Owner;5-10yr;Automobile;Owner;Unknown;No defect;School areas;unknown;Tangent road with flat terrain;No junction;Asphalt roads;Dry;Daylight;Normal;Vehicle with vehicle collision;2;1;unknown;na;Not a Pedestrian;Overtaking;Slight Injury
14:12:00;Saturday;Male;Elementary school;Employee;2-5yr;Lorry (41?100Q);Governmental;unknown;No defect;School areas;Undivided Two way;Tangent road with flat terrain;No junction;Other;Dry;Daylight;Normal;Collision with roadside objects;2;1;Going straight;31-50;Not a Pedestrian;Changing lane to the right;Slight Injury
10:20:00;Friday;Male;Elementary school;Employee;Above 10yr;Lorry (11?40Q);Owner;unknown;No defect;Office areas;Two-way (divided with broken lines road marking);Tangent road with flat terrain;Crossing;unknown;Dry;Daylight;Normal;Collision with roadside objects;3;1;Going straight;18-30;Not a Pedestrian;No distancing;Slight Injury
10:20:00;Friday;Male;Elementary school;Employee;2-5yr;Lorry (11?40Q);Owner;unknown;No defect;Office areas;Two-way (divided with broken lines road marking);Tangent road with flat terrain;Crossing;Asphalt roads;Dry;Daylight;Normal;Vehicle with vehicle collision;3;1;Going straight;na;Not a Pedestrian;Other;Slight Injury
10:20:00;Friday;Male;Junior high school;Employee;Above 10yr;Automobile;Governmental;Above 10yr;No defect;School areas;Two-way (divided with broken lines road marking);Tangent road with flat terrain;Crossing;Asphalt roads;Dry;Daylight;Normal;Collision with roadside objects;3;1;Going straight;18-30;Not a Pedestrian;Changing lane to the right;Slight Injury
18:30:00;Wednesday;Male;Junior high school;Employee;Below 1yr;unknown;Owner;1-2yr;No defect;unknown;Two-way (divided with broken lines road marking);Tangent road with flat terrain;Other;Asphalt roads;Dry;Darkness - lights lit;Unknown;Collision with roadside objects;2;1;Other;31-50;Not a Pedestrian;Changing lane to the right;Serious Injury
18:30:00;Wednesday;Female;Junior high school;Employee;2-5yr;Automobile;Owner;Above 10yr;No defect;Other;Two-way (divided with broken lines road marking);Tangent road with flat terrain;Other;Asphalt roads;Dry;Darkness - lights lit;Unknown;Vehicle with vehicle collision;2;1;Going straight;na;Not a Pedestrian;Overtaking;Serious Injury
19:17:00;Tuesday;Male;Elementary school;Employee;5-10yr;Public (13?45 seats);Owner;Below 1yr;No defect;Other;Undivided Two way;Tangent road with flat terrain;Y Shape;Asphalt roads;Wet or damp;Darkness - lights lit;Snow;Vehicle with vehicle collision;1;1;Moving Backward;31-50;Not a Pedestrian;Other;Serious Injury
10:30:00;Thursday;Male;Elementary school;Employee;5-10yr;Public (12 seats);Owner;Above 10yr;No defect;Other;Two-way (divided with broken lines road marking);Tangent road with flat terrain;No junction;Asphalt roads;Dry;Daylight;Normal;Collision with roadside objects;2;3;Moving Backward;na;Not a Pedestrian;Driving to the left;Slight Injury
10:30:00;Thursday;Male;Elementary school;Employee;1-2yr;Other;Owner;Unknown;No defect;Residential areas;Undivided Two way;Tangent road with flat terrain;No junction;Asphalt roads;Dry;Daylight;Normal;Vehicle with vehicle collision;2;3;Moving Backward;18-30;Not a Pedestrian;Overtaking;Slight Injury
10:30:00;Thursday;Male;Elementary school;Employee;unknown;Automobile;Governmental;1-2yr;No defect;Other;Undivided Two way;Tangent road with flat terrain;No junction;Asphalt roads;Dry;Daylight;Normal;Vehicle with vehicle collision;2;3;Going straight;na;Not a Pedestrian;No priority to vehicle;Slight Injury
10:30:00;Thursday;Male;Junior high school;Employee;1-2yr;Automobile;Owner;1-2yr;No defect;Other;Undivided Two way;Tangent road with flat terrain;No junction;Asphalt roads;Dry;Daylight;Normal;Vehicle with vehicle collision;2;3;Going straight;Under 18;Not a Pedestrian;Moving Backward;Slight Injury
13:35:00;Sunday;Male;unknown;Employee;5-10yr;Public (13?45 seats);Owner;unknown;No defect; Industrial areas;Undivided Two way;Tangent road with flat terrain;No junction;Asphalt roads;Dry;Daylight;Other;Vehicle with vehicle collision;1;1;Going straight;18-30;Not a Pedestrian;Other;Slight Injury
13:43:00;Monday;Male;Elementary school;Owner;1-2yr;Public (13?45 seats);Owner;unknown;No defect;  Recreational areas;Undivided Two way;Tangent road with flat terrain;Y Shape;Asphalt roads;Wet or damp;Daylight;Raining;Vehicle with vehicle collision;3;5;Going straight;na;Not a Pedestrian;No priority to vehicle;Slight Injury
13:43:00;Monday;Male;Junior high school;Employee;5-10yr;Automobile;Owner;Above 10yr;No defect; Church areas;Two-way (divided with broken lines road marking);Tangent road with flat terrain;Y Shape;Asphalt roads;Wet or damp;Daylight;Raining;Vehicle with vehicle collision;3;5;Other;18-30;Not a Pedestrian;No priority to pedestrian;Slight Injury
13:43:00;Monday;Male;Junior high school;Employee;2-5yr;Other;Owner;unknown;unknown;Office areas;Two-way (divided with broken lines road marking);Tangent road with flat terrain;Y Shape;Other;Wet or damp;Daylight;Raining;Collision with pedestrians;3;5;Going straight;Over 51;Not a Pedestrian;Changing lane to the right;Slight Injury
13:43:00;Monday;Male;Junior high school;Employee;2-5yr;Pick up upto 10Q;Owner;unknown;unknown;Other;Two-way (divided with broken lines road marking);Tangent road with flat terrain;Y Shape;Asphalt roads;Wet or damp;Daylight;Raining;Vehicle with vehicle collision;3;5;Going straight;31-50;Not a Pedestrian;Changing lane to the right;Slight Injury
13:43:00;Monday;Male;Junior high school;Employee;5-10yr;Lorry (41?100Q);Owner;unknown;unknown;Office areas;Undivided Two way;Tangent road with flat terrain;Y Shape;Asphalt roads;Wet or damp;Daylight;Raining;Collision with roadside objects;3;5;Going straight;Under 18;Not a Pedestrian;Changing lane to the right;Slight Injury
15:56:00;Friday;Male;Junior high school;Owner;Below 1yr;Automobile;Owner;unknown;unknown;Office areas;Two-way (divided with broken lines road marking);Tangent road with flat terrain;No junction;Asphalt roads;Dry;Daylight;Cloudy;Vehicle with vehicle collision;2;1;Reversing;na;Not a Pedestrian;Driving to the left;Slight Injury
15:56:00;Friday;Male;High school;Employee;Below 1yr;Automobile;Owner;unknown;unknown;Other;Two-way (divided with broken lines road marking);Tangent road with flat terrain;No junction;Asphalt roads;Dry;Daylight;Cloudy;Vehicle with vehicle collision;2;1;Moving Backward;31-50;Not a Pedestrian;Changing lane to the left;Slight Injury
17:00:00;Saturday;Male;Junior high school;Employee;unknown;Lorry (41?100Q);Owner;Above 10yr;unknown;Residential areas;Undivided Two way;Tangent road with flat terrain;No junction;Asphalt roads;Wet or damp;Darkness - lights lit;Other;Vehicle with vehicle collision;2;2;Going straight;31-50;Not a Pedestrian;Moving Backward;Slight Injury
17:00:00;Saturday;Male;Junior high school;Employee;Below 1yr;unknown;Owner;Above 10yr;unknown;Office areas;other;Tangent road with mountainous terrain and;No junction;Asphalt roads;Wet or damp;Darkness - lights lit;Other;Vehicle with vehicle collision;2;2;Going straight;na;Not a Pedestrian;Driving at high speed;Slight Injury
17:00:00;Saturday;Male;Junior high school;Employee;2-5yr;Other;Owner;Above 10yr;No defect;Residential areas;other;Tangent road with flat terrain;No junction;Asphalt roads;Wet or damp;Darkness - lights lit;Other;Vehicle with vehicle collision;2;2;Reversing;Over 51;Not a Pedestrian;Moving Backward;Slight Injury
06:50:00;Wednesday;Male;Junior high school;Employee;2-5yr;Automobile;unknown;unknown;unknown;School areas;Two-way (divided with broken lines road marking);Tangent road with flat terrain;Crossing;Asphalt roads;Dry;Darkness - lights lit;Raining;Vehicle with vehicle collision;2;1;Going straight;na;Not a Pedestrian;No distancing;Slight Injury
06:50:00;Wednesday;Male;Junior high school;Employee;5-10yr;Automobile;Owner;Above 10yr;No defect;Office areas;Two-way (divided with broken lines road marking);Sharp reverse curve;Crossing;Asphalt roads;Dry;Darkness - lights lit;Raining;Vehicle with vehicle collision;2;1;Reversing;31-50;Not a Pedestrian;Other;Slight Injury
16:30:00;Tuesday;Male;Elementary school;Employee;5-10yr;Automobile;Owner;5-10yrs;No defect;Other;other;Tangent road with flat terrain;Y Shape;Other;Dry;Darkness - lights lit;Normal;Vehicle with vehicle collision;2;2;Other;31-50;Not a Pedestrian;No priority to vehicle;Slight Injury
16:30:00;Tuesday;Male;unknown;Owner;5-10yr;Automobile;Owner;Above 10yr;No defect;Other;Undivided Two way;Tangent road with flat terrain;Y Shape;Asphalt roads;Dry;Darkness - lights lit;Normal;Vehicle with vehicle collision;2;2;unknown;Under 18;Not a Pedestrian;Changing lane to the right;Slight Injury
16:30:00;Tuesday;Male;Junior high school;Employee;5-10yr;Lorry (41?100Q);Owner;Above 10yr;No defect; Church areas;other;Tangent road with flat terrain;Y Shape;Asphalt roads;Dry;Darkness - lights lit;Normal;Collision with roadside objects;2;2;Going straight;18-30;Not a Pedestrian;Other;Slight Injury
13:40:00;Tuesday;Female;Junior high school;Owner;5-10yr;Other;Owner;unknown;No defect;Office areas;Two-way (divided with broken lines road marking);Tangent road with flat terrain;Crossing;unknown;Dry;Daylight;Normal;Vehicle with vehicle collision;2;1;Going straight;Under 18;Crossing from nearside - masked by parked or statioNot a Pedestrianry vehicle;No distancing;Slight Injury
13:40:00;Tuesday;Male;Illiterate;Employee;2-5yr;Pick up upto 10Q;Owner;unknown;No defect;Other;Two-way (divided with broken lines road marking);Tangent road with flat terrain;Crossing;Asphalt roads;Dry;Daylight;Normal;Collision with roadside objects;2;1;Going straight;5;Not a Pedestrian;Driving carelessly;Slight Injury
05:02:00;Sunday;Male;Junior high school;Employee;5-10yr;Stationwagen;Owner;unknown;No defect;Office areas;Two-way (divided with broken lines road marking);Tangent road with mild grade and flat terrain;No junction;Asphalt roads;Wet or damp;Darkness - lights lit;Raining;Vehicle with vehicle collision;1;3;Going straight;na;Not a Pedestrian;No distancing;Slight Injury
05:02:00;Sunday;Male;Junior high school;Employee;Below 1yr;Other;Owner;unknown;No defect;Office areas;Two-way (divided with broken lines road marking);Tangent road with flat terrain;No junction;Asphalt roads;Wet or damp;Darkness - lights lit;Raining;Vehicle with vehicle collision;1;3;Going straight;18-30;Not a Pedestrian;Moving Backward;Slight Injury
05:02:00;Sunday;Male;Junior high school;Employee;1-2yr;Pick up upto 10Q;Owner;Above 10yr;No defect;Office areas;Two-way (divided with broken lines road marking);Sharp reverse curve;No junction;Earth roads;Wet or damp;Darkness - lights lit;Raining;unknown;1;3;Going straight;na;Not a Pedestrian;No distancing;Slight Injury
16:05:00;Thursday;Male;Elementary school;Employee;2-5yr;Stationwagen;Owner;Above 10yr;No defect; Church areas;Undivided Two way;Sharp reverse curve;Crossing;Asphalt roads;Wet or damp;Daylight;Normal;Collision with pedestrians;2;1;Going straight;31-50;Not a Pedestrian;Moving Backward;Slight Injury
16:05:00;Thursday;Male;Elementary school;Employee;2-5yr;Lorry (41?100Q);Owner;Above 10yr;No defect;Office areas;Undivided Two way;Gentle horizontal curve;Crossing;Asphalt roads;Wet or damp;Daylight;Normal;Vehicle with vehicle collision;2;1;Going straight;18-30;Not a Pedestrian;No priority to pedestrian;Slight Injury
07:58:00;Monday;Male;Elementary school;Employee;5-10yr;Automobile;Owner;5-10yrs;No defect;Other;Double carriageway (median);Gentle horizontal curve;No junction;Asphalt roads;Wet or damp;Daylight;Normal;Vehicle with vehicle collision;1;1;Going straight;18-30;Not a Pedestrian;Changing lane to the left;Slight Injury
15:16:00;Thursday;Male;Junior high school;Employee;5-10yr;unknown;Owner;unknown;unknown;Other;Two-way (divided with broken lines road marking);Tangent road with flat terrain;Y Shape;Asphalt roads;Wet or damp;Daylight;Normal;Vehicle with vehicle collision;2;1;Going straight;18-30;Not a Pedestrian;No distancing;Slight Injury
15:16:00;Thursday;Male;unknown;unknown;unknown;Automobile;Owner;5-10yrs;No defect; Church areas;Unknown;Tangent road with mountainous terrain and;Y Shape;Asphalt roads;Wet or damp;Daylight;Normal;Collision with pedestrians;2;1;Going straight;Over 51;Not a Pedestrian;Other;Slight Injury
07:14:00;Tuesday;Male;Junior high school;Employee;Above 10yr;Automobile;Owner;1-2yr;unknown;School areas;Undivided Two way;Tangent road with flat terrain;Crossing;Asphalt roads;Wet or damp;Darkness - lights lit;Unknown;Collision with roadside objects;2;1;Going straight;31-50;Unknown or other;No distancing;Slight Injury
07:14:00;Tuesday;Male;Junior high school;Employee;Above 10yr;Turbo;unknown;unknown;unknown; Church areas;Two-way (divided with broken lines road marking);Tangent road with flat terrain;Crossing;Asphalt roads;Wet or damp;Darkness - lights lit;Unknown;unknown;2;1;Going straight;18-30;Not a Pedestrian;No priority to pedestrian;Slight Injury
13:17:00;Friday;Male;Junior high school;Owner;Above 10yr;unknown;Owner;Above 10yr;unknown;Office areas;Undivided Two way;Tangent road with flat terrain;No junction;Asphalt roads;Wet or damp;Daylight;Normal;Vehicle with vehicle collision;2;1;Going straight;na;Not a Pedestrian;Moving Backward;Slight Injury
13:17:00;Friday;Male;Junior high school;Employee;unknown;Stationwagen;Owner;2-5yrs;No defect;Other;other;Tangent road with flat terrain;No junction;Asphalt roads;Wet or damp;Daylight;Normal;unknown;2;1;Going straight;31-50;Unknown or other;No priority to pedestrian;Slight Injury
17:44:00;Thursday;Male;Junior high school;Employee;5-10yr;Automobile;Owner;Above 10yr;unknown; Church areas;Two-way (divided with broken lines road marking);Steep grade upward with mountainous terrain;No junction;Asphalt roads;Wet or damp;Darkness - lights lit;Cloudy;unknown;2;2;Moving Backward;31-50;Not a Pedestrian;No distancing;Slight Injury
17:44:00;Thursday;Male;Junior high school;Employee;2-5yr;Automobile;Governmental;1-2yr;No defect;Other;Double carriageway (median);Tangent road with flat terrain;No junction;Asphalt roads;Wet or damp;Darkness - lights lit;Cloudy;unknown;2;2;Going straight;na;Not a Pedestrian;No priority to pedestrian;Slight Injury
17:44:00;Thursday;Male;Elementary school;Employee;5-10yr;Automobile;Governmental;Above 10yr;unknown;Other;Double carriageway (median);Tangent road with flat terrain;No junction;Asphalt roads;Wet or damp;Darkness - lights lit;Cloudy;Vehicle with vehicle collision;2;2;Going straight;31-50;Not a Pedestrian;Driving carelessly;Slight Injury
07:16:00;Monday;Male;Junior high school;Employee;2-5yr;Pick up upto 10Q;Organization;5-10yrs;No defect;Office areas;Two-way (divided with broken lines road marking);Gentle horizontal curve;No junction;Asphalt roads;Wet or damp;Darkness - lights lit;Other;Vehicle with vehicle collision;2;1;Going straight;18-30;Not a Pedestrian;Getting off the vehicle improperly;Slight Injury
07:16:00;Monday;Male;High school;Owner;5-10yr;Lorry (41?100Q);Organization;Above 10yr;No defect;Other;Two-way (divided with broken lines road marking);Tangent road with flat terrain;No junction;Asphalt roads;Wet or damp;Darkness - lights lit;Other;Collision with roadside objects;2;1;unknown;Under 18;Not a Pedestrian;Driving carelessly;Slight Injury
18:15:00;Friday;Male;Junior high school;Employee;Above 10yr;Lorry (41?100Q);Owner;2-5yrs;No defect;Other;Two-way (divided with broken lines road marking);Tangent road with flat terrain;No junction;Asphalt roads;Wet or damp;Darkness - lights lit;Other;Collision with roadside objects;1;1;Turnover;na;Not a Pedestrian;Changing lane to the left;Slight Injury
17:10:00;Friday;Male;Junior high school;Employee;2-5yr;Automobile;Governmental;unknown;No defect;Residential areas;Two-way (divided with broken lines road marking);Tangent road with flat terrain;No junction;Asphalt roads;Dry;Darkness - lights lit;Normal;Vehicle with vehicle collision;2;1;Going straight;na;Not a Pedestrian;No priority to vehicle;Slight Injury
17:10:00;Friday;Male;Elementary school;Employee;2-5yr;Lorry (41?100Q);Owner;Above 10yr;No defect;Residential areas;unknown;Tangent road with flat terrain;No junction;Asphalt roads;Dry;Darkness - lights lit;Normal;Vehicle with vehicle collision;2;1;Going straight;Over 51;Not a Pedestrian;Changing lane to the right;Slight Injury