Time;Day_of_week;Sex_of_driver;Educational_level;Vehicle_driver_relation;Driving_experience;Type_of_vehicle;Owner_of_vehicle;Service_year_of_vehicle;Defect_of_vehicle;Area_accident_occured;Lanes_or_Medians;Road_allignment;Types_of_Junction;Road_surface_type;Road_surface_conditions;Light_conditions;Weather_conditions;Type_of_collision;Number_of_vehicles_involved;Number_of_casualties;Vehicle_movement;Age_band_of_casualty;Pedestrian_movement;Cause_of_accident;Accident_severity
10:45:00;Thursday;Male;Elementary school;Owner;5-10yr;Automobile;Owner;2-5yrs;No defect;Residential areas;Double carriageway (median);Tangent road with flat terrain;Y Shape;Asphalt roads;Dry;Daylight;Normal;Vehicle with vehicle collision;3;1;Other;na;Not a Pedestrian;Driving carelessly;Slight Injury
15:56:00;Friday;Male;Elementary school;Employee;Above 10yr;Public (> 45 seats);Owner;unknown;No defect;Office areas;Two-way (divided with broken lines road marking);Tangent road with mild grade and flat terrain;Y Shape;Asphalt roads;Dry;Daylight;Normal;Vehicle with vehicle collision;2;1;unknown;18-30;Not a Pedestrian;No distancing;Slight Injury
15:56:00;Friday;Male;Junior high school;Employee;1-2yr;Lorry (41?100Q);Owner;5-10yrs;No defect;Office areas;Two-way (divided with broken lines road marking);Tangent road with mild grade and flat terrain;Y Shape;Asphalt roads;Dry;Daylight;Normal;Vehicle with vehicle collision;2;1;Going straight;18-30;Not a Pedestrian;Changing lane to the right;Slight Injury
17:23:00;Thursday;Male;unknown;unknown;unknown;Public (> 45 seats);Owner;2-5yrs;unknown;Residential areas;Two-way (divided with broken lines road marking);Tangent road with flat terrain;Y Shape;Asphalt roads;Dry;Daylight;Normal;Vehicle with vehicle collision;2;3;Turnover;na;Not a Pedestrian;Overtaking;Slight Injury
17:23:00;Thursday;Male;High school;Owner;5-10yr;Lorry (41?100Q);Owner;5-10yrs;unknown; Church areas;other;Tangent road with flat terrain;Y Shape;Asphalt roads;Dry;Daylight;Normal;Rollover;2;3;Going straight;Over 51;Not a Pedestrian;Driving carelessly;Slight Injury
17:23:00;Thursday;Male;Elementary school;Employee;2-5yr;Lorry (41?100Q);Owner;unknown;unknown;Other;Two-way (divided with broken lines road marking);Tangent road with flat terrain;Y Shape;Asphalt roads;Dry;Daylight;Normal;Collision with roadside objects;2;3;Moving Backward;18-30;Not a Pedestrian;Moving Backward;Slight Injury
14:09:00;Thursday;Male;unknown;unknown;unknown;Lorry (41?100Q);Owner;unknown;unknown;Office areas;Two-way (divided with broken lines road marking);Tangent road with flat terrain;X Shape;Asphalt roads;Dry;Daylight;Normal;Vehicle with vehicle collision;2;1;Moving Backward;Over 51;Unknown or other;No distancing;Slight Injury
14:09:00;Thursday;Male;unknown;unknown;unknown;Public (12 seats);Owner;unknown;unknown;Other;Two-way (divided with broken lines road marking);Tangent road with flat terrain;X Shape;Asphalt roads;Dry;Daylight;Normal;Vehicle with vehicle collision;2;1;Going straight;na;Not a Pedestrian;Overtaking;Slight Injury
15:15:00;Thursday;Male;High school;Owner;1-2yr;Public (12 seats);Owner;unknown;unknown;Other;Two-way (divided with broken lines road marking);Tangent road with flat terrain;Crossing;Asphalt roads;Dry;Daylight;Normal;Collision with roadside objects;2;1;Other;31-50;Not a Pedestrian;Driving carelessly;Slight Injury
15:15:00;Thursday;Male;Junior high school;Employee;1-2yr;Stationwagen;Owner;unknown;unknown;unknown;unknown;Tangent road with flat terrain;Crossing;Asphalt roads;Dry;Daylight;Normal;Vehicle with vehicle collision;2;1;Going straight;na;Not a Pedestrian;Driving carelessly;Slight Injury
16:52:00;Sunday;Male;Junior high school;Employee;1-2yr;Lorry (41?100Q);Governmental;2-5yrs;unknown;Residential areas;Two-way (divided with broken lines road marking);unknown;Y Shape;Asphalt roads;Dry;Daylight;Normal;Vehicle with vehicle collision;2;1;Going straight;18-30;Not a Pedestrian;Moving Backward;Slight Injury
16:52:00;Sunday;Male;Junior high school;Employee;Above 10yr;Automobile;Owner;Below 1yr;unknown; Church areas;Undivided Two way;Tangent road with flat terrain;Y Shape;Asphalt roads;Dry;Daylight;Normal;Vehicle with vehicle collision;2;1;Going straight;na;Not a Pedestrian;Driving carelessly;Slight Injury
08:46:00;Friday;Male;Junior high school;Employee;1-2yr;Pick up upto 10Q;Owner;Above 10yr;No defect;Residential areas;unknown;Tangent road with flat terrain;Crossing;Asphalt roads;Dry;Daylight;Normal;Vehicle with vehicle collision;1;1;Going straight;31-50;Not a Pedestrian;Driving to the left;Slight Injury
08:55:00;Monday;Male;High school;Owner;Above 10yr;Automobile;Owner;5-10yrs;No defect;Office areas;Undivided Two way;Tangent road with flat terrain;No junction;Asphalt roads;Wet or damp;Daylight;Normal;Vehicle with vehicle collision;2;1;Going straight;18-30;Not a Pedestrian;Changing lane to the left;Slight Injury
08:55:00;Monday;Male;Junior high school;Employee;Above 10yr;Public (13?45 seats);Owner;unknown;No defect;  Recreational areas;other;unknown;No junction;Asphalt roads;Wet or damp;Daylight;Normal;Vehicle with vehicle collision;2;1;Going straight;18-30;Not a Pedestrian;No distancing;Slight Injury
17:18:00;Sunday;Female;Junior high school;Employee;1-2yr;Public (> 45 seats);Governmental;unknown;No defect;Office areas;other;Tangent road with mild grade and flat terrain;No junction;unknown;Dry;Daylight;Normal;Collision with pedestrians;2;3;Going straight;31-50;Not a Pedestrian;No distancing;Slight Injury
17:18:00;Sunday;Male;Junior high school;Employee;1-2yr;Stationwagen;Owner;5-10yrs;No defect; Industrial areas;other;Tangent road with flat terrain;No junction;Asphalt roads;Dry;Daylight;Normal;Vehicle with vehicle collision;2;3;Going straight;18-30;Not a Pedestrian;Changing lane to the right;Slight Injury
17:18:00;Sunday;Male;High school;Employee;2-5yr;unknown;unknown;unknown;unknown;unknown;unknown;unknown;No junction;Asphalt roads;Dry;Daylight;Normal;Collision with roadside objects;2;3;Other;na;Not a Pedestrian;Driving under the influence of drugs;Slight Injury
17:54:00;Friday;Male;Junior high school;Employee;2-5yr;Lorry (41?100Q);Owner;unknown;No defect;Residential areas;Undivided Two way;Tangent road with flat terrain;No junction;Asphalt roads;Dry;Daylight;Normal;Vehicle with vehicle collision;1;1;Going straight;18-30;Not a Pedestrian;Changing lane to the right;Slight Injury
22:35:00;Thursday;Male;Junior high school;Employee;1-2yr;Stationwagen;Governmental;Above 10yr;No defect;Residential areas;other;Tangent road with flat terrain;No junction;Asphalt roads;Dry;Darkness - lights lit;Normal;Vehicle with vehicle collision;1;1;Overtaking;Under 18;Crossing from offside - masked by  parked or statioNot a Pedestrianry vehicle;Changing lane to the left;Fatal injury
00:10:00;Sunday;Male;Elementary school;Employee;5-10yr;Lorry (41?100Q);Owner;1-2yr;No defect; Industrial areas;other;Tangent road with flat terrain;No junction;Asphalt roads;Dry;Darkness - lights lit;Normal;Vehicle with vehicle collision;2;3;Going straight;Over 51;Crossing from nearside - masked by parked or statioNot a Pedestrianry vehicle;Moving Backward;Slight Injury
00:10:00;Sunday;Male;Junior high school;Employee;5-10yr;Public (12 seats);Owner;2-5yrs;No defect;Residential areas;Undivided Two way;Tangent road with flat terrain;No junction;Asphalt roads;Dry;Darkness - lights lit;Normal;Vehicle with vehicle collision;2;3;Going straight;na;Not a Pedestrian;No distancing;Slight Injury
00:10:00;Sunday;Male;Junior high school;Employee;1-2yr;Lorry (41?100Q);Owner;Unknown;No defect;Residential areas;other;Tangent road with flat terrain;No junction;Asphalt roads;Dry;Darkness - lights lit;Normal;Vehicle with vehicle collision;2;3;Going straight;Under 18;Not a Pedestrian;Changing lane to the right;Slight Injury
21:45:00;Tuesday;Male;Elementary school;Other;5-10yr;Other;Owner;unknown;No defect;Office areas;Undivided Two way;Tangent road with flat terrain;Crossing;Asphalt roads;Dry;Darkness - lights lit;Normal;Vehicle with vehicle collision;3;5;U-Turn;na;Not a Pedestrian;Moving Backward;Slight Injury
21:45:00;Tuesday;Male;Junior high school;Employee;2-5yr;Stationwagen;Owner;2-5yrs;No defect;Office areas;Double carriageway (median);Escarpments;Crossing;Asphalt roads;Dry;Darkness - lights lit;Normal;Vehicle with vehicle collision;3;5;Going straight;18-30;Not a Pedestrian;No distancing;Slight Injury
21:45:00;Tuesday;Male;Elementary school;Employee;5-10yr;Automobile;Owner;Above 10yr;No defect;Office areas;other;Tangent road with flat terrain;Crossing;Asphalt roads;Dry;Darkness - lights lit;Normal;Vehicle with vehicle collision;3;5;Going straight;na;Not a Pedestrian;Driving to the left;Slight Injury
21:45:00;Tuesday;Male;Junior high school;Employee;Above 10yr;Public (> 45 seats);Owner;1-2yr;No defect;Office areas;Undivided Two way;Escarpments;Crossing;Asphalt roads;Dry;Darkness - lights lit;Normal;Vehicle with vehicle collision;3;5;Going straight;18-30;Not a Pedestrian;Driving to the left;Slight Injury
21:45:00;Tuesday;Male;Junior high school;Employee;Above 10yr;Other;Owner;unknown;No defect;Office areas;One way;Tangent road with flat terrain;Crossing;Asphalt roads;Dry;Darkness - lights lit;Normal;Collision with roadside objects;3;5;Going straight;na;Not a Pedestrian;Moving Backward;Slight Injury
12:31:00;Friday;Male;Elementary school;Owner;2-5yr;Lorry (41?100Q);Owner;unknown;No defect;Office areas;Undivided Two way;Tangent road with flat terrain;Crossing;Asphalt roads;Dry;Daylight;Normal;Vehicle with vehicle collision;1;1;Turnover;18-30;Not a Pedestrian;Moving Backward;Slight Injury
16:52:00;Wednesday;Male;Elementary school;Employee;5-10yr;Automobile;Owner;unknown;No defect;Office areas;other;Tangent road with flat terrain;No junction;Asphalt roads;Dry;Daylight;Normal;Collision with roadside objects;2;1;Going straight;31-50;Not a Pedestrian;Overtaking;Slight Injury
16:52:00;Wednesday;Male;Junior high school;Owner;1-2yr;Public (> 45 seats);Owner;Above 10yr;No defect;Residential areas;other;Tangent road with flat terrain;No junction;Asphalt roads;Dry;Daylight;Normal;Vehicle with vehicle collision;2;1;Going straight;na;Not a Pedestrian;Driving carelessly;Slight Injury
08:20:00;Friday;Male;Elementary school;Employee;Above 10yr;unknown;Owner;5-10yrs;No defect;Residential areas;One way;Tangent road with flat terrain;Y Shape;Asphalt roads;Dry;Daylight;Normal;Vehicle with vehicle collision;1;1;Moving Backward;31-50;Not a Pedestrian;Changing lane to the left;Slight Injury
02:00:00;Saturday;Male;Junior high school;Employee;5-10yr;Automobile;Owner;unknown;No defect;Other;One way;Tangent road with flat terrain;Y Shape;Asphalt roads;Dry;Darkness - lights lit;Normal;unknown;2;1;Going straight;na;Not a Pedestrian;Driving under the influence of drugs;Slight Injury
02:00:00;Saturday;Male;Junior high school;Employee;2-5yr;Pick up upto 10Q;Owner;5-10yrs;No defect; Church areas;Undivided Two way;Tangent road with flat terrain;Y Shape;Asphalt roads;Dry;Darkness - lights lit;Normal;Collision with pedestrians;2;1;Moving Backward;Under 18;Crossing from nearside - masked by parked or statioNot a Pedestrianry vehicle;No distancing;Slight Injury
16:15:00;Friday;Male;Elementary school;Employee;Above 10yr;Public (12 seats);Owner;unknown;No defect;  Recreational areas;other;Tangent road with flat terrain;Y Shape;Asphalt roads;Dry;Daylight;Normal;Vehicle with vehicle collision;2;1;Going straight;18-30;Walking along in carriageway, back to traffic;Moving Backward;Slight Injury
16:15:00;Friday;Male;Junior high school;Employee;2-5yr;Lorry (41?100Q);Owner;unknown;unknown; Industrial areas;Undivided Two way;Tangent road with flat terrain;Y Shape;Asphalt roads;Dry;Daylight;Normal;Vehicle with vehicle collision;2;1;Going straight;18-30;Not a Pedestrian;Changing lane to the left;Slight Injury
15:45:00;Monday;Male;Elementary school;Employee;Above 10yr;Lorry (41?100Q);unknown;unknown;unknown;Residential areas;other;unknown;Other;Asphalt roads;Dry;Daylight;Unknown;Vehicle with vehicle collision;1;1;Going straight;na;Not a Pedestrian;Changing lane to the right;Slight Injury
17:36:00;Monday;Male;Junior high school;Employee;Above 10yr;Lorry (41?100Q);Owner;Above 10yr;No defect;Residential areas;other;Tangent road with rolling terrain;Crossing;Asphalt roads;Dry;Daylight;Normal;Collision with pedestrians;3;1;Going straight;na;Not a Pedestrian;No distancing;Slight Injury
17:36:00;Monday;Male;Junior high school;Employee;2-5yr;Public (13?45 seats);Owner;2-5yrs;No defect;Office areas;Double carriageway (median);Tangent road with flat terrain;Crossing;Asphalt roads;Dry;Daylight;Normal;Collision with roadside objects;3;1;U-Turn;5;Not a Pedestrian;Driving at high speed;Slight Injury
17:36:00;Monday;Male;Junior high school;Employee;Above 10yr;Lorry (41?100Q);Owner;2-5yrs;No defect;  Market areas;Undivided Two way;Tangent road with flat terrain;Crossing;Asphalt roads;Dry;Daylight;Normal;unknown;3;1;Going straight;31-50;Not a Pedestrian;Changing lane to the right;Slight Injury
13:12:00;Saturday;Male;Junior high school;Employee;Above 10yr;Lorry (41?100Q);unknown;unknown;unknown;Unknown;other;Tangent road with flat terrain;No junction;Asphalt roads;Wet or damp;Daylight;Raining;Vehicle with vehicle collision;2;1;Going straight;18-30;Crossing from driver's nearside;No priority to vehicle;Slight Injury
13:12:00;Saturday;Male;Junior high school;Employee;Below 1yr;Motorcycle;Owner;unknown;No defect; Industrial areas;other;Tangent road with flat terrain;No junction;Asphalt roads;Wet or damp;Daylight;Raining;unknown;2;1;Going straight;31-50;Not a Pedestrian;No distancing;Slight Injury
12:20:00;Monday;Male;Junior high school;Owner;Above 10yr;Lorry (41?100Q);Owner;unknown;No defect;Residential areas;Two-way (divided with solid lines road marking);Tangent road with flat terrain;No junction;Asphalt roads;Dry;Daylight;Normal;unknown;1;1;Going straight;na;Not a Pedestrian;Turnover;Slight Injury
16:09:00;Friday;Male;High school;Other;Above 10yr;Ridden horse;Governmental;Below 1yr;No defect;Residential areas;Undivided Two way;Tangent road with flat terrain;Y Shape;Asphalt roads;Dry;Daylight;Normal;unknown;2;1;Going straight;na;Not a Pedestrian;No distancing;Serious Injury
16:09:00;Friday;Male;Junior high school;Employee;5-10yr;Automobile;Owner;5-10yrs;No defect;Other;Undivided Two way;Tangent road with flat terrain;Y Shape;Gravel roads;Dry;Daylight;Normal;Vehicle with vehicle collision;2;1;Going straight;Over 51;Not a Pedestrian;Changing lane to the right;Serious Injury
20:29:00;Tuesday;Male;Elementary school;unknown;unknown;Lorry (41?100Q);Governmental;unknown;No defect;Residential areas;other;Tangent road with flat terrain;Y Shape;Asphalt roads;Dry;Daylight;Normal;Vehicle with vehicle collision;1;1;Stopping;Under 18;Crossing from offside - masked by  parked or statioNot a Pedestrianry vehicle;No distancing;Slight Injury
15:14:00;Tuesday;Male;Junior high school;Employee;5-10yr;Pick up upto 10Q;Owner;1-2yr;No defect;Rural village areas;Undivided Two way;Gentle horizontal curve;Y Shape;Asphalt roads;Dry;Daylight;Normal;Collision with roadside objects;3;1;Turnover;31-50;Not a Pedestrian;Changing lane to the left;Slight Injury
15:14:00;Tuesday;Male;Junior high school;Employee;5-10yr;Public (> 45 seats);Owner;2-5yrs;No defect;Rural village areas;Undivided Two way;Gentle horizontal curve;Y Shape;Asphalt roads;Dry;Daylight;Normal;Collision with roadside objects;3;1;Getting off;na;Not a Pedestrian;Driving carelessly;Slight Injury
15:14:00;Tuesday;Female;Junior high school;Owner;Below 1yr;Stationwagen;Owner;unknown;No defect;Office areas;Double carriageway (median);Tangent road with flat terrain;Y Shape;Asphalt roads;Dry;Daylight;Normal;Vehicle with vehicle collision;3;1;Moving Backward;18-30;Not a Pedestrian;Changing lane to the right;Slight Injury
15:42:00;Tuesday;Male;Junior high school;Employee;5-10yr;Automobile;Owner;2-5yrs;No defect;Residential areas;Undivided Two way;Gentle horizontal curve;No junction;Asphalt roads;Dry;Daylight;Normal;Vehicle with vehicle collision;2;1;Moving Backward;na;Not a Pedestrian;No priority to vehicle;Serious Injury
15:42:00;Tuesday;Male;Elementary school;Employee;2-5yr;Public (12 seats);Owner;unknown;unknown;Residential areas;other;Tangent road with flat terrain;No junction;Asphalt roads;Dry;Daylight;Normal;Vehicle with vehicle collision;2;1;Going straight;18-30;Crossing from driver's nearside;No distancing;Serious Injury
16:30:00;Monday;Male;Junior high school;Owner;2-5yr;Automobile;Owner;unknown;7; Outside rural areas;other;Tangent road with flat terrain;No junction;Asphalt roads;Dry;Daylight;Normal;Vehicle with vehicle collision;2;2;Turnover;18-30;Crossing from driver's nearside;No priority to pedestrian;Serious Injury
16:30:00;Monday;Male;Elementary school;Employee;2-5yr;Automobile;Owner;Above 10yr;unknown;Residential areas;other;Tangent road with flat terrain;No junction;Asphalt roads;Dry;Daylight;Normal;Vehicle with vehicle collision;2;2;Going straight;31-50;Not a Pedestrian;No priority to pedestrian;Serious Injury
11:31:00;Monday;Male;Junior high school;Owner;2-5yr;Automobile;Owner;5-10yrs;5; Church areas;other;Tangent road with flat terrain;Y Shape;Asphalt roads;Wet or damp;Daylight;Normal;Rollover;3;1;Going straight;na;Not a Pedestrian;No priority to vehicle;Slight Injury
11:31:00;Monday;Male;Junior high school;Employee;Above 10yr;Lorry (41?100Q);Owner;unknown;No defect;Office areas;Undivided Two way;Tangent road with flat terrain;Y Shape;Asphalt roads with some distress;Wet or damp;Daylight;Normal;Vehicle with vehicle collision;3;1;U-Turn;18-30;Crossing from nearside - masked by parked or statioNot a Pedestrianry vehicle;Changing lane to the left;Slight Injury
11:31:00;Monday;Male;Junior high school;Employee;2-5yr;Automobile;Owner;Unknown;No defect;Office areas;Two-way (divided with broken lines road marking);Tangent road with mountainous terrain and;Y Shape;Asphalt roads;Wet or damp;Daylight;Normal;Collision with roadside objects;3;1;Going straight;na;Not a Pedestrian;Changing lane to the left;Slight Injury
19:30:00;Thursday;Unknown;Junior high school;Employee;1-2yr;Automobile;Governmental;unknown;No defect;Office areas;Two-way (divided with broken lines road marking);Escarpments;No junction;Asphalt roads;Wet or damp;Daylight;Normal;Collision with pedestrians;2;3;Going straight;Under 18;Not a Pedestrian;No distancing;Slight Injury
19:30:00;Thursday;Male;Junior high school;Employee;2-5yr;Public (12 seats);Owner;2-5yrs;unknown;Other;Undivided Two way;Tangent road with mountainous terrain and;No junction;Asphalt roads;Wet or damp;Daylight;Normal;Vehicle with vehicle collision;2;3;U-Turn;na;Not a Pedestrian;No priority to vehicle;Slight Injury
19:30:00;Thursday;Male;Junior high school;Employee;1-2yr;Taxi;Owner;2-5yrs;unknown;Other;Undivided Two way;Tangent road with flat terrain;No junction;Asphalt roads;Wet or damp;Daylight;Normal;Vehicle with vehicle collision;2;3;Stopping;18-30;Not a Pedestrian;No distancing;Slight Injury
18:57:00;Friday;Male;Junior high school;Employee;5-10yr;Automobile;Owner;Unknown;No defect;Residential areas;Two-way (divided with broken lines road marking);Tangent road with flat terrain;No junction;Asphalt roads;Dry;Daylight;Normal;Vehicle with vehicle collision;2;2;Going straight;31-50;Unknown or other;No distancing;Serious Injury
18:57:00;Friday;Male;Junior high school;Employee;5-10yr;Public (12 seats);Owner;unknown;unknown;Other;Two-way (divided with broken lines road marking);Tangent road with flat terrain;No junction;Asphalt roads;Dry;Daylight;Normal;Vehicle with vehicle collision;2;2;Moving Backward;18-30;Not a Pedestrian;Changing lane to the right;Serious Injury
18:57:00;Friday;Male;Elementary school;Owner;2-5yr;Stationwagen;Owner;Below 1yr;unknown;Other;Undivided Two way;Tangent road with mild grade and flat terrain;No junction;Asphalt roads;Dry;Daylight;Normal;Vehicle with vehicle collision;2;2;Getting off;na;Not a Pedestrian;Changing lane to the left;Serious Injury
16:20:00;Friday;Male;Elementary school;Employee;Below 1yr;Stationwagen;Owner;5-10yrs;unknown;Other;Two-way (divided with broken lines road marking);Tangent road with flat terrain;No junction;Asphalt roads;Dry;Daylight;Normal;Vehicle with vehicle collision;1;1;Going straight;na;Not a Pedestrian;No distancing;Slight Injury
13:40:00;Saturday;Male;unknown;unknown;unknown;Automobile;Governmental;5-10yrs;No defect;Other;Undivided Two way;Tangent road with flat terrain;Crossing;Asphalt roads;Dry;Daylight;Normal;Vehicle with vehicle collision;2;1;Going straight;18-30;Not a Pedestrian;Overturning;Slight Injury
13:40:00;Saturday;Male;Junior high school;Employee;Above 10yr;Lorry (41?100Q);Owner;2-5yrs;No defect;Other;Double carriageway (median);Tangent road with mild grade and flat terrain;Crossing;Asphalt roads;Dry;Daylight;Normal;Collision with roadside objects;2;1;Turnover;na;Not a Pedestrian;No priority to vehicle;Slight Injury
20:03:00;Saturday;Male;High school;Employee;1-2yr;Automobile;Owner;unknown;No defect;Other;Two-way (divided with broken lines road marking);Tangent road with flat terrain;Other;Asphalt roads;Dry;Daylight;Normal;Rollover;2;1;Moving Backward;31-50;Not a Pedestrian;Moving Backward;Slight Injury
20:03:00;Saturday;Male;Junior high school;Owner;5-10yr;Public (12 seats);Owner;2-5yrs;unknown; Church areas;Two-way (divided with broken lines road marking);Tangent road with flat terrain;Other;Asphalt roads;Dry;Daylight;Normal;Vehicle with vehicle collision;2;1;Going straight;Over 51;Not a Pedestrian;Driving under the influence of drugs;Slight Injury
18:20:00;Monday;Male;Junior high school;Employee;1-2yr;Automobile;Owner;5-10yrs;unknown;Other;Undivided Two way;Tangent road with flat terrain;Y Shape;Asphalt roads;Dry;Daylight;Normal;Collision with pedestrians;2;2;Moving Backward;18-30;Not a Pedestrian;Moving Backward;Slight Injury
18:20:00;Monday;Male;Junior high school;Employee;Above 10yr;Automobile;Organization;2-5yrs;unknown; Industrial areas;Two-way (divided with broken lines road marking);Tangent road with flat terrain;Y Shape;Asphalt roads;Dry;Daylight;Normal;Vehicle with vehicle collision;2;2;Going straight;na;Not a Pedestrian;Changing lane to the right;Slight Injury
18:20:00;Monday;Male;Junior high school;Employee;Below 1yr;Lorry (41?100Q);Owner;unknown;No defect;Residential areas;Double carriageway (median);Tangent road with flat terrain;Y Shape;Asphalt roads;Dry;Daylight;Normal;Vehicle with vehicle collision;2;2;unknown;Under 18;Not a Pedestrian;Overspeed;Slight Injury
15:30:00;Monday;Male;Elementary school;Employee;2-5yr;Automobile;Governmental;Above 10yr;No defect;Other;Two-way (divided with broken lines road marking);Tangent road with flat terrain;Crossing;Asphalt roads;Wet or damp;Daylight;Raining;Collision with pedestrians;2;1;Going straight;18-30;Crossing from nearside - masked by parked or statioNot a Pedestrianry vehicle;Driving under the influence of drugs;Serious Injury
15:30:00;Monday;Male;Junior high school;Employee;5-10yr;Motorcycle;Owner;unknown;No defect;Office areas;Two-way (divided with broken lines road marking);Tangent road with flat terrain;Crossing;Asphalt roads;Wet or damp;Daylight;Raining;Collision with pedestrians;2;1;unknown;18-30;Not a Pedestrian;Driving carelessly;Serious Injury
12:00:00;Sunday;Male;Elementary school;Employee;5-10yr;unknown;Owner;unknown;No defect; Industrial areas;Unknown;Tangent road with flat terrain;No junction;Asphalt roads;Dry;Daylight;Normal;Vehicle with vehicle collision;3;4;Going straight;na;Not a Pedestrian;No distancing;Slight Injury
12:00:00;Sunday;Male;Junior high school;Owner;1-2yr;Automobile;Owner;1-2yr;No defect; Industrial areas;Double carriageway (median);Tangent road with flat terrain;No junction;Asphalt roads;Dry;Daylight;Normal;Vehicle with vehicle collision;3;4;unknown;Under 18;Unknown or other;No priority to vehicle;Slight Injury
12:00:00;Sunday;Male;Junior high school;Employee;5-10yr;Automobile;Owner;unknown;No defect;Other;Two-way (divided with broken lines road marking);Tangent road with flat terrain;No junction;Asphalt roads;Dry;Daylight;Normal;Vehicle with vehicle collision;3;4;Going straight;Under 18;Not a Pedestrian;Overspeed;Slight Injury
12:00:00;Sunday;Male;Unknown;Other;unknown;Automobile;Organization;Above 10yr;unknown; Hospital areas;Two-way (divided with broken lines road marking);Tangent road with flat terrain;No junction;Asphalt roads;Dry;Daylight;Normal;Vehicle with vehicle collision;3;4;Going straight;18-30;Not a Pedestrian;Driving under the influence of drugs;Slight Injury
16:04:00;Sunday;Male;High school;Employee;2-5yr;Public (> 45 seats);Owner;Unknown;unknown;Office areas;One way;Tangent road with flat terrain;No junction;Asphalt roads;Dry;Daylight;Normal;Vehicle with vehicle collision;2;1;Going straight;na;Not a Pedestrian;Changing lane to the right;Slight Injury
16:04:00;Sunday;Male;Junior high school;Employee;1-2yr;unknown;Owner;2-5yrs;No defect; Church areas;Undivided Two way;Tangent road with flat terrain;No junction;Asphalt roads;Dry;Daylight;Normal;Collision with roadside objects;2;1;Going straight;31-50;Not a Pedestrian;Changing lane to the right;Slight Injury
16:14:00;Friday;Male;Junior high school;Employee;5-10yr;Automobile;Organization;5-10yrs;No defect; Hospital areas;Undivided Two way;Tangent road with mountainous terrain and;Other;Asphalt roads;Dry;Daylight;Normal;Vehicle with vehicle collision;2;1;Going straight;na;Not a Pedestrian;Changing lane to the right;Slight Injury
16:14:00;Friday;Male;Junior high school;Employee;2-5yr;Automobile;Owner;Above 10yr;No defect;Office areas;other;Tangent road with flat terrain;Other;Asphalt roads;Dry;Daylight;Normal;Vehicle with vehicle collision;2;1;Other;18-30;Not a Pedestrian;Changing lane to the right;Slight Injury
12:22:00;Saturday;Male;Junior high school;Employee;No Licence;Other;Owner;2-5yrs;No defect;Other;Two-way (divided with broken lines road marking);Escarpments;No junction;Asphalt roads;Dry;Daylight;Normal;Vehicle with vehicle collision;2;1;Other;18-30;Crossing from offside - masked by  parked or statioNot a Pedestrianry vehicle;Moving Backward;Slight Injury
12:22:00;Saturday;Male;Junior high school;Employee;Above 10yr;Stationwagen;Owner;1-2yr;unknown;Office areas;Undivided Two way;Tangent road with flat terrain;No junction;Asphalt roads;Dry;Daylight;Normal;Vehicle with vehicle collision;2;1;Going straight;Over 51;Crossing from nearside - masked by parked or statioNot a Pedestrianry vehicle;No distancing;Slight Injury
21:01:00;Saturday;Male;Junior high school;Employee;Above 10yr;Lorry (41?100Q);Owner;2-5yrs;unknown;Office areas;Two-way (divided with broken lines road marking);Tangent road with mountainous terrain and;Y Shape;Asphalt roads;Dry;Daylight;Normal;Vehicle with vehicle collision;3;1;Going straight;18-30;Not a Pedestrian;Overspeed;Serious Injury
21:01:00;Saturday;Male;Junior high school;Employee;5-10yr;Taxi;Owner;unknown;No defect;Other;Double carriageway (median);Steep grade downward with mountainous terrain;Y Shape;Asphalt roads;Dry;Daylight;Normal;Vehicle with vehicle collision;3;1;Getting off;na;Not a Pedestrian;No distancing;Serious Injury
21:01:00;Saturday;Male;High school;Employee;2-5yr;Other;Owner;1-2yr;No defect;Office areas;Undivided Two way;Tangent road with mild grade and flat terrain;Y Shape;Asphalt roads;Dry;Daylight;Normal;Vehicle with vehicle collision;3;1;Going straight;na;Not a Pedestrian;Driving carelessly;Serious Injury
07:43:00;Friday;Male;High school;Owner;2-5yr;Public (12 seats);Owner;unknown;No defect;Residential areas;Undivided Two way;Tangent road with flat terrain;Y Shape;Asphalt roads;Dry;Daylight;Normal;Vehicle with vehicle collision;2;2;Going straight;18-30;Not a Pedestrian;No distancing;Slight Injury
07:43:00;Friday;Male;Junior high school;Employee;Below 1yr;Automobile;Owner;Unknown;unknown;Other;Two-way (divided with broken lines road marking);Tangent road with flat terrain;Y Shape;Asphalt roads;Dry;Daylight;Normal;Vehicle with vehicle collision;2;2;Going straight;18-30;Not a Pedestrian;No distancing;Slight Injury
21:55:00;Monday;Male;Junior high school;Owner;Above 10yr;Automobile;Owner;2-5yrs;unknown;Office areas;Double carriageway (median);Tangent road with flat terrain;No junction;Asphalt roads;Dry;Darkness - lights lit;Normal;Vehicle with vehicle collision;2;1;Going straight;na;Not a Pedestrian;No distancing;Slight Injury
21:55:00;Monday;Male;Junior high school;Employee;Above 10yr;Public (13?45 seats);Owner;5-10yrs;unknown;Office areas;Undivided Two way;Tangent road with mountainous terrain and;No junction;Asphalt roads;Dry;Darkness - lights lit;Normal;Vehicle with vehicle collision;2;1;Going straight;18-30;Not a Pedestrian;Changing lane to the right;Slight Injury
22:33:00;Thursday;Male;Elementary school;Employee;2-5yr;Lorry (41?100Q);unknown;unknown;unknown;Office areas;other;Tangent road with flat terrain;Y Shape;Asphalt roads;Dry;Darkness - lights lit;Normal;Vehicle with vehicle collision;2;1;Getting off;Over 51;Not a Pedestrian;No distancing;Slight Injury