Time;Day_of_week;Sex_of_driver;Educational_level;Vehicle_driver_relation;Driving_experience;Type_of_vehicle;Owner_of_vehicle;Service_year_of_vehicle;Defect_of_vehicle;Area_accident_occured;Lanes_or_Medians;Road_allignment;Types_of_Junction;Road_surface_type;Road_surface_conditions;Light_conditions;Weather_conditions;Type_of_collision;Number_of_vehicles_involved;Number_of_casualties;Vehicle_movement;Age_band_of_casualty;Pedestrian_movement;Cause_of_accident;Accident_severity
22:33:00;Thursday;Male;Junior high school;Employee;2-5yr;Lorry (41?100Q);Owner;5-10yrs;No defect;Other;Two-way (divided with broken lines road marking);Tangent road with mild grade and flat terrain;Y Shape;Asphalt roads;Dry;Darkness - lights lit;Normal;Vehicle with vehicle collision;2;1;Going straight;18-30;Crossing from nearside - masked by parked or statioNot a Pedestrianry vehicle;No priority to vehicle;Slight Injury
17:29:00;Tuesday;Male;Unknown;Employee;Above 10yr;Lorry (11?40Q);Owner;unknown;No defect; Church areas;Undivided Two way;Tangent road with flat terrain;Y Shape;Asphalt roads;Dry;Daylight;Normal;Vehicle with vehicle collision;2;1;Going straight;18-30;Not a Pedestrian;Changing lane to the left;Slight Injury
17:29:00;Tuesday;Male;Elementary school;Employee;5-10yr;Motorcycle;Owner;Unknown;No defect; Industrial areas;Undivided Two way;Tangent road with flat terrain;Y Shape;Asphalt roads;Dry;Daylight;Normal;Vehicle with vehicle collision;2;1;Other;na;Not a Pedestrian;Moving Backward;Slight Injury
14:23:00;Friday;Male;Junior high school;Employee;Below 1yr;Lorry (41?100Q);Owner;1-2yr;No defect;Office areas;Double carriageway (median);Tangent road with flat terrain;Y Shape;Asphalt roads;Dry;Daylight;Normal;Collision with roadside objects;2;2;Going straight;18-30;Not a Pedestrian;Driving carelessly;Slight Injury
14:23:00;Friday;Male;Elementary school;Employee;Below 1yr;Stationwagen;Owner;Unknown;No defect; Church areas;Undivided Two way;Tangent road with flat terrain;Y Shape;Asphalt roads;Dry;Daylight;Normal;Vehicle with vehicle collision;2;2;Going straight;na;Not a Pedestrian;Changing lane to the left;Slight Injury
14:23:00;Friday;Male;Junior high school;Employee;Below 1yr;Automobile;Owner;unknown;unknown;Office areas;Undivided Two way;Tangent road with flat terrain;Y Shape;Asphalt roads;Dry;Daylight;Normal;Vehicle with vehicle collision;2;2;Going straight;18-30;Crossing from nearside - masked by parked or statioNot a Pedestrianry vehicle;No priority to pedestrian;Slight Injury
18:00:00;Saturday;Male;Junior high school;Employee;5-10yr;Other;Owner;unknown;No defect;Office areas;other;Tangent road with flat terrain;Y Shape;Asphalt roads;Dry;Daylight;Normal;Vehicle with vehicle collision;2;2;Going straight;na;Not a Pedestrian;No distancing;Slight Injury
18:00:00;Saturday;Male;Junior high school;Owner;5-10yr;Other;Owner;unknown;unknown;Residential areas;Two-way (divided with broken lines road marking);Tangent road with flat terrain;Y Shape;Asphalt roads;Dry;Daylight;Normal;Vehicle with vehicle collision;2;2;Going straight;5;Not a Pedestrian;No distancing;Slight Injury
13:40:00;Sunday;Male;High school;Owner;5-10yr;Taxi;Owner;5-10yrs;unknown;Office areas;Two-way (divided with broken lines road marking);Tangent road with flat terrain;Y Shape;Asphalt roads;Dry;Daylight;Normal;Collision with pedestrians;1;1;Reversing;na;Not a Pedestrian;Overturning;Slight Injury
13:21:00;Saturday;Male;Junior high school;Employee;5-10yr;Automobile;Owner;5-10yrs;unknown;Residential areas;Undivided Two way;Tangent road with flat terrain;Other;Asphalt roads;Wet or damp;Daylight;Raining;Vehicle with vehicle collision;2;1;Other;18-30;Not a Pedestrian;No distancing;Slight Injury
13:21:00;Saturday;Male;Junior high school;Employee;2-5yr;Long lorry;Owner;2-5yrs;unknown;Office areas;Double carriageway (median);Tangent road with flat terrain;Other;Asphalt roads;Wet or damp;Daylight;Raining;Vehicle with vehicle collision;2;1;Going straight;31-50;Unknown or other;Drunk driving;Slight Injury
15:55:00;Wednesday;Male;Elementary school;Employee;5-10yr;Long lorry;Owner;2-5yrs;No defect;Office areas;Double carriageway (median);Tangent road with flat terrain;No junction;Asphalt roads;Dry;Daylight;Normal;Vehicle with vehicle collision;2;1;Going straight;18-30;Not a Pedestrian;Moving Backward;Slight Injury
15:55:00;Wednesday;Male;Junior high school;Employee;2-5yr;Lorry (41?100Q);unknown;unknown;No defect;Other;Two-way (divided with broken lines road marking);Tangent road with flat terrain;No junction;Asphalt roads;Dry;Daylight;Normal;Vehicle with vehicle collision;2;1;Going straight;na;Not a Pedestrian;No priority to pedestrian;Slight Injury
13:28:00;Saturday;Male;Junior high school;Employee;Below 1yr;Lorry (41?100Q);Owner;Unknown;No defect;Other;Two-way (divided with broken lines road marking);Tangent road with flat terrain;Y Shape;Asphalt roads;Dry;Daylight;Normal;Vehicle with vehicle collision;2;1;Going straight;na;Not a Pedestrian;Changing lane to the left;Slight Injury
13:28:00;Saturday;Male;Elementary school;Employee;2-5yr;Lorry (11?40Q);Owner;Above 10yr;No defect;Residential areas;Two-way (divided with broken lines road marking);Tangent road with flat terrain;Y Shape;Asphalt roads;Dry;Daylight;Normal;Vehicle with vehicle collision;2;1;Going straight;31-50;Not a Pedestrian;Changing lane to the left;Slight Injury
19:00:00;Monday;Female;Junior high school;Employee;2-5yr;Automobile;Owner;Unknown;unknown; Church areas;Two-way (divided with broken lines road marking);Tangent road with flat terrain;No junction;Asphalt roads;Dry;Daylight;Normal;Vehicle with vehicle collision;2;1;Going straight;Over 51;Not a Pedestrian;Getting off the vehicle improperly;Slight Injury
19:00:00;Monday;Male;Junior high school;Employee;2-5yr;Taxi;Governmental;Unknown;No defect; Church areas;Double carriageway (median);Tangent road with flat terrain;No junction;Asphalt roads;Dry;Daylight;Normal;Vehicle with vehicle collision;2;1;Going straight;18-30;Unknown or other;No distancing;Slight Injury
16:55:00;Sunday;Male;Junior high school;Employee;5-10yr;Other;Owner;2-5yrs;No defect;Residential areas;Double carriageway (median);Tangent road with flat terrain;No junction;Asphalt roads;Dry;Daylight;Normal;Collision with pedestrians;2;1;Going straight;18-30;Crossing from nearside - masked by parked or statioNot a Pedestrianry vehicle;Changing lane to the right;Slight Injury
16:55:00;Sunday;Male;Junior high school;Employee;5-10yr;Automobile;Owner;unknown;No defect;Office areas;Two-way (divided with broken lines road marking);Tangent road with mild grade and flat terrain;No junction;Asphalt roads;Dry;Daylight;Normal;Vehicle with vehicle collision;2;1;Going straight;18-30;Not a Pedestrian;Changing lane to the right;Slight Injury
08:45:00;Friday;Male;Junior high school;Employee;unknown;Automobile;Owner;5-10yrs;No defect;Office areas;Two-way (divided with broken lines road marking);Tangent road with mild grade and flat terrain;No junction;Asphalt roads;Dry;Daylight;Unknown;Vehicle with vehicle collision;1;1;Moving Backward;na;Not a Pedestrian;Moving Backward;Slight Injury
14:10:00;Monday;Male;Junior high school;Owner;5-10yr;Automobile;Owner;2-5yrs;unknown;Residential areas;Two-way (divided with broken lines road marking);Tangent road with flat terrain;Y Shape;Asphalt roads;Dry;Daylight;Normal;Vehicle with vehicle collision;2;1;Moving Backward;18-30;Not a Pedestrian;Driving at high speed;Serious Injury
14:10:00;Monday;Male;Junior high school;Employee;2-5yr;Automobile;Owner;5-10yrs;unknown; Church areas;other;Tangent road with flat terrain;Y Shape;Asphalt roads;Dry;Daylight;Normal;Vehicle with vehicle collision;2;1;Turnover;na;Not a Pedestrian;Changing lane to the left;Serious Injury
19:26:00;Monday;Male;Junior high school;Employee;Below 1yr;Public (> 45 seats);Owner;unknown;unknown;Other;Two-way (divided with broken lines road marking);Tangent road with flat terrain;Other;Asphalt roads;Wet or damp;Daylight;Normal;Collision with roadside objects;2;1;Other;18-30;Not a Pedestrian;Changing lane to the right;Slight Injury
19:26:00;Monday;Male;Junior high school;Employee;1-2yr;Lorry (11?40Q);Owner;unknown;unknown;Office areas;Two-way (divided with broken lines road marking);Tangent road with flat terrain;Other;Asphalt roads;Wet or damp;Daylight;Normal;Vehicle with vehicle collision;2;1;Other;na;Not a Pedestrian;No distancing;Slight Injury
13:54:00;Monday;Male;Junior high school;Employee;Below 1yr;Lorry (41?100Q);Owner;unknown;unknown;Other;Two-way (divided with broken lines road marking);Tangent road with flat terrain;Crossing;Asphalt roads;Dry;Daylight;Normal;Vehicle with vehicle collision;2;1;Going straight;Over 51;Walking along in carriageway, facing traffic;Changing lane to the right;Slight Injury
13:54:00;Monday;Male;Junior high school;Employee;Above 10yr;Lorry (41?100Q);Owner;unknown;unknown;Other;Two-way (divided with broken lines road marking);Tangent road with flat terrain;Crossing;Asphalt roads;Dry;Daylight;Normal;Vehicle with vehicle collision;2;1;Going straight;18-30;Unknown or other;Changing lane to the right;Slight Injury
11:14:00;Sunday;Male;Junior high school;Employee;Below 1yr;Stationwagen;Owner;unknown;unknown;unknown;unknown;Tangent road with flat terrain;Y Shape;Asphalt roads;Dry;Daylight;Normal;Vehicle with vehicle collision;2;1;Other;na;Not a Pedestrian;No distancing;Slight Injury
11:14:00;Sunday;Male;Junior high school;Employee;2-5yr;Other;Governmental;2-5yrs;unknown;Residential areas;Two-way (divided with broken lines road marking);unknown;Y Shape;Asphalt roads;Dry;Daylight;Normal;Vehicle with vehicle collision;2;1;Other;18-30;Not a Pedestrian;Changing lane to the right;Slight Injury
17:30:00;Saturday;Male;Junior high school;Employee;1-2yr;Automobile;Owner;Below 1yr;unknown; Church areas;Undivided Two way;Tangent road with flat terrain;No junction;Asphalt roads;Dry;Daylight;Normal;Vehicle with vehicle collision;1;1;Going straight;Under 18;Not a Pedestrian;Driving carelessly;Slight Injury
15:10:00;Thursday;Male;Elementary school;Employee;5-10yr;Pick up upto 10Q;unknown;unknown;unknown;Other;Undivided Two way;Tangent road with flat terrain;No junction;Asphalt roads with some distress;Dry;Daylight;Normal;Vehicle with vehicle collision;3;2;Reversing;na;Not a Pedestrian;Driving carelessly;Slight Injury
15:10:00;Thursday;Male;Junior high school;Owner;Below 1yr;Motorcycle;Owner;Unknown;unknown;Other;One way;Tangent road with flat terrain;No junction;Asphalt roads;Dry;Daylight;Normal;Collision with roadside objects;3;2;Other;31-50;Not a Pedestrian;Changing lane to the right;Slight Injury
15:10:00;Thursday;Male;Junior high school;Employee;Below 1yr;Automobile;Owner;Unknown;No defect;Residential areas;Two-way (divided with broken lines road marking);Tangent road with flat terrain;No junction;Asphalt roads;Dry;Daylight;Normal;Vehicle with vehicle collision;3;2;Turnover;31-50;Unknown or other;Overturning;Slight Injury
18:23:00;Wednesday;Male;Writing & reading;Employee;Below 1yr;Pick up upto 10Q;Owner;Unknown;unknown;Office areas;One way;Tangent road with flat terrain;Y Shape;Asphalt roads;Dry;Daylight;Normal;Vehicle with vehicle collision;3;1;Going straight;18-30;Not a Pedestrian;Changing lane to the right;Slight Injury
18:23:00;Wednesday;Male;Junior high school;Employee;1-2yr;Motorcycle;Owner;Unknown;No defect; Industrial areas;Two-way (divided with broken lines road marking);Tangent road with flat terrain;Y Shape;Asphalt roads;Dry;Daylight;Normal;Vehicle with vehicle collision;3;1;Going straight;18-30;Unknown or other;Moving Backward;Slight Injury
18:23:00;Wednesday;Male;Elementary school;Owner;5-10yr;Stationwagen;Governmental;unknown;No defect;Residential areas;Double carriageway (median);Tangent road with flat terrain;Y Shape;Gravel roads;Dry;Daylight;Normal;Vehicle with vehicle collision;3;1;Going straight;Under 18;Unknown or other;No distancing;Slight Injury
18:15:00;Wednesday;Male;Junior high school;Employee;2-5yr;Lorry (41?100Q);Owner;unknown;No defect;Office areas;Unknown;Tangent road with flat terrain;Crossing;Asphalt roads;Dry;Daylight;Normal;Rollover;2;1;Going straight;18-30;Not a Pedestrian;Overturning;Slight Injury
18:15:00;Wednesday;Male;Junior high school;Owner;Below 1yr;Taxi;Owner;2-5yrs;unknown;Other;unknown;Tangent road with flat terrain;Crossing;Asphalt roads;Dry;Daylight;Normal;Vehicle with vehicle collision;2;1;Going straight;na;Not a Pedestrian;Driving carelessly;Slight Injury
08:00:00;Friday;Male;Writing & reading;Employee;5-10yr;Automobile;Owner;Unknown;unknown; Church areas;other;Tangent road with flat terrain;Y Shape;Asphalt roads;Dry;Daylight;Normal;Vehicle with vehicle collision;2;1;Going straight;31-50;Not a Pedestrian;Changing lane to the right;Slight Injury
08:00:00;Friday;Male;Writing & reading;Employee;5-10yr;Long lorry;Owner;Above 10yr;unknown; Industrial areas;unknown;Tangent road with flat terrain;Y Shape;Asphalt roads;Dry;Daylight;Normal;Collision with roadside objects;2;1;Going straight;na;Not a Pedestrian;Driving at high speed;Slight Injury
13:04:00;Monday;Male;Junior high school;Employee;5-10yr;Automobile;Owner;Unknown;No defect;  Recreational areas;One way;Tangent road with flat terrain;Other;Asphalt roads;Dry;Daylight;Normal;Vehicle with vehicle collision;1;1;Going straight;18-30;Not a Pedestrian;Changing lane to the left;Slight Injury
16:42:00;Wednesday;Male;Junior high school;Employee;2-5yr;Public (12 seats);Owner;Unknown;No defect;  Market areas;Undivided Two way;Tangent road with flat terrain;Other;Asphalt roads;Dry;Daylight;Normal;Vehicle with vehicle collision;2;1;Going straight;18-30;Crossing from offside - masked by  parked or statioNot a Pedestrianry vehicle;Driving carelessly;Slight Injury
16:42:00;Wednesday;Male;Junior high school;Employee;Above 10yr;Lorry (11?40Q);Owner;Unknown;No defect;Other;Two-way (divided with broken lines road marking);Tangent road with flat terrain;Other;Asphalt roads;Dry;Daylight;Normal;Vehicle with vehicle collision;2;1;Other;na;Not a Pedestrian;No distancing;Slight Injury
11:59:00;Thursday;Male;Junior high school;Employee;5-10yr;Pick up upto 10Q;Owner;Unknown;unknown;Other;Two-way (divided with broken lines road marking);Tangent road with flat terrain;No junction;Asphalt roads;Dry;Daylight;Normal;Collision with roadside objects;2;1;Going straight;18-30;Not a Pedestrian;Moving Backward;Slight Injury
11:59:00;Thursday;Male;Junior high school;Employee;Above 10yr;Lorry (41?100Q);Owner;Unknown;No defect; Industrial areas;Two-way (divided with broken lines road marking);unknown;No junction;Asphalt roads;Dry;Daylight;Normal;Collision with roadside objects;2;1;Going straight;31-50;Unknown or other;No priority to pedestrian;Slight Injury
11:31:00;Wednesday;Male;Junior high school;Employee;2-5yr;Other;Governmental;2-5yrs;unknown;Other;Two-way (divided with broken lines road marking);Tangent road with flat terrain;Crossing;Asphalt roads;Dry;Daylight;Normal;Vehicle with vehicle collision;2;1;Moving Backward;31-50;Not a Pedestrian;Moving Backward;Slight Injury
11:31:00;Wednesday;Male;Junior high school;Employee;Below 1yr;Automobile;Governmental;unknown;unknown;Office areas;other;Tangent road with flat terrain;Crossing;Asphalt roads;Dry;Daylight;Normal;Vehicle with vehicle collision;2;1;Going straight;na;Not a Pedestrian;Changing lane to the right;Slight Injury
17:34:00;Friday;Male;Junior high school;Employee;Below 1yr;Long lorry;Owner;Unknown;unknown;unknown;other;Tangent road with flat terrain;No junction;Asphalt roads;Wet or damp;Daylight;Normal;Collision with roadside objects;2;1;Moving Backward;18-30;Not a Pedestrian;No distancing;Slight Injury
17:34:00;Friday;Male;Junior high school;Owner;5-10yr;Lorry (11?40Q);Owner;unknown;unknown;Office areas;Two-way (divided with broken lines road marking);Tangent road with flat terrain;No junction;Asphalt roads;Wet or damp;Daylight;Normal;Collision with roadside objects;2;1;Other;Under 18;Not a Pedestrian;Drunk driving;Slight Injury
06:50:00;Monday;Male;Junior high school;Employee;2-5yr;Long lorry;Owner;unknown;unknown;Office areas;Undivided Two way;Tangent road with flat terrain;Y Shape;Asphalt roads;Dry;Daylight;Normal;Vehicle with vehicle collision;2;3;Going straight;31-50;Crossing from driver's nearside;Changing lane to the right;Slight Injury
06:50:00;Monday;Male;Elementary school;Employee;Below 1yr;Automobile;Organization;Unknown;unknown;Other;other;Tangent road with flat terrain;Y Shape;Asphalt roads;Dry;Daylight;Normal;Collision with pedestrians;2;3;Reversing;Under 18;Crossing from nearside - masked by parked or statioNot a Pedestrianry vehicle;Driving carelessly;Slight Injury
06:50:00;Monday;Male;Junior high school;Employee;2-5yr;Taxi;Governmental;2-5yrs;unknown;Other;other;Tangent road with flat terrain;Y Shape;Asphalt roads;Dry;Daylight;Normal;Vehicle with vehicle collision;2;3;Going straight;Over 51;In carriageway, statioNot a Pedestrianry - not crossing  (standing or playing);Driving to the left;Slight Injury
11:35:00;Friday;Male;Junior high school;Employee;5-10yr;Taxi;Owner;Unknown;No defect;Other;Undivided Two way;Tangent road with flat terrain;No junction;Asphalt roads;Wet or damp;Daylight;Raining;Vehicle with vehicle collision;2;2;Other;na;Not a Pedestrian;Changing lane to the right;Serious Injury
11:35:00;Friday;Male;High school;Employee;Above 10yr;Long lorry;Owner;Above 10yr;unknown;Other;other;Tangent road with flat terrain;No junction;Asphalt roads;Wet or damp;Daylight;Raining;Vehicle with vehicle collision;2;2;Other;31-50;Not a Pedestrian;Changing lane to the right;Serious Injury
11:35:00;Friday;Male;High school;Employee;Above 10yr;Lorry (11?40Q);unknown;unknown;unknown;Residential areas;Undivided Two way;Tangent road with flat terrain;No junction;Asphalt roads;Wet or damp;Daylight;Raining;Vehicle with vehicle collision;2;2;Other;Under 18;Not a Pedestrian;Driving carelessly;Serious Injury
01:35:00;Sunday;Male;Junior high school;Employee;5-10yr;Lorry (11?40Q);Owner;2-5yrs;No defect; Church areas;Undivided Two way;Tangent road with flat terrain;No junction;Asphalt roads;Dry;Darkness - lights lit;Normal;Vehicle with vehicle collision;2;1;Stopping;18-30;Not a Pedestrian;Changing lane to the left;Slight Injury
01:35:00;Sunday;Male;Elementary school;Employee;1-2yr;Long lorry;Owner;2-5yrs;unknown;Office areas;Double carriageway (median);Tangent road with flat terrain;No junction;Earth roads;Dry;Darkness - lights lit;Normal;Collision with roadside objects;2;1;Other;na;Not a Pedestrian;No priority to vehicle;Slight Injury
15:00:00;Wednesday;Female;Elementary school;Employee;5-10yr;Turbo;Owner;2-5yrs;unknown; Church areas;other;Tangent road with flat terrain;No junction;Asphalt roads;Dry;Daylight;Normal;Collision with roadside objects;2;1;Other;18-30;Not a Pedestrian;Driving carelessly;Slight Injury
15:00:00;Wednesday;Unknown;Junior high school;Employee;5-10yr;Long lorry;Owner;2-5yrs;unknown;Other;Two-way (divided with broken lines road marking);Tangent road with flat terrain;No junction;Asphalt roads;Dry;Daylight;Normal;Vehicle with vehicle collision;2;1;Other;18-30;Unknown or other;Changing lane to the right;Slight Injury
13:42:00;Monday;Male;Junior high school;Employee;1-2yr;Long lorry;Owner;unknown;unknown;unknown;other;Tangent road with flat terrain;Y Shape;Asphalt roads;Dry;Daylight;Normal;Vehicle with vehicle collision;1;1;Going straight;18-30;Unknown or other;Driving carelessly;Slight Injury
14:50:00;Monday;Male;Junior high school;Owner;5-10yr;Public (13?45 seats);Owner;1-2yr;unknown;School areas;other;Steep grade downward with mountainous terrain;No junction;Asphalt roads;Dry;Daylight;Normal;Vehicle with vehicle collision;2;1;Going straight;31-50;Not a Pedestrian;Driving under the influence of drugs;Slight Injury
14:50:00;Monday;Male;High school;Owner;Above 10yr;Automobile;Owner;5-10yrs;unknown;Office areas;Two-way (divided with broken lines road marking);Tangent road with mild grade and flat terrain;No junction;Asphalt roads;Dry;Daylight;Normal;Vehicle with vehicle collision;2;1;Going straight;na;Not a Pedestrian;No distancing;Slight Injury
17:34:00;Monday;Male;unknown;Owner;Below 1yr;Automobile;Owner;Below 1yr;unknown;Other;other;Steep grade downward with mountainous terrain;No junction;Asphalt roads;Dry;Daylight;Normal;Vehicle with vehicle collision;2;2;Going straight;Under 18;Not a Pedestrian;Changing lane to the left;Slight Injury
17:34:00;Monday;Male;Writing & reading;Owner;5-10yr;Pick up upto 10Q;Owner;Unknown;unknown;Office areas;Undivided Two way;Tangent road with flat terrain;No junction;Asphalt roads;Dry;Daylight;Normal;Vehicle with vehicle collision;2;2;Going straight;Over 51;Not a Pedestrian;No priority to vehicle;Slight Injury
15:15:00;Tuesday;Male;Above high school;Employee;Above 10yr;unknown;Owner;unknown;unknown;Other;Undivided Two way;Tangent road with flat terrain;Y Shape;Asphalt roads;Dry;Daylight;Normal;Vehicle with vehicle collision;2;2;Going straight;na;Not a Pedestrian;Moving Backward;Slight Injury
15:15:00;Tuesday;Male;High school;Employee;Below 1yr;Stationwagen;Owner;2-5yrs;unknown;Other;Two-way (divided with broken lines road marking);Tangent road with flat terrain;Y Shape;Asphalt roads;Dry;Daylight;Normal;Vehicle with vehicle collision;2;2;Going straight;18-30;Not a Pedestrian;Moving Backward;Slight Injury
12:24:00;Saturday;Male;Junior high school;Employee;1-2yr;unknown;Owner;unknown;unknown;Office areas;Undivided Two way;Tangent road with flat terrain;Other;Asphalt roads with some distress;Dry;Daylight;Normal;Vehicle with vehicle collision;2;2;Going straight;na;Not a Pedestrian;No distancing;Slight Injury
12:24:00;Saturday;Male;Junior high school;Employee;Above 10yr;Automobile;Owner;unknown;No defect;Other;Double carriageway (median);Tangent road with flat terrain;Other;Asphalt roads;Dry;Daylight;Normal;Vehicle with vehicle collision;2;2;Going straight;18-30;Not a Pedestrian;Changing lane to the right;Slight Injury
12:24:00;Saturday;Male;Junior high school;Owner;Above 10yr;Automobile;Owner;unknown;unknown; Church areas;other;Tangent road with flat terrain;Other;Asphalt roads;Dry;Daylight;Normal;Other;2;2;Going straight;na;Not a Pedestrian;Changing lane to the right;Slight Injury
17:09:00;Saturday;Male;Junior high school;Employee;Above 10yr;Long lorry;Owner;unknown;No defect;Office areas;Two-way (divided with broken lines road marking);Tangent road with flat terrain;Y Shape;Asphalt roads;Wet or damp;Daylight;Raining;Vehicle with vehicle collision;2;2;Going straight;na;Not a Pedestrian;Moving Backward;Slight Injury
17:09:00;Saturday;Male;Junior high school;Employee;No Licence;Public (13?45 seats);Owner;Above 10yr;No defect;Office areas;Two-way (divided with broken lines road marking);Tangent road with flat terrain;Y Shape;Asphalt roads;Wet or damp;Daylight;Raining;Collision with roadside objects;2;2;Reversing;31-50;Not a Pedestrian;Driving carelessly;Slight Injury
17:09:00;Saturday;Male;Junior high school;Employee;1-2yr;Public (13?45 seats);Owner;2-5yrs;unknown;Other;Undivided Two way;Tangent road with mountainous terrain and;Y Shape;Asphalt roads;Wet or damp;Daylight;Raining;Vehicle with vehicle collision;2;2;Going straight;na;Not a Pedestrian;Driving under the influence of drugs;Slight Injury
07:30:00;Friday;Male;Illiterate;Owner;1-2yr;Lorry (11?40Q);Owner;2-5yrs;unknown;Residential areas;Undivided Two way;Tangent road with flat terrain;Other;Asphalt roads;Dry;Daylight;Normal;Vehicle with vehicle collision;2;1;Other;na;Not a Pedestrian;No distancing;Slight Injury
07:30:00;Friday;Male;Junior high school;Owner;Below 1yr;Lorry (11?40Q);Owner;Unknown;No defect;Residential areas;Undivided Two way;Tangent road with flat terrain;Other;Asphalt roads;Dry;Daylight;Normal;Vehicle with vehicle collision;2;1;unknown;31-50;Not a Pedestrian;No distancing;Slight Injury
13:22:00;Sunday;Male;Junior high school;Owner;1-2yr;Pick up upto 10Q;Owner;5-10yrs;7;unknown;Two-way (divided with broken lines road marking);Tangent road with flat terrain;Crossing;Asphalt roads;Wet or damp;Daylight;Raining;Vehicle with vehicle collision;2;3;Getting off;Over 51;Not a Pedestrian;No priority to vehicle;Slight Injury
13:22:00;Sunday;Male;Junior high school;Owner;2-5yr;Automobile;Owner;Unknown;7;Other;other;Tangent road with flat terrain;Crossing;Asphalt roads;Wet or damp;Daylight;Raining;Vehicle with vehicle collision;2;3;Going straight;na;Not a Pedestrian;Driving to the left;Slight Injury
13:22:00;Sunday;Male;Unknown;Owner;5-10yr;Automobile;Owner;Unknown;No defect;Office areas;unknown;Steep grade downward with mountainous terrain;Crossing;Asphalt roads;Wet or damp;Daylight;Raining;Vehicle with vehicle collision;2;3;Going straight;na;Not a Pedestrian;No priority to vehicle;Slight Injury
16:49:00;Tuesday;Male;Unknown;Owner;Above 10yr;Automobile;Governmental;Unknown;No defect;School areas;Double carriageway (median);Tangent road with flat terrain;No junction;Asphalt roads;Dry;Daylight;Normal;Collision with roadside objects;1;2;Going straight;na;Not a Pedestrian;No priority to vehicle;Serious Injury
16:49:00;Tuesday;Male;Junior high school;Owner;2-5yr;Long lorry;Owner;Unknown;No defect;Other;Two-way (divided with broken lines road marking);Steep grade downward with mountainous terrain;No junction;Asphalt roads;Dry;Daylight;Normal;Collision with roadside objects;1;2;Going straight;18-30;Not a Pedestrian;No priority to vehicle;Serious Injury
16:16:00;Tuesday;Male;Elementary school;Owner;Above 10yr;Long lorry;Owner;5-10yrs;No defect;Other;Two-way (divided with broken lines road marking);Tangent road with rolling terrain;No junction;Asphalt roads;Wet or damp;Daylight;Raining;Vehicle with vehicle collision;2;2;Turnover;na;Not a Pedestrian;No distancing;Slight Injury
16:16:00;Tuesday;Male;Writing & reading;Owner;5-10yr;Automobile;Governmental;Unknown;No defect; Church areas;Two-way (divided with broken lines road marking);Tangent road with flat terrain;No junction;Asphalt roads;Wet or damp;Daylight;Raining;Collision with roadside objects;2;2;Entering a junction;18-30;Not a Pedestrian;Moving Backward;Slight Injury
16:16:00;Tuesday;Male;unknown;Owner;unknown;Stationwagen;unknown;unknown;unknown;Office areas;unknown;Tangent road with mild grade and flat terrain;No junction;Asphalt roads;Wet or damp;Daylight;Raining;Collision with roadside objects;2;2;Entering a junction;31-50;Crossing from nearside - masked by parked or statioNot a Pedestrianry vehicle;Changing lane to the right;Slight Injury
07:41:00;Tuesday;Male;Junior high school;Owner;5-10yr;unknown;Owner;unknown;unknown;Other;Two-way (divided with broken lines road marking);Tangent road with mild grade and flat terrain;Y Shape;Asphalt roads;Dry;Daylight;Normal;Vehicle with vehicle collision;2;1;Entering a junction;Over 51;Not a Pedestrian;Driving carelessly;Slight Injury
07:41:00;Tuesday;Male;Junior high school;Owner;Below 1yr;Other;Governmental;unknown;No defect;Residential areas;Double carriageway (median);Tangent road with flat terrain;Y Shape;Asphalt roads;Dry;Daylight;Normal;Vehicle with vehicle collision;2;1;Entering a junction;na;Not a Pedestrian;Changing lane to the left;Slight Injury
16:12:00;Saturday;Male;Junior high school;Owner;2-5yr;Special vehicle;Owner;unknown;unknown;Office areas;Two-way (divided with broken lines road marking);Tangent road with flat terrain;No junction;Asphalt roads;Dry;Daylight;Normal;Collision with roadside objects;3;2;Other;Under 18;Not a Pedestrian;No distancing;Slight Injury
16:12:00;Saturday;Male;Elementary school;Employee;2-5yr;Lorry (41?100Q);Owner;unknown;unknown;Office areas;Undivided Two way;Tangent road with flat terrain;No junction;unknown;Dry;Daylight;Normal;Vehicle with vehicle collision;3;2;Entering a junction;na;Not a Pedestrian;Changing lane to the right;Slight Injury
16:12:00;Saturday;Male;Junior high school;Employee;2-5yr;Pick up upto 10Q;Owner;Below 1yr;unknown;Office areas;Two-way (divided with broken lines road marking);Tangent road with flat terrain;No junction;Asphalt roads;Dry;Daylight;Normal;Vehicle with vehicle collision;3;2;Turnover;Over 51;Crossing from offside - masked by  parked or statioNot a Pedestrianry vehicle;Driving under the influence of drugs;Slight Injury
16:12:00;Saturday;Male;Junior high school;Employee;2-5yr;Lorry (11?40Q);Organization;1-2yr;unknown; Church areas;unknown;Tangent road with flat terrain;No junction;Asphalt roads;Dry;Daylight;Normal;Vehicle with vehicle collision;3;2;Entering a junction;18-30;Unknown or other;No distancing;Slight Injury
15:40:00;Tuesday;Male;Junior high school;Employee;5-10yr;Lorry (41?100Q);Owner;unknown;unknown;Office areas;Two-way (divided with broken lines road marking);Tangent road with flat terrain;Crossing;Asphalt roads;Dry;Daylight;Normal;Vehicle with vehicle collision;1;1;Entering a junction;31-50;Not a Pedestrian;Overturning;Serious Injury