Time;Day_of_week;Sex_of_driver;Educational_level;Vehicle_driver_relation;Driving_experience;Type_of_vehicle;Owner_of_vehicle;Service_year_of_vehicle;Defect_of_vehicle;Area_accident_occured;Lanes_or_Medians;Road_allignment;Types_of_Junction;Road_surface_type;Road_surface_conditions;Light_conditions;Weather_conditions;Type_of_collision;Number_of_vehicles_involved;Number_of_casualties;Vehicle_movement;Age_band_of_casualty;Pedestrian_movement;Cause_of_accident;Accident_severity
18:59:00;Monday;Male;Junior high school;Employee;5-10yr;Motorcycle;Owner;1-2yr;unknown;Office areas;Two-way (divided with broken lines road marking);Tangent road with mild grade and flat terrain;No junction;Asphalt roads;Wet or damp;Daylight;Raining;Vehicle with vehicle collision;2;1;Entering a junction;18-30;Not a Pedestrian;No distancing;Slight Injury
18:59:00;Monday;Male;Junior high school;Employee;Above 10yr;Automobile;Owner;unknown;unknown;Office areas;Two-way (divided with broken lines road marking);Tangent road with mild grade and flat terrain;No junction;Asphalt roads;Wet or damp;Daylight;Raining;Vehicle with vehicle collision;2;1;Entering a junction;18-30;Not a Pedestrian;Changing lane to the right;Slight Injury
07:25:00;Friday;Male;Elementary school;Employee;5-10yr;Automobile;Owner;5-10yrs;No defect;Office areas;Two-way (divided with broken lines road marking);Tangent road with flat terrain;O Shape;Asphalt roads;Dry;Daylight;Normal;Collision with pedestrians;2;1;Entering a junction;na;Not a Pedestrian;No priority to vehicle;Slight Injury
07:25:00;Friday;Male;Junior high school;Employee;5-10yr;Automobile;Owner;unknown;No defect;Other;Two-way (divided with broken lines road marking);Tangent road with flat terrain;O Shape;Asphalt roads;Dry;Daylight;Normal;Vehicle with vehicle collision;2;1;Other;18-30;Not a Pedestrian;Changing lane to the right;Slight Injury
13:22:00;Monday;Male;Junior high school;Employee;Above 10yr;Stationwagen;Owner;unknown;No defect;Residential areas;Double carriageway (median);Tangent road with flat terrain;Y Shape;Asphalt roads;Dry;Daylight;Normal;Collision with roadside objects;2;1;Going straight;Over 51;Not a Pedestrian;Changing lane to the left;Slight Injury
13:22:00;Monday;Male;Elementary school;Owner;unknown;unknown;Owner;unknown;No defect; Church areas;Undivided Two way;Tangent road with flat terrain;Y Shape;Asphalt roads;Dry;Daylight;Normal;Vehicle with vehicle collision;2;1;Going straight;na;Not a Pedestrian;No distancing;Slight Injury
11:10:00;Thursday;Male;Junior high school;Owner;5-10yr;Public (> 45 seats);Owner;unknown;No defect;Other;Two-way (divided with broken lines road marking);Tangent road with flat terrain;Crossing;Asphalt roads;Dry;Daylight;Normal;Vehicle with vehicle collision;4;1;Other;na;Not a Pedestrian;No priority to pedestrian;Slight Injury
11:10:00;Thursday;Male;Junior high school;Employee;5-10yr;Public (> 45 seats);Owner;unknown;No defect;  Recreational areas;Two-way (divided with broken lines road marking);Tangent road with flat terrain;Crossing;Asphalt roads;Dry;Daylight;Normal;Vehicle with vehicle collision;4;1;Going straight;18-30;Not a Pedestrian;Driving carelessly;Slight Injury
11:10:00;Thursday;Male;Junior high school;Employee;Below 1yr;Stationwagen;unknown;unknown;unknown;unknown;unknown;Tangent road with flat terrain;Crossing;Asphalt roads;Dry;Daylight;Normal;Vehicle with vehicle collision;4;1;Going straight;31-50;Crossing from driver's nearside;No distancing;Slight Injury
11:10:00;Thursday;Male;unknown;unknown;unknown;Automobile;Owner;Unknown;No defect; Industrial areas;Undivided Two way;Tangent road with mild grade and flat terrain;Crossing;Asphalt roads;Dry;Daylight;Normal;Vehicle with vehicle collision;4;1;Going straight;18-30;Not a Pedestrian;Driving carelessly;Slight Injury
07:55:00;Tuesday;Male;Junior high school;Employee;5-10yr;Bicycle;Owner;unknown;No defect;Other;Two-way (divided with broken lines road marking);Tangent road with flat terrain;Y Shape;Asphalt roads;Dry;Daylight;Normal;Vehicle with vehicle collision;2;1;Going straight;na;Not a Pedestrian;Driving carelessly;Slight Injury
07:55:00;Tuesday;Male;Junior high school;Employee;5-10yr;Automobile;Owner;Unknown;unknown;Other;other;Tangent road with flat terrain;Y Shape;Asphalt roads;Dry;Daylight;Normal;Vehicle with vehicle collision;2;1;Going straight;31-50;Unknown or other;Moving Backward;Slight Injury
17:57:00;Friday;Male;Junior high school;Employee;Above 10yr;Lorry (41?100Q);Owner;5-10yrs;No defect; Church areas;other;Tangent road with flat terrain;No junction;Asphalt roads;Dry;Daylight;Normal;Vehicle with vehicle collision;1;1;Reversing;18-30;Not a Pedestrian;Overtaking;Slight Injury
18:09:00;Tuesday;Male;High school;Employee;Above 10yr;Automobile;Owner;5-10yrs;No defect; Church areas;Undivided Two way;Tangent road with flat terrain;Crossing;Asphalt roads;Dry;Daylight;Normal;Vehicle with vehicle collision;2;1;Moving Backward;na;Not a Pedestrian;No priority to vehicle;Slight Injury
18:09:00;Tuesday;Male;Junior high school;Employee;Above 10yr;Public (13?45 seats);Owner;unknown;No defect;Other;Two-way (divided with broken lines road marking);Tangent road with flat terrain;Crossing;Asphalt roads;Dry;Daylight;Normal;Collision with roadside objects;2;1;Overtaking;31-50;Not a Pedestrian;No priority to vehicle;Slight Injury
15:25:00;Tuesday;Male;Junior high school;Employee;Above 10yr;Special vehicle;Owner;unknown;No defect;Other;One way;Tangent road with flat terrain;Other;Asphalt roads;Dry;Daylight;Normal;Vehicle with vehicle collision;1;1;Going straight;18-30;Not a Pedestrian;Changing lane to the left;Serious Injury
17:11:00;Thursday;Male;Junior high school;Employee;Above 10yr;Automobile;Governmental;2-5yrs;unknown;  Recreational areas;Two-way (divided with broken lines road marking);Tangent road with flat terrain;No junction;Asphalt roads;Dry;Daylight;Normal;Collision with roadside objects;2;3;Going straight;18-30;Not a Pedestrian;No priority to vehicle;Slight Injury
17:11:00;Thursday;Male;Junior high school;Employee;Above 10yr;Public (13?45 seats);Owner;2-5yrs;unknown;Other;Undivided Two way;Tangent road with flat terrain;No junction;Asphalt roads;Dry;Daylight;Normal;Vehicle with vehicle collision;2;3;Going straight;na;Not a Pedestrian;No distancing;Slight Injury
17:11:00;Thursday;Male;Junior high school;Employee;5-10yr;unknown;Owner;5-10yrs;unknown;Office areas;Undivided Two way;Tangent road with flat terrain;No junction;Asphalt roads;Dry;Daylight;Normal;Vehicle with vehicle collision;2;3;Going straight;na;Not a Pedestrian;Moving Backward;Slight Injury
12:15:00;Wednesday;Male;Junior high school;Employee;2-5yr;Lorry (41?100Q);Owner;5-10yrs;No defect; Church areas;Two-way (divided with broken lines road marking);Tangent road with flat terrain;Y Shape;Asphalt roads;Dry;Daylight;Normal;unknown;2;1;Going straight;na;Not a Pedestrian;Changing lane to the right;Slight Injury
12:15:00;Wednesday;Male;Junior high school;Employee;Below 1yr;Lorry (41?100Q);Owner;2-5yrs;unknown;Office areas;Two-way (divided with broken lines road marking);Tangent road with flat terrain;Y Shape;Asphalt roads;Dry;Daylight;Normal;Collision with pedestrians;2;1;Going straight;18-30;Not a Pedestrian;No distancing;Slight Injury
16:31:00;Thursday;Male;Junior high school;Employee;Below 1yr;Public (12 seats);unknown;unknown;No defect;Office areas;Undivided Two way;Tangent road with mountainous terrain and;Y Shape;Asphalt roads;Dry;Daylight;Normal;Vehicle with vehicle collision;3;4;Going straight;31-50;Not a Pedestrian;Overtaking;Slight Injury
16:31:00;Thursday;Male;Junior high school;Employee;2-5yr;Lorry (41?100Q);Owner;2-5yrs;No defect;Other;Undivided Two way;Tangent road with flat terrain;Y Shape;Asphalt roads;Dry;Daylight;Normal;Vehicle with vehicle collision;3;4;Going straight;na;Not a Pedestrian;No distancing;Slight Injury
16:31:00;Thursday;Male;Elementary school;Employee;Below 1yr;Lorry (41?100Q);Governmental;unknown;unknown;Residential areas;Two-way (divided with broken lines road marking);Tangent road with flat terrain;Y Shape;Asphalt roads;Dry;Daylight;Normal;Vehicle with vehicle collision;3;4;Going straight;31-50;Not a Pedestrian;Changing lane to the left;Slight Injury
16:31:00;Thursday;Male;Junior high school;Employee;Below 1yr;Public (12 seats);Owner;2-5yrs;No defect;Office areas;Two-way (divided with broken lines road marking);Tangent road with mild grade and flat terrain;Y Shape;Asphalt roads;Dry;Daylight;Normal;Collision with pedestrians;3;4;Going straight;na;Not a Pedestrian;Driving under the influence of drugs;Slight Injury
11:30:00;Tuesday;Male;Junior high school;Employee;unknown;Public (> 45 seats);Owner;2-5yrs;unknown;Residential areas;other;Tangent road with flat terrain;No junction;Asphalt roads;Dry;Daylight;Normal;Collision with roadside objects;2;4;Going straight;Under 18;Not a Pedestrian;No distancing;Slight Injury
11:30:00;Tuesday;Male;unknown;Employee;5-10yr;Automobile;Owner;Unknown;No defect;Residential areas;Two-way (divided with broken lines road marking);Tangent road with flat terrain;No junction;Asphalt roads;Dry;Daylight;Normal;unknown;2;4;Other;na;Not a Pedestrian;No distancing;Slight Injury
11:30:00;Tuesday;Male;Writing & reading;Employee;Below 1yr;Pick up upto 10Q;Owner;unknown;No defect;Other;Double carriageway (median);Tangent road with flat terrain;No junction;Asphalt roads;Dry;Daylight;Normal;Vehicle with vehicle collision;2;4;Going straight;18-30;Unknown or other;Changing lane to the right;Slight Injury
11:30:00;Tuesday;Male;Junior high school;Employee;Below 1yr;Stationwagen;Owner;unknown;No defect; Hospital areas;One way;Tangent road with flat terrain;No junction;Asphalt roads;Dry;Daylight;Normal;unknown;2;4;Moving Backward;Over 51;Not a Pedestrian;Changing lane to the left;Slight Injury
15:20:00;Thursday;Male;Junior high school;Employee;1-2yr;Other;Governmental;unknown;No defect;Other;Undivided Two way;Tangent road with flat terrain;Other;Asphalt roads;Dry;Daylight;Normal;unknown;2;1;Other;na;Not a Pedestrian;Moving Backward;Slight Injury
15:20:00;Thursday;Male;Elementary school;Employee;Above 10yr;unknown;Owner;unknown;No defect;Other;Undivided Two way;Tangent road with flat terrain;Other;Asphalt roads;Dry;Daylight;Normal;unknown;2;1;Going straight;na;Not a Pedestrian;No distancing;Slight Injury
07:15:00;Thursday;Female;Elementary school;Employee;Above 10yr;Automobile;Owner;unknown;No defect;  Recreational areas;One way;Tangent road with mild grade and flat terrain;No junction;Asphalt roads;Dry;Daylight;Normal;Vehicle with vehicle collision;2;1;Going straight;na;Not a Pedestrian;No distancing;Slight Injury
07:15:00;Thursday;Male;Elementary school;Employee;Below 1yr;Stationwagen;Owner;unknown;No defect;Other;Undivided Two way;Tangent road with flat terrain;No junction;Asphalt roads;Dry;Daylight;Normal;Vehicle with vehicle collision;2;1;Going straight;na;Not a Pedestrian;Driving carelessly;Slight Injury
19:49:00;Saturday;Male;High school;Employee;2-5yr;Pick up upto 10Q;Owner;unknown;No defect;Other;Undivided Two way;Tangent road with flat terrain;Y Shape;Asphalt roads;Dry;Darkness - lights lit;Normal;Collision with roadside objects;2;1;Going straight;5;Not a Pedestrian;Moving Backward;Slight Injury
19:49:00;Saturday;Male;Junior high school;Employee;2-5yr;Lorry (41?100Q);Owner;unknown;No defect;Other;Undivided Two way;Tangent road with flat terrain;Y Shape;Asphalt roads;Dry;Darkness - lights lit;Normal;Collision with roadside objects;2;1;Going straight;na;Not a Pedestrian;No distancing;Slight Injury
19:01:00;Thursday;Male;Above high school;Employee;Above 10yr;Automobile;Owner;Below 1yr;No defect;Office areas;Two-way (divided with broken lines road marking);Tangent road with flat terrain;Other;Asphalt roads;Dry;Darkness - lights lit;Normal;Vehicle with vehicle collision;2;1;Going straight;18-30;Not a Pedestrian;Changing lane to the right;Slight Injury
19:01:00;Thursday;Male;Junior high school;Employee;2-5yr;unknown;Owner;2-5yrs;No defect;Other;Two-way (divided with broken lines road marking);Tangent road with mild grade and flat terrain;Other;Asphalt roads;Dry;Darkness - lights lit;Normal;Vehicle with vehicle collision;2;1;Going straight;31-50;Not a Pedestrian;Driving carelessly;Slight Injury
16:10:00;Tuesday;Male;Junior high school;Employee;2-5yr;Lorry (41?100Q);Owner;unknown;No defect;Residential areas;Two-way (divided with broken lines road marking);Tangent road with flat terrain;Y Shape;Asphalt roads;Dry;Daylight;Normal;Vehicle with vehicle collision;2;1;Going straight;na;Not a Pedestrian;Driving to the left;Serious Injury
16:10:00;Tuesday;Male;High school;Employee;1-2yr;Lorry (41?100Q);Owner;5-10yrs;No defect;Other;Undivided Two way;Tangent road with flat terrain;Y Shape;Asphalt roads;Dry;Daylight;Normal;Vehicle with vehicle collision;2;1;Going straight;na;Not a Pedestrian;Changing lane to the right;Serious Injury
08:45:00;Friday;Male;Junior high school;Employee;5-10yr;Lorry (41?100Q);Owner;Unknown;No defect;Other;Undivided Two way;Tangent road with flat terrain;No junction;Asphalt roads;Dry;Daylight;Normal;Vehicle with vehicle collision;2;1;Other;31-50;Not a Pedestrian;Driving carelessly;Slight Injury
08:45:00;Friday;Male;Junior high school;Employee;Below 1yr;Pick up upto 10Q;Owner;unknown;unknown; Church areas;Undivided Two way;Tangent road with flat terrain;No junction;Asphalt roads;Dry;Daylight;Normal;Rollover;2;1;Reversing;31-50;Unknown or other;Changing lane to the right;Slight Injury
16:50:00;Tuesday;Male;Junior high school;Employee;Below 1yr;Pick up upto 10Q;Owner;1-2yr;5;Office areas;Undivided Two way;Tangent road with flat terrain;Y Shape;Asphalt roads;Dry;Daylight;Normal;Vehicle with vehicle collision;3;2;Other;31-50;Not a Pedestrian;No priority to vehicle;Slight Injury
16:50:00;Tuesday;Male;Elementary school;Employee;unknown;Automobile;Owner;Above 10yr;No defect;School areas;other;Tangent road with flat terrain;Y Shape;Asphalt roads;Dry;Daylight;Normal;Collision with roadside objects;3;2;Other;18-30;Crossing from driver's nearside;Changing lane to the right;Slight Injury
16:50:00;Tuesday;Male;Junior high school;Employee;Below 1yr;Other;Owner;2-5yrs;No defect;Other;Undivided Two way;Tangent road with flat terrain;Y Shape;Asphalt roads;Dry;Daylight;Normal;Collision with pedestrians;3;2;Reversing;31-50;Not a Pedestrian;Turnover;Slight Injury
16:50:00;Tuesday;Male;Junior high school;Employee;1-2yr;unknown;Owner;1-2yr;No defect;Office areas;Undivided Two way;Tangent road with flat terrain;Y Shape;Asphalt roads;Dry;Daylight;Normal;Vehicle with vehicle collision;3;2;Going straight;na;Not a Pedestrian;No priority to vehicle;Slight Injury
10:56:00;Friday;Male;Elementary school;Employee;2-5yr;Automobile;Owner;1-2yr;No defect;Residential areas;other;Steep grade downward with mountainous terrain;Y Shape;Asphalt roads;Dry;Daylight;Normal;Vehicle with vehicle collision;1;1;Going straight;na;Not a Pedestrian;Driving at high speed;Serious Injury
10:35:00;Saturday;Male;High school;Employee;1-2yr;Motorcycle;Owner;1-2yr;No defect; Industrial areas;One way;Tangent road with flat terrain;No junction;Asphalt roads;Dry;Daylight;Normal;Vehicle with vehicle collision;2;2;Going straight;Under 18;Not a Pedestrian;No distancing;Slight Injury
10:35:00;Saturday;Male;Junior high school;Employee;5-10yr;Automobile;Owner;2-5yrs;No defect;Other;Undivided Two way;Tangent road with flat terrain;No junction;Asphalt roads;Dry;Daylight;Normal;Vehicle with vehicle collision;2;2;Going straight;Under 18;Not a Pedestrian;No distancing;Slight Injury
15:26:00;Tuesday;Male;Junior high school;Employee;Below 1yr;Automobile;Owner;1-2yr;No defect;Residential areas;Undivided Two way;Tangent road with flat terrain;Y Shape;Asphalt roads;Dry;Daylight;Normal;Vehicle with vehicle collision;1;1;Turnover;31-50;Not a Pedestrian;Driving carelessly;Slight Injury
08:55:00;Friday;Male;High school;Employee;Above 10yr;Public (12 seats);Owner;1-2yr;No defect;  Recreational areas;Two-way (divided with broken lines road marking);Tangent road with flat terrain;Crossing;Asphalt roads;Dry;Daylight;Normal;Vehicle with vehicle collision;1;1;Going straight;na;Not a Pedestrian;Driving carelessly;Slight Injury
12:10:00;Saturday;Female;Elementary school;Owner;5-10yr;Long lorry;Owner;Unknown;7;Office areas;other;Tangent road with flat terrain;No junction;Asphalt roads;Dry;Daylight;Normal;Vehicle with vehicle collision;2;1;Going straight;18-30;Not a Pedestrian;Moving Backward;Slight Injury
12:10:00;Saturday;Male;Elementary school;Employee;Below 1yr;unknown;Owner;unknown;No defect; Outside rural areas;Two-way (divided with broken lines road marking);Tangent road with flat terrain;No junction;Asphalt roads;Dry;Daylight;Normal;Collision with roadside objects;2;1;Going straight;na;Not a Pedestrian;No distancing;Slight Injury
18:26:00;Saturday;Male;Junior high school;Employee;5-10yr;Automobile;Owner;1-2yr;No defect; Outside rural areas;Two-way (divided with broken lines road marking);Tangent road with flat terrain;Crossing;Asphalt roads;Dry;Daylight;Normal;Rollover;2;1;Going straight;18-30;Not a Pedestrian;Changing lane to the right;Serious Injury
18:26:00;Saturday;Male;Elementary school;Owner;5-10yr;Public (> 45 seats);Owner;1-2yr;No defect; Outside rural areas;Undivided Two way;Tangent road with flat terrain;Crossing;Asphalt roads;Dry;Daylight;Normal;Vehicle with vehicle collision;2;1;Going straight;31-50;Not a Pedestrian;Overtaking;Serious Injury
19:45:00;Sunday;Female;Junior high school;Employee;2-5yr;Pick up upto 10Q;Governmental;Below 1yr;No defect; Outside rural areas;Undivided Two way;Tangent road with flat terrain;No junction;Asphalt roads;Dry;Darkness - lights lit;Normal;Collision with pedestrians;3;1;Moving Backward;18-30;Not a Pedestrian;No distancing;Slight Injury
19:45:00;Sunday;Male;Junior high school;Employee;Above 10yr;Lorry (41?100Q);Owner;unknown;No defect; Outside rural areas;other;Steep grade downward with mountainous terrain;No junction;Asphalt roads;Dry;Darkness - lights lit;Normal;Vehicle with vehicle collision;3;1;Going straight;na;Not a Pedestrian;Overtaking;Slight Injury
19:45:00;Sunday;Male;Junior high school;Employee;5-10yr;Automobile;Owner;unknown;No defect;School areas;other;Steep grade downward with mountainous terrain;No junction;Asphalt roads;Dry;Darkness - lights lit;Normal;Vehicle with vehicle collision;3;1;Going straight;18-30;Not a Pedestrian;Moving Backward;Slight Injury
15:42:00;Thursday;Male;High school;Employee;1-2yr;Public (13?45 seats);Owner;Above 10yr;No defect; Outside rural areas;Two-way (divided with broken lines road marking);Tangent road with flat terrain;Y Shape;Asphalt roads;Dry;Daylight;Normal;Collision with pedestrians;2;2;Turnover;Under 18;Not a Pedestrian;No distancing;Slight Injury
15:42:00;Thursday;Male;Elementary school;Employee;5-10yr;Automobile;Owner;unknown;No defect; Outside rural areas;Undivided Two way;Tangent road with flat terrain;Y Shape;Asphalt roads;Dry;Daylight;Normal;Collision with pedestrians;2;2;Going straight;Over 51;Not a Pedestrian;No distancing;Slight Injury
02:15:00;Saturday;Male;Elementary school;Employee;2-5yr;Public (> 45 seats);Owner;unknown;No defect; Outside rural areas;Two-way (divided with broken lines road marking);Escarpments;No junction;Asphalt roads;Dry;Darkness - lights lit;Unknown;Vehicle with vehicle collision;2;1;Going straight;na;Not a Pedestrian;No priority to vehicle;Slight Injury
02:15:00;Saturday;Male;Junior high school;Employee;Below 1yr;Public (12 seats);Owner;2-5yrs;No defect; Outside rural areas;Two-way (divided with broken lines road marking);Tangent road with mountainous terrain and;No junction;Asphalt roads;Dry;Darkness - lights lit;Unknown;Vehicle with vehicle collision;2;1;Going straight;na;Not a Pedestrian;No priority to vehicle;Slight Injury
13:30:00;Monday;Male;Junior high school;Employee;Below 1yr;Automobile;Owner;2-5yrs;No defect;Office areas;Undivided Two way;Tangent road with mountainous terrain and;No junction;Asphalt roads;Dry;Daylight;Normal;Vehicle with vehicle collision;2;1;Going straight;18-30;Not a Pedestrian;Changing lane to the left;Slight Injury
13:30:00;Monday;Female;Junior high school;Employee;5-10yr;Lorry (41?100Q);Owner;2-5yrs;No defect; Outside rural areas;Undivided Two way;Tangent road with mountainous terrain and;No junction;Asphalt roads;Dry;Daylight;Normal;Vehicle with vehicle collision;2;1;Going straight;na;Not a Pedestrian;No distancing;Slight Injury
15:06:00;Wednesday;Male;Junior high school;Owner;5-10yr;Automobile;Owner;unknown;No defect; Outside rural areas;Undivided Two way;Tangent road with mountainous terrain and;O Shape;Asphalt roads;Dry;Daylight;Normal;Vehicle with vehicle collision;2;1;Going straight;31-50;Not a Pedestrian;Driving under the influence of drugs;Serious Injury
15:06:00;Wednesday;Male;Elementary school;Employee;1-2yr;Pick up upto 10Q;Owner;2-5yrs;No defect; Outside rural areas;Undivided Two way;Tangent road with flat terrain;O Shape;Asphalt roads;Dry;Daylight;Normal;Collision with roadside objects;2;1;Moving Backward;31-50;Not a Pedestrian;Changing lane to the left;Serious Injury
07:06:00;Wednesday;Male;Junior high school;Employee;unknown;Public (12 seats);Owner;unknown;No defect;Office areas;Undivided Two way;Tangent road with flat terrain;No junction;Asphalt roads;Wet or damp;Daylight;Normal;Vehicle with vehicle collision;2;1;Going straight;na;Not a Pedestrian;Changing lane to the right;Serious Injury
07:06:00;Wednesday;Male;Elementary school;Employee;Above 10yr;Automobile;Owner;unknown;No defect;  Recreational areas;Undivided Two way;Tangent road with flat terrain;No junction;Asphalt roads;Wet or damp;Daylight;Normal;Vehicle with vehicle collision;2;1;Going straight;Under 18;Not a Pedestrian;Driving to the left;Serious Injury
18:01:00;Sunday;Male;Junior high school;Owner;1-2yr;Automobile;Owner;Above 10yr;No defect;Office areas;Undivided Two way;Tangent road with flat terrain;Other;Asphalt roads;Dry;Daylight;Normal;Vehicle with vehicle collision;2;2;Going straight;31-50;Not a Pedestrian;Driving at high speed;Slight Injury
18:01:00;Sunday;Male;unknown;unknown;unknown;Automobile;Owner;2-5yrs;No defect;Other;Two-way (divided with broken lines road marking);Tangent road with mild grade and flat terrain;Other;Asphalt roads;Dry;Daylight;Normal;Vehicle with vehicle collision;2;2;Going straight;31-50;Not a Pedestrian;Overtaking;Slight Injury
18:01:00;Sunday;Male;Junior high school;Employee;Above 10yr;Stationwagen;Owner;Above 10yr;No defect;Residential areas;Two-way (divided with broken lines road marking);Tangent road with flat terrain;Other;Asphalt roads;Dry;Daylight;Normal;Vehicle with vehicle collision;2;2;Moving Backward;na;Not a Pedestrian;Changing lane to the right;Slight Injury
16:48:00;Saturday;Male;Elementary school;Owner;2-5yr;Other;Owner;Above 10yr;No defect;Residential areas;other;Tangent road with flat terrain;Y Shape;Earth roads;Dry;Daylight;Normal;Vehicle with vehicle collision;1;1;Going straight;na;Not a Pedestrian;Changing lane to the right;Slight Injury
08:15:00;Friday;Male;Junior high school;Employee;5-10yr;Other;Owner;unknown;No defect;Residential areas;Undivided Two way;Tangent road with flat terrain;Y Shape;Asphalt roads;Dry;Daylight;Normal;Vehicle with vehicle collision;1;1;Other;31-50;Not a Pedestrian;Moving Backward;Serious Injury
10:25:00;Thursday;Male;Junior high school;Employee;Below 1yr;Other;Owner;Above 10yr;No defect;Other;Undivided Two way;Tangent road with flat terrain;Other;Asphalt roads;Dry;Daylight;Normal;Vehicle with vehicle collision;1;1;Other;31-50;Not a Pedestrian;Moving Backward;Slight Injury
15:30:00;Wednesday;Male;Junior high school;Employee;5-10yr;Public (13?45 seats);Owner;unknown;No defect;Office areas;Two-way (divided with broken lines road marking);Tangent road with flat terrain;Y Shape;Asphalt roads;Dry;Daylight;Normal;Vehicle with vehicle collision;1;1;Going straight;na;Not a Pedestrian;Changing lane to the left;Slight Injury
00:52:00;Wednesday;Male;High school;Employee;Above 10yr;Lorry (41?100Q);Owner;unknown;unknown;Other;Two-way (divided with broken lines road marking);Tangent road with flat terrain;No junction;Asphalt roads;Wet or damp;Darkness - lights lit;Other;Vehicle with vehicle collision;1;1;Going straight;na;Not a Pedestrian;Moving Backward;Slight Injury
08:01:00;Monday;Male;Junior high school;Employee;5-10yr;Public (12 seats);Owner;Above 10yr;unknown;Other;other;Tangent road with flat terrain;Y Shape;Asphalt roads;Wet or damp;Daylight;Raining;Vehicle with vehicle collision;2;5;Going straight;31-50;Not a Pedestrian;No distancing;Slight Injury
08:01:00;Monday;Male;Elementary school;Employee;1-2yr;Automobile;Owner;5-10yrs;unknown;Office areas;Two-way (divided with broken lines road marking);Tangent road with flat terrain;Y Shape;Asphalt roads;Wet or damp;Daylight;Raining;Vehicle with vehicle collision;2;5;Going straight;18-30;Not a Pedestrian;Moving Backward;Slight Injury
08:01:00;Monday;Male;Junior high school;Employee;unknown;Automobile;Owner;Below 1yr;unknown; Church areas;other;Tangent road with flat terrain;Y Shape;Asphalt roads;Wet or damp;Daylight;Raining;Vehicle with vehicle collision;2;5;Other;na;Not a Pedestrian;Changing lane to the right;Slight Injury
08:01:00;Monday;Male;Elementary school;Employee;1-2yr;Stationwagen;Owner;Unknown;No defect;Other;Two-way (divided with broken lines road marking);Tangent road with flat terrain;Y Shape;Asphalt roads;Wet or damp;Daylight;Raining;Vehicle with vehicle collision;2;5;Going straight;31-50;Not a Pedestrian;Changing lane to the left;Slight Injury
08:01:00;Monday;Male;Junior high school;Owner;1-2yr;Lorry (41?100Q);Owner;unknown;unknown;Other;One way;Tangent road with flat terrain;Y Shape;Asphalt roads;Wet or damp;Daylight;Raining;Vehicle with vehicle collision;2;5;Getting off;na;Not a Pedestrian;No priority to vehicle;Slight Injury
08:01:00;Monday;Male;Above high school;Owner;1-2yr;Lorry (41?100Q);Owner;unknown;unknown;Office areas;Double carriageway (median);Tangent road with flat terrain;Y Shape;Asphalt roads;Wet or damp;Daylight;Raining;Collision with roadside objects;2;5;Going straight;Under 18;Not a Pedestrian;No distancing;Slight Injury
11:32:00;Friday;Male;Junior high school;Owner;5-10yr;Lorry (41?100Q);Owner;unknown;unknown;Office areas;One way;Tangent road with mild grade and flat terrain;No junction;Asphalt roads;Dry;Daylight;Normal;Vehicle with vehicle collision;2;1;Going straight;Under 18;Not a Pedestrian;No priority to vehicle;Slight Injury
11:32:00;Friday;Male;Junior high school;Employee;5-10yr;Public (> 45 seats);Owner;unknown;unknown;Office areas;Undivided Two way;Tangent road with flat terrain;No junction;Asphalt roads;Dry;Daylight;Normal;Vehicle with vehicle collision;2;1;Going straight;Under 18;Not a Pedestrian;Driving under the influence of drugs;Slight Injury
01:30:00;Sunday;Male;Elementary school;Employee;5-10yr;Public (12 seats);Owner;unknown;No defect;Office areas;Double carriageway (median);Tangent road with flat terrain;Crossing;Asphalt roads;Dry;Darkness - lights lit;Normal;Vehicle with vehicle collision;2;4;Going straight;na;Not a Pedestrian;Changing lane to the right;Serious Injury
01:30:00;Sunday;Male;High school;Owner;Below 1yr;Other;Owner;Unknown;unknown;unknown;Two-way (divided with broken lines road marking);Tangent road with flat terrain;Crossing;Asphalt roads;Dry;Darkness - lights lit;Normal;Vehicle with vehicle collision;2;4;Going straight;18-30;Not a Pedestrian;No distancing;Serious Injury
01:30:00;Sunday;Male;Junior high school;Employee;Above 10yr;Public (12 seats);Owner;Below 1yr;unknown;Office areas;Undivided Two way;Tangent road with flat terrain;Crossing;Asphalt roads;Dry;Darkness - lights lit;Normal;Collision with pedestrians;2;4;Going straight;18-30;Not a Pedestrian;No distancing;Serious Injury
01:30:00;Sunday;Male;Junior high school;Employee;5-10yr;Other;Owner;Unknown;unknown;Other;unknown;Tangent road with flat terrain;Crossing;Asphalt roads;Dry;Darkness - lights lit;Normal;Vehicle with vehicle collision;2;4;Moving Backward;Under 18;Not a Pedestrian;Changing lane to the left;Serious Injury
19:32:00;Friday;Male;Junior high school;Employee;Below 1yr;Public (12 seats);Owner;unknown;unknown;Other;Double carriageway (median);Tangent road with flat terrain;No junction;Asphalt roads;Dry;Darkness - lights lit;Normal;Vehicle with vehicle collision;1;1;Going straight;na;Not a Pedestrian;Changing lane to the right;Slight Injury
08:05:00;Friday;Male;Junior high school;Employee;Above 10yr;Stationwagen;Governmental;Unknown;unknown;Other;Two-way (divided with broken lines road marking);Tangent road with flat terrain;Y Shape;Asphalt roads;Dry;Daylight;Other;Vehicle with vehicle collision;2;2;Other;18-30;Not a Pedestrian;Changing lane to the right;Slight Injury