Time;Day_of_week;Sex_of_driver;Educational_level;Vehicle_driver_relation;Driving_experience;Type_of_vehicle;Owner_of_vehicle;Service_year_of_vehicle;Defect_of_vehicle;Area_accident_occured;Lanes_or_Medians;Road_allignment;Types_of_Junction;Road_surface_type;Road_surface_conditions;Light_conditions;Weather_conditions;Type_of_collision;Number_of_vehicles_involved;Number_of_casualties;Vehicle_movement;Age_band_of_casualty;Pedestrian_movement;Cause_of_accident;Accident_severity
17:08:00;Monday;Male;Junior high school;Employee;Above 10yr;Lorry (11?40Q);Owner;unknown;unknown;Residential areas;other;Tangent road with flat terrain;No junction;Asphalt roads;Dry;Daylight;Normal;Collision with roadside-parked vehicles;2;1;Turnover;na;Not a Pedestrian;Driving carelessly;Slight Injury
17:08:00;Monday;Male;Junior high school;Employee;1-2yr;Lorry (41?100Q);Owner;unknown;7; Outside rural areas;other;Tangent road with flat terrain;No junction;Asphalt roads;Dry;Daylight;Normal;Vehicle with vehicle collision;2;1;Going straight;31-50;Not a Pedestrian;Overtaking;Slight Injury
13:15:00;Sunday;Male;Above high school;Owner;1-2yr;Pick up upto 10Q;Owner;Above 10yr;unknown;Residential areas;other;Tangent road with flat terrain;Crossing;Asphalt roads;Dry;Daylight;Normal;Collision with roadside objects;2;1;Getting off;18-30;Not a Pedestrian;Changing lane to the right;Slight Injury
13:15:00;Sunday;Male;Above high school;Employee;No Licence;Lorry (11?40Q);Owner;5-10yrs;5; Church areas;other;Tangent road with flat terrain;Crossing;Asphalt roads;Dry;Daylight;Normal;Vehicle with vehicle collision;2;1;Getting off;na;Not a Pedestrian;No distancing;Slight Injury
15:00:00;Wednesday;Male;Junior high school;Employee;1-2yr;Stationwagen;Owner;unknown;No defect;Office areas;Undivided Two way;Tangent road with flat terrain;Crossing;Asphalt roads;Dry;Daylight;Normal;Vehicle with vehicle collision;2;1;Going straight;na;Not a Pedestrian;Other;Slight Injury
15:00:00;Wednesday;Male;Junior high school;Employee;5-10yr;Other;Owner;Unknown;No defect;Office areas;Two-way (divided with broken lines road marking);Tangent road with mountainous terrain and;Crossing;Asphalt roads;Dry;Daylight;Normal;Vehicle with vehicle collision;2;1;Overtaking;31-50;Not a Pedestrian;Changing lane to the right;Slight Injury
19:30:00;Sunday;Male;Junior high school;Employee;Above 10yr;Other;Governmental;unknown;No defect;Office areas;Two-way (divided with broken lines road marking);Escarpments;Crossing;Asphalt roads;Dry;Daylight;Normal;Vehicle with vehicle collision;2;2;Reversing;31-50;Not a Pedestrian;Changing lane to the right;Slight Injury
19:30:00;Sunday;Male;Junior high school;Employee;Above 10yr;Lorry (11?40Q);Owner;2-5yrs;unknown;Other;Undivided Two way;Tangent road with mountainous terrain and;Crossing;Asphalt roads;Dry;Daylight;Normal;Vehicle with vehicle collision;2;2;Going straight;na;Not a Pedestrian;Overtaking;Slight Injury
19:30:00;Sunday;Male;Junior high school;Owner;5-10yr;unknown;Owner;2-5yrs;unknown;Other;Undivided Two way;Tangent road with flat terrain;Crossing;Asphalt roads;Dry;Daylight;Normal;Collision with roadside-parked vehicles;2;2;Getting off;18-30;Not a Pedestrian;Other;Slight Injury
18:25:00;Thursday;Male;Elementary school;Employee;2-5yr;Automobile;Owner;Unknown;No defect;Residential areas;Two-way (divided with broken lines road marking);Tangent road with flat terrain;No junction;Asphalt roads;Dry;Daylight;Other;Collision with roadside-parked vehicles;1;1;Getting off;na;Not a Pedestrian;Driving to the left;Slight Injury
17:13:00;Thursday;Male;Junior high school;Employee;2-5yr;Lorry (41?100Q);Owner;unknown;unknown;Other;Two-way (divided with broken lines road marking);Tangent road with flat terrain;Y Shape;Asphalt roads;Dry;Daylight;Normal;Collision with animals;1;1;Reversing;18-30;Crossing from nearside - masked by parked or statioNot a Pedestrianry vehicle;Overtaking;Serious Injury
15:25:00;Thursday;Male;Junior high school;Employee;Below 1yr;Other;Owner;Below 1yr;unknown;Other;Undivided Two way;Tangent road with mild grade and flat terrain;Y Shape;Other;Dry;Daylight;Normal;Collision with animals;2;1;Turnover;na;Not a Pedestrian;No priority to vehicle;Slight Injury
15:25:00;Thursday;Male;Junior high school;Employee;2-5yr;Lorry (41?100Q);Owner;5-10yrs;unknown;Other;Two-way (divided with broken lines road marking);Tangent road with flat terrain;Y Shape;Asphalt roads;Dry;Daylight;Normal;Collision with animals;2;1;Moving Backward;18-30;Not a Pedestrian;Moving Backward;Slight Injury
15:23:00;Sunday;Male;Junior high school;Employee;2-5yr;Automobile;Governmental;5-10yrs;No defect;Other;Undivided Two way;Tangent road with flat terrain;Y Shape;Asphalt roads;Wet or damp;Daylight;Normal;Collision with animals;1;1;Going straight;Over 51;Not a Pedestrian;Other;Slight Injury
08:20:00;Friday;Male;Elementary school;Employee;5-10yr;Pick up upto 10Q;Owner;2-5yrs;No defect;Other;Double carriageway (median);Tangent road with mild grade and flat terrain;Y Shape;Asphalt roads;Dry;Daylight;Normal;Collision with animals;2;1;Going straight;na;Not a Pedestrian;No priority to vehicle;Slight Injury
08:20:00;Friday;Male;Junior high school;Employee;Above 10yr;Lorry (41?100Q);Owner;unknown;No defect;Other;Two-way (divided with broken lines road marking);Tangent road with flat terrain;Y Shape;Asphalt roads;Dry;Daylight;Normal;Collision with animals;2;1;Going straight;na;Not a Pedestrian;No priority to pedestrian;Slight Injury
18:36:00;Monday;Male;unknown;unknown;unknown;Public (13?45 seats);Owner;2-5yrs;unknown; Church areas;Two-way (divided with broken lines road marking);Tangent road with flat terrain;Y Shape;Asphalt roads;Dry;Daylight;Normal;Collision with animals;2;7;Going straight;31-50;Not a Pedestrian;Changing lane to the right;Slight Injury
18:36:00;Monday;Male;Junior high school;Employee;2-5yr;Long lorry;Owner;5-10yrs;unknown;Other;Undivided Two way;Tangent road with flat terrain;Y Shape;Asphalt roads;Dry;Daylight;Normal;Collision with animals;2;7;Reversing;na;Not a Pedestrian;Changing lane to the right;Slight Injury
18:36:00;Monday;Male;Junior high school;Employee;5-10yr;Automobile;Organization;2-5yrs;unknown; Industrial areas;Two-way (divided with broken lines road marking);Tangent road with flat terrain;Y Shape;Asphalt roads;Dry;Daylight;Normal;Collision with animals;2;7;Going straight;na;Not a Pedestrian;Changing lane to the right;Slight Injury
18:36:00;Monday;Male;Above high school;Employee;2-5yr;Automobile;Owner;unknown;No defect;Residential areas;Double carriageway (median);Tangent road with flat terrain;Y Shape;Other;Dry;Daylight;Normal;Collision with animals;2;7;Going straight;31-50;Not a Pedestrian;Driving to the left;Slight Injury
18:36:00;Monday;Male;unknown;unknown;unknown;Other;Governmental;Above 10yr;No defect;Other;Two-way (divided with broken lines road marking);Tangent road with flat terrain;Y Shape;Asphalt roads;Dry;Daylight;Normal;Collision with animals;2;7;Going straight;Over 51;Not a Pedestrian;Changing lane to the left;Slight Injury
18:36:00;Monday;Male;unknown;Employee;1-2yr;unknown;Owner;unknown;No defect;Office areas;Two-way (divided with broken lines road marking);Tangent road with flat terrain;Y Shape;Asphalt roads;Dry;Daylight;Normal;Collision with animals;2;7;Going straight;Over 51;Not a Pedestrian;Moving Backward;Slight Injury
18:36:00;Monday;Male;Junior high school;Employee;2-5yr;Long lorry;Owner;unknown;No defect; Industrial areas;Unknown;Tangent road with flat terrain;Y Shape;Asphalt roads;Dry;Daylight;Normal;Other;2;7;Getting off;Over 51;Not a Pedestrian;Driving at high speed;Slight Injury
07:12:00;Sunday;Male;Junior high school;Employee;Above 10yr;Public (12 seats);Owner;1-2yr;No defect; Industrial areas;Double carriageway (median);Tangent road with flat terrain;Y Shape;Asphalt roads;Dry;Daylight;Normal;Rollover;1;1;Going straight;na;Not a Pedestrian;Moving Backward;Slight Injury
13:10:00;Saturday;Male;Junior high school;Employee;Below 1yr;Public (12 seats);Owner;unknown;No defect;Other;Two-way (divided with broken lines road marking);Tangent road with flat terrain;Crossing;Asphalt roads;Dry;Daylight;Normal;Collision with animals;2;1;Going straight;18-30;Not a Pedestrian;No distancing;Slight Injury
13:10:00;Saturday;Male;Junior high school;Employee;2-5yr;Other;Organization;Above 10yr;unknown; Hospital areas;Two-way (divided with broken lines road marking);Tangent road with flat terrain;Crossing;Asphalt roads;Dry;Daylight;Normal;Rollover;2;1;Going straight;18-30;Not a Pedestrian;Other;Slight Injury
17:50:00;Friday;Unknown;Junior high school;Employee;Below 1yr;Other;Owner;Unknown;unknown;Office areas;One way;Tangent road with flat terrain;Crossing;Asphalt roads;Dry;Daylight;Normal;Collision with animals;2;2;Going straight;na;Not a Pedestrian;No priority to vehicle;Slight Injury
17:50:00;Friday;Male;High school;Employee;5-10yr;Other;Owner;2-5yrs;No defect; Church areas;Undivided Two way;Tangent road with flat terrain;Crossing;Asphalt roads;Dry;Daylight;Normal;Collision with animals;2;2;Reversing;Over 51;Not a Pedestrian;Changing lane to the right;Slight Injury
09:00:00;Friday;Female;Above high school;Employee;1-2yr;Public (12 seats);Organization;5-10yrs;No defect; Hospital areas;Undivided Two way;Tangent road with mountainous terrain and;No junction;unknown;Dry;Daylight;Normal;Vehicle with vehicle collision;2;1;Moving Backward;Under 18;Crossing from nearside - masked by parked or statioNot a Pedestrianry vehicle;Other;Serious Injury
09:00:00;Friday;Male;Junior high school;Employee;Below 1yr;Lorry (41?100Q);Owner;Above 10yr;No defect;Office areas;other;Tangent road with flat terrain;No junction;Other;Dry;Daylight;Normal;Fall from vehicles;2;1;Going straight;18-30;Not a Pedestrian;No distancing;Serious Injury
09:19:00;Saturday;Male;unknown;unknown;unknown;Other;Owner;2-5yrs;No defect;Other;Two-way (divided with broken lines road marking);Escarpments;Y Shape;Asphalt roads;Dry;Daylight;Normal;Collision with roadside-parked vehicles;2;1;Going straight;Over 51;Not a Pedestrian;Driving carelessly;Serious Injury
09:19:00;Saturday;Male;High school;Employee;Below 1yr;Public (12 seats);Owner;1-2yr;unknown;Office areas;Undivided Two way;Tangent road with flat terrain;Y Shape;Asphalt roads;Dry;Daylight;Normal;Collision with roadside-parked vehicles;2;1;Going straight;na;Not a Pedestrian;No distancing;Serious Injury
20:50:00;Saturday;Male;High school;Employee;Below 1yr;Other;Owner;2-5yrs;unknown;Office areas;Two-way (divided with broken lines road marking);Tangent road with mountainous terrain and;No junction;Asphalt roads;Dry;Darkness - lights lit;Normal;Rollover;1;1;Going straight;Over 51;Not a Pedestrian;Moving Backward;Slight Injury
15:40:00;Sunday;Male;unknown;unknown;unknown;Lorry (11?40Q);Owner;unknown;No defect;Other;Double carriageway (median);Steep grade downward with mountainous terrain;Y Shape;Asphalt roads;Dry;Daylight;Normal;Collision with animals;2;1;Going straight;Under 18;Not a Pedestrian;No distancing;Slight Injury
15:40:00;Sunday;Male;High school;Employee;2-5yr;Other;Owner;1-2yr;No defect;Office areas;Undivided Two way;Tangent road with mild grade and flat terrain;Y Shape;Asphalt roads with some distress;Dry;Daylight;Normal;Collision with animals;2;1;Going straight;na;Not a Pedestrian;Moving Backward;Slight Injury
17:00:00;Tuesday;Male;Junior high school;Employee;Above 10yr;Other;Owner;unknown;No defect;Residential areas;Undivided Two way;Tangent road with flat terrain;Y Shape;unknown;Dry;Daylight;Normal;Fall from vehicles;2;1;Turnover;31-50;Not a Pedestrian;No priority to pedestrian;Slight Injury
17:00:00;Tuesday;Male;Junior high school;Employee;Above 10yr;Other;Owner;Unknown;unknown;Other;Two-way (divided with broken lines road marking);Tangent road with flat terrain;Y Shape;Asphalt roads;Dry;Daylight;Normal;Collision with roadside-parked vehicles;2;1;Going straight;na;Not a Pedestrian;Changing lane to the left;Slight Injury
20:06:00;Friday;Male;Junior high school;Employee;5-10yr;Pick up upto 10Q;Owner;2-5yrs;unknown;Office areas;Double carriageway (median);Tangent road with flat terrain;No junction;Asphalt roads;Dry;Darkness - lights lit;Normal;Collision with animals;1;1;Other;Under 18;Crossing from nearside - masked by parked or statioNot a Pedestrianry vehicle;No distancing;Serious Injury
10:43:00;Thursday;Male;Junior high school;Employee;1-2yr;Automobile;Owner;5-10yrs;unknown;Office areas;Undivided Two way;Tangent road with mountainous terrain and;No junction;Asphalt roads;Dry;Daylight;Normal;Collision with animals;1;1;Going straight;18-30;Not a Pedestrian;Other;Serious Injury
07:46:00;Thursday;Male;Unknown;Employee;Below 1yr;Other;unknown;unknown;unknown;Office areas;other;Tangent road with flat terrain;Unknown;Asphalt roads;Dry;Daylight;Normal;Collision with pedestrians;2;1;Going straight;na;Not a Pedestrian;No distancing;Slight Injury
07:46:00;Thursday;Male;Junior high school;Employee;Below 1yr;Lorry (41?100Q);Owner;5-10yrs;No defect;Other;Two-way (divided with broken lines road marking);Tangent road with mild grade and flat terrain;Unknown;Earth roads;Dry;Daylight;Normal;Vehicle with vehicle collision;2;1;Going straight;18-30;Not a Pedestrian;No priority to pedestrian;Slight Injury
09:51:00;Thursday;Male;High school;Employee;2-5yr;Public (13?45 seats);Owner;unknown;No defect; Church areas;Undivided Two way;Tangent road with flat terrain;No junction;Asphalt roads;Dry;Daylight;Normal;Vehicle with vehicle collision;1;1;Going straight;na;Not a Pedestrian;Moving Backward;Slight Injury
19:41:00;Tuesday;Male;Junior high school;Owner;1-2yr;Automobile;Owner;Unknown;No defect; Industrial areas;Undivided Two way;Tangent road with flat terrain;Y Shape;Asphalt roads;Dry;Darkness - lights lit;Normal;Collision with pedestrians;3;1;Going straight;18-30;Not a Pedestrian;No priority to pedestrian;Slight Injury
19:41:00;Tuesday;Male;Junior high school;Employee;5-10yr;Pick up upto 10Q;Owner;1-2yr;No defect;Office areas;Double carriageway (median);Tangent road with flat terrain;Y Shape;Asphalt roads;Dry;Darkness - lights lit;Normal;Vehicle with vehicle collision;3;1;Moving Backward;na;Not a Pedestrian;No distancing;Slight Injury
19:41:00;Tuesday;Male;Elementary school;Employee;2-5yr;Lorry (41?100Q);Owner;Unknown;No defect; Church areas;Undivided Two way;Tangent road with flat terrain;Y Shape;Asphalt roads;Dry;Darkness - lights lit;Normal;Collision with roadside objects;3;1;Moving Backward;Over 51;Not a Pedestrian;No priority to pedestrian;Slight Injury
18:05:00;Tuesday;Male;Elementary school;Owner;5-10yr;Public (12 seats);Owner;unknown;unknown;Office areas;Undivided Two way;Tangent road with flat terrain;Crossing;Asphalt roads;Dry;Daylight;Normal;Vehicle with vehicle collision;1;1;Moving Backward;31-50;Not a Pedestrian;Driving carelessly;Slight Injury
17:40:00;Monday;Male;Junior high school;Employee;Above 10yr;Other;Owner;unknown;No defect;Office areas;other;Tangent road with flat terrain;Y Shape;Asphalt roads;Dry;Daylight;Normal;Vehicle with vehicle collision;2;1;Other;na;Not a Pedestrian;Getting off the vehicle improperly;Slight Injury
17:40:00;Monday;Male;Junior high school;Employee;5-10yr;Lorry (41?100Q);Owner;unknown;unknown;Residential areas;Two-way (divided with broken lines road marking);Tangent road with flat terrain;Y Shape;Asphalt roads;Dry;Daylight;Normal;Vehicle with vehicle collision;2;1;Going straight;31-50;Not a Pedestrian;Driving carelessly;Slight Injury
17:45:00;Tuesday;Male;High school;Employee;5-10yr;Pick up upto 10Q;Owner;5-10yrs;unknown;Office areas;Two-way (divided with broken lines road marking);Tangent road with flat terrain;Crossing;Asphalt roads;Wet or damp;Daylight;Raining;Rollover;2;1;Unknown;Over 51;Not a Pedestrian;Changing lane to the left;Slight Injury
17:45:00;Tuesday;Male;Junior high school;Employee;5-10yr;Other;Owner;5-10yrs;unknown;Residential areas;Undivided Two way;Tangent road with flat terrain;Crossing;Asphalt roads;Wet or damp;Daylight;Raining;Vehicle with vehicle collision;2;1;Turnover;31-50;Not a Pedestrian;Moving Backward;Slight Injury
08:25:00;Thursday;Male;Junior high school;Employee;Above 10yr;Lorry (41?100Q);Owner;2-5yrs;unknown;Office areas;Double carriageway (median);Tangent road with flat terrain;Crossing;Asphalt roads;Dry;Daylight;Normal;Vehicle with vehicle collision;2;1;Getting off;31-50;Not a Pedestrian;Overtaking;Slight Injury
08:25:00;Thursday;Male;Junior high school;unknown;1-2yr;Ridden horse;Owner;2-5yrs;No defect;Office areas;Double carriageway (median);Tangent road with flat terrain;Crossing;Asphalt roads;Dry;Daylight;Normal;Vehicle with vehicle collision;2;1;Going straight;Over 51;Not a Pedestrian;Changing lane to the left;Slight Injury
09:02:00;Monday;Male;Junior high school;Employee;2-5yr;Automobile;unknown;unknown;No defect;Other;Two-way (divided with broken lines road marking);Tangent road with flat terrain;Unknown;Gravel roads;Dry;Daylight;Normal;Collision with pedestrians;2;1;Going straight;na;Not a Pedestrian;Changing lane to the right;Serious Injury
09:02:00;Monday;Male;Junior high school;Employee;1-2yr;Automobile;Owner;Unknown;No defect;Other;Two-way (divided with broken lines road marking);Tangent road with flat terrain;Unknown;Asphalt roads;Dry;Daylight;Normal;Vehicle with vehicle collision;2;1;Going straight;18-30;Not a Pedestrian;Overtaking;Serious Injury
20:10:00;Sunday;Male;unknown;unknown;unknown;Stationwagen;Owner;Above 10yr;No defect;Residential areas;Two-way (divided with broken lines road marking);Tangent road with flat terrain;Crossing;Asphalt roads;Dry;Darkness - lights lit;Normal;Collision with roadside objects;2;2;Turnover;Over 51;Not a Pedestrian;Overloading;Slight Injury
20:10:00;Sunday;Male;Elementary school;Employee;5-10yr;Other;Owner;Unknown;unknown; Church areas;Two-way (divided with broken lines road marking);Tangent road with flat terrain;Crossing;Asphalt roads;Dry;Darkness - lights lit;Normal;Vehicle with vehicle collision;2;2;Reversing;5;Not a Pedestrian;Other;Slight Injury
05:55:00;Thursday;Male;Junior high school;Employee;5-10yr;Lorry (41?100Q);Governmental;Unknown;No defect; Church areas;Double carriageway (median);Tangent road with flat terrain;No junction;Asphalt roads;Dry;Darkness - lights lit;Normal;Rollover;2;2;Moving Backward;18-30;Unknown or other;No priority to vehicle;Slight Injury
05:55:00;Thursday;Male;Junior high school;Employee;Above 10yr;Lorry (41?100Q);Owner;2-5yrs;No defect;Residential areas;Double carriageway (median);Tangent road with flat terrain;No junction;Asphalt roads;Dry;Darkness - lights lit;Normal;Vehicle with vehicle collision;2;2;Other;Over 51;Not a Pedestrian;Changing lane to the right;Slight Injury
20:15:00;Friday;Male;Junior high school;Employee;2-5yr;Long lorry;Owner;unknown;No defect;Office areas;Two-way (divided with broken lines road marking);Tangent road with mild grade and flat terrain;Y Shape;Asphalt roads;Dry;Darkness - lights lit;Normal;Vehicle with vehicle collision;3;3;Going straight;31-50;Unknown or other;Moving Backward;Serious Injury
20:15:00;Friday;Male;Junior high school;Owner;Above 10yr;Stationwagen;Owner;5-10yrs;No defect;Office areas;Two-way (divided with broken lines road marking);Tangent road with mild grade and flat terrain;Y Shape;Asphalt roads;Dry;Darkness - lights lit;Normal;Vehicle with vehicle collision;3;3;Going straight;Under 18;Crossing from nearside - masked by parked or statioNot a Pedestrianry vehicle;Changing lane to the left;Serious Injury
20:15:00;Friday;Male;Junior high school;Employee;2-5yr;Public (12 seats);Owner;2-5yrs;unknown;Residential areas;Two-way (divided with broken lines road marking);Tangent road with flat terrain;Y Shape;Asphalt roads;Dry;Darkness - lights lit;Normal;Vehicle with vehicle collision;3;3;Going straight;na;Not a Pedestrian;No priority to pedestrian;Serious Injury
20:32:00;Tuesday;Male;Elementary school;Other;5-10yr;Automobile;Owner;5-10yrs;unknown; Church areas;other;Tangent road with flat terrain;No junction;Asphalt roads;Dry;Darkness - lights lit;Normal;Vehicle with vehicle collision;3;1;Going straight;31-50;Not a Pedestrian;No distancing;Slight Injury
20:32:00;Tuesday;Male;Elementary school;Employee;5-10yr;Public (12 seats);Owner;unknown;unknown;Other;Two-way (divided with broken lines road marking);Tangent road with flat terrain;No junction;Asphalt roads;Dry;Darkness - lights lit;Normal;Collision with roadside objects;3;1;Going straight;na;Not a Pedestrian;No priority to vehicle;Slight Injury
20:32:00;Tuesday;Male;Junior high school;unknown;5-10yr;Lorry (41?100Q);Owner;unknown;unknown;Office areas;Two-way (divided with broken lines road marking);Tangent road with flat terrain;No junction;Asphalt roads;Dry;Darkness - lights lit;Normal;Vehicle with vehicle collision;3;1;Going straight;18-30;Not a Pedestrian;No distancing;Slight Injury
16:30:00;Monday;Male;Junior high school;Employee;5-10yr;Automobile;Owner;unknown;unknown;Other;Two-way (divided with broken lines road marking);Tangent road with flat terrain;No junction;Asphalt roads;Dry;Daylight;Normal;Vehicle with vehicle collision;2;1;Going straight;18-30;Not a Pedestrian;No distancing;Slight Injury
16:30:00;Monday;Male;Elementary school;Employee;Above 10yr;Lorry (41?100Q);Owner;unknown;unknown;Other;Two-way (divided with broken lines road marking);Tangent road with flat terrain;No junction;Asphalt roads;Dry;Daylight;Normal;Collision with roadside objects;2;1;Going straight;Over 51;Not a Pedestrian;Moving Backward;Slight Injury
20:00:00;Tuesday;Male;Junior high school;unknown;Below 1yr;Lorry (41?100Q);Owner;unknown;unknown;unknown;unknown;Tangent road with flat terrain;No junction;Asphalt roads;Dry;Darkness - lights lit;Normal;Collision with roadside objects;2;1;Going straight;Under 18;Not a Pedestrian;Changing lane to the right;Serious Injury
20:00:00;Tuesday;Male;Junior high school;Employee;5-10yr;Pick up upto 10Q;Governmental;2-5yrs;unknown;Residential areas;Two-way (divided with broken lines road marking);unknown;No junction;Asphalt roads;Dry;Darkness - lights lit;Normal;Vehicle with vehicle collision;2;1;Other;18-30;Crossing from driver's nearside;No priority to pedestrian;Serious Injury
15:35:00;Monday;Male;Elementary school;Employee;1-2yr;Other;Owner;Below 1yr;unknown; Church areas;Undivided Two way;Tangent road with flat terrain;Y Shape;Asphalt roads;Dry;Daylight;Normal;Vehicle with vehicle collision;1;1;Moving Backward;Over 51;Crossing from nearside - masked by parked or statioNot a Pedestrianry vehicle;Moving Backward;Slight Injury
15:50:00;Monday;Male;unknown;unknown;unknown;Automobile;unknown;unknown;unknown;Other;Undivided Two way;Tangent road with flat terrain;Y Shape;Asphalt roads;Dry;Daylight;Normal;Vehicle with vehicle collision;1;1;Going straight;31-50;Not a Pedestrian;Getting off the vehicle improperly;Serious Injury
22:59:00;Friday;Male;Junior high school;Employee;Above 10yr;Automobile;Owner;Unknown;unknown;Other;One way;Tangent road with flat terrain;Other;Asphalt roads;Dry;Darkness - lights lit;Normal;Vehicle with vehicle collision;2;1;Moving Backward;na;Not a Pedestrian;Overtaking;Serious Injury
22:59:00;Friday;Male;High school;Owner;2-5yr;Lorry (11?40Q);Owner;Unknown;No defect;Residential areas;Two-way (divided with broken lines road marking);Tangent road with flat terrain;Other;Asphalt roads;Dry;Darkness - lights lit;Normal;Collision with roadside objects;2;1;Going straight;31-50;Not a Pedestrian;Overloading;Serious Injury
23:00:00;Saturday;Male;Junior high school;Employee;1-2yr;Bajaj;Owner;Unknown;unknown;Office areas;One way;Tangent road with flat terrain;Y Shape;Asphalt roads;Dry;Darkness - lights lit;Normal;Vehicle with vehicle collision;1;1;Moving Backward;31-50;Not a Pedestrian;Changing lane to the right;Slight Injury
16:15:00;Thursday;Male;Junior high school;Employee;1-2yr;Automobile;Owner;Unknown;No defect; Industrial areas;Two-way (divided with broken lines road marking);Tangent road with flat terrain;Crossing;Asphalt roads;Dry;Daylight;Normal;Vehicle with vehicle collision;2;2;unknown;na;Not a Pedestrian;Improper parking;Slight Injury
16:15:00;Thursday;Male;Above high school;Owner;2-5yr;Lorry (41?100Q);Governmental;unknown;No defect;Residential areas;Double carriageway (median);Tangent road with flat terrain;Crossing;Other;Dry;Daylight;Normal;Vehicle with vehicle collision;2;2;Going straight;18-30;Not a Pedestrian;Other;Slight Injury
06:45:00;Monday;Female;unknown;unknown;unknown;Lorry (11?40Q);Owner;unknown;No defect;Office areas;Unknown;Tangent road with flat terrain;No junction;unknown;Dry;Darkness - no lighting;Normal;Vehicle with vehicle collision;1;1;Going straight;na;Not a Pedestrian;Changing lane to the left;Slight Injury
15:28:00;Thursday;Male;Elementary school;Owner;2-5yr;Lorry (11?40Q);Owner;2-5yrs;unknown;Other;unknown;Tangent road with flat terrain;Y Shape;Asphalt roads;Dry;Daylight;Normal;Vehicle with vehicle collision;2;2;Going straight;18-30;Not a Pedestrian;Changing lane to the right;Slight Injury
15:28:00;Thursday;Male;Junior high school;Employee;1-2yr;Automobile;Owner;Unknown;unknown; Church areas;other;Tangent road with flat terrain;Y Shape;Asphalt roads;Dry;Daylight;Normal;Vehicle with vehicle collision;2;2;Going straight;31-50;Crossing from nearside - masked by parked or statioNot a Pedestrianry vehicle;No priority to pedestrian;Slight Injury
17:07:00;Saturday;Male;unknown;Owner;5-10yr;unknown;Owner;Above 10yr;unknown; Industrial areas;unknown;Tangent road with flat terrain;Y Shape;Asphalt roads;Dry;Daylight;Normal;Collision with roadside objects;3;1;Other;18-30;Not a Pedestrian;Overspeed;Slight Injury
17:07:00;Saturday;Male;Junior high school;Employee;Below 1yr;Automobile;Owner;Unknown;No defect;  Recreational areas;One way;Tangent road with flat terrain;Y Shape;Asphalt roads;Dry;Daylight;Normal;Vehicle with vehicle collision;3;1;Going straight;18-30;Not a Pedestrian;Changing lane to the left;Slight Injury
17:07:00;Saturday;Male;Junior high school;Employee;2-5yr;Public (13?45 seats);Owner;Unknown;No defect;  Market areas;Undivided Two way;Tangent road with flat terrain;Y Shape;Asphalt roads;Dry;Daylight;Normal;Collision with pedestrians;3;1;Moving Backward;na;Not a Pedestrian;No priority to vehicle;Slight Injury
13:13:00;Monday;Male;Junior high school;Employee;5-10yr;Public (12 seats);Owner;Unknown;No defect;Other;Two-way (divided with broken lines road marking);Tangent road with flat terrain;Crossing;Asphalt roads;Dry;Daylight;Normal;Collision with roadside objects;2;3;Moving Backward;31-50;Not a Pedestrian;Changing lane to the right;Slight Injury
13:13:00;Monday;Male;Junior high school;Employee;Above 10yr;Other;Owner;Unknown;unknown;Other;Two-way (divided with broken lines road marking);Tangent road with flat terrain;Crossing;Asphalt roads;Dry;Daylight;Normal;Collision with roadside objects;2;3;Moving Backward;18-30;Not a Pedestrian;No distancing;Slight Injury
13:13:00;Monday;Male;Elementary school;Employee;2-5yr;Automobile;Owner;Unknown;No defect; Industrial areas;Two-way (divided with broken lines road marking);unknown;Crossing;Asphalt roads;Dry;Daylight;Normal;Vehicle with vehicle collision;2;3;Going straight;na;Not a Pedestrian;No priority to pedestrian;Slight Injury
11:36:00;Wednesday;Male;Elementary school;Owner;Above 10yr;Automobile;Governmental;2-5yrs;unknown;Other;Two-way (divided with broken lines road marking);Tangent road with flat terrain;No junction;Asphalt roads;Dry;Daylight;Normal;Rollover;2;1;Going straight;Under 18;Not a Pedestrian;No distancing;Slight Injury
11:36:00;Wednesday;Female;Junior high school;Employee;1-2yr;Public (13?45 seats);Governmental;unknown;unknown;Office areas;other;Tangent road with flat terrain;No junction;Asphalt roads;Dry;Daylight;Normal;Vehicle with vehicle collision;2;1;Going straight;na;Not a Pedestrian;No priority to vehicle;Slight Injury
08:50:00;Friday;Male;Junior high school;Employee;5-10yr;Public (13?45 seats);Owner;Unknown;unknown;unknown;other;Tangent road with flat terrain;No junction;Asphalt roads;Dry;Daylight;Normal;Vehicle with vehicle collision;2;1;Going straight;Over 51;Not a Pedestrian;Other;Slight Injury
08:50:00;Friday;Male;Junior high school;Employee;2-5yr;Automobile;Owner;unknown;unknown;Office areas;Two-way (divided with broken lines road marking);Tangent road with flat terrain;No junction;Asphalt roads;Dry;Daylight;Normal;Vehicle with vehicle collision;2;1;Other;31-50;Not a Pedestrian;Driving carelessly;Slight Injury
14:20:00;Thursday;Male;Junior high school;Employee;2-5yr;Other;Owner;unknown;unknown;Office areas;Undivided Two way;Tangent road with flat terrain;Y Shape;Other;Dry;Daylight;Normal;Vehicle with vehicle collision;2;1;Going straight;na;Not a Pedestrian;Changing lane to the left;Slight Injury
14:20:00;Thursday;Male;Junior high school;Employee;2-5yr;Pick up upto 10Q;Organization;Unknown;unknown;Other;other;Tangent road with flat terrain;Y Shape;Asphalt roads;Dry;Daylight;Normal;Vehicle with vehicle collision;2;1;Going straight;31-50;Unknown or other;Driving carelessly;Slight Injury