Time;Day_of_week;Sex_of_driver;Educational_level;Vehicle_driver_relation;Driving_experience;Type_of_vehicle;Owner_of_vehicle;Service_year_of_vehicle;Defect_of_vehicle;Area_accident_occured;Lanes_or_Medians;Road_allignment;Types_of_Junction;Road_surface_type;Road_surface_conditions;Light_conditions;Weather_conditions;Type_of_collision;Number_of_vehicles_involved;Number_of_casualties;Vehicle_movement;Age_band_of_casualty;Pedestrian_movement;Cause_of_accident;Accident_severity
22:25:00;Friday;Male;unknown;unknown;unknown;unknown;Owner;1-2yr;No defect;Office areas;Double carriageway (median);Tangent road with flat terrain;Crossing;Asphalt roads;Wet or damp;Darkness - lights lit;Normal;Vehicle with vehicle collision;2;1;Reversing;31-50;Not a Pedestrian;Driving to the left;Slight Injury
22:25:00;Friday;Male;Junior high school;Employee;Above 10yr;Other;Owner;Unknown;No defect; Church areas;Undivided Two way;Tangent road with flat terrain;Crossing;Asphalt roads;Wet or damp;Darkness - lights lit;Normal;Vehicle with vehicle collision;2;1;Going straight;31-50;Not a Pedestrian;Driving carelessly;Slight Injury
11:50:00;Sunday;Male;Junior high school;unknown;unknown;Automobile;Owner;unknown;unknown;Office areas;Undivided Two way;Tangent road with flat terrain;O Shape;Asphalt roads;Dry;Daylight;Normal;Vehicle with vehicle collision;2;1;Going straight;na;Not a Pedestrian;Driving to the left;Slight Injury
11:50:00;Sunday;Male;Junior high school;Employee;1-2yr;Pick up upto 10Q;Owner;unknown;No defect;Office areas;other;Tangent road with flat terrain;O Shape;Asphalt roads;Dry;Daylight;Normal;Vehicle with vehicle collision;2;1;Other;Under 18;Not a Pedestrian;Driving carelessly;Slight Injury
22:50:00;Friday;Male;Junior high school;Owner;2-5yr;Automobile;Owner;unknown;unknown;Residential areas;Two-way (divided with broken lines road marking);Tangent road with flat terrain;Y Shape;Asphalt roads;Dry;Darkness - lights unlit;Normal;Collision with pedestrians;1;1;Going straight;na;Not a Pedestrian;No priority to pedestrian;Serious Injury
12:15:00;Tuesday;Male;unknown;Employee;unknown;Public (12 seats);Owner;5-10yrs;unknown;Office areas;Two-way (divided with broken lines road marking);Tangent road with flat terrain;Y Shape;Asphalt roads;Wet or damp;Daylight;Normal;Collision with pedestrians;2;3;Going straight;18-30;Not a Pedestrian;Driving carelessly;Fatal injury
12:15:00;Tuesday;Male;Junior high school;Employee;Above 10yr;Automobile;Owner;5-10yrs;unknown;Residential areas;Undivided Two way;Tangent road with flat terrain;Y Shape;Asphalt roads;Wet or damp;Daylight;Normal;Collision with roadside objects;2;3;Going straight;18-30;Not a Pedestrian;Changing lane to the right;Fatal injury
12:15:00;Tuesday;Male;Junior high school;Owner;2-5yr;Other;Owner;2-5yrs;unknown;Office areas;Double carriageway (median);Tangent road with flat terrain;Y Shape;Asphalt roads;Wet or damp;Daylight;Normal;Collision with pedestrians;2;3;Turnover;na;Not a Pedestrian;Moving Backward;Fatal injury
16:17:00;Thursday;Male;Junior high school;Employee;5-10yr;Public (12 seats);Owner;2-5yrs;No defect;Office areas;Double carriageway (median);Tangent road with flat terrain;Y Shape;Asphalt roads;Wet or damp;Daylight;Cloudy;Vehicle with vehicle collision;1;1;Going straight;Under 18;Not a Pedestrian;Driving carelessly;Slight Injury
07:59:00;Thursday;Male;Junior high school;Employee;2-5yr;Stationwagen;unknown;unknown;No defect;Other;Two-way (divided with broken lines road marking);Tangent road with flat terrain;No junction;Asphalt roads;Wet or damp;Daylight;Normal;Vehicle with vehicle collision;1;1;Going straight;18-30;Not a Pedestrian;Changing lane to the right;Serious Injury
17:23:00;Tuesday;Male;Junior high school;Employee;1-2yr;Lorry (41?100Q);Owner;Unknown;No defect;Other;Two-way (divided with broken lines road marking);Tangent road with flat terrain;Y Shape;Asphalt roads;Wet or damp;Darkness - no lighting;Normal;Vehicle with vehicle collision;3;1;Reversing;na;Not a Pedestrian;Driving carelessly;Slight Injury
17:23:00;Tuesday;Male;Junior high school;Employee;5-10yr;Lorry (41?100Q);Owner;Above 10yr;No defect;Residential areas;Two-way (divided with broken lines road marking);Tangent road with flat terrain;Y Shape;Asphalt roads;Wet or damp;Darkness - no lighting;Normal;Collision with roadside objects;3;1;Other;18-30;Not a Pedestrian;Driving carelessly;Slight Injury
17:23:00;Tuesday;Unknown;Junior high school;Employee;2-5yr;Lorry (41?100Q);Owner;Unknown;unknown; Church areas;Two-way (divided with broken lines road marking);Tangent road with flat terrain;Y Shape;Gravel roads;Wet or damp;Darkness - no lighting;Normal;Collision with roadside objects;3;1;Going straight;na;Not a Pedestrian;Driving carelessly;Slight Injury
08:15:00;Thursday;Male;Elementary school;Employee;5-10yr;Automobile;Governmental;Unknown;No defect; Church areas;Double carriageway (median);Tangent road with flat terrain;Y Shape;Asphalt roads;Wet or damp;Daylight;Normal;Vehicle with vehicle collision;2;1;Going straight;31-50;Not a Pedestrian;Changing lane to the right;Slight Injury
08:15:00;Thursday;Male;Above high school;Owner;5-10yr;Lorry (41?100Q);Owner;2-5yrs;No defect;Residential areas;Double carriageway (median);Tangent road with flat terrain;Y Shape;Asphalt roads;Wet or damp;Daylight;Normal;Vehicle with vehicle collision;2;1;Moving Backward;31-50;Not a Pedestrian;Changing lane to the right;Slight Injury
17:11:00;Monday;Male;Junior high school;Employee;2-5yr;unknown;Owner;unknown;No defect;Office areas;Two-way (divided with broken lines road marking);Tangent road with mild grade and flat terrain;Crossing;Asphalt roads;Dry;Darkness - lights lit;Normal;Vehicle with vehicle collision;2;1;Reversing;Over 51;Not a Pedestrian;Driving carelessly;Slight Injury
17:11:00;Monday;Male;Junior high school;Employee;2-5yr;Public (12 seats);Owner;5-10yrs;No defect;Office areas;Two-way (divided with broken lines road marking);Tangent road with mild grade and flat terrain;Crossing;Other;Dry;Darkness - lights lit;Normal;Vehicle with vehicle collision;2;1;Going straight;na;Not a Pedestrian;Overtaking;Slight Injury
17:43:00;Tuesday;Male;Junior high school;Employee;2-5yr;Automobile;Owner;2-5yrs;unknown;Residential areas;Two-way (divided with broken lines road marking);Tangent road with flat terrain;O Shape;Asphalt roads;Wet or damp;Darkness - lights lit;Normal;Vehicle with vehicle collision;2;1;Going straight;na;Not a Pedestrian;Changing lane to the right;Slight Injury
17:43:00;Tuesday;Male;Junior high school;Employee;5-10yr;Stationwagen;Owner;5-10yrs;unknown; Church areas;other;Tangent road with flat terrain;O Shape;Other;Wet or damp;Darkness - lights lit;Normal;Vehicle with vehicle collision;2;1;Moving Backward;18-30;Not a Pedestrian;No distancing;Slight Injury
19:35:00;Friday;Male;Junior high school;Employee;1-2yr;Automobile;Owner;unknown;unknown;Other;Two-way (divided with broken lines road marking);Tangent road with flat terrain;No junction;Asphalt roads;Wet or damp;Darkness - lights lit;Normal;Vehicle with vehicle collision;1;1;Going straight;na;Not a Pedestrian;Other;Serious Injury
08:10:00;Thursday;Male;Junior high school;Owner;2-5yr;Lorry (41?100Q);Owner;unknown;unknown;Office areas;Two-way (divided with broken lines road marking);Tangent road with flat terrain;Y Shape;Asphalt roads;Wet or damp;Daylight;Normal;Vehicle with vehicle collision;1;1;Going straight;Over 51;Not a Pedestrian;Changing lane to the right;Slight Injury
20:00:00;Thursday;Male;High school;Owner;2-5yr;Other;Owner;unknown;unknown;Other;Two-way (divided with broken lines road marking);Tangent road with flat terrain;Y Shape;Asphalt roads;Dry;Darkness - lights lit;Normal;Vehicle with vehicle collision;2;2;Going straight;Under 18;Not a Pedestrian;Changing lane to the right;Slight Injury
20:00:00;Thursday;Male;unknown;Employee;unknown;Pick up upto 10Q;Owner;unknown;unknown;Other;Two-way (divided with broken lines road marking);Tangent road with flat terrain;Y Shape;Asphalt roads;Dry;Darkness - lights lit;Normal;Collision with roadside objects;2;2;Going straight;na;Not a Pedestrian;Overtaking;Slight Injury
23:05:00;Saturday;Male;Junior high school;Owner;1-2yr;unknown;Owner;unknown;unknown;unknown;unknown;Tangent road with flat terrain;Y Shape;Asphalt roads;Dry;Darkness - lights lit;Normal;Collision with roadside objects;1;1;Going straight;na;Not a Pedestrian;Other;Slight Injury
04:24:00;Friday;Male;Junior high school;unknown;Below 1yr;Lorry (41?100Q);Governmental;2-5yrs;unknown;Residential areas;Two-way (divided with broken lines road marking);unknown;Y Shape;Asphalt roads;Dry;Darkness - lights lit;Normal;Collision with pedestrians;1;1;Going straight;31-50;Not a Pedestrian;Driving to the left;Serious Injury
08:49:00;Monday;Male;High school;Employee;1-2yr;Automobile;Owner;Below 1yr;unknown; Church areas;Undivided Two way;Tangent road with flat terrain;Y Shape;Asphalt roads;Wet or damp;Daylight;Normal;Vehicle with vehicle collision;2;3;unknown;18-30;Not a Pedestrian;Overtaking;Slight Injury
08:49:00;Monday;Male;Above high school;Employee;1-2yr;Public (13?45 seats);unknown;unknown;unknown;Other;Undivided Two way;Tangent road with flat terrain;Y Shape;Asphalt roads;Wet or damp;Daylight;Normal;Vehicle with vehicle collision;2;3;Going straight;na;Not a Pedestrian;No priority to vehicle;Slight Injury
08:49:00;Monday;Male;Junior high school;Employee;Above 10yr;Automobile;Owner;Unknown;unknown;Other;One way;Tangent road with flat terrain;Y Shape;Asphalt roads;Wet or damp;Daylight;Normal;Vehicle with vehicle collision;2;3;Reversing;na;Not a Pedestrian;Moving Backward;Slight Injury
09:52:00;Friday;Male;High school;Employee;1-2yr;Lorry (41?100Q);Owner;Unknown;No defect;Residential areas;Two-way (divided with broken lines road marking);Tangent road with flat terrain;Y Shape;Asphalt roads;Dry;Daylight;Normal;Vehicle with vehicle collision;2;2;Going straight;31-50;Not a Pedestrian;Other;Serious Injury
09:52:00;Friday;Male;Junior high school;Employee;2-5yr;Public (12 seats);Owner;Unknown;unknown;Office areas;One way;Tangent road with flat terrain;Y Shape;Asphalt roads;Dry;Daylight;Normal;Vehicle with vehicle collision;2;2;Going straight;31-50;Not a Pedestrian;No priority to vehicle;Serious Injury
16:30:00;Monday;Male;Above high school;Other;2-5yr;Motorcycle;Owner;Unknown;No defect; Industrial areas;Two-way (divided with broken lines road marking);Tangent road with flat terrain;Crossing;Asphalt roads;Dry;Darkness - lights lit;Normal;Vehicle with vehicle collision;2;1;Going straight;Over 51;Crossing from nearside - masked by parked or statioNot a Pedestrianry vehicle;No priority to pedestrian;Slight Injury
16:30:00;Monday;Male;High school;Employee;Above 10yr;Public (12 seats);Governmental;unknown;No defect;Residential areas;Double carriageway (median);Tangent road with flat terrain;Crossing;Asphalt roads;Dry;Darkness - lights lit;Normal;Vehicle with vehicle collision;2;1;Going straight;18-30;Not a Pedestrian;Changing lane to the right;Slight Injury
16:40:00;Thursday;Male;Elementary school;Employee;5-10yr;Lorry (41?100Q);Owner;unknown;No defect;Office areas;Unknown;Tangent road with flat terrain;No junction;Asphalt roads;Wet or damp;Daylight;Normal;Vehicle with vehicle collision;2;1;Going straight;na;Not a Pedestrian;Changing lane to the right;Slight Injury
16:40:00;Thursday;Male;High school;Employee;1-2yr;Automobile;Owner;2-5yrs;unknown;Other;unknown;Tangent road with flat terrain;No junction;Asphalt roads;Wet or damp;Daylight;Normal;Vehicle with vehicle collision;2;1;Going straight;31-50;Not a Pedestrian;Changing lane to the right;Slight Injury
17:45:00;Tuesday;Male;High school;Employee;5-10yr;Lorry (41?100Q);Owner;Unknown;unknown; Church areas;other;Tangent road with flat terrain;No junction;Asphalt roads;Wet or damp;Darkness - lights lit;Raining;Collision with pedestrians;2;1;Other;31-50;Not a Pedestrian;Driving to the left;Slight Injury
17:45:00;Tuesday;Male;High school;Employee;2-5yr;Stationwagen;Owner;Above 10yr;unknown; Industrial areas;unknown;Tangent road with flat terrain;No junction;Asphalt roads;Wet or damp;Darkness - lights lit;Raining;Collision with pedestrians;2;1;Moving Backward;31-50;Crossing from nearside - masked by parked or statioNot a Pedestrianry vehicle;Changing lane to the left;Slight Injury
03:16:00;Saturday;Male;Junior high school;Employee;1-2yr;Pick up upto 10Q;Owner;Unknown;No defect;  Recreational areas;One way;Tangent road with flat terrain;No junction;Asphalt roads;Dry;Darkness - lights lit;Normal;Vehicle with vehicle collision;2;1;Other;18-30;Not a Pedestrian;Moving Backward;Slight Injury
03:16:00;Saturday;Female;Above high school;Employee;Above 10yr;Automobile;Owner;Unknown;No defect;  Market areas;Undivided Two way;Tangent road with flat terrain;No junction;Asphalt roads;Dry;Darkness - lights lit;Normal;Vehicle with vehicle collision;2;1;Going straight;na;Not a Pedestrian;Driving at high speed;Slight Injury
18:58:00;Thursday;Male;Above high school;Employee;2-5yr;Automobile;Owner;Unknown;No defect;Other;Two-way (divided with broken lines road marking);Tangent road with flat terrain;Crossing;Asphalt roads;Dry;Darkness - lights lit;Normal;Vehicle with vehicle collision;1;1;Going straight;31-50;Not a Pedestrian;Moving Backward;Slight Injury
20:00:00;Thursday;Male;Elementary school;Employee;5-10yr;unknown;Owner;Unknown;unknown;Other;Two-way (divided with broken lines road marking);Tangent road with flat terrain;Y Shape;Asphalt roads;Dry;Darkness - no lighting;Unknown;Vehicle with vehicle collision;2;2;Going straight;na;Not a Pedestrian;No distancing;Serious Injury
20:00:00;Thursday;Male;Elementary school;Employee;1-2yr;Other;Owner;Unknown;No defect; Industrial areas;Two-way (divided with broken lines road marking);unknown;Y Shape;Earth roads;Dry;Darkness - no lighting;Unknown;Vehicle with vehicle collision;2;2;Other;na;Not a Pedestrian;Other;Serious Injury
20:00:00;Thursday;Male;Junior high school;Employee;unknown;Automobile;Governmental;2-5yrs;unknown;Other;Two-way (divided with broken lines road marking);Tangent road with flat terrain;Y Shape;Asphalt roads;Dry;Darkness - no lighting;Unknown;Vehicle with vehicle collision;2;2;Going straight;18-30;Not a Pedestrian;No priority to vehicle;Serious Injury
18:15:00;Tuesday;Male;unknown;unknown;unknown;Public (13?45 seats);Governmental;unknown;unknown;Office areas;other;Tangent road with flat terrain;Y Shape;Asphalt roads;Dry;Darkness - lights lit;Normal;Vehicle with vehicle collision;1;1;unknown;na;Not a Pedestrian;Changing lane to the right;Serious Injury
23:15:00;Thursday;Male;Elementary school;Employee;5-10yr;Public (13?45 seats);Owner;Unknown;unknown;unknown;other;Tangent road with flat terrain;Y Shape;Asphalt roads;Dry;Darkness - lights lit;Normal;Vehicle with vehicle collision;1;1;Going straight;18-30;Not a Pedestrian;Other;Slight Injury
11:10:00;Tuesday;Male;Junior high school;Employee;2-5yr;Automobile;Owner;unknown;unknown;Office areas;Two-way (divided with broken lines road marking);Tangent road with flat terrain;Crossing;Asphalt roads;Dry;Daylight;Normal;Vehicle with vehicle collision;2;1;Going straight;na;Not a Pedestrian;No distancing;Slight Injury
11:10:00;Tuesday;Male;Junior high school;Employee;5-10yr;Public (12 seats);Owner;unknown;unknown;Office areas;Undivided Two way;Tangent road with flat terrain;Crossing;Asphalt roads;Dry;Daylight;Normal;Vehicle with vehicle collision;2;1;Going straight;Under 18;Not a Pedestrian;Driving carelessly;Slight Injury
13:40:00;Friday;Male;High school;Employee;2-5yr;Public (12 seats);Organization;Unknown;unknown;Other;other;Tangent road with flat terrain;Y Shape;Asphalt roads;Dry;Daylight;Normal;Vehicle with vehicle collision;2;1;Going straight;18-30;Not a Pedestrian;No distancing;Slight Injury
13:40:00;Friday;Male;Junior high school;Employee;1-2yr;Lorry (41?100Q);Governmental;2-5yrs;unknown;Other;other;Tangent road with flat terrain;Y Shape;Asphalt roads;Dry;Daylight;Normal;Vehicle with vehicle collision;2;1;Moving Backward;18-30;Not a Pedestrian;Moving Backward;Slight Injury
09:16:00;Tuesday;Male;Junior high school;Employee;1-2yr;Automobile;Owner;Unknown;No defect;Other;Undivided Two way;Tangent road with flat terrain;Y Shape;Asphalt roads;Dry;Daylight;Normal;Vehicle with vehicle collision;1;1;Moving Backward;Under 18;Not a Pedestrian;No distancing;Slight Injury
17:00:00;Thursday;Male;Junior high school;Employee;5-10yr;Pick up upto 10Q;Owner;Above 10yr;unknown;Other;other;Tangent road with flat terrain;Y Shape;Asphalt roads;Dry;Darkness - lights lit;Normal;Vehicle with vehicle collision;2;1;Going straight;18-30;Crossing from nearside - masked by parked or statioNot a Pedestrianry vehicle;Moving Backward;Serious Injury
17:00:00;Thursday;Male;Illiterate;Employee;unknown;Pick up upto 10Q;unknown;unknown;unknown;Residential areas;Undivided Two way;Tangent road with flat terrain;Y Shape;Asphalt roads;Dry;Darkness - lights lit;Normal;Vehicle with vehicle collision;2;1;Going straight;5;Not a Pedestrian;No priority to pedestrian;Serious Injury
15:18:00;Monday;Male;Junior high school;Employee;5-10yr;Lorry (41?100Q);Owner;2-5yrs;No defect; Church areas;Undivided Two way;Tangent road with flat terrain;Crossing;Gravel roads;Wet or damp;Daylight;Other;Vehicle with vehicle collision;2;1;Turnover;na;Not a Pedestrian;Changing lane to the left;Slight Injury
15:18:00;Monday;Male;Junior high school;Employee;1-2yr;Automobile;Owner;2-5yrs;unknown;Office areas;Double carriageway (median);Tangent road with flat terrain;Crossing;Asphalt roads;Wet or damp;Daylight;Other;Vehicle with vehicle collision;2;1;Going straight;18-30;Not a Pedestrian;No distancing;Slight Injury
10:40:00;Tuesday;Male;Junior high school;Employee;2-5yr;Stationwagen;Owner;2-5yrs;unknown; Church areas;other;Tangent road with flat terrain;Crossing;Earth roads;Dry;Daylight;Normal;Vehicle with vehicle collision;2;2;Going straight;18-30;Not a Pedestrian;Other;Slight Injury
10:40:00;Tuesday;Male;Junior high school;Employee;Above 10yr;Motorcycle;Owner;2-5yrs;unknown;Other;Two-way (divided with broken lines road marking);Tangent road with flat terrain;Crossing;Asphalt roads;Dry;Daylight;Normal;Vehicle with vehicle collision;2;2;Going straight;31-50;Not a Pedestrian;No distancing;Slight Injury
10:40:00;Tuesday;Male;Junior high school;Owner;5-10yr;unknown;Owner;unknown;unknown;unknown;other;Tangent road with flat terrain;Crossing;Asphalt roads;Dry;Daylight;Normal;Vehicle with vehicle collision;2;2;Going straight;31-50;Not a Pedestrian;No priority to pedestrian;Slight Injury
17:23:00;Tuesday;Male;High school;Employee;1-2yr;Other;Owner;1-2yr;unknown;School areas;other;Steep grade downward with mountainous terrain;No junction;Asphalt roads;Dry;Daylight;Normal;Vehicle with vehicle collision;1;1;Going straight;na;Not a Pedestrian;Moving Backward;Slight Injury
16:45:00;Wednesday;Male;Junior high school;Employee;Above 10yr;Automobile;Owner;5-10yrs;unknown;Office areas;Two-way (divided with broken lines road marking);Tangent road with mild grade and flat terrain;No junction;Earth roads;Dry;Daylight;Normal;Collision with roadside objects;2;1;Going straight;31-50;Not a Pedestrian;No priority to pedestrian;Slight Injury
16:45:00;Wednesday;Male;Junior high school;Employee;1-2yr;Automobile;Owner;Below 1yr;unknown;Other;other;Steep grade downward with mountainous terrain;No junction;Asphalt roads;Dry;Daylight;Normal;Collision with roadside objects;2;1;Going straight;na;Not a Pedestrian;No distancing;Slight Injury
13:40:00;Sunday;Male;Junior high school;Employee;2-5yr;unknown;Owner;Unknown;unknown;Office areas;Undivided Two way;Tangent road with flat terrain;Y Shape;Asphalt roads;Wet or damp;Daylight;Raining;Vehicle with vehicle collision;2;1;Going straight;Over 51;Not a Pedestrian;No priority to pedestrian;Slight Injury
13:40:00;Sunday;Male;Junior high school;Employee;Above 10yr;Public (> 45 seats);Owner;unknown;unknown;Other;Undivided Two way;Tangent road with flat terrain;Y Shape;Asphalt roads;Wet or damp;Daylight;Raining;Vehicle with vehicle collision;2;1;unknown;18-30;Not a Pedestrian;Driving carelessly;Slight Injury
16:50:00;Monday;Male;Junior high school;Employee;2-5yr;Automobile;Owner;2-5yrs;unknown;Other;Two-way (divided with broken lines road marking);Tangent road with flat terrain;Y Shape;Asphalt roads;Dry;Daylight;Normal;Vehicle with vehicle collision;2;1;Other;Over 51;Not a Pedestrian;Getting off the vehicle improperly;Slight Injury
16:50:00;Monday;Male;Elementary school;Employee;5-10yr;Other;Owner;unknown;unknown;Office areas;Undivided Two way;Tangent road with flat terrain;Y Shape;Asphalt roads;Dry;Daylight;Normal;Vehicle with vehicle collision;2;1;Getting off;na;Not a Pedestrian;Driving carelessly;Slight Injury
20:20:00;Thursday;Male;unknown;unknown;unknown;Automobile;Owner;unknown;No defect;Other;Double carriageway (median);Tangent road with flat terrain;Crossing;Asphalt roads;Wet or damp;Darkness - lights lit;Normal;Collision with roadside objects;3;2;Going straight;na;Not a Pedestrian;Changing lane to the left;Slight Injury
20:20:00;Thursday;Male;Elementary school;Employee;1-2yr;Other;Owner;unknown;unknown; Church areas;other;Tangent road with flat terrain;Crossing;Asphalt roads;Wet or damp;Darkness - lights lit;Normal;Vehicle with vehicle collision;3;2;Going straight;18-30;Not a Pedestrian;No priority to vehicle;Slight Injury
20:20:00;Thursday;Male;Elementary school;Employee;5-10yr;Lorry (41?100Q);Owner;unknown;No defect;Office areas;Two-way (divided with broken lines road marking);Tangent road with flat terrain;Crossing;Asphalt roads;Wet or damp;Darkness - lights lit;Normal;Collision with roadside objects;3;2;Going straight;na;Not a Pedestrian;Changing lane to the right;Slight Injury
20:20:00;Thursday;Male;Elementary school;Employee;5-10yr;Pick up upto 10Q;Owner;Above 10yr;No defect;Office areas;Two-way (divided with broken lines road marking);Tangent road with flat terrain;Crossing;Asphalt roads;Wet or damp;Darkness - lights lit;Normal;Collision with roadside objects;3;2;Other;18-30;Not a Pedestrian;Changing lane to the right;Slight Injury
10:45:00;Sunday;Male;Junior high school;Employee;1-2yr;Public (13?45 seats);Owner;2-5yrs;unknown;Other;Undivided Two way;Tangent road with mountainous terrain and;Crossing;Asphalt roads;Wet or damp;Daylight;Raining;Collision with pedestrians;2;1;Going straight;18-30;Not a Pedestrian;No distancing;Slight Injury
10:45:00;Sunday;Male;Junior high school;Employee;5-10yr;Automobile;Owner;2-5yrs;unknown;Residential areas;Undivided Two way;Tangent road with flat terrain;Crossing;Asphalt roads;Wet or damp;Daylight;Raining;Vehicle with vehicle collision;2;1;Moving Backward;na;Not a Pedestrian;No distancing;Slight Injury
00:04:00;Saturday;Male;Junior high school;Employee;5-10yr;Pick up upto 10Q;Owner;Unknown;No defect;Residential areas;Undivided Two way;Tangent road with flat terrain;Crossing;Asphalt roads;Dry;Darkness - lights lit;Normal;Collision with roadside objects;1;1;Other;18-30;Not a Pedestrian;Changing lane to the left;Serious Injury
18:00:00;Tuesday;Male;Junior high school;Employee;2-5yr;Automobile;Owner;5-10yrs;7;unknown;Two-way (divided with broken lines road marking);Tangent road with flat terrain;Y Shape;Asphalt roads;Dry;Darkness - lights lit;Normal;Vehicle with vehicle collision;1;1;Going straight;31-50;Not a Pedestrian;Changing lane to the right;Slight Injury
07:18:00;Thursday;Male;Junior high school;Employee;1-2yr;Lorry (41?100Q);Owner;Unknown;7;Other;other;Tangent road with flat terrain;Other;Asphalt roads;Dry;Daylight;Normal;Vehicle with vehicle collision;2;1;Going straight;Over 51;Crossing from nearside - masked by parked or statioNot a Pedestrianry vehicle;No priority to vehicle;Slight Injury
07:18:00;Thursday;Male;Junior high school;Employee;5-10yr;Automobile;Owner;Unknown;No defect;Office areas;unknown;Steep grade downward with mountainous terrain;Other;Asphalt roads;Dry;Daylight;Normal;Vehicle with vehicle collision;2;1;Going straight;18-30;Not a Pedestrian;Changing lane to the left;Slight Injury
20:05:00;Sunday;Male;Junior high school;Employee;Below 1yr;Lorry (41?100Q);Governmental;Unknown;No defect;School areas;Double carriageway (median);Tangent road with flat terrain;Crossing;Asphalt roads;Dry;Darkness - lights lit;Normal;Vehicle with vehicle collision;2;1;unknown;na;Not a Pedestrian;No priority to vehicle;Slight Injury
20:05:00;Sunday;Male;Junior high school;Employee;5-10yr;Lorry (41?100Q);Owner;Unknown;No defect;Other;Two-way (divided with broken lines road marking);Steep grade downward with mountainous terrain;Crossing;Asphalt roads;Dry;Darkness - lights lit;Normal;Vehicle with vehicle collision;2;1;Going straight;na;Not a Pedestrian;Moving Backward;Slight Injury
14:23:00;Wednesday;Male;Junior high school;Owner;5-10yr;Lorry (41?100Q);Owner;5-10yrs;No defect;Other;Two-way (divided with broken lines road marking);Tangent road with rolling terrain;Crossing;Asphalt roads;Wet or damp;Daylight;Normal;Vehicle with vehicle collision;1;1;Going straight;18-30;Not a Pedestrian;Turnover;Slight Injury
19:06:00;Saturday;Male;unknown;Owner;5-10yr;Public (13?45 seats);Governmental;Unknown;No defect; Church areas;Two-way (divided with broken lines road marking);Tangent road with flat terrain;Unknown;Asphalt roads;Dry;Darkness - lights lit;Normal;Collision with roadside objects;2;2;Going straight;Over 51;Not a Pedestrian;No distancing;Slight Injury
19:06:00;Saturday;Male;Junior high school;Employee;5-10yr;Automobile;unknown;unknown;unknown;Office areas;unknown;Tangent road with mild grade and flat terrain;Unknown;Asphalt roads;Dry;Darkness - lights lit;Normal;Vehicle with vehicle collision;2;2;Going straight;31-50;Not a Pedestrian;No distancing;Slight Injury
15:23:00;Wednesday;Male;High school;Employee;2-5yr;Other;Owner;unknown;unknown;Other;Two-way (divided with broken lines road marking);Tangent road with mild grade and flat terrain;Y Shape;Earth roads;Wet or damp;Daylight;Raining;Collision with roadside objects;1;1;Going straight;31-50;Not a Pedestrian;No distancing;Slight Injury
18:20:00;Monday;Male;Above high school;Employee;5-10yr;Other;Governmental;unknown;No defect;Residential areas;Double carriageway (median);Tangent road with flat terrain;Y Shape;Asphalt roads;Dry;Darkness - lights lit;Normal;Vehicle with vehicle collision;4;1;Going straight;na;Not a Pedestrian;Changing lane to the left;Slight Injury
18:20:00;Monday;Male;Junior high school;Employee;Above 10yr;Other;Owner;unknown;unknown;Office areas;Two-way (divided with broken lines road marking);Tangent road with flat terrain;Y Shape;Asphalt roads;Dry;Darkness - lights lit;Normal;Vehicle with vehicle collision;4;1;Going straight;31-50;Not a Pedestrian;No priority to vehicle;Slight Injury
18:20:00;Monday;Female;Junior high school;Employee;Below 1yr;Automobile;Owner;unknown;unknown;Office areas;Undivided Two way;Tangent road with flat terrain;Y Shape;Other;Dry;Darkness - lights lit;Normal;Vehicle with vehicle collision;4;1;Going straight;31-50;Not a Pedestrian;Driving at high speed;Slight Injury
18:20:00;Monday;Female;Elementary school;Employee;5-10yr;Other;Owner;Below 1yr;unknown;Office areas;Two-way (divided with broken lines road marking);Tangent road with flat terrain;Y Shape;Asphalt roads;Dry;Darkness - lights lit;Normal;Collision with roadside objects;4;1;Going straight;na;Not a Pedestrian;Overtaking;Slight Injury
00:20:00;Thursday;Male;Elementary school;Employee;2-5yr;Lorry (41?100Q);Organization;1-2yr;unknown; Church areas;unknown;Tangent road with flat terrain;Crossing;Asphalt roads;Dry;Darkness - lights lit;Normal;Collision with roadside objects;2;2;Going straight;31-50;Not a Pedestrian;Other;Slight Injury
00:20:00;Thursday;Male;Junior high school;Employee;2-5yr;Public (12 seats);Owner;unknown;unknown;Office areas;Two-way (divided with broken lines road marking);Tangent road with flat terrain;Crossing;Asphalt roads;Dry;Darkness - lights lit;Normal;Vehicle with vehicle collision;2;2;Going straight;31-50;Not a Pedestrian;Changing lane to the left;Slight Injury
11:14:00;Friday;Male;Junior high school;Employee;1-2yr;Lorry (41?100Q);Owner;1-2yr;unknown;Office areas;Two-way (divided with broken lines road marking);Tangent road with mild grade and flat terrain;No junction;Asphalt roads;Dry;Daylight;Normal;Vehicle with vehicle collision;1;1;unknown;na;Not a Pedestrian;No priority to pedestrian;Slight Injury
11:44:00;Tuesday;Male;Junior high school;Employee;2-5yr;Public (12 seats);Owner;unknown;unknown;Office areas;Two-way (divided with broken lines road marking);Tangent road with mild grade and flat terrain;Other;Asphalt roads;Dry;Daylight;Normal;Vehicle with vehicle collision;1;1;Going straight;18-30;Not a Pedestrian;Changing lane to the left;Serious Injury