Time;Day_of_week;Sex_of_driver;Educational_level;Vehicle_driver_relation;Driving_experience;Type_of_vehicle;Owner_of_vehicle;Service_year_of_vehicle;Defect_of_vehicle;Area_accident_occured;Lanes_or_Medians;Road_allignment;Types_of_Junction;Road_surface_type;Road_surface_conditions;Light_conditions;Weather_conditions;Type_of_collision;Number_of_vehicles_involved;Number_of_casualties;Vehicle_movement;Age_band_of_casualty;Pedestrian_movement;Cause_of_accident;Accident_severity
15:20:00;Thursday;Male;Junior high school;Employee;2-5yr;Public (> 45 seats);Owner;unknown;unknown;Office areas;unknown;Tangent road with flat terrain;Y Shape;Asphalt roads;Dry;Daylight;Normal;Collision with pedestrians;3;3;Going straight;18-30;Crossing from nearside - masked by parked or statioNot a Pedestrianry vehicle;Changing lane to the right;Slight Injury
15:20:00;Thursday;Male;unknown;unknown;unknown;Lorry (41?100Q);Owner;unknown;unknown;Office areas;Two-way (divided with broken lines road marking);Tangent road with flat terrain;Y Shape;Asphalt roads;Dry;Daylight;Normal;Vehicle with vehicle collision;3;3;Going straight;Under 18;Crossing from nearside - masked by parked or statioNot a Pedestrianry vehicle;No priority to vehicle;Slight Injury
15:20:00;Thursday;Male;Elementary school;Employee;No Licence;Public (> 45 seats);Governmental;unknown;No defect;Office areas;Two-way (divided with broken lines road marking);Tangent road with flat terrain;Y Shape;Asphalt roads;Dry;Daylight;Normal;Vehicle with vehicle collision;3;3;Going straight;Under 18;Not a Pedestrian;Moving Backward;Slight Injury
15:20:00;Thursday;Male;Junior high school;Employee;Above 10yr;unknown;Owner;2-5yrs;unknown; Church areas;Undivided Two way;Tangent road with flat terrain;Y Shape;Asphalt roads;Dry;Daylight;Normal;Collision with roadside objects;3;3;Moving Backward;Over 51;Not a Pedestrian;Driving carelessly;Slight Injury
12:15:00;Monday;Male;Junior high school;Owner;Above 10yr;unknown;Governmental;unknown;unknown;Office areas;Two-way (divided with broken lines road marking);Tangent road with flat terrain;Y Shape;Asphalt roads;Wet or damp;Daylight;Normal;Vehicle with vehicle collision;2;3;Going straight;na;Not a Pedestrian;Driving carelessly;Slight Injury
12:15:00;Monday;Male;Junior high school;Employee;Above 10yr;Automobile;Governmental;Unknown;unknown;Residential areas;Two-way (divided with broken lines road marking);Tangent road with flat terrain;Y Shape;Asphalt roads;Wet or damp;Daylight;Normal;Vehicle with vehicle collision;2;3;Going straight;na;Not a Pedestrian;Driving under the influence of drugs;Slight Injury
12:15:00;Monday;Male;Junior high school;Employee;Above 10yr;Automobile;Owner;unknown;unknown;School areas;Two-way (divided with broken lines road marking);Tangent road with flat terrain;Y Shape;Asphalt roads;Wet or damp;Daylight;Normal;Vehicle with vehicle collision;2;3;Moving Backward;18-30;Not a Pedestrian;No priority to pedestrian;Slight Injury
12:15:00;Monday;Male;Junior high school;Owner;5-10yr;Lorry (41?100Q);Owner;Unknown;unknown;Office areas;Undivided Two way;Tangent road with flat terrain;Y Shape;Asphalt roads;Wet or damp;Daylight;Normal;Vehicle with vehicle collision;2;3;Moving Backward;na;Not a Pedestrian;No priority to vehicle;Slight Injury
11:30:00;Tuesday;Male;Junior high school;Employee;Below 1yr;Automobile;Owner;5-10yrs;unknown;Other;Undivided Two way;Tangent road with flat terrain;Unknown;Asphalt roads;Wet or damp;Daylight;Normal;Vehicle with vehicle collision;1;1;Going straight;18-30;Not a Pedestrian;Driving carelessly;Slight Injury
00:40:00;Saturday;Male;Junior high school;Employee;2-5yr;Public (13?45 seats);Owner;unknown;unknown;Other;Double carriageway (median);Tangent road with flat terrain;Y Shape;Asphalt roads;Dry;Darkness - lights lit;Normal;Vehicle with vehicle collision;2;1;Going straight;18-30;Not a Pedestrian;Moving Backward;Serious Injury
00:40:00;Saturday;Male;Junior high school;Employee;unknown;Automobile;Governmental;unknown;No defect;Other;Double carriageway (median);Tangent road with flat terrain;Y Shape;Asphalt roads;Dry;Darkness - lights lit;Normal;Vehicle with vehicle collision;2;1;Going straight;na;Not a Pedestrian;Driving carelessly;Serious Injury
16:50:00;Thursday;Male;Above high school;Employee;1-2yr;Public (> 45 seats);Owner;5-10yrs;No defect;Other;Two-way (divided with broken lines road marking);Tangent road with flat terrain;No junction;Asphalt roads;Dry;Daylight;Normal;Vehicle with vehicle collision;1;1;Going straight;18-30;Not a Pedestrian;No priority to vehicle;Slight Injury
05:15:00;Wednesday;Male;Junior high school;Employee;1-2yr;Lorry (41?100Q);Owner;Unknown;No defect;Office areas;Double carriageway (median);Tangent road with mild grade and flat terrain;Y Shape;Asphalt roads;Dry;Daylight;Normal;Collision with roadside objects;2;1;Going straight;na;Not a Pedestrian;Changing lane to the right;Slight Injury
05:15:00;Wednesday;Male;Junior high school;Employee;1-2yr;Automobile;Owner;unknown;unknown;Office areas;Two-way (divided with broken lines road marking);Tangent road with flat terrain;Y Shape;Asphalt roads;Dry;Daylight;Normal;Collision with roadside objects;2;1;Going straight;Under 18;Crossing from offside - masked by  parked or statioNot a Pedestrianry vehicle;Changing lane to the left;Slight Injury
19:00:00;Wednesday;Male;Unknown;Employee;5-10yr;Lorry (11?40Q);Owner;unknown;unknown;Office areas;unknown;Tangent road with mild grade and flat terrain;Crossing;Asphalt roads;Dry;Daylight;Normal;Collision with roadside objects;2;1;Going straight;31-50;Not a Pedestrian;No priority to vehicle;Slight Injury
19:00:00;Wednesday;Male;Junior high school;Employee;Above 10yr;Public (13?45 seats);Owner;unknown;unknown;Office areas;unknown;Tangent road with mild grade and flat terrain;Crossing;Asphalt roads;Dry;Daylight;Normal;Vehicle with vehicle collision;2;1;Going straight;na;Not a Pedestrian;Driving carelessly;Slight Injury
04:10:00;Sunday;Male;Junior high school;Employee;Above 10yr;Public (13?45 seats);Owner;unknown;unknown;Office areas;One way;Tangent road with flat terrain;Y Shape;Asphalt roads;Dry;Daylight;Normal;Collision with pedestrians;1;4;Going straight;18-30;Not a Pedestrian;Moving Backward;Slight Injury
04:10:00;Sunday;Male;Junior high school;Employee;5-10yr;unknown;unknown;unknown;unknown;Office areas;Two-way (divided with broken lines road marking);Tangent road with flat terrain;Y Shape;Asphalt roads;Dry;Daylight;Normal;Vehicle with vehicle collision;1;4;Going straight;18-30;Not a Pedestrian;No distancing;Slight Injury
04:10:00;Sunday;Male;Junior high school;Employee;2-5yr;Long lorry;Owner;unknown;unknown;Office areas;unknown;Tangent road with flat terrain;Y Shape;Asphalt roads;Dry;Daylight;Normal;Collision with pedestrians;1;4;Other;na;Not a Pedestrian;Changing lane to the left;Slight Injury
04:10:00;Sunday;Male;Junior high school;Employee;Below 1yr;Lorry (41?100Q);Owner;5-10yrs;unknown;Other;Undivided Two way;Tangent road with flat terrain;Y Shape;Asphalt roads;Dry;Daylight;Normal;Vehicle with vehicle collision;1;4;Going straight;na;Not a Pedestrian;Changing lane to the left;Slight Injury
09:02:00;Wednesday;Male;Junior high school;Employee;1-2yr;Lorry (11?40Q);Owner;unknown;No defect;Other;Two-way (divided with broken lines road marking);Tangent road with flat terrain;Crossing;Asphalt roads;Dry;Daylight;Normal;Collision with pedestrians;3;1;Reversing;31-50;Not a Pedestrian;No distancing;Serious Injury
09:02:00;Wednesday;Male;Junior high school;Employee;5-10yr;Lorry (41?100Q);unknown;2-5yrs;No defect;Residential areas;Two-way (divided with broken lines road marking);Tangent road with flat terrain;Crossing;Asphalt roads;Dry;Daylight;Normal;Vehicle with vehicle collision;3;1;Going straight;Over 51;Not a Pedestrian;Changing lane to the left;Serious Injury
09:02:00;Wednesday;Male;Junior high school;Employee;Below 1yr;Public (12 seats);Owner;unknown;No defect;Other;Two-way (divided with broken lines road marking);Tangent road with flat terrain;Crossing;Asphalt roads;Dry;Daylight;Normal;Vehicle with vehicle collision;3;1;Reversing;18-30;Not a Pedestrian;Driving carelessly;Serious Injury
13:40:00;Sunday;Male;Elementary school;Employee;5-10yr;unknown;Owner;5-10yrs;No defect;Other;Two-way (divided with broken lines road marking);Tangent road with flat terrain;Crossing;Asphalt roads;Dry;Daylight;Normal;Vehicle with vehicle collision;4;7;Going straight;na;Not a Pedestrian;Changing lane to the left;Slight Injury
13:40:00;Sunday;Male;Junior high school;Employee;2-5yr;Taxi;Governmental;unknown;No defect;Other;Two-way (divided with broken lines road marking);Tangent road with flat terrain;Crossing;Asphalt roads;Dry;Daylight;Normal;Vehicle with vehicle collision;4;7;Reversing;31-50;Not a Pedestrian;No distancing;Slight Injury
13:40:00;Sunday;Male;Junior high school;Employee;5-10yr;unknown;Owner;5-10yrs;unknown;Other;Undivided Two way;Tangent road with flat terrain;Crossing;Asphalt roads;Dry;Daylight;Normal;Vehicle with vehicle collision;4;7;unknown;18-30;Not a Pedestrian;Changing lane to the right;Slight Injury
13:40:00;Sunday;Male;Elementary school;Employee;5-10yr;Automobile;Owner;unknown;unknown; Industrial areas;Undivided Two way;Tangent road with flat terrain;Crossing;Asphalt roads;Dry;Daylight;Normal;Vehicle with vehicle collision;4;7;Going straight;na;Not a Pedestrian;No distancing;Slight Injury
13:40:00;Sunday;Male;Junior high school;Employee;Above 10yr;unknown;Owner;5-10yrs;unknown; Industrial areas;Undivided Two way;Tangent road with flat terrain;Crossing;Asphalt roads;Dry;Daylight;Normal;Vehicle with vehicle collision;4;7;Reversing;18-30;Not a Pedestrian;Driving to the left;Slight Injury
13:40:00;Sunday;Male;Junior high school;Employee;1-2yr;Lorry (41?100Q);Owner;unknown;No defect; Church areas;Double carriageway (median);Tangent road with flat terrain;Crossing;Asphalt roads;Dry;Daylight;Normal;Vehicle with vehicle collision;4;7;Other;na;Not a Pedestrian;No distancing;Slight Injury
13:40:00;Sunday;Male;High school;Employee;Below 1yr;Automobile;Owner;unknown;No defect;Other;Undivided Two way;Tangent road with flat terrain;Crossing;Asphalt roads;Dry;Daylight;Normal;Vehicle with vehicle collision;4;7;Going straight;31-50;Not a Pedestrian;Overtaking;Slight Injury
13:40:00;Sunday;Male;Elementary school;Employee;Above 10yr;Automobile;Owner;Above 10yr;unknown;Other;Undivided Two way;Tangent road with flat terrain;Crossing;Asphalt roads;Dry;Daylight;Normal;Vehicle with vehicle collision;4;7;Going straight;na;Not a Pedestrian;Driving under the influence of drugs;Slight Injury
17:00:00;Sunday;Male;High school;Owner;1-2yr;Lorry (41?100Q);Owner;Unknown;No defect;Office areas;Undivided Two way;Tangent road with flat terrain;No junction;Asphalt roads;Dry;Daylight;Normal;Vehicle with vehicle collision;1;1;Going straight;18-30;Not a Pedestrian;No priority to pedestrian;Slight Injury
15:27:00;Monday;Male;Junior high school;Employee;2-5yr;Automobile;Owner;Unknown;No defect;Office areas;Undivided Two way;Tangent road with flat terrain;Crossing;Asphalt roads;Dry;Daylight;Normal;Vehicle with vehicle collision;2;1;Moving Backward;na;Not a Pedestrian;Moving Backward;Slight Injury
15:27:00;Monday;Male;unknown;Employee;5-10yr;Automobile;Governmental;Below 1yr;unknown;Residential areas;Two-way (divided with broken lines road marking);Tangent road with flat terrain;Crossing;Asphalt roads;Dry;Daylight;Normal;Rollover;2;1;Going straight;31-50;Not a Pedestrian;Changing lane to the right;Slight Injury
16:00:00;Wednesday;Male;High school;Owner;2-5yr;Automobile;Owner;Unknown;No defect; Industrial areas;Undivided Two way;Tangent road with flat terrain;Y Shape;Asphalt roads;Dry;Daylight;Normal;Collision with roadside objects;2;1;Going straight;na;Not a Pedestrian;Changing lane to the left;Slight Injury
16:00:00;Wednesday;Male;High school;Employee;Above 10yr;Taxi;Owner;unknown;No defect;Office areas;Undivided Two way;Tangent road with flat terrain;Y Shape;Asphalt roads;Dry;Daylight;Normal;Vehicle with vehicle collision;2;1;Going straight;na;Not a Pedestrian;Changing lane to the right;Slight Injury
07:45:00;Wednesday;Male;Junior high school;Employee;1-2yr;unknown;Owner;unknown;No defect;Other;Undivided Two way;Tangent road with flat terrain;Y Shape;Asphalt roads;Dry;Daylight;Normal;Vehicle with vehicle collision;2;1;Going straight;31-50;Not a Pedestrian;Driving under the influence of drugs;Slight Injury
07:45:00;Wednesday;Male;Elementary school;Employee;1-2yr;unknown;Owner;unknown;unknown;Other;Two-way (divided with broken lines road marking);Tangent road with flat terrain;Y Shape;Asphalt roads;Dry;Daylight;Normal;Vehicle with vehicle collision;2;1;Other;18-30;Not a Pedestrian;No priority to vehicle;Slight Injury
23:30:00;Friday;Male;High school;Employee;1-2yr;Automobile;Owner;unknown;No defect;Residential areas;Undivided Two way;Tangent road with flat terrain;No junction;Asphalt roads;Dry;Darkness - lights lit;Normal;Collision with pedestrians;2;1;unknown;na;Not a Pedestrian;No priority to vehicle;Serious Injury
23:30:00;Friday;Male;Above high school;Employee;5-10yr;Pick up upto 10Q;Owner;unknown;unknown;Office areas;Two-way (divided with broken lines road marking);Tangent road with flat terrain;No junction;Asphalt roads;Dry;Darkness - lights lit;Normal;Collision with pedestrians;2;1;Going straight;Over 51;Not a Pedestrian;Changing lane to the left;Serious Injury
15:40:00;Thursday;Unknown;unknown;unknown;unknown;unknown;Organization;unknown;unknown;Residential areas;other;Tangent road with flat terrain;Crossing;Asphalt roads;Dry;Daylight;Normal;Vehicle with vehicle collision;2;1;Turnover;Over 51;Not a Pedestrian;Changing lane to the right;Slight Injury
15:40:00;Thursday;Male;Junior high school;Employee;5-10yr;Automobile;Owner;unknown;unknown;Office areas;Two-way (divided with broken lines road marking);Tangent road with flat terrain;Crossing;Asphalt roads;Dry;Daylight;Normal;Vehicle with vehicle collision;2;1;Going straight;18-30;Not a Pedestrian;Changing lane to the right;Slight Injury
15:25:00;Thursday;Male;Elementary school;Owner;5-10yr;Public (12 seats);unknown;unknown;unknown; Church areas;Two-way (divided with broken lines road marking);Tangent road with flat terrain;No junction;Asphalt roads;Dry;Daylight;Normal;Collision with pedestrians;1;1;Moving Backward;Under 18;Not a Pedestrian;Changing lane to the left;Serious Injury
16:07:00;Sunday;Male;Elementary school;Employee;5-10yr;Public (13?45 seats);Organization;5-10yrs;unknown;Residential areas;Two-way (divided with broken lines road marking);Tangent road with flat terrain;Y Shape;Asphalt roads;Dry;Daylight;Normal;Collision with pedestrians;3;6;Moving Backward;5;Not a Pedestrian;Changing lane to the left;Slight Injury
16:07:00;Sunday;Male;High school;Owner;5-10yr;Lorry (11?40Q);Owner;Above 10yr;unknown;School areas;other;Tangent road with flat terrain;Y Shape;Asphalt roads;Dry;Daylight;Normal;Collision with pedestrians;3;6;Going straight;18-30;Not a Pedestrian;Getting off the vehicle improperly;Slight Injury
16:07:00;Sunday;Male;Junior high school;Employee;5-10yr;Stationwagen;Owner;5-10yrs;unknown; Hospital areas;other;Steep grade downward with mountainous terrain;Y Shape;Earth roads;Dry;Daylight;Normal;Vehicle with vehicle collision;3;6;Other;Under 18;Not a Pedestrian;Overtaking;Slight Injury
16:07:00;Sunday;Male;Junior high school;Owner;1-2yr;Ridden horse;Owner;2-5yrs;unknown;Other;Undivided Two way;Tangent road with flat terrain;Y Shape;Asphalt roads;Dry;Daylight;Normal;Collision with roadside objects;3;6;Going straight;18-30;Not a Pedestrian;Changing lane to the left;Slight Injury
16:07:00;Sunday;Male;Junior high school;Employee;2-5yr;Stationwagen;Owner;unknown;unknown;School areas;Double carriageway (median);Tangent road with flat terrain;Y Shape;unknown;Dry;Daylight;Normal;Vehicle with vehicle collision;3;6;Going straight;Under 18;Not a Pedestrian;Driving under the influence of drugs;Slight Injury
16:07:00;Sunday;Male;Junior high school;Owner;5-10yr;Automobile;Owner;Above 10yr;No defect;Other;other;Tangent road with flat terrain;Y Shape;unknown;Dry;Daylight;Normal;Vehicle with vehicle collision;3;6;Going straight;Under 18;Not a Pedestrian;Driving carelessly;Slight Injury
17:50:00;Saturday;Male;Junior high school;Owner;Above 10yr;Automobile;Owner;5-10yrs;unknown; Industrial areas;Undivided Two way;Tangent road with flat terrain;Crossing;Asphalt roads;Dry;Daylight;Normal;Collision with roadside objects;2;1;Going straight;Under 18;Not a Pedestrian;Moving Backward;Slight Injury
17:50:00;Saturday;Male;High school;Employee;5-10yr;Other;Owner;Unknown;No defect; Church areas;Two-way (divided with broken lines road marking);Tangent road with flat terrain;Crossing;Earth roads;Dry;Daylight;Normal;Vehicle with vehicle collision;2;1;Going straight;18-30;In carriageway, statioNot a Pedestrianry - not crossing  (standing or playing);No distancing;Slight Injury
19:35:00;Thursday;Male;High school;Owner;2-5yr;Taxi;Owner;unknown;No defect;Office areas;Two-way (divided with broken lines road marking);Tangent road with flat terrain;Y Shape;Asphalt roads;Dry;Daylight;Normal;Vehicle with vehicle collision;2;1;Going straight;31-50;Not a Pedestrian;No priority to vehicle;Slight Injury
19:35:00;Thursday;Male;Junior high school;Employee;5-10yr;Automobile;Owner;unknown;No defect;Other;Two-way (divided with broken lines road marking);Tangent road with flat terrain;Y Shape;Asphalt roads;Dry;Daylight;Normal;Vehicle with vehicle collision;2;1;Going straight;na;Not a Pedestrian;Overturning;Slight Injury
21:33:00;Saturday;Male;Elementary school;Employee;2-5yr;Stationwagen;Owner;unknown;No defect;Office areas;Double carriageway (median);Tangent road with flat terrain;No junction;Earth roads;Dry;Daylight;Normal;Vehicle with vehicle collision;1;1;Going straight;31-50;Not a Pedestrian;Changing lane to the left;Slight Injury
08:00:00;Tuesday;Male;Elementary school;Employee;5-10yr;Automobile;Owner;unknown;No defect;Office areas;Double carriageway (median);Tangent road with flat terrain;Y Shape;Asphalt roads;Dry;Daylight;Normal;Collision with pedestrians;2;1;Other;18-30;Not a Pedestrian;No distancing;Slight Injury
08:00:00;Tuesday;Male;Junior high school;Employee;1-2yr;Public (12 seats);Governmental;unknown;No defect;Office areas;Double carriageway (median);Tangent road with flat terrain;Y Shape;Asphalt roads;Dry;Daylight;Normal;Rollover;2;1;Going straight;31-50;Not a Pedestrian;Moving Backward;Slight Injury
21:05:00;Wednesday;Male;Junior high school;Employee;5-10yr;unknown;Owner;unknown;No defect;Residential areas;Double carriageway (median);Tangent road with flat terrain;Y Shape;Asphalt roads;Dry;Darkness - lights lit;Normal;Vehicle with vehicle collision;2;1;Overtaking;na;Not a Pedestrian;No priority to vehicle;Slight Injury
21:05:00;Wednesday;Male;unknown;unknown;unknown;Automobile;Owner;unknown;No defect;Office areas;Double carriageway (median);Tangent road with flat terrain;Y Shape;Asphalt roads;Dry;Darkness - lights lit;Normal;Vehicle with vehicle collision;2;1;Going straight;Under 18;Not a Pedestrian;No priority to vehicle;Slight Injury
08:40:00;Monday;Male;Elementary school;Employee;Above 10yr;Lorry (41?100Q);Owner;2-5yrs;unknown;Other;Undivided Two way;Tangent road with flat terrain;Y Shape;Asphalt roads;Dry;Daylight;Normal;Vehicle with vehicle collision;2;1;Going straight;na;Not a Pedestrian;No distancing;Slight Injury
08:40:00;Monday;Male;Elementary school;Employee;Below 1yr;unknown;Owner;2-5yrs;unknown; Industrial areas;One way;unknown;Y Shape;Asphalt roads;Dry;Daylight;Normal;Collision with roadside objects;2;1;Going straight;18-30;Not a Pedestrian;No distancing;Slight Injury
16:55:00;Monday;Male;Junior high school;Employee;2-5yr;Public (> 45 seats);Owner;unknown;No defect;Other;One way;Tangent road with flat terrain;Y Shape;Asphalt roads;Wet or damp;Daylight;Raining;Vehicle with vehicle collision;2;1;U-Turn;31-50;Not a Pedestrian;Overtaking;Slight Injury
16:55:00;Monday;Male;Elementary school;Owner;1-2yr;unknown;Owner;unknown;No defect;Office areas;Double carriageway (median);Tangent road with flat terrain;Y Shape;Asphalt roads;Wet or damp;Daylight;Raining;Rollover;2;1;Going straight;18-30;Not a Pedestrian;Driving under the influence of drugs;Slight Injury
09:49:00;Saturday;Male;Junior high school;Owner;5-10yr;Public (12 seats);Governmental;Unknown;unknown;Office areas;Two-way (divided with broken lines road marking);Tangent road with flat terrain;Crossing;Asphalt roads;Dry;Daylight;Normal;Collision with roadside objects;2;3;Going straight;na;Not a Pedestrian;Changing lane to the right;Slight Injury
09:49:00;Saturday;Male;Junior high school;Employee;2-5yr;Public (12 seats);Governmental;unknown;No defect;unknown;Double carriageway (median);Tangent road with flat terrain;Crossing;Asphalt roads;Dry;Daylight;Normal;Vehicle with vehicle collision;2;3;Going straight;18-30;Not a Pedestrian;Changing lane to the left;Slight Injury
09:49:00;Saturday;Male;Junior high school;Employee;2-5yr;Automobile;Owner;unknown;unknown;Other;unknown;Tangent road with flat terrain;Crossing;Asphalt roads;Dry;Daylight;Normal;Vehicle with vehicle collision;2;3;Going straight;18-30;Not a Pedestrian;Driving carelessly;Slight Injury
09:49:00;Saturday;Male;High school;Employee;2-5yr;unknown;Owner;Unknown;unknown;Office areas;Double carriageway (median);Tangent road with flat terrain;Crossing;Asphalt roads;Dry;Daylight;Normal;Vehicle with vehicle collision;2;3;Turnover;31-50;In carriageway, statioNot a Pedestrianry - not crossing  (standing or playing);Moving Backward;Slight Injury
16:55:00;Sunday;Male;Junior high school;Employee;Above 10yr;Automobile;Owner;unknown;No defect;Office areas;Two-way (divided with broken lines road marking);Tangent road with flat terrain;No junction;Asphalt roads with some distress;Wet or damp;Daylight;Normal;Vehicle with vehicle collision;2;1;Going straight;18-30;In carriageway, statioNot a Pedestrianry - not crossing  (standing or playing);Moving Backward;Slight Injury
16:55:00;Sunday;Male;Junior high school;Employee;2-5yr;Lorry (41?100Q);Owner;5-10yrs;unknown;Office areas;Undivided Two way;Tangent road with flat terrain;No junction;Asphalt roads;Wet or damp;Daylight;Normal;Vehicle with vehicle collision;2;1;Going straight;na;Not a Pedestrian;Changing lane to the right;Slight Injury
10:20:00;Friday;Male;Junior high school;Employee;1-2yr;Public (12 seats);Owner;unknown;unknown;Other;Undivided Two way;Tangent road with flat terrain;Crossing;Asphalt roads;Dry;Daylight;Normal;Vehicle with vehicle collision;3;1;Moving Backward;18-30;Not a Pedestrian;No priority to vehicle;Slight Injury
10:20:00;Friday;Male;Junior high school;Employee;2-5yr;Lorry (11?40Q);Owner;unknown;No defect;Other;Undivided Two way;Tangent road with flat terrain;Crossing;Asphalt roads;Dry;Daylight;Normal;Collision with pedestrians;3;1;Going straight;na;Not a Pedestrian;Driving at high speed;Slight Injury
10:20:00;Friday;Male;Junior high school;Employee;5-10yr;Automobile;Owner;unknown;No defect;  Recreational areas;Undivided Two way;Tangent road with flat terrain;Crossing;Asphalt roads;Dry;Daylight;Normal;Vehicle with vehicle collision;3;1;Moving Backward;31-50;Not a Pedestrian;Driving under the influence of drugs;Slight Injury
18:28:00;Saturday;Male;Junior high school;Employee;1-2yr;Automobile;Owner;unknown;No defect; Church areas;Undivided Two way;Tangent road with flat terrain;Y Shape;Asphalt roads;Dry;Daylight;Normal;Vehicle with vehicle collision;2;1;Going straight;na;Not a Pedestrian;Changing lane to the right;Slight Injury
18:28:00;Saturday;Male;Elementary school;Employee;1-2yr;Automobile;Other;1-2yr;No defect;  Recreational areas;other;Tangent road with flat terrain;Y Shape;Asphalt roads;Dry;Daylight;Normal;Collision with roadside objects;2;1;Going straight;Over 51;Not a Pedestrian;Driving carelessly;Slight Injury
15:45:00;Friday;Male;Junior high school;Employee;2-5yr;Bajaj;Owner;5-10yrs;No defect;School areas;other;Tangent road with flat terrain;Y Shape;Asphalt roads;Dry;Daylight;Normal;Vehicle with vehicle collision;3;2;Going straight;na;Not a Pedestrian;No distancing;Slight Injury
15:45:00;Friday;Male;Junior high school;Employee;Above 10yr;Public (12 seats);Owner;unknown;No defect; Church areas;Double carriageway (median);Tangent road with flat terrain;Y Shape;Asphalt roads;Dry;Daylight;Normal;Vehicle with vehicle collision;3;2;Going straight;31-50;Not a Pedestrian;Changing lane to the left;Slight Injury
15:45:00;Friday;Male;Junior high school;Employee;Below 1yr;Lorry (11?40Q);Owner;5-10yrs;unknown;Office areas;unknown;Tangent road with flat terrain;Y Shape;Asphalt roads;Dry;Daylight;Normal;Vehicle with vehicle collision;3;2;U-Turn;18-30;Not a Pedestrian;No distancing;Slight Injury
00:11:00;Sunday;Female;Junior high school;Employee;Above 10yr;unknown;Owner;2-5yrs;unknown;Residential areas;One way;Steep grade downward with mountainous terrain;Y Shape;Asphalt roads;Dry;Darkness - lights lit;Normal;Collision with roadside objects;1;1;Going straight;na;Not a Pedestrian;No distancing;Slight Injury
08:01:00;Thursday;Male;Elementary school;Owner;5-10yr;unknown;Owner;unknown;No defect;Other;One way;Tangent road with flat terrain;No junction;Asphalt roads;Dry;Daylight;Normal;Vehicle with vehicle collision;2;1;Going straight;31-50;Not a Pedestrian;Getting off the vehicle improperly;Slight Injury
08:01:00;Thursday;Male;Elementary school;Employee;Above 10yr;Automobile;Owner;unknown;No defect;Other;Undivided Two way;Tangent road with flat terrain;No junction;Asphalt roads;Dry;Daylight;Normal;Vehicle with vehicle collision;2;1;Going straight;na;Not a Pedestrian;Overtaking;Slight Injury
09:07:00;Saturday;Male;Junior high school;Employee;1-2yr;Lorry (11?40Q);Governmental;1-2yr;No defect; Industrial areas;One way;Tangent road with flat terrain;Y Shape;Asphalt roads;Wet or damp;Daylight;Normal;Vehicle with vehicle collision;2;2;Going straight;31-50;Not a Pedestrian;Driving carelessly;Slight Injury
09:07:00;Saturday;Male;unknown;unknown;unknown;Lorry (41?100Q);Governmental;1-2yr;No defect; Church areas;other;Steep grade downward with mountainous terrain;Y Shape;Asphalt roads;Wet or damp;Daylight;Normal;Vehicle with vehicle collision;2;2;Going straight;na;Not a Pedestrian;Driving under the influence of drugs;Slight Injury
07:41:00;Wednesday;Male;High school;Owner;5-10yr;Pick up upto 10Q;Organization;1-2yr;No defect;Office areas;other;Tangent road with flat terrain;Unknown;Asphalt roads;Wet or damp;Daylight;Raining;Vehicle with vehicle collision;2;2;Going straight;31-50;Not a Pedestrian;Moving Backward;Slight Injury
07:41:00;Wednesday;Male;Elementary school;Employee;2-5yr;Lorry (11?40Q);Owner;Unknown;No defect;Office areas;Undivided Two way;Tangent road with flat terrain;Unknown;Asphalt roads;Wet or damp;Daylight;Raining;Vehicle with vehicle collision;2;2;Stopping;na;Not a Pedestrian;Overturning;Slight Injury
07:41:00;Wednesday;Male;unknown;unknown;unknown;Stationwagen;Owner;unknown;unknown;Office areas;Double carriageway (median);Tangent road with flat terrain;Unknown;Asphalt roads;Wet or damp;Daylight;Raining;Vehicle with vehicle collision;2;2;Turnover;na;Not a Pedestrian;Driving under the influence of drugs;Slight Injury
17:20:00;Wednesday;Male;unknown;unknown;unknown;Other;Owner;2-5yrs;unknown;Other;Two-way (divided with broken lines road marking);Tangent road with flat terrain;Unknown;Asphalt roads;Dry;Daylight;Normal;Collision with roadside objects;2;1;Getting off;18-30;Not a Pedestrian;Changing lane to the right;Slight Injury
17:20:00;Wednesday;Male;High school;Owner;1-2yr;Other;Owner;unknown;unknown;Office areas;Undivided Two way;Tangent road with flat terrain;Unknown;Asphalt roads;Dry;Daylight;Normal;Vehicle with vehicle collision;2;1;Moving Backward;18-30;Not a Pedestrian;Changing lane to the left;Slight Injury
15:00:00;Thursday;Male;Junior high school;Employee;1-2yr;Lorry (11?40Q);Owner;unknown;No defect;Other;Double carriageway (median);Tangent road with flat terrain;Crossing;Gravel roads;Dry;Daylight;Normal;Vehicle with vehicle collision;2;1;Moving Backward;na;Not a Pedestrian;No distancing;Slight Injury
15:00:00;Thursday;Male;Junior high school;Employee;1-2yr;unknown;Owner;Above 10yr;No defect; Industrial areas;Two-way (divided with broken lines road marking);Tangent road with flat terrain;Crossing;Asphalt roads;Dry;Daylight;Normal;Vehicle with vehicle collision;2;1;Going straight;Over 51;Not a Pedestrian;No distancing;Slight Injury
17:55:00;Monday;Male;Junior high school;Employee;Above 10yr;Automobile;Owner;unknown;No defect;Residential areas;other;Tangent road with flat terrain;Crossing;Asphalt roads;Wet or damp;Daylight;Raining;Vehicle with vehicle collision;2;1;Turnover;18-30;In carriageway, statioNot a Pedestrianry - not crossing  (standing or playing);No priority to vehicle;Slight Injury