Time;Day_of_week;Sex_of_driver;Educational_level;Vehicle_driver_relation;Driving_experience;Type_of_vehicle;Owner_of_vehicle;Service_year_of_vehicle;Defect_of_vehicle;Area_accident_occured;Lanes_or_Medians;Road_allignment;Types_of_Junction;Road_surface_type;Road_surface_conditions;Light_conditions;Weather_conditions;Type_of_collision;Number_of_vehicles_involved;Number_of_casualties;Vehicle_movement;Age_band_of_casualty;Pedestrian_movement;Cause_of_accident;Accident_severity
09:40:00;Saturday;Male;Junior high school;Employee;2-5yr;Automobile;Owner;1-2yr;No defect;Office areas;Two-way (divided with broken lines road marking);Tangent road with flat terrain;Y Shape;Asphalt roads;Dry;Daylight;Normal;Vehicle with vehicle collision;2;3;Going straight;Under 18;Not a Pedestrian;Changing lane to the right;Slight Injury
19:16:00;Tuesday;Male;Elementary school;Employee;5-10yr;Automobile;Owner;Above 10yr;No defect;Other;other;Tangent road with flat terrain;Y Shape;Asphalt roads;Dry;Daylight;Normal;Vehicle with vehicle collision;2;1;Reversing;na;Not a Pedestrian;Changing lane to the left;Serious Injury
19:16:00;Tuesday;Male;Junior high school;Employee;2-5yr;Lorry (41?100Q);Owner;Unknown;No defect;Other;Two-way (divided with broken lines road marking);Tangent road with flat terrain;Y Shape;Asphalt roads;Dry;Daylight;Normal;Vehicle with vehicle collision;2;1;Turnover;18-30;Not a Pedestrian;Moving Backward;Serious Injury
16:59:00;Monday;Male;Junior high school;Employee;Below 1yr;Other;Organization;2-5yrs;unknown;Office areas;Two-way (divided with broken lines road marking);Tangent road with mountainous terrain and;Y Shape;Earth roads;Dry;Daylight;Normal;Vehicle with vehicle collision;1;1;Going straight;18-30;Not a Pedestrian;No distancing;Slight Injury
15:30:00;Wednesday;Male;Elementary school;Employee;2-5yr;Pick up upto 10Q;Owner;unknown;unknown;Office areas;Two-way (divided with broken lines road marking);Tangent road with flat terrain;Y Shape;Asphalt roads;Wet or damp;Daylight;Raining;Vehicle with vehicle collision;2;1;Going straight;18-30;Not a Pedestrian;Changing lane to the right;Serious Injury
15:30:00;Wednesday;Male;Junior high school;Employee;2-5yr;Stationwagen;Owner;5-10yrs;unknown;Other;Undivided Two way;Tangent road with flat terrain;Y Shape;Asphalt roads;Wet or damp;Daylight;Raining;Collision with roadside objects;2;1;Going straight;18-30;Not a Pedestrian;Moving Backward;Serious Injury
12:11:00;Tuesday;Male;Junior high school;Employee;2-5yr;Other;Owner;5-10yrs;No defect;Office areas;Two-way (divided with broken lines road marking);Tangent road with flat terrain;No junction;Asphalt roads;Dry;Daylight;Normal;Collision with roadside objects;1;1;Going straight;na;Not a Pedestrian;No distancing;Serious Injury
17:30:00;Tuesday;Female;Junior high school;Employee;5-10yr;Pick up upto 10Q;Owner;2-5yrs;No defect; Industrial areas;Two-way (divided with broken lines road marking);Tangent road with flat terrain;No junction;Asphalt roads;Dry;Daylight;Normal;Vehicle with vehicle collision;1;1;Getting off;31-50;Not a Pedestrian;Driving to the left;Serious Injury
21:30:00;Wednesday;Male;Junior high school;Employee;5-10yr;Stationwagen;Owner;Unknown;No defect;Office areas;Undivided Two way;Tangent road with flat terrain;Crossing;Asphalt roads;Wet or damp;Darkness - lights lit;Raining;Vehicle with vehicle collision;2;1;Going straight;31-50;Not a Pedestrian;Driving to the left;Slight Injury
21:30:00;Wednesday;Male;Junior high school;Employee;unknown;Lorry (41?100Q);Owner;unknown;unknown;Other;Undivided Two way;Tangent road with flat terrain;Crossing;Asphalt roads;Wet or damp;Darkness - lights lit;Raining;Vehicle with vehicle collision;2;1;Going straight;na;Not a Pedestrian;Moving Backward;Slight Injury
12:17:00;Thursday;Male;Junior high school;Owner;5-10yr;Automobile;Owner;Above 10yr;unknown;Other;Two-way (divided with broken lines road marking);Tangent road with flat terrain;No junction;Asphalt roads;Dry;Daylight;Normal;Vehicle with vehicle collision;3;2;Going straight;18-30;Not a Pedestrian;Moving Backward;Slight Injury
12:17:00;Thursday;Male;Junior high school;Employee;2-5yr;unknown;Owner;Unknown;unknown;Office areas;Two-way (divided with broken lines road marking);Tangent road with flat terrain;No junction;Asphalt roads;Dry;Daylight;Normal;Vehicle with vehicle collision;3;2;Going straight;na;Not a Pedestrian;Overtaking;Slight Injury
12:17:00;Thursday;Male;Junior high school;Employee;Below 1yr;Automobile;unknown;unknown;unknown; Church areas;unknown;Tangent road with flat terrain;No junction;Asphalt roads;Dry;Daylight;Normal;Vehicle with vehicle collision;3;2;Going straight;31-50;Not a Pedestrian;Driving carelessly;Slight Injury
02:42:00;Saturday;Male;Junior high school;Employee;1-2yr;Automobile;Owner;unknown;unknown;Office areas;other;Tangent road with flat terrain;Y Shape;Asphalt roads;Dry;Darkness - lights lit;Unknown;Vehicle with vehicle collision;2;1;Going straight;na;Not a Pedestrian;Changing lane to the left;Slight Injury
02:42:00;Saturday;Female;Junior high school;Employee;Below 1yr;Turbo;Owner;unknown;unknown;Residential areas;other;Tangent road with flat terrain;Y Shape;Asphalt roads;Dry;Darkness - lights lit;Unknown;Vehicle with vehicle collision;2;1;Going straight;31-50;Not a Pedestrian;Driving under the influence of drugs;Slight Injury
15:15:00;Thursday;Male;Junior high school;Employee;Above 10yr;unknown;Owner;Unknown;No defect;  Recreational areas;Two-way (divided with broken lines road marking);Tangent road with flat terrain;Y Shape;Asphalt roads;Dry;Daylight;Normal;Vehicle with vehicle collision;2;1;Going straight;18-30;Not a Pedestrian;No distancing;Serious Injury
15:15:00;Thursday;Male;Junior high school;Employee;Below 1yr;Stationwagen;Governmental;5-10yrs;unknown;Other;other;Tangent road with flat terrain;Y Shape;Asphalt roads;Dry;Daylight;Normal;Vehicle with vehicle collision;2;1;Going straight;31-50;Not a Pedestrian;Moving Backward;Serious Injury
07:15:00;Wednesday;Male;Junior high school;Employee;2-5yr;Automobile;Owner;Unknown;No defect; Church areas;Undivided Two way;Tangent road with flat terrain;Y Shape;Asphalt roads;Dry;Daylight;Normal;Other;2;1;Going straight;na;Not a Pedestrian;Changing lane to the left;Slight Injury
07:15:00;Wednesday;Male;Junior high school;Employee;1-2yr;Automobile;Owner;Unknown;No defect;Other;One way;Tangent road with flat terrain;Y Shape;Asphalt roads;Dry;Daylight;Normal;Vehicle with vehicle collision;2;1;Reversing;na;Not a Pedestrian;Changing lane to the right;Slight Injury
21:09:00;Tuesday;Male;Elementary school;Employee;5-10yr;Automobile;Owner;Above 10yr;No defect;Other;Two-way (divided with broken lines road marking);Tangent road with flat terrain;Unknown;Earth roads;Wet or damp;Darkness - lights lit;Raining;Collision with roadside objects;1;1;Going straight;18-30;Not a Pedestrian;No distancing;Serious Injury
07:30:00;Tuesday;Male;Junior high school;Owner;Below 1yr;Pick up upto 10Q;Owner;5-10yrs;unknown; Church areas;Undivided Two way;Tangent road with flat terrain;No junction;Asphalt roads;Wet or damp;Daylight;Normal;Vehicle with vehicle collision;1;1;Turnover;Over 51;Not a Pedestrian;Driving at high speed;Serious Injury
08:50:00;Friday;Male;Junior high school;Employee;Below 1yr;Lorry (41?100Q);Owner;Unknown;unknown;Office areas;Two-way (divided with broken lines road marking);Tangent road with mild grade and flat terrain;Crossing;unknown;Dry;Daylight;Normal;Vehicle with vehicle collision;1;1;Going straight;na;Not a Pedestrian;Changing lane to the right;Slight Injury
08:00:00;Wednesday;Male;Writing & reading;Employee;Below 1yr;Lorry (41?100Q);Owner;Unknown;unknown;Office areas;Double carriageway (median);Tangent road with flat terrain;Y Shape;Asphalt roads;Dry;Daylight;Normal;Vehicle with vehicle collision;2;1;Going straight;31-50;Not a Pedestrian;No priority to vehicle;Slight Injury
08:00:00;Wednesday;Male;Junior high school;Employee;1-2yr;Automobile;Organization;5-10yrs;No defect; Church areas;Two-way (divided with broken lines road marking);Tangent road with flat terrain;Y Shape;Asphalt roads;Dry;Daylight;Normal;Vehicle with vehicle collision;2;1;Going straight;18-30;Not a Pedestrian;No distancing;Slight Injury
09:15:00;Sunday;Male;Elementary school;Owner;5-10yr;Lorry (41?100Q);Organization;2-5yrs;No defect;Other;Undivided Two way;Tangent road with mountainous terrain and;No junction;Asphalt roads;Dry;Daylight;Normal;Vehicle with vehicle collision;2;1;Going straight;31-50;Not a Pedestrian;Turnover;Slight Injury
09:15:00;Sunday;Male;Junior high school;Employee;2-5yr;Lorry (41?100Q);Owner;Unknown;No defect;Other;Undivided Two way;Tangent road with flat terrain;No junction;Asphalt roads;Dry;Daylight;Normal;Vehicle with vehicle collision;2;1;Reversing;na;Not a Pedestrian;No distancing;Slight Injury
20:05:00;Friday;Female;Junior high school;Owner;Below 1yr;Lorry (41?100Q);Owner;Unknown;No defect; Church areas;Undivided Two way;Tangent road with flat terrain;Y Shape;Asphalt roads;Dry;Darkness - lights lit;Normal;Collision with roadside objects;2;1;Going straight;18-30;Not a Pedestrian;Changing lane to the right;Slight Injury
20:05:00;Friday;Male;Writing & reading;Employee;5-10yr;Lorry (41?100Q);Owner;5-10yrs;No defect; Industrial areas;Two-way (divided with broken lines road marking);Tangent road with mild grade and flat terrain;Y Shape;Asphalt roads;Dry;Darkness - lights lit;Normal;Collision with roadside objects;2;1;Turnover;na;Not a Pedestrian;No distancing;Slight Injury
13:00:00;Tuesday;Male;Writing & reading;Employee;5-10yr;Automobile;Owner;Unknown;No defect;Office areas;Undivided Two way;Tangent road with flat terrain;No junction;Asphalt roads;Dry;Daylight;Normal;Vehicle with vehicle collision;2;2;Going straight;31-50;Not a Pedestrian;Changing lane to the left;Slight Injury
13:00:00;Tuesday;Male;Junior high school;Employee;5-10yr;Automobile;Owner;Unknown;No defect;School areas;Undivided Two way;Tangent road with flat terrain;No junction;Asphalt roads;Dry;Daylight;Normal;Collision with roadside objects;2;2;Going straight;18-30;Unknown or other;Driving carelessly;Slight Injury
17:40:00;Saturday;Male;Junior high school;Employee;2-5yr;Automobile;Owner;Unknown;No defect;Other;Undivided Two way;Tangent road with flat terrain;Y Shape;Asphalt roads;Dry;Daylight;Normal;Collision with roadside objects;2;1;Going straight;18-30;Unknown or other;Changing lane to the right;Serious Injury
17:40:00;Saturday;Male;Junior high school;Employee;Above 10yr;Public (13?45 seats);Owner;Unknown;No defect; Church areas;One way;Tangent road with flat terrain;Y Shape;Gravel roads;Dry;Daylight;Normal;Vehicle with vehicle collision;2;1;Going straight;18-30;Not a Pedestrian;No priority to vehicle;Serious Injury
16:24:00;Wednesday;Male;Junior high school;Employee;5-10yr;Automobile;Owner;Unknown;No defect;Office areas;Undivided Two way;Tangent road with flat terrain;Y Shape;Asphalt roads;Dry;Daylight;Normal;Vehicle with vehicle collision;2;1;Going straight;na;Not a Pedestrian;No distancing;Slight Injury
16:24:00;Wednesday;Male;Junior high school;Employee;Above 10yr;Public (13?45 seats);Owner;Unknown;No defect;Other;other;Steep grade downward with mountainous terrain;Y Shape;Asphalt roads;Dry;Daylight;Normal;Collision with roadside objects;2;1;Getting off;18-30;Not a Pedestrian;No priority to pedestrian;Slight Injury
11:10:00;Friday;Male;Junior high school;Employee;2-5yr;Public (13?45 seats);Owner;2-5yrs;No defect;Other;other;Tangent road with flat terrain;Y Shape;Asphalt roads;Dry;Daylight;Normal;Vehicle with vehicle collision;2;1;Moving Backward;na;Not a Pedestrian;No priority to pedestrian;Slight Injury
11:10:00;Friday;Male;Junior high school;Employee;Below 1yr;Automobile;Owner;Unknown;unknown;Other;Two-way (divided with broken lines road marking);Tangent road with flat terrain;Y Shape;Asphalt roads;Dry;Daylight;Normal;Vehicle with vehicle collision;2;1;Going straight;na;Not a Pedestrian;No priority to vehicle;Slight Injury
14:21:00;Friday;Male;Junior high school;Employee;Below 1yr;Lorry (11?40Q);Owner;2-5yrs;unknown;Other;One way;Tangent road with flat terrain;Crossing;Asphalt roads;Dry;Daylight;Normal;Vehicle with vehicle collision;1;1;Turnover;31-50;Not a Pedestrian;Changing lane to the left;Slight Injury
07:45:00;Wednesday;Male;Junior high school;Owner;5-10yr;Automobile;Owner;Above 10yr;No defect; Church areas;Two-way (divided with broken lines road marking);Tangent road with mild grade and flat terrain;Y Shape;Asphalt roads;Wet or damp;Daylight;Raining;Vehicle with vehicle collision;1;1;Going straight;18-30;Not a Pedestrian;Changing lane to the left;Slight Injury
22:15:00;Tuesday;Male;Junior high school;Employee;2-5yr;Lorry (41?100Q);Governmental;2-5yrs;No defect;Residential areas;Two-way (divided with broken lines road marking);Tangent road with flat terrain;No junction;Asphalt roads;Wet or damp;Darkness - lights lit;Normal;Vehicle with vehicle collision;2;2;unknown;na;Not a Pedestrian;No distancing;Serious Injury
22:15:00;Tuesday;Male;Elementary school;Employee;Below 1yr;Other;Owner;2-5yrs;No defect;Office areas;Two-way (divided with broken lines road marking);Tangent road with mild grade and flat terrain;No junction;Asphalt roads;Wet or damp;Darkness - lights lit;Normal;Vehicle with vehicle collision;2;2;Going straight;18-30;Not a Pedestrian;No priority to vehicle;Serious Injury
08:55:00;Friday;Male;Junior high school;Employee;2-5yr;Pick up upto 10Q;Owner;2-5yrs;No defect;Other;Two-way (divided with broken lines road marking);Tangent road with flat terrain;No junction;Asphalt roads;Dry;Daylight;Normal;Collision with pedestrians;3;5;Going straight;na;Not a Pedestrian;No distancing;Slight Injury
08:55:00;Friday;Male;Junior high school;Employee;5-10yr;Lorry (11?40Q);Owner;2-5yrs;No defect;Office areas;Two-way (divided with broken lines road marking);Tangent road with mild grade and flat terrain;No junction;Asphalt roads;Dry;Daylight;Normal;Vehicle with vehicle collision;3;5;Going straight;18-30;Not a Pedestrian;No distancing;Slight Injury
08:55:00;Friday;Male;High school;Employee;Above 10yr;Motorcycle;Owner;2-5yrs;No defect;Other;Two-way (divided with broken lines road marking);Tangent road with flat terrain;No junction;Asphalt roads;Dry;Daylight;Normal;Collision with roadside objects;3;5;Going straight;18-30;Not a Pedestrian;Changing lane to the right;Slight Injury
08:55:00;Friday;Male;High school;Employee;Above 10yr;Pick up upto 10Q;Owner;1-2yr;No defect; Church areas;Undivided Two way;Tangent road with flat terrain;No junction;Asphalt roads;Dry;Daylight;Normal;Vehicle with vehicle collision;3;5;Turnover;na;Not a Pedestrian;Changing lane to the left;Slight Injury
08:55:00;Friday;Male;Junior high school;Employee;5-10yr;Lorry (11?40Q);Owner;Unknown;No defect;Office areas;Two-way (divided with broken lines road marking);Tangent road with flat terrain;No junction;Asphalt roads;Dry;Daylight;Normal;Vehicle with vehicle collision;3;5;Turnover;31-50;Not a Pedestrian;No distancing;Slight Injury
15:35:00;Sunday;Male;Elementary school;Employee;1-2yr;Lorry (11?40Q);Owner;Unknown;No defect;Other;Two-way (divided with broken lines road marking);Tangent road with flat terrain;No junction;Asphalt roads;Dry;Daylight;Normal;Vehicle with vehicle collision;1;1;Going straight;na;Not a Pedestrian;Overturning;Serious Injury
19:50:00;Friday;Male;Elementary school;Employee;5-10yr;Automobile;Owner;Unknown;No defect;Other;Two-way (divided with broken lines road marking);Tangent road with flat terrain;Y Shape;Asphalt roads;Dry;Darkness - lights lit;Normal;Vehicle with vehicle collision;2;2;Getting off;31-50;Not a Pedestrian;No priority to vehicle;Slight Injury
19:50:00;Friday;Male;Junior high school;Employee;5-10yr;Automobile;Owner;Above 10yr;unknown;School areas;Two-way (divided with broken lines road marking);Tangent road with flat terrain;Y Shape;Asphalt roads;Dry;Darkness - lights lit;Normal;Vehicle with vehicle collision;2;2;Getting off;na;Not a Pedestrian;Moving Backward;Slight Injury
01:40:00;Monday;Female;Junior high school;Employee;1-2yr;Other;Owner;Unknown;No defect; Church areas;Double carriageway (median);Tangent road with mild grade and flat terrain;O Shape;Asphalt roads;Dry;Darkness - lights lit;Normal;Vehicle with vehicle collision;2;3;Going straight;31-50;Not a Pedestrian;Driving under the influence of drugs;Slight Injury
01:40:00;Monday;Male;Junior high school;Owner;5-10yr;Other;Owner;Unknown;unknown;School areas;Undivided Two way;Tangent road with flat terrain;O Shape;Other;Dry;Darkness - lights lit;Normal;Vehicle with vehicle collision;2;3;Overtaking;na;Not a Pedestrian;Moving Backward;Slight Injury
01:40:00;Monday;Male;High school;Owner;Above 10yr;Automobile;Owner;2-5yrs;No defect;Residential areas;Double carriageway (median);Tangent road with flat terrain;O Shape;Asphalt roads;Dry;Darkness - lights lit;Normal;Vehicle with vehicle collision;2;3;Reversing;18-30;Not a Pedestrian;Changing lane to the right;Slight Injury
01:40:00;Monday;Male;unknown;Owner;Below 1yr;Taxi;unknown;unknown;unknown;Office areas;Two-way (divided with broken lines road marking);Tangent road with flat terrain;O Shape;Asphalt roads;Dry;Darkness - lights lit;Normal;Vehicle with vehicle collision;2;3;Going straight;na;Not a Pedestrian;Overspeed;Slight Injury
15:09:00;Thursday;Female;Writing & reading;Owner;5-10yr;Other;Owner;Unknown;unknown;Office areas;Undivided Two way;Tangent road with flat terrain;No junction;Asphalt roads;Dry;Daylight;Normal;Collision with roadside objects;2;2;Getting off;na;Not a Pedestrian;Driving under the influence of drugs;Serious Injury
15:09:00;Thursday;Male;Above high school;Employee;Above 10yr;Taxi;Governmental;5-10yrs;No defect; Church areas;Two-way (divided with broken lines road marking);Tangent road with flat terrain;No junction;Asphalt roads;Dry;Daylight;Normal;Vehicle with vehicle collision;2;2;Getting off;18-30;Not a Pedestrian;Driving carelessly;Serious Injury
15:09:00;Thursday;Male;High school;Employee;Below 1yr;Lorry (11?40Q);Owner;2-5yrs;unknown;Residential areas;Undivided Two way;Tangent road with flat terrain;No junction;Asphalt roads;Dry;Daylight;Normal;Collision with roadside objects;2;2;Reversing;31-50;Not a Pedestrian;No distancing;Serious Injury
15:45:00;Tuesday;Male;Junior high school;Employee;1-2yr;Automobile;Owner;Unknown;No defect;Office areas;other;Tangent road with flat terrain;Y Shape;Asphalt roads;Wet or damp;Daylight;Raining;Vehicle with vehicle collision;1;1;Turnover;na;Not a Pedestrian;No priority to vehicle;Slight Injury
13:09:00;Wednesday;Male;Junior high school;Employee;Above 10yr;Other;Owner;2-5yrs;No defect;Residential areas;One way;Tangent road with flat terrain;Crossing;Asphalt roads;Dry;Daylight;Normal;Vehicle with vehicle collision;2;1;Moving Backward;Under 18;Not a Pedestrian;Overspeed;Slight Injury
13:09:00;Wednesday;Male;Junior high school;Owner;Above 10yr;Automobile;Owner;2-5yrs;No defect;Other;Two-way (divided with broken lines road marking);Tangent road with flat terrain;Crossing;Other;Dry;Daylight;Normal;unknown;2;1;Going straight;Under 18;Not a Pedestrian;Driving under the influence of drugs;Slight Injury
17:40:00;Thursday;Male;Junior high school;Employee;Above 10yr;Automobile;Governmental;2-5yrs;No defect;Other;Two-way (divided with broken lines road marking);Tangent road with flat terrain;Crossing;Asphalt roads;Dry;Daylight;Normal;Collision with pedestrians;1;1;Going straight;na;Not a Pedestrian;Changing lane to the right;Serious Injury
14:50:00;Monday;Male;Junior high school;Employee;No Licence;Automobile;Owner;Unknown;No defect;Residential areas;Two-way (divided with broken lines road marking);Tangent road with flat terrain;Y Shape;Asphalt roads;Dry;Daylight;Normal;Vehicle with vehicle collision;2;1;Going straight;na;Not a Pedestrian;Changing lane to the right;Slight Injury
14:50:00;Monday;Male;Junior high school;Employee;1-2yr;Automobile;Owner;5-10yrs;No defect; Industrial areas;Undivided Two way;Tangent road with flat terrain;Y Shape;Asphalt roads;Dry;Daylight;Normal;Vehicle with vehicle collision;2;1;Going straight;31-50;Not a Pedestrian;Changing lane to the right;Slight Injury
19:15:00;Thursday;Male;Illiterate;Owner;1-2yr;Lorry (41?100Q);Owner;2-5yrs;No defect;Other;Undivided Two way;Steep grade downward with mountainous terrain;Crossing;Asphalt roads;Wet or damp;Darkness - lights lit;Normal;Vehicle with vehicle collision;1;1;Reversing;na;Not a Pedestrian;Changing lane to the right;Slight Injury
14:20:00;Monday;Male;Junior high school;Owner;Below 1yr;Other;Owner;1-2yr;No defect;Office areas;Undivided Two way;Tangent road with flat terrain;Y Shape;Asphalt roads;Dry;Daylight;Normal;Collision with pedestrians;1;2;Going straight;18-30;Not a Pedestrian;Moving Backward;Slight Injury
14:20:00;Monday;Male;Junior high school;Owner;1-2yr;Pick up upto 10Q;Organization;2-5yrs;No defect;Other;Two-way (divided with broken lines road marking);Tangent road with mountainous terrain and;Y Shape;Asphalt roads;Dry;Daylight;Normal;Collision with roadside objects;1;2;Going straight;31-50;Not a Pedestrian;No distancing;Slight Injury
17:34:00;Friday;Male;Junior high school;Owner;2-5yr;Pick up upto 10Q;Governmental;1-2yr;unknown;Other;Undivided Two way;Tangent road with flat terrain;Other;Asphalt roads;Wet or damp;Darkness - lights lit;Normal;unknown;2;1;Going straight;na;Not a Pedestrian;Overspeed;Serious Injury
17:34:00;Friday;Female;Unknown;Owner;5-10yr;Automobile;Owner;Unknown;No defect;Other;Two-way (divided with broken lines road marking);Tangent road with flat terrain;Other;Asphalt roads;Wet or damp;Darkness - lights lit;Normal;Vehicle with vehicle collision;2;1;Going straight;na;Not a Pedestrian;No distancing;Serious Injury
19:50:00;Monday;Male;Unknown;Owner;Above 10yr;Long lorry;Owner;2-5yrs;No defect;Other;Double carriageway (median);Tangent road with flat terrain;Y Shape;unknown;Dry;Darkness - lights lit;Raining and Windy;unknown;2;1;Getting off;Over 51;Not a Pedestrian;Driving carelessly;Serious Injury
19:50:00;Monday;Male;Junior high school;Owner;2-5yr;Automobile;Owner;Unknown;7;Office areas;Undivided Two way;Tangent road with flat terrain;Y Shape;Other;Dry;Darkness - lights lit;Raining and Windy;unknown;2;1;Going straight;na;Not a Pedestrian;Moving Backward;Serious Injury
14:55:00;Tuesday;Male;Elementary school;Owner;Above 10yr;Public (13?45 seats);Governmental;1-2yr;No defect;Other;Two-way (divided with broken lines road marking);Tangent road with flat terrain;Crossing;Asphalt roads;Dry;Daylight;Normal;unknown;3;3;Going straight;18-30;Not a Pedestrian;Overtaking;Slight Injury
14:55:00;Tuesday;Male;Writing & reading;Owner;5-10yr;Lorry (41?100Q);unknown;unknown;unknown;unknown;other;Tangent road with flat terrain;Crossing;Asphalt roads;Dry;Daylight;Normal;Vehicle with vehicle collision;3;3;Going straight;na;Not a Pedestrian;Changing lane to the left;Slight Injury
14:55:00;Tuesday;Male;unknown;Owner;unknown;Public (13?45 seats);Organization;Unknown;No defect;Other;Two-way (divided with broken lines road marking);Tangent road with flat terrain;Crossing;Asphalt roads;Dry;Daylight;Normal;Vehicle with vehicle collision;3;3;Going straight;31-50;Not a Pedestrian;Changing lane to the right;Slight Injury
14:55:00;Tuesday;Male;Junior high school;Owner;5-10yr;Other;Owner;Above 10yr;unknown;Other;other;Steep grade downward with mountainous terrain;Crossing;Asphalt roads;Dry;Daylight;Normal;Collision with roadside objects;3;3;Reversing;na;Not a Pedestrian;Overtaking;Slight Injury
12:50:00;Wednesday;Male;Junior high school;Owner;Below 1yr;Lorry (41?100Q);Owner;Unknown;unknown;Office areas;Undivided Two way;Tangent road with flat terrain;Crossing;Asphalt roads with some distress;Dry;Daylight;Normal;Collision with roadside objects;2;3;Moving Backward;18-30;Not a Pedestrian;Overloading;Slight Injury
12:50:00;Wednesday;Male;Junior high school;Owner;2-5yr;Lorry (41?100Q);Owner;Unknown;No defect;Office areas;One way;Tangent road with flat terrain;Crossing;unknown;Dry;Daylight;Normal;Vehicle with vehicle collision;2;3;Going straight;Over 51;Not a Pedestrian;Other;Slight Injury
12:50:00;Wednesday;Male;Elementary school;Employee;2-5yr;Long lorry;Owner;Above 10yr;No defect; Church areas;other;Tangent road with flat terrain;Crossing;Asphalt roads;Dry;Daylight;Normal;Vehicle with vehicle collision;2;3;Going straight;na;Not a Pedestrian;No priority to vehicle;Slight Injury
18:15:00;Tuesday;Male;Junior high school;Employee;2-5yr;Pick up upto 10Q;Owner;unknown;No defect;Office areas;Double carriageway (median);Tangent road with flat terrain;Y Shape;Asphalt roads;Dry;Darkness - lights lit;Normal;Vehicle with vehicle collision;2;1;Going straight;31-50;Not a Pedestrian;Changing lane to the right;Slight Injury
18:15:00;Tuesday;Male;Junior high school;Employee;2-5yr;Pick up upto 10Q;Owner;Above 10yr;No defect;Office areas;other;Tangent road with flat terrain;Y Shape;Asphalt roads;Dry;Darkness - lights lit;Normal;Vehicle with vehicle collision;2;1;Going straight;na;Not a Pedestrian;Moving Backward;Slight Injury
08:40:00;Monday;Male;Junior high school;Employee;5-10yr;Lorry (41?100Q);Owner;Unknown;No defect;Office areas;Two-way (divided with broken lines road marking);Tangent road with flat terrain;Y Shape;Asphalt roads;Wet or damp;Daylight;Raining;Vehicle with vehicle collision;2;1;Going straight;Under 18;Not a Pedestrian;Changing lane to the left;Slight Injury
08:40:00;Monday;Male;Junior high school;Employee;5-10yr;Lorry (41?100Q);Owner;Unknown;No defect;Office areas;One way;Tangent road with flat terrain;Y Shape;Earth roads;Wet or damp;Daylight;Raining;Rollover;2;1;Going straight;na;Not a Pedestrian;No priority to pedestrian;Slight Injury
13:15:00;Saturday;Male;Junior high school;Employee;Above 10yr;Automobile;Owner;2-5yrs;No defect;Residential areas;Undivided Two way;Tangent road with flat terrain;Y Shape;Asphalt roads;Wet or damp;Daylight;Raining;Vehicle with vehicle collision;2;1;Turnover;na;Not a Pedestrian;No distancing;Serious Injury
13:15:00;Saturday;Male;Elementary school;Employee;5-10yr;Other;Owner;Above 10yr;No defect;Residential areas;other;Tangent road with flat terrain;Y Shape;Asphalt roads;Wet or damp;Daylight;Raining;Collision with roadside objects;2;1;Going straight;Over 51;Not a Pedestrian;No priority to vehicle;Serious Injury
12:30:00;Monday;Male;Junior high school;Employee;5-10yr;unknown;Owner;5-10yrs;unknown;Residential areas;Undivided Two way;Tangent road with flat terrain;Y Shape;Asphalt roads;Dry;Daylight;Normal;Collision with pedestrians;1;2;Other;na;Not a Pedestrian;No distancing;Slight Injury
12:30:00;Monday;Male;Junior high school;Employee;Above 10yr;Other;Owner;5-10yrs;unknown;Office areas;Double carriageway (median);Tangent road with flat terrain;Y Shape;Asphalt roads;Dry;Daylight;Normal;Vehicle with vehicle collision;1;2;Going straight;31-50;Not a Pedestrian;No distancing;Slight Injury
08:35:00;Saturday;Male;Elementary school;Owner;unknown;Automobile;Owner;Unknown;No defect;Residential areas;Two-way (divided with broken lines road marking);Steep grade downward with mountainous terrain;Y Shape;Asphalt roads;Wet or damp;Daylight;Raining;Vehicle with vehicle collision;2;1;Going straight;na;Not a Pedestrian;Moving Backward;Slight Injury
08:35:00;Saturday;Male;Junior high school;Owner;5-10yr;Pick up upto 10Q;Governmental;Unknown;No defect;Other;Two-way (divided with broken lines road marking);Tangent road with flat terrain;Y Shape;Asphalt roads;Wet or damp;Daylight;Raining;Vehicle with vehicle collision;2;1;Going straight;31-50;Not a Pedestrian;Changing lane to the right;Slight Injury
15:48:00;Tuesday;Male;Junior high school;Employee;5-10yr;Automobile;Governmental;Below 1yr;No defect;Other;Two-way (divided with broken lines road marking);Tangent road with flat terrain;Y Shape;Asphalt roads;Wet or damp;Darkness - lights lit;Raining;Vehicle with vehicle collision;2;1;Going straight;Under 18;Crossing from offside - masked by  parked or statioNot a Pedestrianry vehicle;No priority to pedestrian;Slight Injury
15:48:00;Tuesday;Male;Junior high school;Employee;Below 1yr;Public (12 seats);Owner;unknown;unknown;Other;Two-way (divided with broken lines road marking);unknown;Y Shape;Asphalt roads;Wet or damp;Darkness - lights lit;Raining;Vehicle with vehicle collision;2;1;Going straight;18-30;Not a Pedestrian;Moving Backward;Slight Injury
14:56:00;Sunday;Male;unknown;unknown;unknown;Automobile;Owner;Unknown;No defect;School areas;Double carriageway (median);Tangent road with flat terrain;Y Shape;Asphalt roads;Dry;Daylight;Normal;Vehicle with vehicle collision;1;1;Moving Backward;na;Not a Pedestrian;Getting off the vehicle improperly;Serious Injury
22:30:00;Thursday;Male;Junior high school;Employee;5-10yr;Other;Owner;Unknown;No defect;School areas;Double carriageway (median);Tangent road with flat terrain;Y Shape;Asphalt roads;Wet or damp;Darkness - lights lit;Raining;Vehicle with vehicle collision;2;1;Moving Backward;31-50;Not a Pedestrian;Overtaking;Slight Injury