Time;Day_of_week;Sex_of_driver;Educational_level;Vehicle_driver_relation;Driving_experience;Type_of_vehicle;Owner_of_vehicle;Service_year_of_vehicle;Defect_of_vehicle;Area_accident_occured;Lanes_or_Medians;Road_allignment;Types_of_Junction;Road_surface_type;Road_surface_conditions;Light_conditions;Weather_conditions;Type_of_collision;Number_of_vehicles_involved;Number_of_casualties;Vehicle_movement;Age_band_of_casualty;Pedestrian_movement;Cause_of_accident;Accident_severity
22:30:00;Thursday;Male;Junior high school;Employee;5-10yr;Public (12 seats);Owner;2-5yrs;No defect;School areas;Undivided Two way;Tangent road with flat terrain;Y Shape;Asphalt roads;Wet or damp;Darkness - lights lit;Raining;Collision with roadside objects;2;1;Moving Backward;na;Not a Pedestrian;Overloading;Slight Injury
08:14:00;Wednesday;Male;Junior high school;Employee;Above 10yr;Stationwagen;Owner;Unknown;No defect;Residential areas;One way;Tangent road with flat terrain;Y Shape;Gravel roads;Dry;Daylight;Normal;Rollover;2;1;Other;na;Not a Pedestrian;Changing lane to the right;Slight Injury
08:14:00;Wednesday;Male;High school;Employee;Above 10yr;Lorry (41?100Q);Owner;Unknown;No defect;Other;Undivided Two way;Tangent road with flat terrain;Y Shape;Asphalt roads;Dry;Daylight;Normal;Vehicle with vehicle collision;2;1;Going straight;18-30;Not a Pedestrian;Improper parking;Slight Injury
09:10:00;Monday;Male;Junior high school;Employee;Above 10yr;Lorry (41?100Q);Owner;Unknown;No defect;Office areas;Two-way (divided with broken lines road marking);Tangent road with flat terrain;Y Shape;Asphalt roads;Wet or damp;Daylight;Normal;Collision with pedestrians;1;1;Unknown;31-50;Not a Pedestrian;Other;Fatal injury
16:42:00;Tuesday;Male;Junior high school;Employee;Above 10yr;Lorry (41?100Q);Owner;5-10yrs;No defect;Other;Two-way (divided with broken lines road marking);Tangent road with flat terrain;Y Shape;Asphalt roads;Wet or damp;Darkness - no lighting;Raining;Vehicle with vehicle collision;3;1;Turnover;na;Not a Pedestrian;Changing lane to the left;Slight Injury
16:42:00;Tuesday;Male;Junior high school;Employee;Above 10yr;Automobile;Owner;Above 10yr;No defect;School areas;Undivided Two way;Tangent road with flat terrain;Y Shape;Asphalt roads;Wet or damp;Darkness - no lighting;Raining;Vehicle with vehicle collision;3;1;Getting off;Over 51;Crossing from nearside - masked by parked or statioNot a Pedestrianry vehicle;Changing lane to the right;Slight Injury
16:42:00;Tuesday;Male;Junior high school;Employee;Above 10yr;Lorry (41?100Q);Owner;5-10yrs;No defect;Other;Double carriageway (median);Tangent road with flat terrain;Y Shape;Asphalt roads;Wet or damp;Darkness - no lighting;Raining;Collision with pedestrians;3;1;Going straight;5;Unknown or other;No priority to pedestrian;Slight Injury
19:35:00;Wednesday;Male;Junior high school;Employee;5-10yr;unknown;Owner;2-5yrs;No defect; Industrial areas;Two-way (divided with broken lines road marking);Tangent road with flat terrain;Y Shape;Asphalt roads;Dry;Darkness - no lighting;Unknown;Collision with pedestrians;1;1;Going straight;na;Not a Pedestrian;Overspeed;Serious Injury
08:45:00;Monday;Male;Junior high school;Employee;2-5yr;Public (12 seats);Owner;2-5yrs;No defect;Other;Two-way (divided with broken lines road marking);Tangent road with flat terrain;No junction;Asphalt roads;Wet or damp;Daylight;Normal;Vehicle with vehicle collision;3;1;Going straight;18-30;Not a Pedestrian;Changing lane to the left;Slight Injury
08:45:00;Monday;Female;Junior high school;Employee;Below 1yr;Automobile;Owner;Unknown;No defect;Office areas;Two-way (divided with broken lines road marking);Tangent road with flat terrain;No junction;Asphalt roads;Wet or damp;Daylight;Normal;Vehicle with vehicle collision;3;1;Turnover;18-30;Not a Pedestrian;No priority to vehicle;Slight Injury
08:45:00;Monday;Female;Junior high school;Employee;Below 1yr;Stationwagen;Owner;Unknown;No defect;Other;Two-way (divided with broken lines road marking);Tangent road with flat terrain;No junction;Asphalt roads;Wet or damp;Daylight;Normal;Vehicle with vehicle collision;3;1;Reversing;na;Not a Pedestrian;Changing lane to the right;Slight Injury
15:30:00;Tuesday;Male;Junior high school;Employee;2-5yr;Automobile;Owner;Unknown;No defect;Other;Two-way (divided with broken lines road marking);Tangent road with flat terrain;No junction;Asphalt roads;Wet or damp;Daylight;Other;Vehicle with vehicle collision;1;1;Moving Backward;31-50;Not a Pedestrian;No distancing;Slight Injury
12:04:00;Sunday;Male;Elementary school;Employee;Below 1yr;Lorry (41?100Q);Organization;Above 10yr;No defect; Outside rural areas;Undivided Two way;Tangent road with flat terrain;Y Shape;Asphalt roads;Wet or damp;Daylight;Normal;Vehicle with vehicle collision;2;1;Other;na;Not a Pedestrian;No priority to pedestrian;Slight Injury
12:04:00;Sunday;Male;Junior high school;Employee;Below 1yr;Other;Owner;Unknown;No defect;Other;other;Tangent road with flat terrain;Y Shape;Asphalt roads;Wet or damp;Daylight;Normal;Collision with roadside objects;2;1;Going straight;31-50;Not a Pedestrian;No distancing;Slight Injury
15:35:00;Tuesday;Male;Junior high school;Employee;unknown;Pick up upto 10Q;Owner;Above 10yr;No defect;Residential areas;Two-way (divided with broken lines road marking);Tangent road with flat terrain;Y Shape;Asphalt roads;Wet or damp;Darkness - lights lit;Raining;Vehicle with vehicle collision;2;2;Going straight;18-30;Not a Pedestrian;No priority to vehicle;Slight Injury
15:35:00;Tuesday;Male;unknown;Employee;5-10yr;unknown;Owner;Above 10yr;unknown;Office areas;Two-way (divided with broken lines road marking);Tangent road with flat terrain;Y Shape;Asphalt roads;Wet or damp;Darkness - lights lit;Raining;Vehicle with vehicle collision;2;2;Going straight;na;Not a Pedestrian;Other;Slight Injury
19:00:00;Friday;Female;Writing & reading;Employee;Below 1yr;Lorry (41?100Q);Owner;Unknown;unknown;Office areas;Double carriageway (median);Tangent road with flat terrain;Y Shape;Asphalt roads;Dry;Darkness - lights lit;Normal;Vehicle with vehicle collision;2;1;Going straight;18-30;Not a Pedestrian;Driving carelessly;Slight Injury
19:00:00;Friday;Male;Junior high school;Employee;Below 1yr;Automobile;unknown;2-5yrs;unknown; Hospital areas;One way;unknown;Y Shape;Asphalt roads;Dry;Darkness - lights lit;Normal;Vehicle with vehicle collision;2;1;Going straight;na;Not a Pedestrian;Changing lane to the left;Slight Injury
23:35:00;Thursday;Male;Junior high school;Employee;1-2yr;Public (13?45 seats);Owner;Unknown;unknown; Industrial areas;Two-way (divided with broken lines road marking);Tangent road with flat terrain;Y Shape;Asphalt roads;Wet or damp;Darkness - no lighting;Raining;Vehicle with vehicle collision;1;1;Going straight;18-30;Not a Pedestrian;Driving carelessly;Slight Injury
13:40:00;Thursday;Male;Elementary school;Employee;Above 10yr;Automobile;Owner;2-5yrs;No defect;Other;Undivided Two way;Tangent road with flat terrain;Y Shape;Asphalt roads;Wet or damp;Daylight;Cloudy;Vehicle with vehicle collision;2;1;Going straight;18-30;Not a Pedestrian;Changing lane to the left;Serious Injury
13:40:00;Thursday;Male;Elementary school;Employee;Above 10yr;Lorry (41?100Q);Owner;unknown;unknown;Office areas;Undivided Two way;Tangent road with flat terrain;Y Shape;Asphalt roads;Wet or damp;Daylight;Cloudy;Vehicle with vehicle collision;2;1;Going straight;18-30;Not a Pedestrian;No priority to vehicle;Serious Injury
17:05:00;Thursday;Male;Elementary school;Employee;Below 1yr;Public (12 seats);Owner;Unknown;No defect;Office areas;other;Tangent road with flat terrain;Y Shape;Asphalt roads;Dry;Darkness - lights lit;Normal;Vehicle with vehicle collision;2;1;Going straight;na;Not a Pedestrian;No distancing;Slight Injury
17:05:00;Thursday;Male;High school;Employee;2-5yr;Motorcycle;Owner;Unknown;unknown;Residential areas;Two-way (divided with broken lines road marking);Tangent road with flat terrain;Y Shape;Asphalt roads;Dry;Darkness - lights lit;Normal;Vehicle with vehicle collision;2;1;Other;31-50;Not a Pedestrian;Changing lane to the right;Slight Injury
17:24:00;Thursday;Male;Junior high school;Employee;2-5yr;Public (12 seats);Owner;Unknown;unknown;Residential areas;unknown;Tangent road with flat terrain;No junction;Other;Wet or damp;Darkness - lights lit;Raining;Vehicle with vehicle collision;2;1;Moving Backward;na;Not a Pedestrian;Changing lane to the right;Slight Injury
17:24:00;Thursday;Male;Above high school;Employee;Above 10yr;Lorry (41?100Q);Owner;Unknown;No defect;School areas;Two-way (divided with broken lines road marking);Tangent road with flat terrain;No junction;unknown;Wet or damp;Darkness - lights lit;Raining;Vehicle with vehicle collision;2;1;Going straight;31-50;Crossing from offside - masked by  parked or statioNot a Pedestrianry vehicle;Driving at high speed;Slight Injury
18:41:00;Friday;Male;Junior high school;Employee;2-5yr;Automobile;Governmental;Unknown;No defect;Other;Two-way (divided with broken lines road marking);Tangent road with flat terrain;No junction;Asphalt roads;Dry;Darkness - lights lit;Normal;Vehicle with vehicle collision;2;1;Moving Backward;na;Not a Pedestrian;No distancing;Serious Injury
18:41:00;Friday;Male;Junior high school;Employee;2-5yr;Lorry (41?100Q);Governmental;Unknown;No defect;  Market areas;Undivided Two way;Tangent road with flat terrain;No junction;Asphalt roads;Dry;Darkness - lights lit;Normal;Vehicle with vehicle collision;2;1;Going straight;31-50;Not a Pedestrian;Changing lane to the right;Serious Injury
20:30:00;Thursday;Male;High school;Employee;1-2yr;Stationwagen;Owner;Unknown;No defect;Office areas;other;Tangent road with flat terrain;Crossing;Asphalt roads;Dry;Darkness - lights lit;Normal;Vehicle with vehicle collision;2;2;Moving Backward;31-50;Not a Pedestrian;Changing lane to the left;Slight Injury
20:30:00;Thursday;Male;Junior high school;Employee;5-10yr;Pick up upto 10Q;Owner;Unknown;No defect; Church areas;Two-way (divided with broken lines road marking);Tangent road with flat terrain;Crossing;Asphalt roads;Dry;Darkness - lights lit;Normal;Vehicle with vehicle collision;2;2;unknown;31-50;Not a Pedestrian;Getting off the vehicle improperly;Slight Injury
17:35:00;Wednesday;Male;Junior high school;Employee;Below 1yr;Automobile;Governmental;Unknown;No defect; Church areas;Two-way (divided with broken lines road marking);Tangent road with flat terrain;No junction;Asphalt roads;Wet or damp;Darkness - lights lit;Raining;Collision with roadside objects;2;3;Going straight;na;Not a Pedestrian;Other;Slight Injury
17:35:00;Wednesday;Male;Junior high school;Employee;Below 1yr;Automobile;Owner;Unknown;No defect;Residential areas;Double carriageway (median);Tangent road with flat terrain;No junction;Asphalt roads;Wet or damp;Darkness - lights lit;Raining;Vehicle with vehicle collision;2;3;Going straight;Over 51;Not a Pedestrian;Other;Slight Injury
17:35:00;Wednesday;Male;Elementary school;Employee;unknown;unknown;Owner;Above 10yr;No defect;Residential areas;Two-way (divided with broken lines road marking);Tangent road with flat terrain;No junction;Asphalt roads;Wet or damp;Darkness - lights lit;Raining;Vehicle with vehicle collision;2;3;Going straight;na;Not a Pedestrian;No distancing;Slight Injury
17:35:00;Wednesday;Male;Junior high school;Employee;Below 1yr;Other;Owner;Unknown;No defect;Residential areas;Double carriageway (median);Tangent road with flat terrain;No junction;Asphalt roads;Wet or damp;Darkness - lights lit;Raining;Vehicle with vehicle collision;2;3;Going straight;18-30;Not a Pedestrian;No priority to vehicle;Slight Injury
19:15:00;Friday;Male;Junior high school;Employee;1-2yr;Automobile;Owner;Above 10yr;No defect;Residential areas;Two-way (divided with broken lines road marking);Tangent road with flat terrain;Y Shape;Asphalt roads;Wet or damp;Darkness - lights lit;Normal;Vehicle with vehicle collision;2;1;Other;na;Not a Pedestrian;Overtaking;Slight Injury
19:15:00;Friday;Male;Elementary school;Employee;2-5yr;Public (13?45 seats);Owner;1-2yr;No defect;Other;Double carriageway (median);Tangent road with flat terrain;Y Shape;Asphalt roads;Wet or damp;Darkness - lights lit;Normal;Collision with pedestrians;2;1;Going straight;18-30;Not a Pedestrian;No priority to pedestrian;Slight Injury
06:40:00;Monday;Male;High school;Employee;1-2yr;Public (13?45 seats);Owner;Unknown;No defect;Other;Two-way (divided with broken lines road marking);Tangent road with flat terrain;No junction;Asphalt roads;Wet or damp;Darkness - lights lit;Normal;Vehicle with vehicle collision;2;1;Moving Backward;na;Not a Pedestrian;No distancing;Slight Injury
06:40:00;Monday;Male;Junior high school;Employee;5-10yr;Automobile;Owner;2-5yrs;No defect;Residential areas;Two-way (divided with broken lines road marking);Tangent road with flat terrain;No junction;Asphalt roads;Wet or damp;Darkness - lights lit;Normal;Vehicle with vehicle collision;2;1;Moving Backward;na;Not a Pedestrian;Changing lane to the right;Slight Injury
19:10:00;Saturday;Male;Junior high school;Employee;Below 1yr;Public (12 seats);Owner;Unknown;No defect;Other;other;Tangent road with flat terrain;No junction;Other;Wet or damp;Darkness - lights lit;Raining;Vehicle with vehicle collision;2;1;Moving Backward;18-30;Not a Pedestrian;Driving carelessly;Serious Injury
19:10:00;Saturday;Male;High school;Employee;Above 10yr;Public (12 seats);Owner;Unknown;No defect; Church areas;Undivided Two way;Tangent road with flat terrain;No junction;Asphalt roads;Wet or damp;Darkness - lights lit;Raining;Vehicle with vehicle collision;2;1;Going straight;31-50;Not a Pedestrian;Changing lane to the right;Serious Injury
20:20:00;Thursday;Male;Elementary school;Owner;5-10yr;Lorry (41?100Q);Owner;Unknown;No defect;Other;Undivided Two way;Tangent road with flat terrain;No junction;Asphalt roads;Wet or damp;Darkness - lights lit;Normal;Vehicle with vehicle collision;2;1;Going straight;na;Not a Pedestrian;Overtaking;Serious Injury
20:20:00;Thursday;Male;Elementary school;Employee;Below 1yr;Automobile;Owner;Unknown;No defect;Office areas;Undivided Two way;Tangent road with flat terrain;No junction;Asphalt roads;Wet or damp;Darkness - lights lit;Normal;Vehicle with vehicle collision;2;1;Going straight;na;Not a Pedestrian;Other;Serious Injury
08:25:00;Monday;Male;Junior high school;Employee;5-10yr;Pick up upto 10Q;Owner;2-5yrs;No defect;Office areas;Two-way (divided with broken lines road marking);Tangent road with flat terrain;Y Shape;Asphalt roads;Wet or damp;Daylight;Raining;Vehicle with vehicle collision;1;1;Going straight;18-30;Not a Pedestrian;Driving to the left;Serious Injury
09:10:00;Monday;Male;Elementary school;Owner;5-10yr;Pick up upto 10Q;Owner;unknown;unknown;Residential areas;Undivided Two way;Tangent road with flat terrain;Y Shape;Asphalt roads;Wet or damp;Daylight;Normal;Vehicle with vehicle collision;3;1;Other;31-50;Not a Pedestrian;Driving at high speed;Slight Injury
09:10:00;Monday;Unknown;Junior high school;Employee;2-5yr;Lorry (41?100Q);Owner;Unknown;unknown;Other;Two-way (divided with broken lines road marking);Tangent road with flat terrain;Y Shape;Asphalt roads;Wet or damp;Daylight;Normal;Collision with pedestrians;3;1;Going straight;na;Not a Pedestrian;Unknown;Slight Injury
09:10:00;Monday;Male;Junior high school;Employee;Above 10yr;Automobile;Owner;Above 10yr;unknown; Industrial areas;Undivided Two way;Tangent road with flat terrain;Y Shape;Asphalt roads;Wet or damp;Daylight;Normal;Vehicle with vehicle collision;3;1;Going straight;na;Not a Pedestrian;Changing lane to the right;Slight Injury
19:19:00;Friday;Female;Junior high school;Employee;5-10yr;Stationwagen;Owner;Unknown;unknown;Office areas;Two-way (divided with broken lines road marking);Tangent road with flat terrain;Y Shape;Asphalt roads;Wet or damp;Darkness - lights lit;Raining;Vehicle with vehicle collision;2;1;Going straight;31-50;Not a Pedestrian;No distancing;Slight Injury
19:19:00;Friday;Male;High school;Employee;1-2yr;Motorcycle;Organization;Unknown;unknown;  Recreational areas;Two-way (divided with broken lines road marking);Tangent road with flat terrain;Y Shape;Asphalt roads;Wet or damp;Darkness - lights lit;Raining;Vehicle with vehicle collision;2;1;Reversing;18-30;Not a Pedestrian;Other;Slight Injury
09:20:00;Thursday;Male;Elementary school;Employee;5-10yr;unknown;Owner;1-2yr;No defect;Residential areas;Two-way (divided with broken lines road marking);Tangent road with flat terrain;O Shape;Other;Wet or damp;Daylight;Normal;Vehicle with vehicle collision;2;1;Moving Backward;31-50;Not a Pedestrian;No priority to vehicle;Slight Injury
09:20:00;Thursday;Male;Elementary school;Employee;2-5yr;Other;Owner;Above 10yr;unknown;Residential areas;Undivided Two way;Tangent road with flat terrain;O Shape;Asphalt roads;Wet or damp;Daylight;Normal;Collision with roadside objects;2;1;Going straight;Over 51;Not a Pedestrian;Changing lane to the left;Slight Injury
09:35:00;Thursday;Male;Junior high school;Employee;Below 1yr;Automobile;Owner;5-10yrs;unknown; Church areas;Undivided Two way;Steep grade downward with mountainous terrain;Y Shape;Asphalt roads;Snow;Daylight;Normal;Vehicle with vehicle collision;2;2;Going straight;na;Not a Pedestrian;No priority to pedestrian;Slight Injury
09:35:00;Thursday;Male;Junior high school;Employee;Below 1yr;Automobile;Owner;5-10yrs;unknown;Residential areas;Undivided Two way;Tangent road with flat terrain;Y Shape;unknown;Snow;Daylight;Normal;Vehicle with vehicle collision;2;2;Reversing;31-50;Not a Pedestrian;Overtaking;Slight Injury
09:35:00;Thursday;Male;Junior high school;Employee;5-10yr;unknown;Owner;Unknown;No defect;unknown;other;Tangent road with flat terrain;Y Shape;Asphalt roads;Snow;Daylight;Normal;Vehicle with vehicle collision;2;2;Going straight;na;Not a Pedestrian;Driving carelessly;Slight Injury
15:55:00;Saturday;Male;Junior high school;Owner;5-10yr;Public (> 45 seats);Owner;5-10yrs;No defect;Other;Undivided Two way;Tangent road with flat terrain;Crossing;Asphalt roads;Dry;Daylight;Normal;Vehicle with vehicle collision;1;1;Reversing;18-30;Not a Pedestrian;No priority to vehicle;Slight Injury
11:34:00;Wednesday;Male;Elementary school;Employee;1-2yr;Automobile;Owner;Unknown;unknown;Other;Two-way (divided with solid lines road marking);Tangent road with flat terrain;Other;Asphalt roads;Dry;Daylight;Normal;Vehicle with vehicle collision;3;2;Other;18-30;Not a Pedestrian;No priority to pedestrian;Slight Injury
11:34:00;Wednesday;Male;Junior high school;Employee;unknown;Other;Owner;Unknown;No defect; Church areas;Two-way (divided with solid lines road marking);Tangent road with flat terrain;Other;Earth roads;Dry;Daylight;Normal;Vehicle with vehicle collision;3;2;unknown;na;Not a Pedestrian;Changing lane to the right;Slight Injury
11:34:00;Wednesday;Female;Elementary school;Employee;Above 10yr;Automobile;Governmental;unknown;No defect;Other;Two-way (divided with solid lines road marking);Tangent road with flat terrain;Other;Asphalt roads;Dry;Daylight;Normal;Vehicle with vehicle collision;3;2;Going straight;na;Not a Pedestrian;Driving carelessly;Slight Injury
06:30:00;Tuesday;Male;Junior high school;Owner;1-2yr;Other;Owner;Unknown;No defect; Church areas;Two-way (divided with solid lines road marking);Tangent road with flat terrain;Crossing;Asphalt roads;Wet or damp;Darkness - lights lit;Normal;Collision with roadside objects;2;2;Going straight;18-30;Not a Pedestrian;Changing lane to the right;Slight Injury
06:30:00;Tuesday;Male;unknown;unknown;unknown;Lorry (41?100Q);Owner;Unknown;No defect; Church areas;Two-way (divided with broken lines road marking);Tangent road with flat terrain;Crossing;Asphalt roads;Wet or damp;Darkness - lights lit;Normal;Vehicle with vehicle collision;2;2;Going straight;31-50;Not a Pedestrian;Changing lane to the right;Slight Injury
21:40:00;Wednesday;Male;Junior high school;Employee;Above 10yr;Pick up upto 10Q;Owner;Above 10yr;No defect;Other;Undivided Two way;Tangent road with flat terrain;Y Shape;Asphalt roads;Wet or damp;Darkness - lights lit;Normal;Vehicle with vehicle collision;2;3;Going straight;na;Not a Pedestrian;Changing lane to the left;Slight Injury
21:40:00;Wednesday;Male;Elementary school;Owner;2-5yr;Public (13?45 seats);Governmental;5-10yrs;No defect;Other;Undivided Two way;Tangent road with flat terrain;Y Shape;Asphalt roads;Wet or damp;Darkness - lights lit;Normal;Vehicle with vehicle collision;2;3;Going straight;na;Not a Pedestrian;Overturning;Slight Injury
21:40:00;Wednesday;Male;Junior high school;Employee;5-10yr;Automobile;Owner;5-10yrs;No defect;School areas;other;Tangent road with flat terrain;Y Shape;Asphalt roads;Wet or damp;Darkness - lights lit;Normal;Vehicle with vehicle collision;2;3;Going straight;Over 51;Not a Pedestrian;Driving carelessly;Slight Injury
17:35:00;Thursday;Male;Junior high school;Employee;Below 1yr;Pick up upto 10Q;Owner;Above 10yr;No defect;Residential areas;Undivided Two way;Tangent road with flat terrain;No junction;Asphalt roads;Dry;Darkness - lights lit;Normal;Rollover;2;1;Going straight;na;Not a Pedestrian;No distancing;Slight Injury
17:35:00;Thursday;Male;Junior high school;Employee;5-10yr;Automobile;unknown;1-2yr;No defect;Other;Two-way (divided with broken lines road marking);Tangent road with flat terrain;No junction;Asphalt roads;Dry;Darkness - lights lit;Normal;Vehicle with vehicle collision;2;1;Going straight;na;Not a Pedestrian;Driving carelessly;Slight Injury
11:00:00;Wednesday;Male;High school;Employee;Above 10yr;Lorry (41?100Q);Owner;Above 10yr;No defect;Office areas;Undivided Two way;Tangent road with flat terrain;Y Shape;Asphalt roads;Dry;Daylight;Normal;Vehicle with vehicle collision;2;2;Going straight;na;Not a Pedestrian;Changing lane to the left;Slight Injury
11:00:00;Wednesday;Male;Junior high school;Employee;5-10yr;Automobile;Owner;Above 10yr;No defect;Residential areas;Undivided Two way;Tangent road with flat terrain;Y Shape;Asphalt roads;Dry;Daylight;Normal;Collision with roadside objects;2;2;Going straight;31-50;Not a Pedestrian;No priority to vehicle;Slight Injury
11:00:00;Wednesday;Male;Elementary school;Employee;1-2yr;Lorry (41?100Q);Owner;Above 10yr;No defect;Other;One way;Steep grade downward with mountainous terrain;Y Shape;Asphalt roads;Dry;Daylight;Normal;Vehicle with vehicle collision;2;2;Going straight;18-30;Not a Pedestrian;Changing lane to the right;Slight Injury
08:35:00;Wednesday;Male;Junior high school;Employee;unknown;Lorry (41?100Q);Owner;Above 10yr;No defect;Residential areas;Two-way (divided with broken lines road marking);Tangent road with flat terrain;X Shape;Asphalt roads;Dry;Daylight;Normal;Vehicle with vehicle collision;2;1;Going straight;Under 18;Not a Pedestrian;No distancing;Slight Injury
08:35:00;Wednesday;Male;Elementary school;Employee;1-2yr;Lorry (41?100Q);Owner;5-10yrs;No defect;Residential areas;Undivided Two way;Tangent road with flat terrain;X Shape;Asphalt roads;Dry;Daylight;Normal;Vehicle with vehicle collision;2;1;Going straight;na;Not a Pedestrian;Moving Backward;Slight Injury
09:34:00;Thursday;Male;Junior high school;Owner;1-2yr;Public (13?45 seats);Owner;unknown;No defect;Residential areas;Two-way (divided with broken lines road marking);Tangent road with flat terrain;Crossing;Asphalt roads;Wet or damp;Daylight;Unknown;Collision with roadside objects;2;1;Going straight;18-30;Not a Pedestrian;Moving Backward;Slight Injury
09:34:00;Thursday;Male;Above high school;Owner;1-2yr;Automobile;Owner;1-2yr;No defect;Other;other;Tangent road with flat terrain;Crossing;Asphalt roads;Wet or damp;Daylight;Unknown;Collision with roadside objects;2;1;Going straight;na;Not a Pedestrian;No distancing;Slight Injury
19:35:00;Wednesday;Male;Junior high school;Owner;5-10yr;Other;Owner;5-10yrs;No defect;Other;Undivided Two way;Tangent road with flat terrain;Y Shape;Asphalt roads;Dry;Darkness - lights lit;Normal;Vehicle with vehicle collision;2;2;Moving Backward;18-30;Crossing from driver's nearside;No distancing;Slight Injury
19:35:00;Wednesday;Male;Junior high school;Employee;5-10yr;Other;Owner;5-10yrs;No defect;Other;One way;Tangent road with flat terrain;Y Shape;Asphalt roads;Dry;Darkness - lights lit;Normal;Vehicle with vehicle collision;2;2;Going straight;18-30;Not a Pedestrian;No distancing;Slight Injury
05:55:00;Friday;Male;Elementary school;Employee;5-10yr;Other;Owner;1-2yr;No defect; Hospital areas;Undivided Two way;Tangent road with flat terrain;Y Shape;Earth roads;Dry;Darkness - no lighting;Normal;Collision with roadside objects;2;3;Going straight;18-30;Crossing from driver's nearside;No priority to pedestrian;Slight Injury
05:55:00;Friday;Male;High school;Owner;Below 1yr;Automobile;Owner;2-5yrs;No defect;Residential areas;Undivided Two way;Tangent road with flat terrain;Y Shape;Asphalt roads;Dry;Darkness - no lighting;Normal;Collision with roadside objects;2;3;Going straight;na;Not a Pedestrian;Driving carelessly;Slight Injury
05:55:00;Friday;Male;Junior high school;Employee;Above 10yr;Other;Owner;5-10yrs;No defect;Residential areas;One way;Tangent road with flat terrain;Y Shape;Asphalt roads;Dry;Darkness - no lighting;Normal;Vehicle with vehicle collision;2;3;unknown;18-30;Not a Pedestrian;Changing lane to the right;Slight Injury
12:15:00;Monday;Male;Junior high school;Employee;5-10yr;Lorry (41?100Q);Owner;5-10yrs;No defect;Residential areas;Undivided Two way;Tangent road with flat terrain;Y Shape;Asphalt roads;Wet or damp;Daylight;Normal;Vehicle with vehicle collision;2;1;Turnover;18-30;Not a Pedestrian;Changing lane to the left;Slight Injury
12:15:00;Monday;Male;Junior high school;Employee;Below 1yr;Public (12 seats);Owner;1-2yr;No defect;Other;Two-way (divided with broken lines road marking);Tangent road with flat terrain;Y Shape;Asphalt roads;Wet or damp;Daylight;Normal;Vehicle with vehicle collision;2;1;Going straight;na;Not a Pedestrian;Driving carelessly;Slight Injury
18:30:00;Friday;Male;Junior high school;Employee;Above 10yr;Lorry (41?100Q);Owner;1-2yr;No defect;Office areas;Two-way (divided with broken lines road marking);Tangent road with flat terrain;Y Shape;Asphalt roads;Wet or damp;Darkness - lights lit;Normal;Collision with roadside objects;2;1;Going straight;31-50;Not a Pedestrian;Driving carelessly;Slight Injury
18:30:00;Friday;Male;Junior high school;Employee;5-10yr;Public (12 seats);Owner;2-5yrs;No defect;Other;other;Tangent road with flat terrain;Y Shape;Asphalt roads;Wet or damp;Darkness - lights lit;Normal;Vehicle with vehicle collision;2;1;Going straight;na;Not a Pedestrian;No distancing;Slight Injury
22:55:00;Saturday;Male;Junior high school;Owner;Above 10yr;Lorry (41?100Q);Owner;Unknown;No defect;Office areas;Double carriageway (median);Tangent road with flat terrain;No junction;Asphalt roads;Dry;Darkness - lights lit;Normal;Vehicle with vehicle collision;4;1;Going straight;31-50;Not a Pedestrian;Other;Slight Injury
22:55:00;Saturday;Female;Junior high school;Employee;5-10yr;Other;Owner;Unknown;No defect;Residential areas;Two-way (divided with broken lines road marking);Tangent road with flat terrain;No junction;Asphalt roads;Dry;Darkness - lights lit;Normal;Vehicle with vehicle collision;4;1;Going straight;na;Not a Pedestrian;Changing lane to the right;Slight Injury
22:55:00;Saturday;Female;Junior high school;Employee;1-2yr;Lorry (41?100Q);Owner;Unknown;No defect;Office areas;Double carriageway (median);Gentle horizontal curve;No junction;Asphalt roads;Dry;Darkness - lights lit;Normal;Rollover;4;1;Going straight;18-30;Not a Pedestrian;Changing lane to the right;Slight Injury
22:55:00;Saturday;Female;Junior high school;Employee;1-2yr;unknown;Owner;unknown;No defect;Office areas;Double carriageway (median);Tangent road with flat terrain;No junction;Asphalt roads;Dry;Darkness - lights lit;Normal;Vehicle with vehicle collision;4;1;Going straight;na;Not a Pedestrian;No distancing;Slight Injury
02:59:00;Thursday;Male;Junior high school;Employee;1-2yr;Public (> 45 seats);Organization;Unknown;No defect;Other;Double carriageway (median);Tangent road with flat terrain;Y Shape;Earth roads;Dry;Darkness - lights lit;Normal;Vehicle with vehicle collision;2;1;Going straight;31-50;Not a Pedestrian;No distancing;Slight Injury
02:59:00;Thursday;Male;High school;Employee;2-5yr;Lorry (41?100Q);Owner;Unknown;No defect;Office areas;Two-way (divided with broken lines road marking);Tangent road with flat terrain;Y Shape;Asphalt roads;Dry;Darkness - lights lit;Normal;Collision with pedestrians;2;1;Going straight;31-50;Not a Pedestrian;Overturning;Slight Injury
13:15:00;Friday;Male;High school;Owner;Above 10yr;Other;Owner;Unknown;No defect;Office areas;unknown;Tangent road with flat terrain;Y Shape;Asphalt roads;Dry;Daylight;Normal;Vehicle with vehicle collision;2;1;Turnover;31-50;Not a Pedestrian;Driving at high speed;Slight Injury