Time;Day_of_week;Sex_of_driver;Educational_level;Vehicle_driver_relation;Driving_experience;Type_of_vehicle;Owner_of_vehicle;Service_year_of_vehicle;Defect_of_vehicle;Area_accident_occured;Lanes_or_Medians;Road_allignment;Types_of_Junction;Road_surface_type;Road_surface_conditions;Light_conditions;Weather_conditions;Type_of_collision;Number_of_vehicles_involved;Number_of_casualties;Vehicle_movement;Age_band_of_casualty;Pedestrian_movement;Cause_of_accident;Accident_severity
13:15:00;Friday;Male;Elementary school;Employee;2-5yr;Other;Governmental;Unknown;unknown;Office areas;One way;Tangent road with flat terrain;Y Shape;Asphalt roads;Dry;Daylight;Normal;Vehicle with vehicle collision;2;1;unknown;31-50;Not a Pedestrian;No priority to vehicle;Slight Injury
07:05:00;Wednesday;Male;Junior high school;Employee;Above 10yr;Automobile;Owner;Unknown;unknown;Other;Undivided Two way;Tangent road with flat terrain;Y Shape;Asphalt roads;Dry;Daylight;Normal;Vehicle with vehicle collision;2;1;Reversing;18-30;Not a Pedestrian;No priority to pedestrian;Slight Injury
07:05:00;Wednesday;Male;High school;Employee;2-5yr;Lorry (41?100Q);Owner;Unknown;unknown;Residential areas;unknown;Tangent road with flat terrain;Y Shape;Asphalt roads;Dry;Daylight;Normal;Vehicle with vehicle collision;2;1;Other;na;Not a Pedestrian;No priority to vehicle;Slight Injury
18:20:00;Tuesday;Male;Junior high school;Other;No Licence;Pick up upto 10Q;Owner;2-5yrs;No defect;Residential areas;Two-way (divided with broken lines road marking);Gentle horizontal curve;Crossing;Asphalt roads;Wet or damp;Darkness - lights lit;Raining;Collision with roadside objects;2;2;Going straight;na;Not a Pedestrian;Other;Slight Injury
18:20:00;Tuesday;Male;Junior high school;Employee;1-2yr;Automobile;Owner;5-10yrs;unknown; Church areas;Two-way (divided with broken lines road marking);Tangent road with flat terrain;Crossing;Asphalt roads;Wet or damp;Darkness - lights lit;Raining;Vehicle with vehicle collision;2;2;Going straight;18-30;Not a Pedestrian;Other;Slight Injury
18:20:00;Tuesday;Male;Junior high school;Owner;5-10yr;unknown;Owner;5-10yrs;unknown;Other;Two-way (divided with broken lines road marking);Tangent road with flat terrain;Crossing;Asphalt roads;Wet or damp;Darkness - lights lit;Raining;Vehicle with vehicle collision;2;2;Turnover;Over 51;Crossing from driver's nearside;Moving Backward;Slight Injury
16:24:00;Tuesday;Male;Junior high school;Employee;1-2yr;Other;Owner;Unknown;unknown;Residential areas;Two-way (divided with broken lines road marking);Tangent road with flat terrain;Y Shape;Gravel roads;Wet or damp;Daylight;Normal;Vehicle with vehicle collision;1;1;Other;18-30;Crossing from nearside - masked by parked or statioNot a Pedestrianry vehicle;No distancing;Slight Injury
23:54:00;Saturday;Female;Junior high school;Employee;Above 10yr;Automobile;Owner;2-5yrs;unknown;Other;Undivided Two way;Tangent road with flat terrain;Y Shape;Asphalt roads;Wet or damp;Darkness - lights lit;Normal;Vehicle with vehicle collision;2;1;Going straight;18-30;Crossing from nearside - masked by parked or statioNot a Pedestrianry vehicle;Moving Backward;Serious Injury
23:54:00;Saturday;Male;Junior high school;Employee;1-2yr;Stationwagen;Owner;2-5yrs;unknown;Residential areas;Undivided Two way;Tangent road with flat terrain;Y Shape;Asphalt roads;Wet or damp;Darkness - lights lit;Normal;Collision with roadside objects;2;1;Going straight;Under 18;Not a Pedestrian;No priority to vehicle;Serious Injury
17:30:00;Thursday;Male;Junior high school;Employee;1-2yr;Other;Owner;2-5yrs;unknown;Residential areas;Two-way (divided with broken lines road marking);Tangent road with flat terrain;No junction;Asphalt roads;Dry;Darkness - lights lit;Normal;Vehicle with vehicle collision;2;1;Other;18-30;Not a Pedestrian;Driving carelessly;Slight Injury
17:30:00;Thursday;Male;Junior high school;Employee;2-5yr;unknown;Owner;5-10yrs;No defect;Other;Two-way (divided with broken lines road marking);Tangent road with flat terrain;No junction;Asphalt roads;Dry;Darkness - lights lit;Normal;Collision with roadside objects;2;1;Going straight;Over 51;Not a Pedestrian;No distancing;Slight Injury
02:35:00;Sunday;Male;High school;Employee;1-2yr;Ridden horse;unknown;unknown;unknown;Other;Two-way (divided with broken lines road marking);Tangent road with flat terrain;Crossing;Asphalt roads;Dry;Darkness - lights lit;Normal;Vehicle with vehicle collision;2;3;Turnover;na;Not a Pedestrian;Other;Slight Injury
02:35:00;Sunday;Male;Junior high school;Employee;1-2yr;unknown;Owner;Unknown;No defect;Other;Undivided Two way;Tangent road with flat terrain;Crossing;Asphalt roads;Dry;Darkness - lights lit;Normal;Rollover;2;3;Going straight;31-50;Not a Pedestrian;Changing lane to the right;Slight Injury
02:35:00;Sunday;Male;Elementary school;Employee;Above 10yr;Other;Owner;Unknown;No defect;Other;Double carriageway (median);Tangent road with flat terrain;Crossing;Asphalt roads;Dry;Darkness - lights lit;Normal;Vehicle with vehicle collision;2;3;Turnover;31-50;Not a Pedestrian;No distancing;Slight Injury
16:15:00;Saturday;Male;Junior high school;Employee;Above 10yr;Lorry (41?100Q);Owner;Unknown;unknown;Residential areas;Two-way (divided with broken lines road marking);Tangent road with flat terrain;Y Shape;Asphalt roads;Dry;Daylight;Normal;Vehicle with vehicle collision;2;1;Going straight;31-50;Not a Pedestrian;Driving carelessly;Slight Injury
16:15:00;Saturday;Male;Elementary school;Employee;Above 10yr;Lorry (41?100Q);Owner;2-5yrs;unknown;  Recreational areas;Undivided Two way;Tangent road with flat terrain;Y Shape;Asphalt roads;Dry;Daylight;Normal;Vehicle with vehicle collision;2;1;Moving Backward;18-30;Not a Pedestrian;No distancing;Slight Injury
09:15:00;Sunday;Male;Junior high school;Employee;Above 10yr;Lorry (41?100Q);Owner;unknown;unknown;Other;other;Tangent road with flat terrain;Y Shape;Asphalt roads;Dry;Daylight;Normal;Vehicle with vehicle collision;2;1;unknown;5;Not a Pedestrian;No priority to vehicle;Slight Injury
09:15:00;Sunday;Male;Junior high school;Employee;1-2yr;Stationwagen;Owner;unknown;unknown;Office areas;Undivided Two way;Tangent road with flat terrain;Y Shape;Asphalt roads;Dry;Daylight;Normal;Vehicle with vehicle collision;2;1;Going straight;18-30;Not a Pedestrian;Changing lane to the right;Slight Injury
16:20:00;Wednesday;Male;Junior high school;Employee;5-10yr;Lorry (41?100Q);unknown;unknown;unknown;Other;Undivided Two way;Tangent road with flat terrain;Unknown;Asphalt roads;Dry;Daylight;Normal;Collision with pedestrians;1;1;Going straight;31-50;Not a Pedestrian;No priority to pedestrian;Serious Injury
06:15:00;Wednesday;Male;High school;Owner;2-5yr;Automobile;Owner;Unknown;unknown;Office areas;Undivided Two way;Tangent road with flat terrain;Y Shape;Asphalt roads;Dry;Darkness - lights lit;Normal;Rollover;1;1;Reversing;na;Not a Pedestrian;No priority to vehicle;Slight Injury
15:20:00;Friday;Male;Junior high school;Employee;2-5yr;Automobile;Owner;Unknown;unknown;Office areas;One way;Tangent road with flat terrain;No junction;Asphalt roads;Dry;Daylight;Normal;Vehicle with vehicle collision;1;1;Reversing;Under 18;Crossing from offside - masked by  parked or statioNot a Pedestrianry vehicle;Changing lane to the left;Slight Injury
16:40:00;Tuesday;Male;Junior high school;Employee;5-10yr;Pick up upto 10Q;Owner;Unknown;unknown;Office areas;Undivided Two way;Tangent road with flat terrain;Y Shape;Asphalt roads;Dry;Daylight;Normal;Rollover;2;1;Reversing;18-30;Not a Pedestrian;Turnover;Fatal injury
16:40:00;Tuesday;Male;Junior high school;Employee;5-10yr;Taxi;Owner;Unknown;No defect;Other;Undivided Two way;Tangent road with flat terrain;Y Shape;Asphalt roads;Dry;Daylight;Normal;Vehicle with vehicle collision;2;1;Going straight;na;Not a Pedestrian;Driving to the left;Fatal injury
07:51:00;Monday;Male;Junior high school;Employee;2-5yr;unknown;Governmental;Unknown;unknown;Other;Double carriageway (median);Tangent road with flat terrain;Y Shape;Asphalt roads;Wet or damp;Daylight;Raining;Vehicle with vehicle collision;2;1;Going straight;na;Not a Pedestrian;Driving carelessly;Slight Injury
07:51:00;Monday;Male;High school;Employee;Above 10yr;Automobile;Owner;Unknown;No defect;Office areas;Two-way (divided with solid lines road marking);Tangent road with flat terrain;Y Shape;Asphalt roads;Wet or damp;Daylight;Raining;Vehicle with vehicle collision;2;1;Going straight;31-50;Not a Pedestrian;Driving to the left;Slight Injury
16:50:00;Sunday;Female;Elementary school;Employee;5-10yr;unknown;Owner;Unknown;unknown;Residential areas;other;Tangent road with flat terrain;Crossing;Asphalt roads;Wet or damp;Daylight;Raining;Fall from vehicles;2;3;Going straight;31-50;Crossing from driver's nearside;Driving carelessly;Slight Injury
16:50:00;Sunday;Male;Junior high school;Employee;Above 10yr;Long lorry;Governmental;2-5yrs;unknown;  Recreational areas;Undivided Two way;Tangent road with flat terrain;Crossing;Asphalt roads;Wet or damp;Daylight;Raining;Vehicle with vehicle collision;2;3;Moving Backward;na;Not a Pedestrian;No priority to pedestrian;Slight Injury
16:50:00;Sunday;Male;Writing & reading;Employee;2-5yr;Public (12 seats);Owner;1-2yr;No defect;Other;other;Tangent road with flat terrain;Crossing;Earth roads;Wet or damp;Daylight;Raining;Collision with roadside objects;2;3;Going straight;31-50;Not a Pedestrian;Driving carelessly;Slight Injury
16:50:00;Sunday;Male;Junior high school;Employee;2-5yr;Pick up upto 10Q;Owner;Above 10yr;No defect;Residential areas;other;Tangent road with flat terrain;Crossing;Asphalt roads;Wet or damp;Daylight;Raining;Vehicle with vehicle collision;2;3;Moving Backward;na;Not a Pedestrian;Changing lane to the right;Slight Injury
10:30:00;Friday;Male;High school;Employee;2-5yr;unknown;Owner;Unknown;No defect;Other;other;Tangent road with flat terrain;O Shape;Asphalt roads;Wet or damp;Daylight;Other;Vehicle with vehicle collision;3;1;Moving Backward;18-30;Not a Pedestrian;Moving Backward;Slight Injury
10:30:00;Friday;Male;Junior high school;Employee;1-2yr;Other;Owner;Unknown;unknown;Other;other;Tangent road with flat terrain;O Shape;Asphalt roads;Wet or damp;Daylight;Other;Vehicle with vehicle collision;3;1;Going straight;na;Not a Pedestrian;Driving carelessly;Slight Injury
10:30:00;Friday;Female;High school;Employee;5-10yr;Lorry (41?100Q);Owner;5-10yrs;unknown;Other;One way;Tangent road with flat terrain;O Shape;Asphalt roads;Wet or damp;Daylight;Other;Collision with pedestrians;3;1;Other;18-30;Not a Pedestrian;Changing lane to the right;Slight Injury
19:35:00;Thursday;Male;Elementary school;Employee;2-5yr;Automobile;Owner;Unknown;No defect;Other;Two-way (divided with broken lines road marking);Tangent road with flat terrain;Y Shape;Asphalt roads;Dry;Darkness - lights lit;Normal;Vehicle with vehicle collision;1;1;Going straight;na;Not a Pedestrian;Driving carelessly;Slight Injury
14:30:00;Friday;Male;Junior high school;Employee;1-2yr;Pick up upto 10Q;Owner;2-5yrs;No defect;Other;other;Tangent road with flat terrain;Crossing;Asphalt roads;Dry;Daylight;Unknown;Vehicle with vehicle collision;2;1;Other;18-30;Not a Pedestrian;Driving carelessly;Slight Injury
14:30:00;Friday;Male;Elementary school;Employee;1-2yr;Lorry (41?100Q);Owner;Unknown;No defect;School areas;Undivided Two way;Tangent road with flat terrain;Crossing;Asphalt roads;Dry;Daylight;Unknown;Vehicle with vehicle collision;2;1;Going straight;na;Not a Pedestrian;Driving carelessly;Slight Injury
17:15:00;Tuesday;Male;High school;Employee;No Licence;Lorry (41?100Q);Owner;unknown;No defect;Office areas;Two-way (divided with broken lines road marking);Tangent road with flat terrain;Y Shape;Gravel roads;Dry;Daylight;Normal;Rollover;2;1;Reversing;31-50;Not a Pedestrian;Changing lane to the right;Slight Injury
17:15:00;Tuesday;Male;Junior high school;Owner;5-10yr;Long lorry;Owner;Unknown;No defect;Office areas;Two-way (divided with broken lines road marking);Tangent road with flat terrain;Y Shape;Asphalt roads;Dry;Daylight;Normal;Collision with roadside objects;2;1;unknown;na;Not a Pedestrian;Changing lane to the right;Slight Injury
17:00:00;Wednesday;Male;Junior high school;Employee;1-2yr;Public (> 45 seats);Owner;5-10yrs;No defect;Office areas;Two-way (divided with broken lines road marking);Tangent road with flat terrain;No junction;Asphalt roads;Dry;Daylight;Normal;Vehicle with vehicle collision;1;1;Going straight;na;Not a Pedestrian;Driving carelessly;Slight Injury
15:05:00;Wednesday;Male;Junior high school;Employee;2-5yr;Public (> 45 seats);Owner;Unknown;No defect;School areas;unknown;Tangent road with flat terrain;Y Shape;Asphalt roads;Dry;Daylight;Normal;Vehicle with vehicle collision;3;1;Going straight;18-30;Crossing from driver's nearside;Overtaking;Serious Injury
15:05:00;Wednesday;Male;Junior high school;Employee;5-10yr;Automobile;Governmental;unknown;No defect;School areas;Undivided Two way;Tangent road with flat terrain;Y Shape;Other;Dry;Daylight;Normal;Collision with roadside objects;3;1;Going straight;18-30;Crossing from driver's nearside;Changing lane to the right;Serious Injury
15:05:00;Wednesday;Male;unknown;unknown;unknown;Automobile;Owner;unknown;No defect;Office areas;Two-way (divided with broken lines road marking);Tangent road with flat terrain;Y Shape;Asphalt roads;Dry;Daylight;Normal;Vehicle with vehicle collision;3;1;Going straight;31-50;Not a Pedestrian;No distancing;Serious Injury
13:25:00;Tuesday;Male;unknown;unknown;unknown;Automobile;Owner;unknown;No defect;Office areas;Two-way (divided with broken lines road marking);Tangent road with flat terrain;Y Shape;Asphalt roads;Wet or damp;Daylight;Normal;Vehicle with vehicle collision;1;1;Going straight;na;Not a Pedestrian;Other;Slight Injury
18:15:00;Saturday;Male;Junior high school;Employee;2-5yr;Other;Governmental;Above 10yr;No defect;School areas;Two-way (divided with broken lines road marking);Tangent road with flat terrain;Y Shape;Asphalt roads;Dry;Daylight;Normal;Vehicle with vehicle collision;1;1;Going straight;18-30;Not a Pedestrian;Changing lane to the right;Slight Injury
16:40:00;Saturday;Male;Junior high school;Employee;Above 10yr;Public (12 seats);Owner;1-2yr;No defect;unknown;Two-way (divided with broken lines road marking);Tangent road with flat terrain;Crossing;Asphalt roads;Dry;Daylight;Normal;Rollover;2;2;Other;na;Not a Pedestrian;Changing lane to the right;Slight Injury
16:40:00;Saturday;Male;Junior high school;Owner;Above 10yr;Automobile;Owner;Above 10yr;No defect;Other;Two-way (divided with broken lines road marking);Tangent road with flat terrain;Crossing;Asphalt roads;Dry;Daylight;Normal;Rollover;2;2;Going straight;Under 18;Crossing from driver's nearside;Overtaking;Slight Injury
12:25:00;Saturday;Male;unknown;unknown;unknown;Stationwagen;Owner;Below 1yr;No defect;Other;Undivided Two way;Tangent road with flat terrain;No junction;Asphalt roads;Dry;Daylight;Normal;Collision with pedestrians;2;1;Going straight;18-30;Not a Pedestrian;Other;Slight Injury
12:25:00;Saturday;Male;Elementary school;Owner;Above 10yr;Automobile;Owner;Above 10yr;No defect;Other;Two-way (divided with broken lines road marking);Tangent road with flat terrain;No junction;Asphalt roads;Dry;Daylight;Normal;Vehicle with vehicle collision;2;1;Going straight;na;Not a Pedestrian;Driving to the left;Slight Injury
23:30:00;Monday;Male;unknown;unknown;unknown;Automobile;Owner;Unknown;No defect;Residential areas;Undivided Two way;Tangent road with flat terrain;Crossing;Asphalt roads;Dry;Darkness - lights lit;Normal;Vehicle with vehicle collision;2;2;Going straight;na;Not a Pedestrian;Overtaking;Slight Injury
23:30:00;Monday;Male;Junior high school;Owner;5-10yr;Automobile;Governmental;1-2yr;No defect;Other;Undivided Two way;Tangent road with flat terrain;Crossing;Asphalt roads;Dry;Darkness - lights lit;Normal;Vehicle with vehicle collision;2;2;Reversing;18-30;Not a Pedestrian;No priority to vehicle;Slight Injury
23:30:00;Monday;Male;Junior high school;Owner;Above 10yr;unknown;Owner;1-2yr;No defect;Other;Undivided Two way;Tangent road with flat terrain;Crossing;Asphalt roads;Dry;Darkness - lights lit;Normal;Collision with pedestrians;2;2;Going straight;Over 51;Not a Pedestrian;Moving Backward;Slight Injury
17:30:00;Tuesday;Male;High school;Owner;Above 10yr;unknown;Owner;unknown;No defect; Industrial areas;Undivided Two way;Tangent road with flat terrain;No junction;Asphalt roads;Dry;Daylight;Normal;Collision with pedestrians;1;1;Going straight;31-50;Not a Pedestrian;Other;Slight Injury
17:00:00;Monday;Male;unknown;unknown;unknown;Pick up upto 10Q;Owner;unknown;No defect;  Recreational areas;Undivided Two way;Tangent road with flat terrain;Y Shape;Asphalt roads;Wet or damp;Daylight;Raining;Vehicle with vehicle collision;2;1;Other;na;Not a Pedestrian;No priority to vehicle;Slight Injury
17:00:00;Monday;Male;Elementary school;Employee;5-10yr;Turbo;Owner;Above 10yr;No defect; Church areas;Two-way (divided with broken lines road marking);Tangent road with flat terrain;Y Shape;Asphalt roads;Wet or damp;Daylight;Raining;Vehicle with vehicle collision;2;1;Going straight;31-50;Not a Pedestrian;No priority to pedestrian;Slight Injury
19:40:00;Sunday;Male;Elementary school;Owner;Above 10yr;Pick up upto 10Q;Owner;unknown;unknown;Office areas;Two-way (divided with broken lines road marking);Tangent road with flat terrain;Y Shape;Asphalt roads;Dry;Darkness - lights lit;Normal;Vehicle with vehicle collision;2;1;Going straight;na;Not a Pedestrian;Changing lane to the right;Slight Injury
19:40:00;Sunday;Male;Junior high school;Owner;Below 1yr;Other;Owner;unknown;unknown;Other;Two-way (divided with broken lines road marking);Tangent road with flat terrain;Y Shape;Gravel roads;Dry;Darkness - lights lit;Normal;Collision with roadside objects;2;1;Going straight;18-30;Not a Pedestrian;Changing lane to the right;Slight Injury
19:39:00;Thursday;Male;Junior high school;Owner;2-5yr;Stationwagen;Owner;unknown;unknown;Office areas;Undivided Two way;Tangent road with flat terrain;Y Shape;Asphalt roads;Dry;Daylight;Normal;Vehicle with vehicle collision;2;1;Turnover;na;Not a Pedestrian;Changing lane to the right;Slight Injury
19:39:00;Thursday;Male;Junior high school;Owner;2-5yr;Pick up upto 10Q;Owner;unknown;unknown;Office areas;Two-way (divided with broken lines road marking);Tangent road with flat terrain;Y Shape;Asphalt roads;Dry;Daylight;Normal;Collision with roadside objects;2;1;Going straight;na;Not a Pedestrian;Driving to the left;Slight Injury
16:45:00;Tuesday;Male;High school;Owner;5-10yr;Lorry (41?100Q);Owner;unknown;unknown;Other;Two-way (divided with broken lines road marking);Tangent road with flat terrain;Y Shape;Asphalt roads;Dry;Daylight;Normal;Vehicle with vehicle collision;3;3;Going straight;18-30;Not a Pedestrian;Changing lane to the left;Serious Injury
16:45:00;Tuesday;Male;Junior high school;Owner;unknown;Lorry (41?100Q);Owner;Above 10yr;unknown;Residential areas;Undivided Two way;Tangent road with flat terrain;Y Shape;Other;Dry;Daylight;Normal;Vehicle with vehicle collision;3;3;Reversing;18-30;Not a Pedestrian;Moving Backward;Serious Injury
16:45:00;Tuesday;Male;Junior high school;Employee;Above 10yr;Automobile;Owner;Above 10yr;unknown;Office areas;other;Tangent road with mountainous terrain and;Y Shape;Asphalt roads;Dry;Daylight;Normal;Collision with roadside objects;3;3;Other;na;Not a Pedestrian;Driving at high speed;Serious Injury
16:45:00;Tuesday;Male;Elementary school;Owner;2-5yr;Automobile;Owner;Above 10yr;No defect;Residential areas;other;Tangent road with flat terrain;Y Shape;Other;Dry;Daylight;Normal;Vehicle with vehicle collision;3;3;Going straight;na;Not a Pedestrian;Moving Backward;Serious Injury
12:10:00;Sunday;Male;Junior high school;Employee;5-10yr;Pick up upto 10Q;unknown;unknown;unknown;School areas;Two-way (divided with broken lines road marking);Tangent road with flat terrain;Y Shape;Asphalt roads;Dry;Daylight;Normal;Vehicle with vehicle collision;1;1;Going straight;31-50;Not a Pedestrian;No distancing;Slight Injury
18:55:00;Sunday;Male;Junior high school;Employee;Below 1yr;Pick up upto 10Q;Owner;Above 10yr;No defect;Office areas;Two-way (divided with broken lines road marking);Sharp reverse curve;Y Shape;Asphalt roads;Dry;Daylight;Normal;Collision with roadside objects;3;2;Moving Backward;31-50;Not a Pedestrian;Other;Slight Injury
18:55:00;Sunday;Male;Junior high school;Employee;5-10yr;Lorry (41?100Q);Owner;5-10yrs;No defect;Other;other;Tangent road with flat terrain;Y Shape;Asphalt roads;Dry;Daylight;Normal;Collision with roadside objects;3;2;Reversing;na;Not a Pedestrian;No priority to vehicle;Slight Injury
18:55:00;Sunday;Male;High school;Employee;Above 10yr;Public (12 seats);Owner;Above 10yr;No defect;Other;Undivided Two way;Tangent road with flat terrain;Y Shape;Asphalt roads;Dry;Daylight;Normal;Vehicle with vehicle collision;3;2;Going straight;31-50;Not a Pedestrian;Changing lane to the right;Slight Injury
16:08:00;Thursday;Male;Junior high school;Employee;5-10yr;Other;Owner;Above 10yr;No defect; Church areas;other;Tangent road with flat terrain;Other;Asphalt roads;Dry;Daylight;Normal;Vehicle with vehicle collision;2;1;Going straight;Over 51;Not a Pedestrian;Other;Slight Injury
16:08:00;Thursday;Male;Elementary school;Employee;1-2yr;Stationwagen;Owner;unknown;No defect;Office areas;Two-way (divided with broken lines road marking);Tangent road with flat terrain;Other;Asphalt roads;Dry;Daylight;Normal;Vehicle with vehicle collision;2;1;Moving Backward;18-30;Not a Pedestrian;No distancing;Slight Injury
00:01:00;Saturday;Male;Junior high school;Employee;unknown;Automobile;Owner;unknown;No defect;Other;Two-way (divided with broken lines road marking);Tangent road with flat terrain;Crossing;Asphalt roads;Dry;Darkness - lights lit;Normal;Vehicle with vehicle collision;3;3;Going straight;na;Not a Pedestrian;Driving carelessly;Slight Injury
00:01:00;Saturday;Male;Above high school;Employee;1-2yr;Automobile;Owner;unknown;No defect;Office areas;Two-way (divided with broken lines road marking);Tangent road with mild grade and flat terrain;Crossing;Asphalt roads;Dry;Darkness - lights lit;Normal;Vehicle with vehicle collision;3;3;Going straight;Under 18;Not a Pedestrian;No distancing;Slight Injury
00:01:00;Saturday;Male;Junior high school;Employee;Above 10yr;Lorry (41?100Q);Owner;unknown;No defect;Office areas;Two-way (divided with broken lines road marking);Tangent road with flat terrain;Crossing;Asphalt roads;Dry;Darkness - lights lit;Normal;Vehicle with vehicle collision;3;3;Going straight;18-30;Not a Pedestrian;Moving Backward;Slight Injury
00:01:00;Saturday;Male;Junior high school;Employee;1-2yr;Stationwagen;Owner;Above 10yr;No defect;Office areas;Two-way (divided with broken lines road marking);Sharp reverse curve;Crossing;Asphalt roads;Dry;Darkness - lights lit;Normal;Vehicle with vehicle collision;3;3;Going straight;na;Not a Pedestrian;No distancing;Slight Injury
00:01:00;Saturday;Male;Junior high school;Employee;5-10yr;Lorry (41?100Q);Owner;Above 10yr;No defect; Church areas;Undivided Two way;Sharp reverse curve;Crossing;Asphalt roads;Dry;Darkness - lights lit;Normal;Vehicle with vehicle collision;3;3;Going straight;na;Not a Pedestrian;Moving Backward;Slight Injury
15:04:00;Wednesday;Male;Junior high school;Employee;2-5yr;Public (> 45 seats);Owner;Above 10yr;No defect;Office areas;Undivided Two way;Gentle horizontal curve;No junction;Asphalt roads;Dry;Daylight;Normal;Vehicle with vehicle collision;2;3;Going straight;18-30;Not a Pedestrian;No priority to pedestrian;Slight Injury
15:04:00;Wednesday;Male;unknown;unknown;unknown;Automobile;Owner;5-10yrs;No defect;Other;Double carriageway (median);Gentle horizontal curve;No junction;Asphalt roads;Dry;Daylight;Normal;Vehicle with vehicle collision;2;3;unknown;Under 18;Not a Pedestrian;Changing lane to the left;Slight Injury
15:04:00;Wednesday;Male;Junior high school;Employee;2-5yr;Automobile;Owner;unknown;unknown;Other;Two-way (divided with broken lines road marking);Tangent road with flat terrain;No junction;Asphalt roads;Dry;Daylight;Normal;Vehicle with vehicle collision;2;3;Going straight;5;Not a Pedestrian;No distancing;Slight Injury
15:04:00;Wednesday;Male;Junior high school;Employee;2-5yr;Automobile;Owner;5-10yrs;No defect; Church areas;Unknown;Tangent road with mountainous terrain and;No junction;Asphalt roads;Dry;Daylight;Normal;Vehicle with vehicle collision;2;3;Reversing;Over 51;Not a Pedestrian;Other;Slight Injury
15:00:00;Sunday;Male;Junior high school;Employee;Above 10yr;unknown;Owner;1-2yr;unknown;School areas;Undivided Two way;Tangent road with flat terrain;Y Shape;Asphalt roads;Dry;Daylight;Normal;Vehicle with vehicle collision;2;1;Going straight;18-30;Not a Pedestrian;No distancing;Slight Injury
15:00:00;Sunday;Male;Junior high school;Employee;1-2yr;Lorry (41?100Q);unknown;unknown;unknown; Church areas;Two-way (divided with broken lines road marking);Tangent road with flat terrain;Y Shape;Asphalt roads;Dry;Daylight;Normal;Vehicle with vehicle collision;2;1;Going straight;31-50;Not a Pedestrian;No priority to pedestrian;Slight Injury
09:55:00;Sunday;Male;Above high school;Owner;1-2yr;Lorry (41?100Q);Owner;Above 10yr;unknown;Office areas;Undivided Two way;Tangent road with flat terrain;Y Shape;Asphalt roads;Dry;Daylight;Cloudy;Vehicle with vehicle collision;2;1;Going straight;31-50;Not a Pedestrian;Moving Backward;Slight Injury
09:55:00;Sunday;Male;Above high school;Employee;No Licence;Automobile;Owner;2-5yrs;No defect;Other;other;Tangent road with flat terrain;Y Shape;Asphalt roads;Dry;Daylight;Cloudy;Vehicle with vehicle collision;2;1;Going straight;na;Not a Pedestrian;No priority to pedestrian;Slight Injury
15:35:00;Sunday;Male;Junior high school;Employee;1-2yr;Stationwagen;Owner;Above 10yr;unknown; Church areas;Two-way (divided with broken lines road marking);Steep grade upward with mountainous terrain;Crossing;Asphalt roads;Dry;Daylight;Normal;Vehicle with vehicle collision;2;2;Going straight;18-30;Not a Pedestrian;No distancing;Slight Injury
15:35:00;Sunday;Male;Junior high school;Employee;5-10yr;Public (12 seats);Governmental;1-2yr;No defect;Other;Double carriageway (median);Tangent road with flat terrain;Crossing;Asphalt roads;Dry;Daylight;Normal;Vehicle with vehicle collision;2;2;Going straight;na;Not a Pedestrian;No priority to pedestrian;Slight Injury
15:50:00;Thursday;Male;Junior high school;Employee;Above 10yr;Public (12 seats);Governmental;Above 10yr;unknown;Other;Double carriageway (median);Tangent road with flat terrain;No junction;Earth roads;Dry;Daylight;Normal;Collision with roadside objects;2;1;Other;18-30;Not a Pedestrian;Driving carelessly;Slight Injury
15:50:00;Thursday;Male;Junior high school;Employee;Above 10yr;Automobile;Organization;5-10yrs;No defect;Office areas;Two-way (divided with broken lines road marking);Gentle horizontal curve;No junction;Asphalt roads;Dry;Daylight;Normal;Vehicle with vehicle collision;2;1;Moving Backward;31-50;Crossing from nearside - masked by parked or statioNot a Pedestrianry vehicle;Getting off the vehicle improperly;Slight Injury
02:19:00;Tuesday;Male;Junior high school;Owner;5-10yr;Public (12 seats);Organization;Above 10yr;No defect;Other;Two-way (divided with broken lines road marking);Tangent road with flat terrain;Y Shape;Asphalt roads;Dry;Darkness - lights lit;Normal;Collision with pedestrians;2;1;Other;18-30;Not a Pedestrian;Driving carelessly;Slight Injury
02:19:00;Tuesday;Male;Elementary school;Employee;2-5yr;Public (12 seats);Owner;2-5yrs;No defect;Other;Two-way (divided with broken lines road marking);Tangent road with flat terrain;Y Shape;Asphalt roads;Dry;Darkness - lights lit;Normal;Vehicle with vehicle collision;2;1;Going straight;Under 18;Not a Pedestrian;Changing lane to the left;Slight Injury
07:15:00;Monday;Male;Junior high school;Employee;2-5yr;Lorry (41?100Q);Governmental;unknown;No defect;Residential areas;Two-way (divided with broken lines road marking);Tangent road with flat terrain;Y Shape;Asphalt roads;Dry;Daylight;Normal;Collision with roadside objects;2;2;Going straight;na;Not a Pedestrian;No priority to vehicle;Slight Injury
07:15:00;Monday;Male;Junior high school;Employee;Below 1yr;Automobile;Owner;2-5yrs;No defect;Office areas;Two-way (divided with broken lines road marking);Tangent road with flat terrain;Y Shape;Asphalt roads;Dry;Daylight;Normal;Vehicle with vehicle collision;2;2;Going straight;31-50;Not a Pedestrian;Changing lane to the right;Slight Injury
07:15:00;Monday;Male;Junior high school;Employee;2-5yr;Lorry (41?100Q);Owner;2-5yrs;No defect; Church areas;One way;Tangent road with flat terrain;Y Shape;Asphalt roads;Dry;Daylight;Normal;Vehicle with vehicle collision;2;2;Other;31-50;Not a Pedestrian;Changing lane to the right;Slight Injury