Time;Day_of_week;Sex_of_driver;Educational_level;Vehicle_driver_relation;Driving_experience;Type_of_vehicle;Owner_of_vehicle;Service_year_of_vehicle;Defect_of_vehicle;Area_accident_occured;Lanes_or_Medians;Road_allignment;Types_of_Junction;Road_surface_type;Road_surface_conditions;Light_conditions;Weather_conditions;Type_of_collision;Number_of_vehicles_involved;Number_of_casualties;Vehicle_movement;Age_band_of_casualty;Pedestrian_movement;Cause_of_accident;Accident_severity
14:15:00;Wednesday;Female;Junior high school;Employee;2-5yr;unknown;Owner;1-2yr;No defect;unknown;Undivided Two way;Tangent road with flat terrain;Y Shape;Asphalt roads;Dry;Daylight;Normal;Vehicle with vehicle collision;3;1;Going straight;31-50;Not a Pedestrian;No distancing;Slight Injury
14:15:00;Wednesday;Male;Elementary school;Employee;5-10yr;Automobile;Owner;Above 10yr;unknown;  Market areas;other;Steep grade downward with mountainous terrain;Y Shape;Asphalt roads;Dry;Daylight;Normal;Vehicle with vehicle collision;3;1;unknown;31-50;Not a Pedestrian;No distancing;Slight Injury
14:15:00;Wednesday;Male;Junior high school;Employee;Above 10yr;Stationwagen;Owner;Above 10yr;unknown;Other;Two-way (divided with broken lines road marking);Tangent road with mountainous terrain and;Y Shape;Asphalt roads;Dry;Daylight;Normal;Vehicle with vehicle collision;3;1;Going straight;18-30;Not a Pedestrian;Changing lane to the left;Slight Injury
15:10:00;Tuesday;Male;unknown;unknown;unknown;unknown;Owner;unknown;No defect;Other;Undivided Two way;Tangent road with mountainous terrain and;Y Shape;Asphalt roads;Dry;Daylight;Normal;Rollover;2;1;Going straight;31-50;Crossing from offside - masked by  parked or statioNot a Pedestrianry vehicle;Changing lane to the right;Slight Injury
15:10:00;Tuesday;Male;Junior high school;Employee;2-5yr;unknown;Owner;unknown;No defect; Church areas;Undivided Two way;Tangent road with flat terrain;Y Shape;Gravel roads;Dry;Daylight;Normal;Collision with roadside objects;2;1;Going straight;na;Not a Pedestrian;No priority to vehicle;Slight Injury
14:20:00;Saturday;Female;Junior high school;Employee;5-10yr;Automobile;Governmental;1-2yr;No defect;Residential areas;Undivided Two way;Tangent road with flat terrain;Y Shape;Asphalt roads;Wet or damp;Daylight;Raining;Vehicle with vehicle collision;1;1;Going straight;18-30;Not a Pedestrian;Changing lane to the left;Slight Injury
17:45:00;Tuesday;Male;Above high school;Employee;2-5yr;Stationwagen;Owner;Unknown;No defect;Other;Undivided Two way;Tangent road with flat terrain;No junction;Earth roads;Dry;Daylight;Normal;Collision with roadside objects;2;1;Moving Backward;18-30;Not a Pedestrian;No priority to vehicle;Slight Injury
17:45:00;Tuesday;Male;unknown;unknown;unknown;Automobile;Owner;Unknown;No defect;Other;Two-way (divided with broken lines road marking);Tangent road with flat terrain;No junction;Asphalt roads;Dry;Daylight;Normal;Vehicle with vehicle collision;2;1;Moving Backward;na;Not a Pedestrian;Moving Backward;Slight Injury
09:05:00;Wednesday;Male;unknown;Employee;1-2yr;Other;Owner;Unknown;No defect;Other;Double carriageway (median);Tangent road with flat terrain;No junction;Asphalt roads;Dry;Daylight;Normal;Vehicle with vehicle collision;2;1;Going straight;Under 18;Not a Pedestrian;Turnover;Slight Injury
09:05:00;Wednesday;Male;Junior high school;Employee;2-5yr;Other;Owner;unknown;No defect;  Recreational areas;Two-way (divided with broken lines road marking);Tangent road with flat terrain;No junction;Asphalt roads;Dry;Daylight;Normal;Vehicle with vehicle collision;2;1;Going straight;18-30;Not a Pedestrian;No distancing;Slight Injury
10:50:00;Wednesday;Male;Junior high school;Employee;Above 10yr;Automobile;Owner;Unknown;No defect;  Recreational areas;One way;Tangent road with flat terrain;Y Shape;Earth roads;Wet or damp;Daylight;Raining;Vehicle with vehicle collision;1;1;Turnover;na;Not a Pedestrian;No distancing;Serious Injury
16:55:00;Thursday;Male;Junior high school;Employee;Below 1yr;Lorry (41?100Q);Owner;unknown;No defect;Other;Two-way (divided with broken lines road marking);Tangent road with flat terrain;No junction;Asphalt roads;Dry;Daylight;Normal;Vehicle with vehicle collision;2;1;Going straight;31-50;Crossing from nearside - masked by parked or statioNot a Pedestrianry vehicle;No distancing;Slight Injury
16:55:00;Thursday;Male;Junior high school;Employee;2-5yr;Lorry (41?100Q);Organization;1-2yr;No defect;Office areas;Two-way (divided with broken lines road marking);Tangent road with flat terrain;No junction;Asphalt roads;Dry;Daylight;Normal;Collision with roadside objects;2;1;Going straight;18-30;Not a Pedestrian;Changing lane to the left;Slight Injury
08:55:00;Tuesday;Male;Junior high school;Employee;Below 1yr;Lorry (41?100Q);Owner;2-5yrs;No defect;Residential areas;Two-way (divided with broken lines road marking);Tangent road with flat terrain;Y Shape;Asphalt roads;Dry;Daylight;Normal;Vehicle with vehicle collision;3;2;Going straight;18-30;Not a Pedestrian;No priority to vehicle;Slight Injury
08:55:00;Tuesday;Male;High school;Employee;5-10yr;Automobile;Owner;2-5yrs;No defect;Other;Two-way (divided with broken lines road marking);Tangent road with flat terrain;Y Shape;Asphalt roads;Dry;Daylight;Normal;Collision with roadside objects;3;2;Going straight;Over 51;Not a Pedestrian;Driving at high speed;Slight Injury
08:55:00;Tuesday;Male;Above high school;Employee;1-2yr;Automobile;unknown;1-2yr;unknown;Residential areas;Undivided Two way;Steep grade downward with mountainous terrain;Y Shape;Asphalt roads;Dry;Daylight;Normal;Vehicle with vehicle collision;3;2;Going straight;na;Not a Pedestrian;Overtaking;Slight Injury
17:44:00;Friday;Male;Junior high school;Employee;Below 1yr;Public (13?45 seats);Owner;unknown;No defect; Church areas;Double carriageway (median);Tangent road with flat terrain;Y Shape;Asphalt roads;Wet or damp;Daylight;Raining;Vehicle with vehicle collision;2;1;Going straight;na;Not a Pedestrian;Other;Slight Injury
17:44:00;Friday;Male;unknown;unknown;unknown;Public (13?45 seats);Owner;2-5yrs;unknown;Other;One way;Tangent road with flat terrain;Y Shape;Asphalt roads;Wet or damp;Daylight;Raining;Vehicle with vehicle collision;2;1;Going straight;18-30;Not a Pedestrian;Changing lane to the left;Slight Injury
09:10:00;Friday;Male;High school;Employee;Below 1yr;Lorry (41?100Q);Owner;5-10yrs;No defect;Office areas;Two-way (divided with broken lines road marking);Tangent road with mountainous terrain and;Y Shape;Asphalt roads;Dry;Daylight;Normal;Vehicle with vehicle collision;2;1;Going straight;Over 51;Not a Pedestrian;No priority to pedestrian;Serious Injury
09:10:00;Friday;Female;High school;Employee;Below 1yr;Lorry (41?100Q);Owner;2-5yrs;unknown;Other;Undivided Two way;Tangent road with flat terrain;Y Shape;Asphalt roads;Dry;Daylight;Normal;Vehicle with vehicle collision;2;1;unknown;31-50;Not a Pedestrian;Changing lane to the left;Serious Injury
08:40:00;Wednesday;Male;unknown;unknown;unknown;Public (12 seats);Owner;Unknown;unknown;  Recreational areas;Two-way (divided with broken lines road marking);Steep grade downward with mountainous terrain;Y Shape;Asphalt roads;Wet or damp;Daylight;Normal;Vehicle with vehicle collision;2;1;Other;18-30;Not a Pedestrian;No distancing;Slight Injury
08:40:00;Wednesday;Male;High school;Employee;2-5yr;Other;Owner;unknown;No defect;Other;Undivided Two way;Tangent road with flat terrain;Y Shape;Asphalt roads;Wet or damp;Daylight;Normal;Vehicle with vehicle collision;2;1;Getting off;na;Not a Pedestrian;Moving Backward;Slight Injury
15:00:00;Sunday;Male;Junior high school;Employee;Above 10yr;Lorry (41?100Q);Owner;1-2yr;No defect;Office areas;Two-way (divided with broken lines road marking);Tangent road with flat terrain;No junction;Asphalt roads;Dry;Daylight;Normal;Vehicle with vehicle collision;2;1;Going straight;31-50;In carriageway, statioNot a Pedestrianry - not crossing  (standing or playing);Changing lane to the left;Slight Injury
15:00:00;Sunday;Female;Junior high school;Employee;Above 10yr;Automobile;Governmental;unknown;No defect;Residential areas;Undivided Two way;Tangent road with flat terrain;No junction;Asphalt roads;Dry;Daylight;Normal;Vehicle with vehicle collision;2;1;Going straight;18-30;Crossing from offside - masked by  parked or statioNot a Pedestrianry vehicle;Other;Slight Injury
13:35:00;Friday;Male;Junior high school;Employee;5-10yr;Other;Owner;Unknown;No defect;Office areas;One way;Tangent road with flat terrain;No junction;Asphalt roads;Dry;Daylight;Normal;Vehicle with vehicle collision;2;1;Going straight;18-30;Crossing from offside - masked by  parked or statioNot a Pedestrianry vehicle;No distancing;Serious Injury
13:35:00;Friday;Male;Junior high school;Employee;1-2yr;Motorcycle;Owner;unknown;No defect;Office areas;Two-way (divided with broken lines road marking);Tangent road with flat terrain;No junction;Asphalt roads;Dry;Daylight;Normal;Vehicle with vehicle collision;2;1;Other;na;Not a Pedestrian;Moving Backward;Serious Injury
19:13:00;Wednesday;Male;Unknown;Employee;Below 1yr;Automobile;Owner;Unknown;No defect; Church areas;Double carriageway (median);Tangent road with flat terrain;No junction;Asphalt roads;Dry;Daylight;Normal;Rollover;1;2;Going straight;18-30;Not a Pedestrian;No distancing;Serious Injury
19:13:00;Wednesday;Male;Junior high school;Employee;Below 1yr;Automobile;Owner;unknown;No defect; Church areas;Undivided Two way;Tangent road with flat terrain;No junction;Asphalt roads;Dry;Daylight;Normal;Collision with roadside objects;1;2;Moving Backward;na;Not a Pedestrian;Changing lane to the left;Serious Injury
08:15:00;Friday;Male;High school;Employee;2-5yr;Lorry (41?100Q);Owner;unknown;No defect;Residential areas;Undivided Two way;Tangent road with flat terrain;Y Shape;Asphalt roads;Wet or damp;Daylight;Normal;Vehicle with vehicle collision;2;1;Other;31-50;Not a Pedestrian;Changing lane to the left;Slight Injury
08:15:00;Friday;Male;Junior high school;Owner;1-2yr;Automobile;Owner;unknown;No defect;Other;Undivided Two way;Tangent road with flat terrain;Y Shape;Asphalt roads;Wet or damp;Daylight;Normal;Vehicle with vehicle collision;2;1;Going straight;na;Not a Pedestrian;No priority to pedestrian;Slight Injury
20:30:00;Saturday;Male;Junior high school;Employee;5-10yr;Public (> 45 seats);Owner;Unknown;unknown;Other;other;Tangent road with flat terrain;Y Shape;Asphalt roads;Dry;Daylight;Normal;Collision with roadside objects;2;2;Going straight;Under 18;Not a Pedestrian;Changing lane to the left;Serious Injury
20:30:00;Saturday;Male;Elementary school;Employee;2-5yr;Lorry (41?100Q);Owner;unknown;No defect;unknown;Undivided Two way;Tangent road with flat terrain;Y Shape;Earth roads;Dry;Daylight;Normal;Vehicle with vehicle collision;2;2;Going straight;31-50;Not a Pedestrian;Driving carelessly;Serious Injury
20:30:00;Saturday;Male;Elementary school;Owner;5-10yr;Public (> 45 seats);Owner;2-5yrs;unknown;Residential areas;Undivided Two way;Tangent road with flat terrain;Y Shape;Asphalt roads;Dry;Daylight;Normal;Vehicle with vehicle collision;2;2;unknown;na;Not a Pedestrian;Driving carelessly;Serious Injury
14:00:00;Sunday;Male;Junior high school;Employee;Above 10yr;Lorry (41?100Q);Owner;Unknown;unknown;Office areas;Undivided Two way;Tangent road with flat terrain;No junction;Asphalt roads;Dry;Daylight;Normal;Vehicle with vehicle collision;1;1;Going straight;18-30;Not a Pedestrian;No priority to pedestrian;Serious Injury
09:15:00;Wednesday;Male;Junior high school;Employee;5-10yr;Lorry (41?100Q);Owner;Unknown;unknown;Residential areas;Undivided Two way;Tangent road with flat terrain;Y Shape;Other;Wet or damp;Daylight;Normal;Rollover;3;4;Going straight;na;Not a Pedestrian;Getting off the vehicle improperly;Slight Injury
09:15:00;Wednesday;Male;High school;Employee;5-10yr;Lorry (41?100Q);Owner;Unknown;No defect;Other;Two-way (divided with broken lines road marking);Tangent road with flat terrain;Y Shape;Asphalt roads;Wet or damp;Daylight;Normal;Rollover;3;4;Going straight;31-50;Not a Pedestrian;No distancing;Slight Injury
09:15:00;Wednesday;Male;Junior high school;Employee;5-10yr;Public (12 seats);Owner;unknown;No defect;Other;Two-way (divided with broken lines road marking);Tangent road with flat terrain;Y Shape;Asphalt roads;Wet or damp;Daylight;Normal;Collision with pedestrians;3;4;Going straight;na;Not a Pedestrian;Changing lane to the left;Slight Injury
09:15:00;Wednesday;Male;Junior high school;Employee;Above 10yr;Public (12 seats);Owner;unknown;No defect;  Recreational areas;Two-way (divided with broken lines road marking);Tangent road with flat terrain;Y Shape;Asphalt roads;Wet or damp;Daylight;Normal;Vehicle with vehicle collision;3;4;Going straight;Over 51;Not a Pedestrian;No priority to vehicle;Slight Injury
08:50:00;Monday;Female;Junior high school;unknown;1-2yr;Stationwagen;Owner;5-10yrs;unknown; Church areas;One way;Tangent road with flat terrain;No junction;Asphalt roads;Wet or damp;Daylight;Normal;Vehicle with vehicle collision;2;1;Going straight;na;Not a Pedestrian;No distancing;Slight Injury
08:50:00;Monday;Male;Junior high school;Employee;2-5yr;Lorry (41?100Q);Owner;unknown;unknown;School areas;Two-way (divided with broken lines road marking);Tangent road with flat terrain;No junction;Asphalt roads;Wet or damp;Daylight;Normal;Vehicle with vehicle collision;2;1;Going straight;31-50;Not a Pedestrian;No priority to pedestrian;Slight Injury
16:12:00;Wednesday;Male;Junior high school;Employee;1-2yr;Automobile;Owner;2-5yrs;unknown;Office areas;Undivided Two way;Tangent road with flat terrain;Y Shape;Asphalt roads;Dry;Daylight;Other;Collision with pedestrians;2;1;Going straight;na;Not a Pedestrian;No priority to pedestrian;Slight Injury
16:12:00;Wednesday;Male;Junior high school;Employee;Above 10yr;Pick up upto 10Q;Owner;1-2yr;unknown;Other;unknown;Tangent road with flat terrain;Y Shape;Asphalt roads;Dry;Daylight;Other;Collision with pedestrians;2;1;Going straight;18-30;Not a Pedestrian;No priority to vehicle;Slight Injury
16:35:00;Friday;Male;Elementary school;Owner;2-5yr;Automobile;Owner;5-10yrs;unknown;Residential areas;Undivided Two way;Tangent road with flat terrain;Y Shape;Asphalt roads;Wet or damp;Daylight;Other;Vehicle with vehicle collision;2;3;Going straight;31-50;Not a Pedestrian;Driving carelessly;Slight Injury
16:35:00;Friday;Male;Junior high school;Employee;5-10yr;Public (13?45 seats);Owner;Above 10yr;unknown;Other;Undivided Two way;Tangent road with flat terrain;Y Shape;Asphalt roads;Wet or damp;Daylight;Other;Vehicle with vehicle collision;2;3;Going straight;5;Not a Pedestrian;Changing lane to the right;Slight Injury
16:35:00;Friday;Male;Junior high school;Employee;Below 1yr;Public (> 45 seats);Owner;1-2yr;No defect;Other;other;Steep grade downward with mountainous terrain;Y Shape;Asphalt roads;Wet or damp;Daylight;Other;Vehicle with vehicle collision;2;3;unknown;5;Not a Pedestrian;Changing lane to the left;Slight Injury
16:35:00;Friday;Male;Junior high school;Employee;5-10yr;Stationwagen;Owner;2-5yrs;unknown;Office areas;One way;Steep grade downward with mountainous terrain;Y Shape;Asphalt roads;Wet or damp;Daylight;Other;Collision with roadside objects;2;3;Going straight;5;Not a Pedestrian;Moving Backward;Slight Injury
16:25:00;Wednesday;Female;High school;Employee;Above 10yr;unknown;Owner;unknown;No defect;Residential areas;Two-way (divided with broken lines road marking);Tangent road with flat terrain;Y Shape;Asphalt roads;Dry;Daylight;Normal;Vehicle with vehicle collision;2;1;Going straight;na;Not a Pedestrian;Driving carelessly;Serious Injury
16:25:00;Wednesday;Male;Junior high school;Employee;5-10yr;Lorry (41?100Q);Owner;unknown;No defect;Other;Two-way (divided with broken lines road marking);Tangent road with flat terrain;Y Shape;Asphalt roads;Dry;Daylight;Normal;Collision with roadside objects;2;1;Going straight;18-30;Not a Pedestrian;Driving to the left;Serious Injury
18:58:00;Sunday;Male;Elementary school;Employee;1-2yr;Stationwagen;Organization;2-5yrs;unknown;Residential areas;Undivided Two way;Tangent road with flat terrain;Crossing;Asphalt roads;Dry;Daylight;Normal;Vehicle with vehicle collision;1;1;Going straight;na;Not a Pedestrian;Driving to the left;Serious Injury
08:45:00;Thursday;Male;Junior high school;Employee;unknown;Lorry (41?100Q);Owner;unknown;No defect; Church areas;Two-way (divided with broken lines road marking);Tangent road with flat terrain;Y Shape;Asphalt roads;Dry;Daylight;Normal;Vehicle with vehicle collision;3;1;Turnover;31-50;Not a Pedestrian;No priority to pedestrian;Slight Injury
08:45:00;Thursday;Male;Above high school;Employee;1-2yr;Public (12 seats);Governmental;unknown;No defect;Residential areas;Two-way (divided with broken lines road marking);Tangent road with flat terrain;Y Shape;Asphalt roads;Dry;Daylight;Normal;Collision with roadside objects;3;1;Moving Backward;na;Not a Pedestrian;Changing lane to the left;Slight Injury
08:45:00;Thursday;Male;Junior high school;Employee;Above 10yr;Lorry (41?100Q);Owner;unknown;No defect;Office areas;One way;Tangent road with flat terrain;Y Shape;Asphalt roads;Dry;Daylight;Normal;Vehicle with vehicle collision;3;1;Going straight;na;Not a Pedestrian;Changing lane to the right;Slight Injury
08:17:00;Tuesday;Male;Junior high school;Employee;1-2yr;Other;Governmental;Below 1yr;No defect;Residential areas;Two-way (divided with broken lines road marking);Tangent road with flat terrain;Y Shape;Asphalt roads;Wet or damp;Daylight;Raining;Vehicle with vehicle collision;2;2;Going straight;18-30;Not a Pedestrian;Driving carelessly;Slight Injury
08:17:00;Tuesday;Male;Junior high school;Employee;5-10yr;Stationwagen;Owner;Unknown;No defect;Other;One way;Tangent road with flat terrain;Y Shape;Asphalt roads;Wet or damp;Daylight;Raining;Collision with roadside objects;2;2;Moving Backward;Over 51;Not a Pedestrian;No distancing;Slight Injury
15:15:00;Wednesday;Male;Junior high school;Employee;2-5yr;Automobile;Owner;Unknown;unknown; Industrial areas;Two-way (divided with broken lines road marking);Tangent road with flat terrain;Y Shape;Asphalt roads;Dry;Daylight;Normal;Collision with roadside objects;2;1;Going straight;na;Not a Pedestrian;Getting off the vehicle improperly;Slight Injury
15:15:00;Wednesday;Male;unknown;unknown;unknown;Public (> 45 seats);Owner;Unknown;unknown; Church areas;Two-way (divided with broken lines road marking);Tangent road with flat terrain;Y Shape;Gravel roads;Dry;Daylight;Normal;Vehicle with vehicle collision;2;1;Moving Backward;18-30;Not a Pedestrian;Driving under the influence of drugs;Slight Injury
06:15:00;Monday;Male;Junior high school;Employee;2-5yr;Other;Owner;2-5yrs;No defect;Residential areas;Undivided Two way;Steep grade downward with mountainous terrain;No junction;Asphalt roads;Dry;Daylight;Normal;Vehicle with vehicle collision;3;1;Going straight;na;Not a Pedestrian;Changing lane to the right;Slight Injury
06:15:00;Monday;Female;Junior high school;Employee;2-5yr;Lorry (41?100Q);unknown;unknown;unknown;unknown;Two-way (divided with broken lines road marking);Tangent road with flat terrain;No junction;Asphalt roads;Dry;Daylight;Normal;Vehicle with vehicle collision;3;1;Going straight;Over 51;Not a Pedestrian;Driving carelessly;Slight Injury
06:15:00;Monday;Female;Junior high school;Employee;Above 10yr;Automobile;unknown;unknown;unknown;unknown;Two-way (divided with broken lines road marking);Tangent road with flat terrain;No junction;Asphalt roads;Dry;Daylight;Normal;Vehicle with vehicle collision;3;1;Going straight;na;Not a Pedestrian;Moving Backward;Slight Injury
17:50:00;Tuesday;Male;Junior high school;Employee;1-2yr;Public (> 45 seats);Owner;1-2yr;No defect;Office areas;Undivided Two way;Tangent road with flat terrain;Y Shape;Asphalt roads;Dry;Daylight;Normal;Vehicle with vehicle collision;1;1;Other;18-30;Not a Pedestrian;Turnover;Slight Injury
21:45:00;Saturday;Male;Above high school;Owner;1-2yr;unknown;Owner;Above 10yr;No defect; Outside rural areas;Two-way (divided with broken lines road marking);Tangent road with mountainous terrain and;Crossing;Asphalt roads;Dry;Darkness - lights lit;Normal;Vehicle with vehicle collision;4;1;Other;na;Not a Pedestrian;Changing lane to the right;Slight Injury
21:45:00;Saturday;Female;Above high school;Employee;No Licence;Automobile;Owner;Above 10yr;No defect; Church areas;Two-way (divided with broken lines road marking);Steep grade downward with mountainous terrain;Crossing;Asphalt roads;Dry;Darkness - lights lit;Normal;Vehicle with vehicle collision;4;1;Going straight;18-30;Not a Pedestrian;Driving carelessly;Slight Injury
21:45:00;Saturday;Female;Junior high school;Employee;1-2yr;Pick up upto 10Q;Owner;unknown;No defect;Office areas;other;Tangent road with mountainous terrain and;Crossing;Asphalt roads;Dry;Darkness - lights lit;Normal;Vehicle with vehicle collision;4;1;Reversing;na;Not a Pedestrian;No priority to vehicle;Slight Injury
21:45:00;Saturday;Male;Junior high school;Employee;5-10yr;Public (12 seats);Owner;Above 10yr;unknown; Church areas;Two-way (divided with broken lines road marking);Steep grade downward with mountainous terrain;Crossing;Asphalt roads;Dry;Darkness - lights lit;Normal;Vehicle with vehicle collision;4;1;Going straight;18-30;Not a Pedestrian;Moving Backward;Slight Injury
12:55:00;Monday;Male;Junior high school;Employee;Above 10yr;Lorry (41?100Q);unknown;unknown;unknown;Office areas;other;Tangent road with mountainous terrain and;Y Shape;Asphalt roads;Dry;Daylight;Normal;Vehicle with vehicle collision;3;3;Going straight;31-50;Not a Pedestrian;Changing lane to the left;Slight Injury
12:55:00;Monday;Male;Junior high school;Employee;Above 10yr;Lorry (41?100Q);Governmental;unknown;No defect;Office areas;Undivided Two way;Tangent road with flat terrain;Y Shape;Asphalt roads;Dry;Daylight;Normal;Vehicle with vehicle collision;3;3;Going straight;na;Not a Pedestrian;Overturning;Slight Injury
12:55:00;Monday;Male;Junior high school;Owner;5-10yr;Lorry (41?100Q);Owner;1-2yr;No defect;School areas;Two-way (divided with broken lines road marking);Tangent road with flat terrain;Y Shape;Asphalt roads;Dry;Daylight;Normal;Vehicle with vehicle collision;3;3;Going straight;na;Not a Pedestrian;No distancing;Slight Injury
21:10:00;Saturday;Male;Elementary school;Employee;2-5yr;Public (13?45 seats);Owner;Below 1yr;No defect;Residential areas;Two-way (divided with broken lines road marking);Tangent road with flat terrain;No junction;Asphalt roads;Dry;Daylight;Normal;Vehicle with vehicle collision;2;1;Moving Backward;31-50;Not a Pedestrian;Driving carelessly;Slight Injury
21:10:00;Saturday;Male;Junior high school;Employee;2-5yr;Lorry (41?100Q);Owner;unknown;No defect;Office areas;other;Tangent road with mountainous terrain and;No junction;Asphalt roads;Dry;Daylight;Normal;Vehicle with vehicle collision;2;1;Going straight;31-50;Not a Pedestrian;No distancing;Slight Injury
08:40:00;Thursday;Male;Junior high school;Employee;Below 1yr;Lorry (41?100Q);Owner;Unknown;No defect;Rural village areasOffice areas;other;Tangent road with flat terrain;Crossing;Asphalt roads;Dry;Daylight;Normal;Vehicle with vehicle collision;2;1;Going straight;na;Not a Pedestrian;Changing lane to the left;Slight Injury
08:40:00;Thursday;Male;Junior high school;Employee;2-5yr;Motorcycle;Owner;Unknown;No defect;Other;Two-way (divided with broken lines road marking);Tangent road with flat terrain;Crossing;Asphalt roads;Dry;Daylight;Normal;Vehicle with vehicle collision;2;1;Going straight;na;Not a Pedestrian;No priority to pedestrian;Slight Injury
18:30:00;Saturday;Male;Junior high school;Employee;2-5yr;Lorry (41?100Q);Owner;Unknown;No defect;Residential areas;Undivided Two way;Tangent road with flat terrain;Crossing;Asphalt roads;Dry;Daylight;Normal;Vehicle with vehicle collision;2;1;Going straight;31-50;Not a Pedestrian;No distancing;Slight Injury
18:30:00;Saturday;Male;Elementary school;Employee;5-10yr;Ridden horse;Owner;Unknown;No defect;Office areas;Undivided Two way;Tangent road with flat terrain;Crossing;Asphalt roads;Dry;Daylight;Normal;Vehicle with vehicle collision;2;1;Going straight;18-30;Not a Pedestrian;No distancing;Slight Injury
13:55:00;Thursday;Male;Junior high school;Employee;Above 10yr;Automobile;Owner;Unknown;No defect;Office areas;Undivided Two way;Tangent road with flat terrain;Other;Gravel roads;Dry;Daylight;Normal;Collision with roadside objects;2;1;Moving Backward;18-30;Not a Pedestrian;Changing lane to the left;Slight Injury
13:55:00;Thursday;Male;unknown;unknown;unknown;Lorry (41?100Q);Owner;Unknown;No defect;Residential areas;Undivided Two way;Tangent road with flat terrain;Other;Asphalt roads;Dry;Daylight;Normal;Vehicle with vehicle collision;2;1;Going straight;Over 51;Not a Pedestrian;No distancing;Slight Injury
15:00:00;Sunday;Male;Junior high school;Employee;2-5yr;Pick up upto 10Q;Owner;Unknown;No defect;Office areas;Undivided Two way;Tangent road with flat terrain;Y Shape;Gravel roads;Dry;Daylight;Normal;Collision with pedestrians;1;1;Going straight;31-50;Crossing from nearside - masked by parked or statioNot a Pedestrianry vehicle;Changing lane to the left;Serious Injury
08:40:00;Thursday;Male;Junior high school;Employee;5-10yr;Public (> 45 seats);Owner;Unknown;No defect;Office areas;Undivided Two way;Tangent road with flat terrain;Y Shape;Asphalt roads;Dry;Daylight;Normal;Vehicle with vehicle collision;2;1;Moving Backward;na;Not a Pedestrian;No distancing;Slight Injury
08:40:00;Thursday;Male;Above high school;Employee;2-5yr;Stationwagen;Owner;Unknown;No defect;Office areas;unknown;Tangent road with flat terrain;Y Shape;Asphalt roads;Dry;Daylight;Normal;Collision with roadside objects;2;1;Moving Backward;31-50;Not a Pedestrian;No distancing;Slight Injury
08:20:00;Friday;Male;unknown;unknown;unknown;Automobile;Owner;Unknown;No defect;Office areas;Two-way (divided with broken lines road marking);Tangent road with flat terrain;No junction;Asphalt roads;Dry;Daylight;Normal;Vehicle with vehicle collision;3;1;Going straight;31-50;Not a Pedestrian;No distancing;Slight Injury
08:20:00;Friday;Male;unknown;Employee;1-2yr;Public (12 seats);Owner;Unknown;No defect;Other;Undivided Two way;Tangent road with flat terrain;No junction;Asphalt roads;Dry;Daylight;Normal;Vehicle with vehicle collision;3;1;Turnover;na;Not a Pedestrian;Changing lane to the left;Slight Injury
08:20:00;Friday;Female;Junior high school;Employee;2-5yr;Automobile;Owner;Unknown;No defect;Other;Two-way (divided with broken lines road marking);Tangent road with flat terrain;No junction;Asphalt roads;Dry;Daylight;Normal;Vehicle with vehicle collision;3;1;Turnover;18-30;Not a Pedestrian;Changing lane to the right;Slight Injury
18:40:00;Thursday;Male;Junior high school;Employee;Above 10yr;Automobile;Owner;2-5yrs;unknown;Other;Two-way (divided with broken lines road marking);Tangent road with flat terrain;No junction;Asphalt roads;Dry;Daylight;Normal;Vehicle with vehicle collision;1;1;Going straight;na;Not a Pedestrian;Moving Backward;Slight Injury
10:40:00;Saturday;Male;Junior high school;Employee;Below 1yr;Automobile;Owner;2-5yrs;unknown;Residential areas;One way;Tangent road with flat terrain;Y Shape;Asphalt roads;Dry;Daylight;Normal;Vehicle with vehicle collision;2;1;Going straight;na;Not a Pedestrian;Changing lane to the right;Slight Injury
10:40:00;Saturday;Male;Junior high school;Employee;2-5yr;Lorry (41?100Q);Owner;2-5yrs;unknown;School areas;Undivided Two way;Tangent road with mild grade and flat terrain;Y Shape;Asphalt roads;Dry;Daylight;Normal;Rollover;2;1;Going straight;18-30;Not a Pedestrian;No distancing;Slight Injury
11:04:00;Wednesday;Male;Junior high school;Employee;Below 1yr;Automobile;Owner;2-5yrs;unknown;Residential areas;Undivided Two way;Tangent road with mild grade and flat terrain;No junction;Asphalt roads;Dry;Daylight;Normal;Collision with roadside objects;1;2;Going straight;18-30;Unknown or other;Overtaking;Serious Injury
11:04:00;Wednesday;Male;High school;Employee;5-10yr;Automobile;Owner;2-5yrs;No defect;Office areas;Two-way (divided with broken lines road marking);Tangent road with flat terrain;No junction;Asphalt roads;Dry;Daylight;Normal;Vehicle with vehicle collision;1;2;Going straight;na;Not a Pedestrian;Other;Serious Injury
15:30:00;Wednesday;Male;Above high school;Employee;1-2yr;Public (12 seats);Owner;unknown;No defect; Church areas;One way;Tangent road with flat terrain;No junction;Asphalt roads;Dry;Daylight;Normal;Vehicle with vehicle collision;3;1;Going straight;31-50;Not a Pedestrian;Other;Slight Injury
15:30:00;Wednesday;Male;Junior high school;Employee;Below 1yr;Taxi;Owner;unknown;No defect;Other;Undivided Two way;Tangent road with flat terrain;No junction;Asphalt roads;Dry;Daylight;Normal;Collision with roadside objects;3;1;Getting off;na;Not a Pedestrian;Changing lane to the right;Slight Injury
15:30:00;Wednesday;Male;unknown;unknown;unknown;Automobile;Owner;2-5yrs;No defect;Other;One way;Tangent road with flat terrain;No junction;Asphalt roads;Dry;Daylight;Normal;Vehicle with vehicle collision;3;1;Moving Backward;31-50;Not a Pedestrian;No priority to pedestrian;Slight Injury