Time;Day_of_week;Sex_of_driver;Educational_level;Vehicle_driver_relation;Driving_experience;Type_of_vehicle;Owner_of_vehicle;Service_year_of_vehicle;Defect_of_vehicle;Area_accident_occured;Lanes_or_Medians;Road_allignment;Types_of_Junction;Road_surface_type;Road_surface_conditions;Light_conditions;Weather_conditions;Type_of_collision;Number_of_vehicles_involved;Number_of_casualties;Vehicle_movement;Age_band_of_casualty;Pedestrian_movement;Cause_of_accident;Accident_severity
11:40:00;Tuesday;Male;Above high school;Employee;1-2yr;Public (13?45 seats);Owner;Unknown;No defect;Office areas;One way;Tangent road with flat terrain;Y Shape;Asphalt roads;Wet or damp;Daylight;Normal;Vehicle with vehicle collision;2;2;Going straight;18-30;Not a Pedestrian;Driving under the influence of drugs;Slight Injury
11:40:00;Tuesday;Male;Junior high school;Employee;Below 1yr;Automobile;Owner;Unknown;No defect;School areas;Undivided Two way;Tangent road with flat terrain;Y Shape;Asphalt roads;Wet or damp;Daylight;Normal;Vehicle with vehicle collision;2;2;Other;Under 18;Not a Pedestrian;Changing lane to the right;Slight Injury
11:40:00;Tuesday;Male;unknown;unknown;unknown;Automobile;Owner;unknown;unknown;Residential areas;One way;Tangent road with flat terrain;Y Shape;unknown;Wet or damp;Daylight;Normal;Vehicle with vehicle collision;2;2;Going straight;Under 18;Not a Pedestrian;Driving carelessly;Slight Injury
08:20:00;Tuesday;Male;High school;Employee;Below 1yr;Pick up upto 10Q;Owner;unknown;unknown;Office areas;Undivided Two way;Tangent road with flat terrain;Y Shape;Asphalt roads;Dry;Daylight;Normal;Vehicle with vehicle collision;2;1;Going straight;na;Not a Pedestrian;No distancing;Slight Injury
08:20:00;Tuesday;Male;High school;Employee;Below 1yr;unknown;Owner;Unknown;No defect;Residential areas;Undivided Two way;Tangent road with flat terrain;Y Shape;Asphalt roads;Dry;Daylight;Normal;Vehicle with vehicle collision;2;1;Going straight;na;Not a Pedestrian;Changing lane to the left;Slight Injury
09:30:00;Tuesday;Male;unknown;unknown;unknown;Stationwagen;Owner;Unknown;No defect;Office areas;Undivided Two way;Tangent road with flat terrain;No junction;Asphalt roads;Dry;Daylight;Normal;Vehicle with vehicle collision;2;1;Going straight;18-30;In carriageway, statioNot a Pedestrianry - not crossing  (standing or playing);No distancing;Slight Injury
09:30:00;Tuesday;Female;High school;Employee;2-5yr;unknown;Owner;2-5yrs;No defect;Office areas;Two-way (divided with broken lines road marking);Tangent road with flat terrain;No junction;Asphalt roads;Dry;Daylight;Normal;Vehicle with vehicle collision;2;1;Going straight;18-30;Not a Pedestrian;No distancing;Slight Injury
14:45:00;Wednesday;Male;Junior high school;Employee;Above 10yr;Automobile;Owner;unknown;unknown;Residential areas;Undivided Two way;Tangent road with flat terrain;Y Shape;Asphalt roads;Dry;Daylight;Normal;Vehicle with vehicle collision;2;1;Going straight;na;Not a Pedestrian;Getting off the vehicle improperly;Serious Injury
14:45:00;Wednesday;Male;Junior high school;Employee;Above 10yr;Automobile;Owner;Unknown;unknown;Other;Two-way (divided with broken lines road marking);Tangent road with flat terrain;Y Shape;Asphalt roads;Dry;Daylight;Normal;Collision with pedestrians;2;1;Going straight;Over 51;Not a Pedestrian;Overtaking;Serious Injury
18:45:00;Thursday;Male;Junior high school;Employee;5-10yr;Long lorry;Owner;Above 10yr;unknown; Industrial areas;Undivided Two way;Tangent road with flat terrain;Y Shape;Asphalt roads;Dry;Daylight;Normal;Vehicle with vehicle collision;2;1;Going straight;18-30;Not a Pedestrian;Driving carelessly;Serious Injury
18:45:00;Thursday;Male;Junior high school;Employee;1-2yr;Public (13?45 seats);Owner;Unknown;unknown;Office areas;Two-way (divided with broken lines road marking);Tangent road with flat terrain;Y Shape;Asphalt roads;Dry;Daylight;Normal;Vehicle with vehicle collision;2;1;Other;na;Not a Pedestrian;Driving under the influence of drugs;Serious Injury
07:35:00;Monday;Male;Unknown;Employee;Below 1yr;Public (13?45 seats);Organization;Unknown;unknown;  Recreational areas;Two-way (divided with broken lines road marking);Tangent road with flat terrain;No junction;Asphalt roads;Wet or damp;Daylight;Raining;Vehicle with vehicle collision;3;2;Going straight;Over 51;Not a Pedestrian;Moving Backward;Serious Injury
07:35:00;Monday;Male;Junior high school;Employee;Below 1yr;Lorry (11?40Q);Owner;1-2yr;No defect;Residential areas;Two-way (divided with broken lines road marking);Tangent road with flat terrain;No junction;Asphalt roads;Wet or damp;Daylight;Raining;Vehicle with vehicle collision;3;2;Overtaking;na;Not a Pedestrian;Overturning;Serious Injury
07:35:00;Monday;Male;High school;Employee;2-5yr;Lorry (11?40Q);Owner;Above 10yr;unknown;Residential areas;Undivided Two way;Tangent road with flat terrain;No junction;Asphalt roads;Wet or damp;Daylight;Raining;Collision with roadside objects;3;2;Going straight;18-30;Not a Pedestrian;Driving under the influence of drugs;Serious Injury
15:10:00;Wednesday;Male;Junior high school;Owner;1-2yr;Pick up upto 10Q;Owner;5-10yrs;unknown; Church areas;Undivided Two way;Steep grade downward with mountainous terrain;Crossing;Asphalt roads;Dry;Daylight;Normal;Vehicle with vehicle collision;1;1;Going straight;18-30;Not a Pedestrian;Changing lane to the right;Serious Injury
10:40:00;Friday;Male;Junior high school;Employee;5-10yr;Automobile;Owner;5-10yrs;unknown;Residential areas;Undivided Two way;Tangent road with flat terrain;Crossing;Asphalt roads;Dry;Daylight;Normal;Vehicle with vehicle collision;2;1;Going straight;na;Not a Pedestrian;Changing lane to the left;Slight Injury
10:40:00;Friday;Male;Elementary school;Employee;2-5yr;Automobile;Owner;Unknown;No defect;unknown;other;Tangent road with flat terrain;Crossing;Asphalt roads;Dry;Daylight;Normal;Vehicle with vehicle collision;2;1;U-Turn;Over 51;Unknown or other;No distancing;Slight Injury
17:20:00;Tuesday;Male;Elementary school;Owner;5-10yr;Automobile;Owner;5-10yrs;No defect;Other;Undivided Two way;Tangent road with flat terrain;Y Shape;Asphalt roads;Wet or damp;Daylight;Normal;Vehicle with vehicle collision;2;1;Going straight;na;Not a Pedestrian;No distancing;Slight Injury
17:20:00;Tuesday;Male;Junior high school;Employee;Above 10yr;Long lorry;Owner;Unknown;unknown;Other;Two-way (divided with solid lines road marking);Tangent road with flat terrain;Y Shape;Asphalt roads;Wet or damp;Daylight;Normal;Vehicle with vehicle collision;2;1;Going straight;31-50;Not a Pedestrian;No priority to vehicle;Slight Injury
19:00:00;Thursday;Male;Junior high school;Employee;5-10yr;Long lorry;Owner;Unknown;No defect; Church areas;Two-way (divided with solid lines road marking);Tangent road with flat terrain;No junction;Asphalt roads;Dry;Darkness - lights unlit;Normal;Vehicle with vehicle collision;2;1;Going straight;na;Not a Pedestrian;Moving Backward;Slight Injury
19:00:00;Thursday;Male;High school;Employee;5-10yr;Automobile;Governmental;unknown;No defect;Other;Two-way (divided with solid lines road marking);Tangent road with flat terrain;No junction;Asphalt roads;Dry;Darkness - lights unlit;Normal;Vehicle with vehicle collision;2;1;Going straight;18-30;Not a Pedestrian;Moving Backward;Slight Injury
06:20:00;Friday;Male;Junior high school;Employee;5-10yr;Stationwagen;Owner;Unknown;No defect; Church areas;Two-way (divided with solid lines road marking);Tangent road with flat terrain;No junction;Asphalt roads;Wet or damp;Darkness - lights lit;Normal;Collision with roadside objects;2;1;Turnover;Under 18;Crossing from nearside - masked by parked or statioNot a Pedestrianry vehicle;Getting off the vehicle improperly;Slight Injury
06:20:00;Friday;Male;Junior high school;Employee;Above 10yr;unknown;Owner;Unknown;No defect; Church areas;Two-way (divided with broken lines road marking);Tangent road with flat terrain;No junction;Asphalt roads;Wet or damp;Darkness - lights lit;Normal;Vehicle with vehicle collision;2;1;Going straight;31-50;Crossing from nearside - masked by parked or statioNot a Pedestrianry vehicle;Changing lane to the left;Slight Injury
02:30:00;Sunday;Male;Junior high school;unknown;1-2yr;Other;Owner;Above 10yr;No defect;Other;Undivided Two way;Tangent road with flat terrain;Y Shape;Asphalt roads;Dry;Darkness - lights lit;Normal;Vehicle with vehicle collision;1;2;Going straight;18-30;Not a Pedestrian;Changing lane to the left;Slight Injury
02:30:00;Sunday;Male;Junior high school;Employee;2-5yr;Special vehicle;Governmental;5-10yrs;No defect;Other;Undivided Two way;Tangent road with flat terrain;Y Shape;Asphalt roads;Dry;Darkness - lights lit;Normal;Vehicle with vehicle collision;1;2;Moving Backward;na;Not a Pedestrian;No priority to vehicle;Slight Injury
08:35:00;Saturday;Male;Junior high school;Employee;1-2yr;Lorry (41?100Q);Owner;5-10yrs;No defect;School areas;other;Tangent road with flat terrain;No junction;Asphalt roads;Dry;Daylight;Normal;Vehicle with vehicle collision;2;1;Going straight;18-30;Crossing from nearside - masked by parked or statioNot a Pedestrianry vehicle;Changing lane to the right;Serious Injury
08:35:00;Saturday;Male;unknown;unknown;unknown;Pick up upto 10Q;Owner;Above 10yr;No defect;Residential areas;Undivided Two way;Tangent road with flat terrain;No junction;Asphalt roads;Dry;Daylight;Normal;Rollover;2;1;Moving Backward;18-30;Not a Pedestrian;Changing lane to the right;Serious Injury
07:00:00;Thursday;Male;Elementary school;Employee;5-10yr;Lorry (11?40Q);unknown;1-2yr;No defect;Other;Two-way (divided with broken lines road marking);Tangent road with flat terrain;No junction;Asphalt roads;Wet or damp;Darkness - lights lit;Normal;Vehicle with vehicle collision;1;1;Going straight;na;Not a Pedestrian;Driving carelessly;Serious Injury
10:20:00;Thursday;Male;Junior high school;Employee;5-10yr;Lorry (41?100Q);Owner;Above 10yr;No defect;Office areas;Undivided Two way;Tangent road with flat terrain;Y Shape;Asphalt roads;Dry;Daylight;Normal;Vehicle with vehicle collision;2;2;Going straight;18-30;Not a Pedestrian;Changing lane to the left;Slight Injury
10:20:00;Thursday;Male;Junior high school;Employee;Above 10yr;Motorcycle;Owner;Above 10yr;No defect;Residential areas;Undivided Two way;Tangent road with flat terrain;Y Shape;Asphalt roads;Dry;Daylight;Normal;Collision with roadside objects;2;2;Going straight;Under 18;Crossing from nearside - masked by parked or statioNot a Pedestrianry vehicle;Changing lane to the right;Slight Injury
10:20:00;Thursday;Male;Junior high school;Employee;2-5yr;Automobile;Owner;Above 10yr;No defect;Other;One way;Steep grade downward with mountainous terrain;Y Shape;Asphalt roads;Dry;Daylight;Normal;Vehicle with vehicle collision;2;2;Going straight;Over 51;Not a Pedestrian;Driving under the influence of drugs;Slight Injury
18:18:00;Saturday;Male;Junior high school;Owner;Above 10yr;Automobile;Owner;Above 10yr;No defect;Residential areas;Two-way (divided with broken lines road marking);Tangent road with flat terrain;Crossing;Gravel roads;Dry;Darkness - lights lit;Normal;Vehicle with vehicle collision;2;3;U-Turn;Under 18;Not a Pedestrian;Driving carelessly;Serious Injury
18:18:00;Saturday;Male;Junior high school;Employee;2-5yr;Automobile;Owner;5-10yrs;No defect;Residential areas;Undivided Two way;Tangent road with flat terrain;Crossing;Asphalt roads;Dry;Darkness - lights lit;Normal;Vehicle with vehicle collision;2;3;Going straight;na;Not a Pedestrian;No distancing;Serious Injury
18:18:00;Saturday;Male;Elementary school;Other;5-10yr;Stationwagen;Owner;unknown;No defect;Residential areas;Two-way (divided with broken lines road marking);Tangent road with flat terrain;Crossing;Asphalt roads;Dry;Darkness - lights lit;Normal;Collision with roadside objects;2;3;Going straight;18-30;Not a Pedestrian;No priority to vehicle;Serious Injury
18:18:00;Saturday;Male;Elementary school;Employee;5-10yr;unknown;Owner;1-2yr;No defect;Other;other;Tangent road with flat terrain;Crossing;Asphalt roads;Dry;Darkness - lights lit;Normal;Collision with roadside objects;2;3;Going straight;na;Not a Pedestrian;No priority to vehicle;Serious Injury
08:40:00;Wednesday;Male;Junior high school;unknown;5-10yr;Public (> 45 seats);Owner;5-10yrs;No defect;Other;Undivided Two way;Tangent road with flat terrain;No junction;Asphalt roads;Dry;Daylight;Normal;Vehicle with vehicle collision;1;1;Going straight;31-50;Not a Pedestrian;No priority to vehicle;Slight Injury
02:40:00;Saturday;Male;Junior high school;Employee;5-10yr;Public (> 45 seats);Owner;5-10yrs;No defect;Other;One way;Tangent road with flat terrain;No junction;Asphalt roads;Dry;Darkness - lights lit;Normal;Vehicle with vehicle collision;1;1;Going straight;na;Not a Pedestrian;Changing lane to the left;Slight Injury
17:02:00;Monday;Male;Elementary school;Employee;Above 10yr;Stationwagen;Owner;1-2yr;No defect; Hospital areas;Undivided Two way;Tangent road with flat terrain;Y Shape;Asphalt roads;Dry;Daylight;Normal;Collision with roadside objects;2;1;Going straight;Under 18;Not a Pedestrian;Moving Backward;Slight Injury
17:02:00;Monday;Male;Junior high school;unknown;Below 1yr;Automobile;Owner;2-5yrs;No defect;Residential areas;Undivided Two way;Tangent road with flat terrain;Y Shape;Asphalt roads;Dry;Daylight;Normal;Collision with roadside objects;2;1;Stopping;18-30;Not a Pedestrian;Driving carelessly;Slight Injury
18:00:00;Wednesday;Male;Junior high school;Employee;5-10yr;Bicycle;Owner;5-10yrs;No defect;Residential areas;One way;Tangent road with flat terrain;No junction;Asphalt roads;Dry;Darkness - lights lit;Normal;Vehicle with vehicle collision;2;1;Turnover;na;Not a Pedestrian;Driving under the influence of drugs;Slight Injury
18:00:00;Wednesday;Male;Elementary school;Employee;1-2yr;Automobile;Owner;5-10yrs;No defect;Residential areas;Undivided Two way;Tangent road with flat terrain;No junction;Asphalt roads;Dry;Darkness - lights lit;Normal;Collision with pedestrians;2;1;Getting off;na;Not a Pedestrian;Changing lane to the right;Slight Injury
19:15:00;Friday;Male;unknown;unknown;unknown;Lorry (41?100Q);Owner;1-2yr;No defect;Other;Two-way (divided with broken lines road marking);Tangent road with flat terrain;Y Shape;Asphalt roads with some distress;Dry;Darkness - lights lit;Normal;Vehicle with vehicle collision;2;1;Moving Backward;18-30;Not a Pedestrian;No priority to vehicle;Slight Injury
19:15:00;Friday;Male;Junior high school;Employee;Above 10yr;Automobile;Owner;1-2yr;No defect;Office areas;Two-way (divided with broken lines road marking);Tangent road with flat terrain;Y Shape;Asphalt roads;Dry;Darkness - lights lit;Normal;Vehicle with vehicle collision;2;1;Moving Backward;31-50;Not a Pedestrian;Changing lane to the right;Slight Injury
20:40:00;Tuesday;Male;High school;Owner;2-5yr;Public (13?45 seats);Owner;2-5yrs;No defect;Other;other;Tangent road with flat terrain;Y Shape;Asphalt roads;Dry;Darkness - lights lit;Normal;Vehicle with vehicle collision;1;1;Going straight;Under 18;Not a Pedestrian;Driving to the left;Slight Injury
17:35:00;Wednesday;Male;Junior high school;Employee;1-2yr;Special vehicle;Owner;Unknown;No defect;Office areas;Double carriageway (median);Tangent road with flat terrain;Other;Asphalt roads;Wet or damp;Darkness - lights lit;Raining;Vehicle with vehicle collision;2;1;Turnover;na;Not a Pedestrian;Moving Backward;Slight Injury
17:35:00;Wednesday;Male;Junior high school;Employee;1-2yr;Automobile;Owner;Unknown;No defect;Residential areas;Two-way (divided with broken lines road marking);Tangent road with flat terrain;Other;Asphalt roads;Wet or damp;Darkness - lights lit;Raining;Vehicle with vehicle collision;2;1;Going straight;na;Not a Pedestrian;No priority to vehicle;Slight Injury
08:01:00;Thursday;Male;Above high school;Owner;2-5yr;Public (13?45 seats);Owner;Unknown;No defect;Office areas;Double carriageway (median);Gentle horizontal curve;Y Shape;Asphalt roads;Dry;Daylight;Normal;Collision with roadside objects;2;1;Going straight;18-30;Not a Pedestrian;No distancing;Slight Injury
08:01:00;Thursday;Male;Junior high school;Employee;Above 10yr;unknown;Owner;unknown;No defect;Office areas;Double carriageway (median);Tangent road with flat terrain;Y Shape;Asphalt roads;Dry;Daylight;Normal;Collision with roadside objects;2;1;U-Turn;na;Not a Pedestrian;Driving carelessly;Slight Injury
10:25:00;Monday;Male;Elementary school;Owner;2-5yr;Lorry (41?100Q);Organization;Unknown;No defect;Other;Double carriageway (median);Tangent road with flat terrain;Y Shape;Asphalt roads;Dry;Daylight;Normal;Vehicle with vehicle collision;2;1;Going straight;18-30;Not a Pedestrian;Changing lane to the left;Slight Injury
10:25:00;Monday;Male;Junior high school;Employee;5-10yr;Lorry (41?100Q);Owner;Unknown;No defect;Office areas;Two-way (divided with broken lines road marking);Tangent road with flat terrain;Y Shape;Asphalt roads;Dry;Daylight;Normal;Vehicle with vehicle collision;2;1;Going straight;31-50;Not a Pedestrian;No priority to vehicle;Slight Injury
11:30:00;Friday;Male;Junior high school;Employee;Below 1yr;Public (12 seats);Owner;Unknown;No defect;Office areas;unknown;Tangent road with flat terrain;No junction;Asphalt roads;Wet or damp;Daylight;Normal;Vehicle with vehicle collision;1;1;U-Turn;na;Not a Pedestrian;No priority to vehicle;Slight Injury
07:45:00;Thursday;Male;Junior high school;Employee;5-10yr;Lorry (41?100Q);Governmental;Unknown;unknown;Office areas;One way;Tangent road with flat terrain;Y Shape;Asphalt roads;Dry;Daylight;Normal;Vehicle with vehicle collision;2;1;Stopping;na;Not a Pedestrian;No distancing;Slight Injury
07:45:00;Thursday;Male;High school;Employee;Above 10yr;Lorry (41?100Q);Owner;Unknown;unknown;Other;Undivided Two way;Tangent road with flat terrain;Y Shape;Asphalt roads;Dry;Daylight;Normal;Vehicle with vehicle collision;2;1;Going straight;31-50;Not a Pedestrian;Driving to the left;Slight Injury
17:58:00;Monday;Male;Junior high school;Employee;5-10yr;Public (12 seats);Owner;Unknown;unknown;Residential areas;unknown;Tangent road with flat terrain;Y Shape;Asphalt roads;Wet or damp;Darkness - lights lit;Normal;Vehicle with vehicle collision;2;2;Moving Backward;na;Not a Pedestrian;Driving carelessly;Slight Injury
17:58:00;Monday;Male;Elementary school;Employee;1-2yr;Public (> 45 seats);Owner;2-5yrs;No defect;Residential areas;Two-way (divided with broken lines road marking);Gentle horizontal curve;Y Shape;Asphalt roads;Wet or damp;Darkness - lights lit;Normal;Vehicle with vehicle collision;2;2;Getting off;18-30;Not a Pedestrian;Driving carelessly;Slight Injury
17:32:00;Tuesday;Male;Junior high school;Employee;unknown;Automobile;Owner;5-10yrs;unknown; Church areas;Two-way (divided with broken lines road marking);Tangent road with flat terrain;Y Shape;Asphalt roads;Dry;Daylight;Normal;Vehicle with vehicle collision;3;1;Going straight;18-30;Crossing from nearside - masked by parked or statioNot a Pedestrianry vehicle;Changing lane to the right;Slight Injury
17:32:00;Tuesday;Male;Above high school;Employee;1-2yr;Pick up upto 10Q;Owner;5-10yrs;unknown;Other;Two-way (divided with broken lines road marking);Tangent road with flat terrain;Y Shape;Asphalt roads;Dry;Daylight;Normal;Vehicle with vehicle collision;3;1;Going straight;31-50;Not a Pedestrian;Driving carelessly;Slight Injury
17:32:00;Tuesday;Male;Junior high school;Employee;Above 10yr;Stationwagen;Owner;Unknown;unknown;Residential areas;Two-way (divided with broken lines road marking);Tangent road with flat terrain;Y Shape;Asphalt roads;Dry;Daylight;Normal;Vehicle with vehicle collision;3;1;Turnover;31-50;Not a Pedestrian;Changing lane to the left;Slight Injury
08:50:00;Wednesday;Male;Junior high school;Employee;1-2yr;Other;Owner;2-5yrs;unknown;Other;Undivided Two way;Tangent road with flat terrain;Y Shape;Asphalt roads;Dry;Daylight;Normal;Other;2;1;Moving Backward;18-30;Not a Pedestrian;Driving carelessly;Slight Injury
08:50:00;Wednesday;Male;Junior high school;Employee;5-10yr;unknown;Owner;2-5yrs;unknown;Residential areas;Undivided Two way;Tangent road with flat terrain;Y Shape;Asphalt roads;Dry;Daylight;Normal;Vehicle with vehicle collision;2;1;Going straight;31-50;Not a Pedestrian;Driving carelessly;Slight Injury
12:20:00;Saturday;Male;Junior high school;Employee;2-5yr;Automobile;Owner;2-5yrs;unknown;Residential areas;Two-way (divided with broken lines road marking);Tangent road with flat terrain;Crossing;Asphalt roads;Dry;Daylight;Normal;Collision with roadside objects;2;3;Moving Backward;Over 51;Crossing from nearside - masked by parked or statioNot a Pedestrianry vehicle;Driving under the influence of drugs;Slight Injury
12:20:00;Saturday;Male;unknown;unknown;unknown;Stationwagen;Owner;5-10yrs;No defect;Other;Two-way (divided with broken lines road marking);Tangent road with flat terrain;Crossing;Asphalt roads;Dry;Daylight;Normal;Vehicle with vehicle collision;2;3;Going straight;5;Crossing from driver's nearside;Driving carelessly;Slight Injury
12:20:00;Saturday;Male;Junior high school;Employee;2-5yr;Pick up upto 10Q;unknown;unknown;unknown;Other;Two-way (divided with broken lines road marking);Tangent road with flat terrain;Crossing;Asphalt roads;Dry;Daylight;Normal;Vehicle with vehicle collision;2;3;unknown;Under 18;Not a Pedestrian;No distancing;Slight Injury
18:15:00;Saturday;Male;Junior high school;Employee;2-5yr;Lorry (41?100Q);Owner;Unknown;No defect;Other;Undivided Two way;Tangent road with flat terrain;No junction;Asphalt roads;Dry;Darkness - lights lit;Normal;Vehicle with vehicle collision;1;1;Going straight;Under 18;Not a Pedestrian;Driving carelessly;Slight Injury
11:48:00;Sunday;Male;Junior high school;Employee;Above 10yr;Automobile;Owner;Unknown;No defect;Other;Double carriageway (median);Tangent road with flat terrain;Y Shape;Asphalt roads;Dry;Daylight;Normal;Vehicle with vehicle collision;2;1;unknown;31-50;Not a Pedestrian;Driving to the left;Slight Injury
11:48:00;Sunday;Male;Junior high school;Employee;1-2yr;unknown;Owner;Unknown;unknown;Residential areas;Two-way (divided with broken lines road marking);Tangent road with flat terrain;Y Shape;Asphalt roads;Dry;Daylight;Normal;Vehicle with vehicle collision;2;1;Going straight;na;Not a Pedestrian;Overtaking;Slight Injury
11:45:00;Thursday;Male;Above high school;Owner;1-2yr;Lorry (41?100Q);Owner;2-5yrs;unknown;  Recreational areas;Undivided Two way;Tangent road with flat terrain;No junction;Asphalt roads;Wet or damp;Daylight;Raining;Vehicle with vehicle collision;2;1;unknown;na;Not a Pedestrian;No distancing;Slight Injury
11:45:00;Thursday;Male;Above high school;Employee;No Licence;Lorry (41?100Q);Owner;unknown;unknown;Other;other;Tangent road with flat terrain;No junction;Asphalt roads;Wet or damp;Daylight;Raining;Collision with roadside objects;2;1;Going straight;18-30;Not a Pedestrian;Driving carelessly;Slight Injury
07:55:00;Friday;Male;Junior high school;Employee;1-2yr;Lorry (41?100Q);Owner;unknown;unknown;Office areas;Undivided Two way;Tangent road with flat terrain;Y Shape;Asphalt roads;Wet or damp;Daylight;Raining;Collision with roadside objects;2;1;Going straight;na;Not a Pedestrian;No priority to vehicle;Slight Injury
07:55:00;Friday;Male;Junior high school;Employee;5-10yr;Pick up upto 10Q;unknown;unknown;unknown;Other;Undivided Two way;Tangent road with flat terrain;Y Shape;Asphalt roads;Wet or damp;Daylight;Raining;Vehicle with vehicle collision;2;1;Going straight;Under 18;Not a Pedestrian;No priority to vehicle;Slight Injury
10:10:00;Tuesday;Male;Junior high school;Employee;Above 10yr;Pick up upto 10Q;Owner;Unknown;unknown;Office areas;Undivided Two way;Tangent road with flat terrain;Y Shape;Asphalt roads;Dry;Daylight;Normal;Collision with roadside objects;2;2;Going straight;Over 51;Not a Pedestrian;No priority to vehicle;Slight Injury
10:10:00;Tuesday;Male;Junior high school;Employee;Above 10yr;Automobile;Owner;Unknown;unknown;Office areas;One way;Tangent road with flat terrain;Y Shape;Asphalt roads;Dry;Daylight;Normal;Collision with roadside objects;2;2;Going straight;na;Not a Pedestrian;No priority to vehicle;Slight Injury
21:10:00;Tuesday;Male;Junior high school;Owner;5-10yr;Other;Owner;Unknown;unknown;Office areas;Undivided Two way;Tangent road with flat terrain;Y Shape;Asphalt roads;Wet or damp;Darkness - lights lit;Normal;Vehicle with vehicle collision;2;1;Other;Over 51;Not a Pedestrian;No distancing;Slight Injury
21:10:00;Tuesday;Male;Elementary school;Employee;2-5yr;unknown;Owner;Unknown;No defect;Other;Undivided Two way;Tangent road with flat terrain;Y Shape;Asphalt roads;Wet or damp;Darkness - lights lit;Normal;Vehicle with vehicle collision;2;1;Other;na;Not a Pedestrian;Moving Backward;Slight Injury
09:50:00;Friday;Male;Junior high school;Employee;2-5yr;Automobile;Governmental;Unknown;unknown;Other;Double carriageway (median);Tangent road with flat terrain;Y Shape;Asphalt roads;Wet or damp;Daylight;Raining;Collision with roadside objects;2;2;Going straight;18-30;Not a Pedestrian;No distancing;Slight Injury
09:50:00;Friday;Male;Junior high school;Employee;Below 1yr;Motorcycle;Owner;Unknown;No defect;Office areas;Two-way (divided with solid lines road marking);Tangent road with flat terrain;Y Shape;Asphalt roads;Wet or damp;Daylight;Raining;Vehicle with vehicle collision;2;2;Going straight;5;Not a Pedestrian;Changing lane to the left;Slight Injury
09:50:00;Friday;Male;Junior high school;Employee;2-5yr;Automobile;Owner;Unknown;unknown;Residential areas;other;Tangent road with flat terrain;Y Shape;Asphalt roads;Wet or damp;Daylight;Raining;Vehicle with vehicle collision;2;2;Getting off;na;Not a Pedestrian;Changing lane to the left;Slight Injury
20:10:00;Wednesday;Male;Junior high school;Employee;2-5yr;Automobile;Governmental;2-5yrs;unknown;  Recreational areas;Undivided Two way;Tangent road with flat terrain;Y Shape;Asphalt roads;Wet or damp;Darkness - lights lit;Cloudy;Vehicle with vehicle collision;2;1;Going straight;18-30;Not a Pedestrian;No priority to pedestrian;Slight Injury
20:10:00;Wednesday;Male;Elementary school;Employee;5-10yr;Public (12 seats);Owner;1-2yr;No defect;Other;other;Tangent road with flat terrain;Y Shape;Asphalt roads;Wet or damp;Darkness - lights lit;Cloudy;Vehicle with vehicle collision;2;1;Going straight;Under 18;Not a Pedestrian;Moving Backward;Slight Injury
17:20:00;Tuesday;Male;Junior high school;Employee;Above 10yr;Long lorry;Owner;Above 10yr;No defect;Residential areas;other;Tangent road with flat terrain;Y Shape;Asphalt roads;Wet or damp;Darkness - lights lit;Raining;Vehicle with vehicle collision;2;1;Going straight;na;Not a Pedestrian;Changing lane to the left;Slight Injury
17:20:00;Tuesday;Male;unknown;unknown;unknown;unknown;Owner;Unknown;No defect;Other;other;Tangent road with flat terrain;Y Shape;Asphalt roads;Wet or damp;Darkness - lights lit;Raining;Vehicle with vehicle collision;2;1;Going straight;31-50;Not a Pedestrian;No distancing;Slight Injury
15:25:00;Sunday;Male;Junior high school;Employee;2-5yr;Automobile;Owner;Unknown;unknown;Other;other;Tangent road with flat terrain;No junction;Asphalt roads;Wet or damp;Daylight;Raining;Collision with pedestrians;2;2;Going straight;na;Not a Pedestrian;No priority to vehicle;Slight Injury
15:25:00;Sunday;Male;Junior high school;Employee;5-10yr;Public (> 45 seats);Owner;5-10yrs;unknown;Other;One way;Tangent road with flat terrain;No junction;Asphalt roads;Wet or damp;Daylight;Raining;Vehicle with vehicle collision;2;2;Getting off;18-30;Not a Pedestrian;Changing lane to the right;Slight Injury
15:25:00;Sunday;Male;Above high school;Employee;2-5yr;Pick up upto 10Q;Owner;Unknown;No defect;Other;Two-way (divided with broken lines road marking);Tangent road with flat terrain;No junction;Asphalt roads;Wet or damp;Daylight;Raining;Collision with roadside objects;2;2;Going straight;na;Not a Pedestrian;No distancing;Slight Injury
15:35:00;Wednesday;Male;unknown;unknown;unknown;Lorry (41?100Q);Owner;2-5yrs;No defect;Other;other;Tangent road with flat terrain;Y Shape;Asphalt roads;Wet or damp;Daylight;Raining;Vehicle with vehicle collision;1;1;Going straight;31-50;Not a Pedestrian;No distancing;Serious Injury
15:30:00;Tuesday;Male;unknown;Employee;1-2yr;Automobile;Owner;Unknown;No defect;School areas;Undivided Two way;Tangent road with flat terrain;Crossing;Asphalt roads;Dry;Daylight;Normal;Vehicle with vehicle collision;3;2;Other;na;Not a Pedestrian;Getting off the vehicle improperly;Slight Injury
15:30:00;Tuesday;Male;Junior high school;Employee;2-5yr;Public (13?45 seats);Owner;unknown;No defect;Office areas;Two-way (divided with broken lines road marking);Tangent road with flat terrain;Crossing;Asphalt roads;Dry;Daylight;Normal;Vehicle with vehicle collision;3;2;Going straight;18-30;Not a Pedestrian;No priority to pedestrian;Slight Injury