Time;Day_of_week;Sex_of_driver;Educational_level;Vehicle_driver_relation;Driving_experience;Type_of_vehicle;Owner_of_vehicle;Service_year_of_vehicle;Defect_of_vehicle;Area_accident_occured;Lanes_or_Medians;Road_allignment;Types_of_Junction;Road_surface_type;Road_surface_conditions;Light_conditions;Weather_conditions;Type_of_collision;Number_of_vehicles_involved;Number_of_casualties;Vehicle_movement;Age_band_of_casualty;Pedestrian_movement;Cause_of_accident;Accident_severity
15:30:00;Tuesday;Male;Junior high school;Employee;Above 10yr;Automobile;Owner;Unknown;No defect;Office areas;Two-way (divided with broken lines road marking);Tangent road with flat terrain;Crossing;Asphalt roads;Dry;Daylight;Normal;Vehicle with vehicle collision;3;2;Going straight;na;Not a Pedestrian;Changing lane to the left;Slight Injury
15:30:00;Tuesday;Male;Junior high school;Employee;Below 1yr;Public (> 45 seats);Owner;5-10yrs;No defect;Office areas;Two-way (divided with broken lines road marking);Tangent road with flat terrain;Crossing;Asphalt roads;Dry;Daylight;Normal;Vehicle with vehicle collision;3;2;Going straight;31-50;Not a Pedestrian;No distancing;Slight Injury
11:10:00;Thursday;Male;Junior high school;Employee;2-5yr;Public (12 seats);Owner;Unknown;No defect;School areas;unknown;Tangent road with flat terrain;No junction;Asphalt roads;Dry;Daylight;Normal;Vehicle with vehicle collision;1;1;Going straight;na;Not a Pedestrian;Driving carelessly;Slight Injury
18:20:00;Tuesday;Female;Junior high school;Employee;Below 1yr;Automobile;Governmental;unknown;No defect;School areas;Undivided Two way;Tangent road with flat terrain;No junction;Asphalt roads;Wet or damp;Darkness - lights lit;Windy;Vehicle with vehicle collision;1;1;Going straight;31-50;Not a Pedestrian;No distancing;Slight Injury
23:03:00;Friday;Male;High school;Employee;5-10yr;Lorry (41?100Q);Owner;unknown;No defect;Office areas;Two-way (divided with broken lines road marking);Tangent road with flat terrain;Crossing;Asphalt roads;Dry;Darkness - lights lit;Normal;Vehicle with vehicle collision;1;1;Reversing;na;Not a Pedestrian;Changing lane to the right;Serious Injury
22:43:00;Monday;Male;Above high school;Employee;1-2yr;Automobile;Owner;unknown;No defect;Office areas;Two-way (divided with broken lines road marking);Tangent road with flat terrain;Y Shape;Asphalt roads;Wet or damp;Darkness - lights lit;Normal;Vehicle with vehicle collision;2;5;Other;18-30;Not a Pedestrian;Overtaking;Slight Injury
22:43:00;Monday;Male;Junior high school;Employee;Below 1yr;Pick up upto 10Q;Governmental;Above 10yr;No defect;School areas;Two-way (divided with broken lines road marking);Tangent road with flat terrain;Y Shape;Asphalt roads;Wet or damp;Darkness - lights lit;Normal;Collision with roadside objects;2;5;Going straight;na;Not a Pedestrian;Driving carelessly;Slight Injury
22:43:00;Monday;Male;unknown;unknown;unknown;Public (12 seats);Owner;1-2yr;No defect;unknown;Two-way (divided with broken lines road marking);Tangent road with flat terrain;Y Shape;Asphalt roads;Wet or damp;Darkness - lights lit;Normal;Vehicle with vehicle collision;2;5;Going straight;Over 51;Not a Pedestrian;Moving Backward;Slight Injury
22:43:00;Monday;Male;High school;Employee;Below 1yr;Automobile;Owner;Above 10yr;No defect;Other;Two-way (divided with broken lines road marking);Tangent road with flat terrain;Y Shape;Asphalt roads;Wet or damp;Darkness - lights lit;Normal;Collision with roadside objects;2;5;Going straight;31-50;Not a Pedestrian;No distancing;Slight Injury
22:43:00;Monday;Male;High school;Employee;Below 1yr;Automobile;Owner;Below 1yr;No defect;Other;Undivided Two way;Tangent road with flat terrain;Y Shape;Asphalt roads;Wet or damp;Darkness - lights lit;Normal;Vehicle with vehicle collision;2;5;Going straight;31-50;Not a Pedestrian;Overtaking;Slight Injury
18:20:00;Monday;Male;unknown;unknown;unknown;Automobile;Owner;Above 10yr;No defect;Other;Two-way (divided with broken lines road marking);Tangent road with flat terrain;No junction;Asphalt roads;Wet or damp;Darkness - lights lit;Raining;Vehicle with vehicle collision;2;1;Going straight;na;Not a Pedestrian;Driving carelessly;Slight Injury
18:20:00;Monday;Male;High school;Employee;2-5yr;Stationwagen;Owner;Unknown;No defect;Residential areas;Undivided Two way;Tangent road with flat terrain;No junction;Asphalt roads;Wet or damp;Darkness - lights lit;Raining;unknown;2;1;Going straight;18-30;Not a Pedestrian;Driving carelessly;Slight Injury
08:00:00;Thursday;Male;Junior high school;Employee;Above 10yr;Other;Governmental;1-2yr;No defect;Other;Undivided Two way;Tangent road with flat terrain;Y Shape;Asphalt roads;Wet or damp;Daylight;Raining;Collision with pedestrians;2;1;Going straight;18-30;Not a Pedestrian;Moving Backward;Slight Injury
08:00:00;Thursday;Male;Junior high school;Employee;Above 10yr;Other;Owner;1-2yr;No defect;Other;Undivided Two way;Tangent road with flat terrain;Y Shape;Asphalt roads;Wet or damp;Daylight;Raining;Vehicle with vehicle collision;2;1;Going straight;na;Not a Pedestrian;Driving carelessly;Slight Injury
04:10:00;Saturday;Male;Junior high school;Employee;5-10yr;Other;Owner;unknown;No defect; Industrial areas;Undivided Two way;Tangent road with flat terrain;No junction;Asphalt roads;Wet or damp;Darkness - lights lit;Unknown;Vehicle with vehicle collision;2;1;Going straight;18-30;Not a Pedestrian;Driving to the left;Slight Injury
04:10:00;Saturday;Male;Junior high school;Employee;1-2yr;Public (13?45 seats);Owner;unknown;No defect;  Recreational areas;Undivided Two way;Tangent road with flat terrain;No junction;Asphalt roads;Wet or damp;Darkness - lights lit;Unknown;Vehicle with vehicle collision;2;1;Moving Backward;na;Not a Pedestrian;Changing lane to the left;Slight Injury
18:15:00;Monday;Male;Unknown;Employee;Below 1yr;Lorry (41?100Q);Owner;Above 10yr;No defect; Church areas;Two-way (divided with broken lines road marking);Tangent road with flat terrain;Y Shape;Asphalt roads;Wet or damp;Darkness - lights unlit;Raining;Collision with pedestrians;2;1;Moving Backward;Under 18;Crossing from driver's nearside;No distancing;Slight Injury
18:15:00;Monday;Male;Junior high school;Employee;Below 1yr;Public (12 seats);Owner;unknown;unknown;Office areas;Two-way (divided with broken lines road marking);Tangent road with flat terrain;Y Shape;Asphalt roads;Wet or damp;Darkness - lights unlit;Raining;Collision with roadside objects;2;1;Turnover;na;Not a Pedestrian;No distancing;Slight Injury
10:40:00;Tuesday;Male;High school;Employee;2-5yr;Automobile;Owner;unknown;unknown;Other;Two-way (divided with broken lines road marking);Tangent road with flat terrain;Y Shape;Asphalt roads;Dry;Daylight;Normal;unknown;2;1;Other;18-30;Not a Pedestrian;Changing lane to the right;Slight Injury
10:40:00;Tuesday;Male;Junior high school;Owner;1-2yr;Automobile;Owner;unknown;unknown;Office areas;Undivided Two way;Tangent road with flat terrain;Y Shape;Asphalt roads with some distress;Dry;Daylight;Normal;Vehicle with vehicle collision;2;1;Other;na;Not a Pedestrian;Driving under the influence of drugs;Slight Injury
12:00:00;Tuesday;Male;Junior high school;Employee;5-10yr;Stationwagen;Owner;unknown;unknown;Office areas;Two-way (divided with broken lines road marking);Tangent road with flat terrain;Y Shape;Asphalt roads;Dry;Daylight;Normal;unknown;2;1;Going straight;31-50;Not a Pedestrian;Changing lane to the right;Slight Injury
12:00:00;Tuesday;Male;Elementary school;Employee;2-5yr;Lorry (41?100Q);Owner;unknown;unknown;Other;Two-way (divided with broken lines road marking);Tangent road with flat terrain;Y Shape;Asphalt roads;Dry;Daylight;Normal;unknown;2;1;Going straight;31-50;Not a Pedestrian;Changing lane to the left;Slight Injury
12:01:00;Tuesday;Male;Elementary school;Owner;5-10yr;Lorry (41?100Q);Owner;Above 10yr;unknown;Residential areas;Undivided Two way;Tangent road with flat terrain;Crossing;Asphalt roads;Dry;Daylight;Normal;unknown;1;1;Other;na;Not a Pedestrian;Moving Backward;Slight Injury
21:50:00;Monday;Male;Junior high school;Employee;Above 10yr;Lorry (41?100Q);Owner;Above 10yr;unknown;Office areas;other;Tangent road with mountainous terrain and;Y Shape;Asphalt roads;Dry;Darkness - lights lit;Normal;Vehicle with vehicle collision;3;1;Other;Under 18;Not a Pedestrian;No distancing;Slight Injury
21:50:00;Monday;Female;Junior high school;Employee;5-10yr;Public (> 45 seats);Owner;Above 10yr;No defect;Residential areas;other;Tangent road with flat terrain;Y Shape;Gravel roads;Dry;Darkness - lights lit;Normal;Vehicle with vehicle collision;3;1;Going straight;na;Not a Pedestrian;Changing lane to the right;Slight Injury
21:50:00;Monday;Female;High school;Employee;5-10yr;Public (12 seats);unknown;unknown;unknown;School areas;Two-way (divided with broken lines road marking);Tangent road with flat terrain;Y Shape;Asphalt roads;Dry;Darkness - lights lit;Normal;Collision with roadside objects;3;1;Reversing;na;Not a Pedestrian;Moving Backward;Slight Injury
09:02:00;Thursday;Male;Junior high school;Employee;5-10yr;Other;Owner;Above 10yr;No defect;Office areas;Two-way (divided with broken lines road marking);Sharp reverse curve;No junction;Asphalt roads;Wet or damp;Daylight;Normal;Collision with roadside objects;1;1;Other;18-30;Crossing from driver's nearside;No distancing;Slight Injury
16:20:00;Saturday;Female;Junior high school;Employee;Above 10yr;Public (12 seats);Owner;5-10yrs;No defect;Other;other;Tangent road with flat terrain;Y Shape;Asphalt roads;Wet or damp;Darkness - lights lit;Normal;Vehicle with vehicle collision;3;1;Turnover;31-50;Crossing from offside - masked by  parked or statioNot a Pedestrianry vehicle;Driving to the left;Slight Injury
16:20:00;Saturday;Male;Junior high school;unknown;1-2yr;Other;Owner;Above 10yr;No defect;Other;Undivided Two way;Tangent road with flat terrain;Y Shape;Asphalt roads;Wet or damp;Darkness - lights lit;Normal;Vehicle with vehicle collision;3;1;Going straight;Under 18;Not a Pedestrian;Driving to the left;Slight Injury
16:20:00;Saturday;Male;Junior high school;Employee;2-5yr;Public (12 seats);Owner;Above 10yr;No defect; Church areas;other;Tangent road with flat terrain;Y Shape;Asphalt roads;Wet or damp;Darkness - lights lit;Normal;Vehicle with vehicle collision;3;1;Going straight;18-30;Not a Pedestrian;Moving Backward;Slight Injury
16:40:00;Tuesday;Male;Junior high school;Employee;1-2yr;Stationwagen;Owner;unknown;No defect;Office areas;Two-way (divided with broken lines road marking);Tangent road with flat terrain;No junction;Asphalt roads;Dry;Darkness - lights unlit;Normal;Vehicle with vehicle collision;2;1;Going straight;na;Not a Pedestrian;Moving Backward;Slight Injury
16:40:00;Tuesday;Male;unknown;unknown;unknown;Automobile;Owner;unknown;No defect;Other;Two-way (divided with broken lines road marking);Tangent road with flat terrain;No junction;Asphalt roads;Dry;Darkness - lights unlit;Normal;Vehicle with vehicle collision;2;1;Going straight;31-50;Crossing from nearside - masked by parked or statioNot a Pedestrianry vehicle;Overtaking;Slight Injury
07:14:00;Saturday;Male;Elementary school;Employee;5-10yr;Lorry (41?100Q);Owner;unknown;No defect;Office areas;Two-way (divided with broken lines road marking);Tangent road with mild grade and flat terrain;Y Shape;Asphalt roads;Wet or damp;Darkness - lights lit;Windy;Rollover;1;1;Going straight;Over 51;Not a Pedestrian;Driving carelessly;Slight Injury
23:59:00;Thursday;Male;Junior high school;Employee;5-10yr;Special vehicle;Owner;unknown;No defect;Office areas;Two-way (divided with broken lines road marking);Tangent road with flat terrain;Y Shape;Asphalt roads;Wet or damp;Darkness - lights lit;Normal;Vehicle with vehicle collision;1;1;Going straight;Over 51;Not a Pedestrian;Changing lane to the left;Slight Injury
17:30:00;Tuesday;Male;Junior high school;Employee;Above 10yr;Lorry (41?100Q);Owner;Above 10yr;No defect;Office areas;Two-way (divided with broken lines road marking);Sharp reverse curve;Crossing;Asphalt roads;Wet or damp;Darkness - lights lit;Normal;Collision with roadside objects;2;1;Going straight;Under 18;Unknown or other;Driving under the influence of drugs;Slight Injury
17:30:00;Tuesday;Male;Junior high school;Employee;2-5yr;Lorry (41?100Q);Owner;Above 10yr;No defect; Church areas;Undivided Two way;Sharp reverse curve;Crossing;Asphalt roads;Wet or damp;Darkness - lights lit;Normal;Collision with pedestrians;2;1;Going straight;18-30;Crossing from driver's nearside;No distancing;Slight Injury
20:10:00;Thursday;Male;Junior high school;Owner;Above 10yr;Public (> 45 seats);Owner;Above 10yr;No defect;Office areas;Undivided Two way;Gentle horizontal curve;Y Shape;Asphalt roads;Wet or damp;Darkness - lights lit;Normal;Vehicle with vehicle collision;1;1;Going straight;na;Not a Pedestrian;Moving Backward;Slight Injury
18:21:00;Tuesday;Male;Junior high school;Employee;2-5yr;Automobile;Owner;5-10yrs;No defect;Other;Double carriageway (median);Gentle horizontal curve;No junction;Asphalt roads;Dry;Darkness - lights lit;Normal;Vehicle with vehicle collision;2;1;Other;18-30;Not a Pedestrian;Changing lane to the left;Serious Injury
18:21:00;Tuesday;Male;Elementary school;Other;5-10yr;Automobile;Owner;unknown;unknown;Other;Two-way (divided with broken lines road marking);Tangent road with flat terrain;No junction;Asphalt roads;Dry;Darkness - lights lit;Normal;Vehicle with vehicle collision;2;1;Going straight;na;Not a Pedestrian;Changing lane to the right;Serious Injury
08:50:00;Wednesday;Male;Elementary school;Employee;5-10yr;Automobile;Owner;5-10yrs;No defect; Church areas;Unknown;Tangent road with mountainous terrain and;No junction;Asphalt roads;Wet or damp;Daylight;Normal;Vehicle with vehicle collision;1;1;Going straight;18-30;Not a Pedestrian;No distancing;Slight Injury
13:55:00;Tuesday;Male;Junior high school;unknown;5-10yr;Public (> 45 seats);Owner;1-2yr;unknown;School areas;Undivided Two way;Tangent road with flat terrain;Y Shape;Asphalt roads;Dry;Daylight;Normal;Vehicle with vehicle collision;1;1;Moving Backward;18-30;Not a Pedestrian;Driving at high speed;Serious Injury
19:13:00;Tuesday;Male;Junior high school;Employee;5-10yr;Lorry (11?40Q);unknown;unknown;unknown; Church areas;Two-way (divided with broken lines road marking);Tangent road with flat terrain;Y Shape;Asphalt roads;Wet or damp;Darkness - lights lit;Raining;Vehicle with vehicle collision;2;1;Going straight;na;Not a Pedestrian;Changing lane to the right;Slight Injury
19:13:00;Tuesday;Male;Elementary school;Employee;Above 10yr;Pick up upto 10Q;Owner;Above 10yr;unknown;Office areas;Undivided Two way;Tangent road with flat terrain;Y Shape;Asphalt roads;Wet or damp;Darkness - lights lit;Raining;Vehicle with vehicle collision;2;1;Moving Backward;31-50;Crossing from nearside - masked by parked or statioNot a Pedestrianry vehicle;No priority to vehicle;Slight Injury
17:40:00;Thursday;Male;Junior high school;unknown;Below 1yr;Lorry (11?40Q);Owner;2-5yrs;No defect;Other;other;Tangent road with flat terrain;Y Shape;Asphalt roads;Wet or damp;Darkness - lights lit;Cloudy;Collision with roadside objects;2;1;Other;na;Not a Pedestrian;No distancing;Slight Injury
17:40:00;Thursday;Male;Junior high school;Employee;5-10yr;Pick up upto 10Q;Owner;Above 10yr;unknown; Church areas;Two-way (divided with broken lines road marking);Steep grade upward with mountainous terrain;Y Shape;Asphalt roads;Wet or damp;Darkness - lights lit;Cloudy;Rollover;2;1;Going straight;18-30;Not a Pedestrian;Turnover;Slight Injury
15:45:00;Friday;Male;Elementary school;Employee;1-2yr;Special vehicle;Governmental;1-2yr;No defect;Other;Double carriageway (median);Tangent road with flat terrain;Y Shape;Earth roads;Wet or damp;Daylight;Normal;Vehicle with vehicle collision;1;1;Reversing;18-30;Not a Pedestrian;No distancing;Slight Injury
13:45:00;Monday;Male;unknown;unknown;unknown;Lorry (11?40Q);Governmental;Above 10yr;unknown;Other;Double carriageway (median);Tangent road with flat terrain;No junction;Asphalt roads;Wet or damp;Daylight;Raining;Collision with pedestrians;2;2;Going straight;18-30;Not a Pedestrian;Changing lane to the right;Slight Injury
13:45:00;Monday;Male;Junior high school;Employee;Above 10yr;unknown;Organization;5-10yrs;No defect;Office areas;Two-way (divided with broken lines road marking);Gentle horizontal curve;No junction;Asphalt roads;Wet or damp;Daylight;Raining;Vehicle with vehicle collision;2;2;Other;Over 51;Not a Pedestrian;No distancing;Slight Injury
08:38:00;Thursday;Male;High school;Owner;2-5yr;unknown;Organization;Above 10yr;No defect;Other;Two-way (divided with broken lines road marking);Tangent road with flat terrain;Y Shape;Asphalt roads;Dry;Daylight;Normal;Vehicle with vehicle collision;2;2;Other;na;Not a Pedestrian;Changing lane to the left;Slight Injury
08:38:00;Thursday;Male;Junior high school;Employee;1-2yr;Lorry (41?100Q);Owner;2-5yrs;No defect;Other;Two-way (divided with broken lines road marking);Tangent road with flat terrain;Y Shape;Asphalt roads;Dry;Daylight;Normal;Collision with pedestrians;2;2;Other;na;Not a Pedestrian;Driving carelessly;Slight Injury
19:22:00;Friday;Male;Junior high school;Employee;1-2yr;Other;Governmental;unknown;No defect;Residential areas;Two-way (divided with broken lines road marking);Tangent road with flat terrain;No junction;Asphalt roads;Dry;Darkness - lights lit;Windy;Collision with pedestrians;1;1;Stopping;18-30;Not a Pedestrian;Changing lane to the right;Slight Injury
23:40:00;Friday;Male;Above high school;Owner;2-5yr;Other;Owner;2-5yrs;No defect;Office areas;Two-way (divided with broken lines road marking);Tangent road with flat terrain;Crossing;Asphalt roads;Wet or damp;Darkness - lights lit;Raining;Vehicle with vehicle collision;2;1;Other;31-50;Not a Pedestrian;No priority to vehicle;Slight Injury
23:40:00;Friday;Male;unknown;unknown;unknown;Automobile;Owner;2-5yrs;No defect; Church areas;One way;Tangent road with flat terrain;Crossing;Asphalt roads;Wet or damp;Darkness - lights lit;Raining;Vehicle with vehicle collision;2;1;Other;na;Not a Pedestrian;No distancing;Slight Injury
18:55:00;Thursday;Male;Elementary school;Owner;2-5yr;Other;Owner;1-2yr;No defect;unknown;Undivided Two way;Tangent road with flat terrain;Y Shape;Asphalt roads;Dry;Darkness - lights lit;Normal;Vehicle with vehicle collision;1;1;Other;18-30;Not a Pedestrian;No priority to pedestrian;Fatal injury
08:20:00;Wednesday;Male;Junior high school;Employee;1-2yr;Automobile;Owner;Above 10yr;unknown;  Market areas;other;Steep grade downward with mountainous terrain;No junction;Asphalt roads;Wet or damp;Daylight;Raining;Vehicle with vehicle collision;2;1;Going straight;18-30;Not a Pedestrian;No priority to pedestrian;Slight Injury
08:20:00;Wednesday;Male;unknown;Owner;5-10yr;Public (13?45 seats);Owner;Above 10yr;No defect;Residential areas;unknown;Tangent road with flat terrain;No junction;Asphalt roads with some distress;Wet or damp;Daylight;Raining;Vehicle with vehicle collision;2;1;Going straight;na;Not a Pedestrian;No priority to vehicle;Slight Injury
23:55:00;Thursday;Male;Junior high school;Employee;Below 1yr;Lorry (41?100Q);Owner;5-10yrs;No defect;Office areas;Undivided Two way;Tangent road with flat terrain;Y Shape;Asphalt roads;Snow;Darkness - lights lit;Other;Collision with roadside objects;2;1;Going straight;18-30;Not a Pedestrian;Changing lane to the left;Slight Injury
23:55:00;Thursday;Male;Junior high school;Employee;2-5yr;unknown;Owner;unknown;No defect;  Recreational areas;other;unknown;Y Shape;Asphalt roads;Snow;Darkness - lights lit;Other;Vehicle with vehicle collision;2;1;Going straight;na;Not a Pedestrian;Changing lane to the left;Slight Injury
16:00:00;Tuesday;Male;Junior high school;Employee;5-10yr;Automobile;Governmental;unknown;No defect;Office areas;other;Tangent road with mild grade and flat terrain;Y Shape;Asphalt roads;Dry;Daylight;Normal;Vehicle with vehicle collision;3;1;Going straight;31-50;Not a Pedestrian;No distancing;Slight Injury
16:00:00;Tuesday;Male;Junior high school;Employee;Above 10yr;unknown;Owner;5-10yrs;No defect; Industrial areas;other;Tangent road with flat terrain;Y Shape;Asphalt roads;Dry;Daylight;Normal;Vehicle with vehicle collision;3;1;Going straight;na;Not a Pedestrian;No priority to vehicle;Slight Injury
16:00:00;Tuesday;Male;Elementary school;Employee;2-5yr;Lorry (41?100Q);unknown;unknown;unknown;unknown;unknown;unknown;Y Shape;Asphalt roads;Dry;Daylight;Normal;Vehicle with vehicle collision;3;1;Going straight;31-50;Not a Pedestrian;No distancing;Slight Injury
21:55:00;Wednesday;Male;Elementary school;Owner;Above 10yr;unknown;Owner;unknown;No defect;Residential areas;Undivided Two way;Tangent road with flat terrain;No junction;Asphalt roads;Dry;Darkness - lights lit;Normal;Vehicle with vehicle collision;2;1;Going straight;Under 18;Not a Pedestrian;No distancing;Slight Injury
21:55:00;Wednesday;Male;Junior high school;Employee;1-2yr;Lorry (41?100Q);Governmental;Above 10yr;No defect;Residential areas;other;Tangent road with flat terrain;No junction;Asphalt roads;Dry;Darkness - lights lit;Normal;Vehicle with vehicle collision;2;1;Going straight;31-50;Not a Pedestrian;Changing lane to the right;Slight Injury
13:35:00;Friday;Male;Junior high school;Employee;5-10yr;Taxi;Owner;1-2yr;No defect; Industrial areas;other;Tangent road with flat terrain;No junction;Asphalt roads;Dry;Daylight;Normal;Vehicle with vehicle collision;2;1;Going straight;na;Not a Pedestrian;Changing lane to the left;Slight Injury
13:35:00;Friday;Male;Junior high school;Employee;2-5yr;Lorry (41?100Q);Owner;2-5yrs;No defect;Residential areas;Undivided Two way;Tangent road with flat terrain;No junction;Asphalt roads;Dry;Daylight;Normal;Vehicle with vehicle collision;2;1;Going straight;31-50;Not a Pedestrian;No distancing;Slight Injury
10:50:00;Tuesday;Male;Junior high school;Employee;2-5yr;Lorry (41?100Q);Owner;Unknown;No defect;Residential areas;other;Tangent road with flat terrain;Y Shape;Asphalt roads;Dry;Daylight;Normal;Vehicle with vehicle collision;1;1;Reversing;na;Not a Pedestrian;Overturning;Serious Injury
13:03:00;Saturday;Male;Junior high school;Employee;2-5yr;Other;Owner;unknown;No defect;Office areas;Undivided Two way;Tangent road with flat terrain;Y Shape;Asphalt roads;Wet or damp;Daylight;Normal;Vehicle with vehicle collision;2;1;Going straight;Under 18;Not a Pedestrian;No priority to vehicle;Slight Injury
13:03:00;Saturday;Male;Junior high school;Employee;2-5yr;Stationwagen;Owner;2-5yrs;No defect;Office areas;Double carriageway (median);Escarpments;Y Shape;Asphalt roads;Wet or damp;Daylight;Normal;Vehicle with vehicle collision;2;1;Other;na;Not a Pedestrian;Moving Backward;Slight Injury
20:40:00;Saturday;Male;Junior high school;Employee;Above 10yr;Stationwagen;Owner;Above 10yr;No defect;Office areas;other;Tangent road with flat terrain;Crossing;Asphalt roads;Dry;Darkness - lights lit;Normal;Vehicle with vehicle collision;1;1;unknown;31-50;Not a Pedestrian;Driving under the influence of drugs;Serious Injury
05:50:00;Thursday;Male;Junior high school;Employee;Above 10yr;Lorry (41?100Q);Owner;1-2yr;No defect;Office areas;Undivided Two way;Escarpments;No junction;Asphalt roads;Wet or damp;Darkness - lights lit;Normal;Vehicle with vehicle collision;1;1;Getting off;31-50;Not a Pedestrian;Moving Backward;Slight Injury
16:30:00;Monday;Male;Elementary school;Employee;5-10yr;Lorry (41?100Q);Owner;unknown;No defect;Office areas;One way;Tangent road with flat terrain;No junction;Asphalt roads;Dry;Daylight;Normal;Vehicle with vehicle collision;1;2;Going straight;na;Not a Pedestrian;Changing lane to the right;Slight Injury
16:30:00;Monday;Male;unknown;Employee;unknown;Other;Owner;unknown;No defect;Office areas;Undivided Two way;Tangent road with flat terrain;No junction;Asphalt roads;Dry;Daylight;Normal;Vehicle with vehicle collision;1;2;Going straight;na;Not a Pedestrian;Overspeed;Slight Injury
15:50:00;Thursday;Female;unknown;Employee;2-5yr;Automobile;Owner;unknown;No defect;Office areas;other;Tangent road with flat terrain;Y Shape;Asphalt roads;Wet or damp;Daylight;Normal;Collision with roadside objects;1;1;Going straight;18-30;Not a Pedestrian;Driving under the influence of drugs;Serious Injury
20:00:00;Friday;Male;Elementary school;Employee;5-10yr;unknown;Owner;Above 10yr;No defect;Residential areas;other;Tangent road with flat terrain;Crossing;Asphalt roads;Dry;Darkness - lights lit;Unknown;Vehicle with vehicle collision;1;2;Going straight;18-30;Not a Pedestrian;Driving carelessly;Serious Injury
20:00:00;Friday;Male;Junior high school;Employee;5-10yr;Taxi;Owner;5-10yrs;No defect;Residential areas;One way;Tangent road with flat terrain;Crossing;unknown;Dry;Darkness - lights lit;Unknown;Vehicle with vehicle collision;1;2;Turnover;18-30;Not a Pedestrian;No distancing;Serious Injury
15:15:00;Tuesday;Male;Junior high school;Employee;Above 10yr;Lorry (41?100Q);Owner;unknown;No defect;Other;One way;Tangent road with flat terrain;Unknown;Asphalt roads;Dry;Daylight;Normal;Vehicle with vehicle collision;1;1;Entering a junction;Under 18;Not a Pedestrian;No priority to vehicle;Slight Injury
19:50:00;Wednesday;Male;Junior high school;Employee;5-10yr;Other;Owner;5-10yrs;No defect; Church areas;Undivided Two way;Tangent road with flat terrain;No junction;Asphalt roads;Wet or damp;Darkness - lights lit;Normal;Vehicle with vehicle collision;2;1;Entering a junction;na;Not a Pedestrian;Overspeed;Slight Injury
19:50:00;Wednesday;Male;Junior high school;Employee;Above 10yr;Automobile;Owner;unknown;No defect;  Recreational areas;other;Tangent road with flat terrain;No junction;Asphalt roads;Wet or damp;Darkness - lights lit;Normal;Collision with pedestrians;2;1;Entering a junction;na;Not a Pedestrian;Driving under the influence of drugs;Slight Injury
15:05:00;Saturday;Male;Elementary school;Employee;Below 1yr;Public (> 45 seats);Owner;unknown;unknown; Industrial areas;Undivided Two way;Tangent road with flat terrain;Y Shape;Asphalt roads;Wet or damp;Daylight;Normal;Vehicle with vehicle collision;1;1;Entering a junction;31-50;Not a Pedestrian;Changing lane to the right;Slight Injury
16:55:00;Friday;Male;Elementary school;Employee;5-10yr;Stationwagen;unknown;unknown;unknown;Residential areas;other;unknown;No junction;Asphalt roads;Dry;Daylight;Normal;Vehicle with vehicle collision;1;1;Other;18-30;Unknown or other;Changing lane to the right;Serious Injury
17:06:00;Tuesday;Male;Elementary school;Employee;1-2yr;Automobile;Owner;Above 10yr;No defect;Residential areas;other;Tangent road with rolling terrain;Y Shape;Asphalt roads;Dry;Darkness - lights lit;Normal;Vehicle with vehicle collision;1;1;Entering a junction;na;Not a Pedestrian;Changing lane to the right;Serious Injury
13:00:00;Friday;Male;Elementary school;Employee;5-10yr;Lorry (41?100Q);Owner;2-5yrs;No defect;Office areas;Double carriageway (median);Tangent road with flat terrain;No junction;Asphalt roads;Dry;Daylight;Normal;Vehicle with vehicle collision;3;2;Turnover;18-30;Not a Pedestrian;Changing lane to the right;Fatal injury
13:00:00;Friday;Male;Elementary school;Employee;5-10yr;Other;Owner;2-5yrs;No defect;  Market areas;Undivided Two way;Tangent road with flat terrain;No junction;Asphalt roads;Dry;Daylight;Normal;Vehicle with vehicle collision;3;2;Entering a junction;18-30;Unknown or other;Moving Backward;Fatal injury
13:00:00;Friday;Male;Elementary school;Employee;2-5yr;Public (13?45 seats);unknown;unknown;unknown;Unknown;other;Tangent road with flat terrain;No junction;Asphalt roads;Dry;Daylight;Normal;Vehicle with vehicle collision;3;2;Entering a junction;18-30;Not a Pedestrian;No distancing;Fatal injury
13:00:00;Friday;Male;Elementary school;Employee;5-10yr;Other;Owner;unknown;No defect; Industrial areas;other;Tangent road with flat terrain;No junction;Asphalt roads;Dry;Daylight;Normal;Vehicle with vehicle collision;3;2;Entering a junction;18-30;Not a Pedestrian;Overspeed;Fatal injury
15:20:00;Thursday;Male;unknown;unknown;5-10yr;Other;Owner;unknown;No defect;Residential areas;Two-way (divided with solid lines road marking);Tangent road with flat terrain;No junction;Asphalt roads;Dry;Daylight;Normal;Vehicle with vehicle collision;1;1;Entering a junction;na;Not a Pedestrian;No distancing;Slight Injury
09:15:00;Monday;Male;Junior high school;Employee;Above 10yr;Ridden horse;Governmental;Below 1yr;No defect;Residential areas;Undivided Two way;Tangent road with flat terrain;Y Shape;Asphalt roads;Dry;Daylight;Normal;Collision with pedestrians;2;1;Entering a junction;Under 18;Crossing from driver's nearside;Driving carelessly;Serious Injury
09:15:00;Monday;Female;Junior high school;Employee;Above 10yr;Lorry (41?100Q);Owner;5-10yrs;No defect;Other;Undivided Two way;Tangent road with flat terrain;Y Shape;Asphalt roads;Dry;Daylight;Normal;Vehicle with vehicle collision;2;1;Other;18-30;Not a Pedestrian;No distancing;Serious Injury