Time;Day_of_week;Sex_of_driver;Educational_level;Vehicle_driver_relation;Driving_experience;Type_of_vehicle;Owner_of_vehicle;Service_year_of_vehicle;Defect_of_vehicle;Area_accident_occured;Lanes_or_Medians;Road_allignment;Types_of_Junction;Road_surface_type;Road_surface_conditions;Light_conditions;Weather_conditions;Type_of_collision;Number_of_vehicles_involved;Number_of_casualties;Vehicle_movement;Age_band_of_casualty;Pedestrian_movement;Cause_of_accident;Accident_severity
14:30:00;Friday;Male;Elementary school;Employee;Below 1yr;Lorry (41?100Q);Governmental;unknown;No defect;Residential areas;other;Tangent road with flat terrain;No junction;Asphalt roads;Dry;Daylight;Normal;Vehicle with vehicle collision;3;1;Going straight;na;Not a Pedestrian;No distancing;Slight Injury
14:30:00;Friday;Male;Elementary school;Employee;5-10yr;Pick up upto 10Q;Owner;1-2yr;No defect;Rural village areas;Undivided Two way;Gentle horizontal curve;No junction;Asphalt roads;Dry;Daylight;Normal;Vehicle with vehicle collision;3;1;Going straight;18-30;Not a Pedestrian;No distancing;Slight Injury
14:30:00;Friday;Male;Elementary school;Owner;5-10yr;Lorry (11?40Q);Owner;2-5yrs;No defect;Rural village areas;Undivided Two way;Gentle horizontal curve;No junction;Asphalt roads;Dry;Daylight;Normal;Vehicle with vehicle collision;3;1;Other;na;Not a Pedestrian;Changing lane to the right;Slight Injury
16:20:00;Sunday;Male;Elementary school;Employee;2-5yr;Automobile;Owner;unknown;No defect;Office areas;Double carriageway (median);Tangent road with flat terrain;Y Shape;Asphalt roads;Dry;Daylight;Normal;Collision with roadside objects;2;1;Going straight;18-30;Not a Pedestrian;No distancing;Slight Injury
16:20:00;Sunday;Female;Elementary school;Employee;Above 10yr;Automobile;Owner;2-5yrs;No defect;Residential areas;Undivided Two way;Gentle horizontal curve;Y Shape;Asphalt roads;Dry;Daylight;Normal;Vehicle with vehicle collision;2;1;Going straight;18-30;Walking along in carriageway, back to traffic;No priority to vehicle;Slight Injury
14:10:00;Thursday;Male;Elementary school;Employee;2-5yr;Pick up upto 10Q;Owner;unknown;unknown;Residential areas;other;Tangent road with flat terrain;No junction;Asphalt roads;Dry;Daylight;Normal;Vehicle with vehicle collision;4;1;Going straight;18-30;Not a Pedestrian;Changing lane to the left;Slight Injury
14:10:00;Thursday;Male;Junior high school;Employee;Above 10yr;Automobile;Owner;unknown;7; Outside rural areas;other;Tangent road with flat terrain;No junction;Asphalt roads;Dry;Daylight;Normal;Vehicle with vehicle collision;4;1;Going straight;na;Not a Pedestrian;Moving Backward;Slight Injury
14:10:00;Thursday;Male;Junior high school;Employee;Below 1yr;Other;Owner;Above 10yr;unknown;Residential areas;other;Tangent road with flat terrain;No junction;Asphalt roads;Dry;Daylight;Normal;Vehicle with vehicle collision;4;1;Going straight;Over 51;Not a Pedestrian;Driving carelessly;Slight Injury
14:10:00;Thursday;Female;Junior high school;Employee;2-5yr;Lorry (41?100Q);Owner;5-10yrs;5; Church areas;other;Tangent road with flat terrain;No junction;Asphalt roads;Dry;Daylight;Normal;Vehicle with vehicle collision;4;1;Reversing;18-30;Not a Pedestrian;Changing lane to the left;Slight Injury
13:15:00;Monday;Female;Elementary school;Employee;5-10yr;Public (13?45 seats);Owner;unknown;No defect;Office areas;Undivided Two way;Tangent road with flat terrain;No junction;Asphalt roads;Dry;Daylight;Normal;Vehicle with vehicle collision;2;1;Moving Backward;31-50;Crossing from nearside - masked by parked or statioNot a Pedestrianry vehicle;No priority to pedestrian;Slight Injury
13:15:00;Monday;Male;Elementary school;Employee;5-10yr;Pick up upto 10Q;Owner;Unknown;No defect;Office areas;Two-way (divided with broken lines road marking);Tangent road with mountainous terrain and;No junction;Asphalt roads;Dry;Daylight;Normal;Vehicle with vehicle collision;2;1;Overtaking;na;Not a Pedestrian;No distancing;Slight Injury
08:45:00;Tuesday;Male;Elementary school;Employee;1-2yr;Stationwagen;Governmental;unknown;No defect;Office areas;Two-way (divided with broken lines road marking);Escarpments;No junction;Asphalt roads;Wet or damp;Daylight;Normal;Collision with roadside objects;1;1;Going straight;18-30;Not a Pedestrian;No distancing;Slight Injury
00:25:00;Wednesday;Male;Elementary school;Employee;unknown;Other;Owner;2-5yrs;unknown;Other;Undivided Two way;Tangent road with mountainous terrain and;No junction;Asphalt roads;Dry;Darkness - no lighting;Normal;Vehicle with vehicle collision;3;2;Going straight;18-30;Not a Pedestrian;Overturning;Slight Injury
00:25:00;Wednesday;Male;Junior high school;Employee;1-2yr;Pick up upto 10Q;Owner;2-5yrs;unknown;Other;Undivided Two way;Tangent road with flat terrain;No junction;Asphalt roads;Dry;Darkness - no lighting;Normal;Vehicle with vehicle collision;3;2;Going straight;18-30;Not a Pedestrian;No distancing;Slight Injury
00:25:00;Wednesday;Female;unknown;Employee;5-10yr;Public (13?45 seats);Owner;Unknown;No defect;Residential areas;Two-way (divided with broken lines road marking);Tangent road with flat terrain;No junction;Asphalt roads;Dry;Darkness - no lighting;Normal;Vehicle with vehicle collision;3;2;Going straight;na;Not a Pedestrian;Drunk driving;Slight Injury
00:25:00;Wednesday;Female;Elementary school;Owner;1-2yr;Public (12 seats);Owner;unknown;unknown;Other;Two-way (divided with broken lines road marking);Tangent road with flat terrain;No junction;Asphalt roads;Dry;Darkness - no lighting;Normal;Vehicle with vehicle collision;3;2;Going straight;18-30;Not a Pedestrian;Moving Backward;Slight Injury
15:58:00;Wednesday;Male;Junior high school;Employee;5-10yr;Lorry (41?100Q);Owner;Below 1yr;unknown;Other;Undivided Two way;Tangent road with mild grade and flat terrain;No junction;Asphalt roads;Dry;Daylight;Normal;Rollover;2;1;Going straight;na;Not a Pedestrian;No priority to pedestrian;Slight Injury
15:58:00;Wednesday;Male;Junior high school;Employee;2-5yr;Pick up upto 10Q;Owner;5-10yrs;unknown;Other;Two-way (divided with broken lines road marking);Tangent road with flat terrain;No junction;Asphalt roads;Dry;Daylight;Normal;Vehicle with vehicle collision;2;1;Going straight;31-50;Not a Pedestrian;Changing lane to the left;Slight Injury
08:15:00;Wednesday;Male;Junior high school;Employee;2-5yr;Lorry (41?100Q);Governmental;5-10yrs;No defect;Other;Undivided Two way;Tangent road with flat terrain;Y Shape;Asphalt roads;Dry;Daylight;Other;Vehicle with vehicle collision;2;1;Going straight;na;Not a Pedestrian;Changing lane to the left;Slight Injury
08:15:00;Wednesday;Male;Junior high school;Employee;5-10yr;Pick up upto 10Q;Owner;2-5yrs;No defect;Other;Double carriageway (median);Tangent road with mild grade and flat terrain;Y Shape;Asphalt roads;Dry;Daylight;Other;Collision with roadside objects;2;1;Going straight;na;Not a Pedestrian;Getting off the vehicle improperly;Slight Injury
20:55:00;Saturday;Male;Junior high school;Owner;Below 1yr;Long lorry;Owner;unknown;No defect;Other;Two-way (divided with broken lines road marking);Tangent road with flat terrain;Y Shape;Asphalt roads;Wet or damp;Darkness - lights lit;Normal;Vehicle with vehicle collision;1;2;Going straight;18-30;Not a Pedestrian;No distancing;Slight Injury
20:55:00;Saturday;Male;High school;Employee;Below 1yr;unknown;Owner;2-5yrs;unknown; Church areas;Two-way (divided with broken lines road marking);Tangent road with flat terrain;Y Shape;Asphalt roads;Wet or damp;Darkness - lights lit;Normal;Vehicle with vehicle collision;1;2;Going straight;na;Not a Pedestrian;Changing lane to the right;Slight Injury
01:18:00;Saturday;Male;Junior high school;Employee;unknown;Other;Owner;5-10yrs;unknown;Other;Undivided Two way;Tangent road with flat terrain;No junction;Asphalt roads;Dry;Darkness - lights lit;Normal;Vehicle with vehicle collision;1;4;Other;31-50;Not a Pedestrian;Changing lane to the right;Fatal injury
01:18:00;Saturday;Male;Junior high school;Employee;Below 1yr;unknown;Organization;2-5yrs;unknown; Industrial areas;Two-way (divided with broken lines road marking);Tangent road with flat terrain;No junction;Asphalt roads;Dry;Darkness - lights lit;Normal;Collision with roadside objects;1;4;Going straight;Over 51;Crossing from nearside - masked by parked or statioNot a Pedestrianry vehicle;Moving Backward;Fatal injury
01:18:00;Saturday;Male;Junior high school;Employee;2-5yr;Public (13?45 seats);Owner;unknown;No defect;Residential areas;Double carriageway (median);Tangent road with flat terrain;No junction;Asphalt roads;Dry;Darkness - lights lit;Normal;Collision with roadside objects;1;4;Moving Backward;na;Not a Pedestrian;Driving at high speed;Fatal injury
01:18:00;Saturday;Male;Junior high school;Employee;2-5yr;Special vehicle;Governmental;Above 10yr;No defect;Other;Two-way (divided with broken lines road marking);Tangent road with flat terrain;No junction;Asphalt roads;Dry;Darkness - lights lit;Normal;Vehicle with vehicle collision;1;4;Other;18-30;Not a Pedestrian;Changing lane to the left;Fatal injury
21:35:00;Wednesday;Male;Junior high school;Employee;5-10yr;Lorry (41?100Q);Owner;unknown;No defect;Office areas;Two-way (divided with broken lines road marking);Tangent road with flat terrain;Y Shape;Asphalt roads;Wet or damp;Darkness - lights lit;Raining;Vehicle with vehicle collision;2;1;Going straight;18-30;Not a Pedestrian;Moving Backward;Slight Injury
21:35:00;Wednesday;Male;Elementary school;Employee;5-10yr;Lorry (41?100Q);Owner;unknown;No defect; Industrial areas;Unknown;Tangent road with flat terrain;Y Shape;Asphalt roads;Wet or damp;Darkness - lights lit;Raining;Collision with roadside objects;2;1;Going straight;na;Not a Pedestrian;Overtaking;Slight Injury
08:20:00;Wednesday;Male;unknown;Owner;5-10yr;Public (> 45 seats);Owner;1-2yr;No defect; Industrial areas;Double carriageway (median);Tangent road with flat terrain;Crossing;Asphalt roads;Dry;Daylight;Normal;Collision with roadside objects;2;1;Going straight;na;Not a Pedestrian;Changing lane to the left;Slight Injury
08:20:00;Wednesday;Male;Junior high school;Employee;5-10yr;Automobile;Owner;unknown;No defect;Other;Two-way (divided with broken lines road marking);Tangent road with flat terrain;Crossing;Asphalt roads;Dry;Daylight;Normal;Vehicle with vehicle collision;2;1;Going straight;31-50;Not a Pedestrian;Changing lane to the right;Slight Injury
11:30:00;Sunday;Male;Junior high school;Owner;5-10yr;Automobile;Organization;Above 10yr;unknown; Hospital areas;Two-way (divided with broken lines road marking);Tangent road with flat terrain;Y Shape;Asphalt roads;Dry;Daylight;Normal;Vehicle with vehicle collision;3;1;Going straight;18-30;Not a Pedestrian;Overtaking;Slight Injury
11:30:00;Sunday;Male;Illiterate;Employee;2-5yr;Automobile;Owner;Unknown;unknown;Office areas;One way;Tangent road with flat terrain;Y Shape;Asphalt roads;Dry;Daylight;Normal;Vehicle with vehicle collision;3;1;Going straight;na;Not a Pedestrian;Overloading;Slight Injury
11:30:00;Sunday;Male;Junior high school;Employee;5-10yr;Public (> 45 seats);Owner;2-5yrs;No defect; Church areas;Undivided Two way;Tangent road with flat terrain;Y Shape;Asphalt roads;Dry;Daylight;Normal;Collision with roadside objects;3;1;Going straight;31-50;Not a Pedestrian;Other;Slight Injury
07:50:00;Wednesday;Male;Junior high school;Employee;Below 1yr;Lorry (11?40Q);Organization;5-10yrs;No defect; Hospital areas;Undivided Two way;Tangent road with mountainous terrain and;No junction;Asphalt roads;Dry;Daylight;Normal;Vehicle with vehicle collision;2;1;Going straight;18-30;Not a Pedestrian;No priority to vehicle;Slight Injury
07:50:00;Wednesday;Male;Junior high school;Employee;1-2yr;Pick up upto 10Q;Owner;Above 10yr;No defect;Office areas;other;Tangent road with flat terrain;No junction;Asphalt roads;Dry;Daylight;Normal;Vehicle with vehicle collision;2;1;Going straight;na;Not a Pedestrian;Changing lane to the right;Slight Injury
10:26:00;Wednesday;Male;Elementary school;Employee;2-5yr;Lorry (11?40Q);Owner;2-5yrs;No defect;Other;Two-way (divided with broken lines road marking);Escarpments;Y Shape;Asphalt roads;Dry;Daylight;Normal;Vehicle with vehicle collision;2;1;Other;31-50;Not a Pedestrian;Moving Backward;Slight Injury
10:26:00;Wednesday;Male;Elementary school;Employee;2-5yr;Pick up upto 10Q;Owner;1-2yr;unknown;Office areas;Undivided Two way;Tangent road with flat terrain;Y Shape;Asphalt roads;Dry;Daylight;Normal;Rollover;2;1;Reversing;31-50;Not a Pedestrian;Changing lane to the left;Slight Injury
08:25:00;Wednesday;Male;Elementary school;Employee;5-10yr;Special vehicle;Owner;2-5yrs;unknown;Office areas;Two-way (divided with broken lines road marking);Tangent road with mountainous terrain and;No junction;Asphalt roads;Dry;Daylight;Normal;Vehicle with vehicle collision;1;1;Other;na;Not a Pedestrian;No priority to pedestrian;Slight Injury
15:30:00;Wednesday;Male;Junior high school;Employee;5-10yr;Lorry (11?40Q);Owner;unknown;No defect;Other;Double carriageway (median);Steep grade downward with mountainous terrain;Crossing;Asphalt roads;Dry;Daylight;Normal;Vehicle with vehicle collision;2;1;Other;Over 51;Not a Pedestrian;No distancing;Serious Injury
15:30:00;Wednesday;Male;unknown;unknown;unknown;unknown;Owner;1-2yr;No defect;Office areas;Undivided Two way;Tangent road with mild grade and flat terrain;Crossing;Asphalt roads;Dry;Daylight;Normal;Collision with pedestrians;2;1;Reversing;18-30;Not a Pedestrian;No priority to vehicle;Serious Injury
11:10:00;Tuesday;Male;Junior high school;Employee;Above 10yr;unknown;Owner;unknown;No defect;Residential areas;Undivided Two way;Tangent road with flat terrain;No junction;Asphalt roads;Dry;Daylight;Normal;Vehicle with vehicle collision;1;1;Going straight;18-30;Unknown or other;No distancing;Slight Injury
04:55:00;Friday;Male;Junior high school;Employee;Above 10yr;Lorry (41?100Q);Owner;Unknown;unknown;Other;Two-way (divided with broken lines road marking);Tangent road with flat terrain;No junction;Asphalt roads;Dry;Darkness - lights lit;Normal;Vehicle with vehicle collision;2;1;Going straight;18-30;Not a Pedestrian;No distancing;Slight Injury
04:55:00;Friday;Male;Junior high school;Owner;Above 10yr;Other;Owner;2-5yrs;unknown;Office areas;Double carriageway (median);Tangent road with flat terrain;No junction;Asphalt roads;Dry;Darkness - lights lit;Normal;Vehicle with vehicle collision;2;1;Going straight;na;Not a Pedestrian;Moving Backward;Slight Injury
16:59:00;Thursday;Female;Junior high school;Employee;unknown;Other;Owner;5-10yrs;unknown;Office areas;Undivided Two way;Tangent road with mountainous terrain and;No junction;Asphalt roads;Dry;Daylight;Normal;Vehicle with vehicle collision;3;1;Going straight;31-50;Not a Pedestrian;Changing lane to the right;Slight Injury
16:59:00;Thursday;Male;Junior high school;Employee;5-10yr;Automobile;unknown;unknown;unknown;Office areas;other;Tangent road with flat terrain;No junction;Asphalt roads;Dry;Daylight;Normal;Collision with roadside objects;3;1;Turnover;18-30;Not a Pedestrian;No priority to pedestrian;Slight Injury
16:59:00;Thursday;Male;Junior high school;Employee;2-5yr;Other;Owner;5-10yrs;No defect;Other;Two-way (divided with broken lines road marking);Tangent road with mild grade and flat terrain;No junction;Asphalt roads;Dry;Daylight;Normal;Vehicle with vehicle collision;3;1;Going straight;na;Not a Pedestrian;Moving Backward;Slight Injury
07:35:00;Monday;Male;Elementary school;Employee;5-10yr;Automobile;Owner;unknown;No defect; Church areas;Undivided Two way;Tangent road with flat terrain;Y Shape;Asphalt roads;Dry;Daylight;Normal;Vehicle with vehicle collision;2;1;Going straight;na;Not a Pedestrian;Getting off the vehicle improperly;Slight Injury
07:35:00;Monday;Male;Junior high school;Employee;2-5yr;Public (13?45 seats);Owner;Unknown;No defect; Industrial areas;Undivided Two way;Tangent road with flat terrain;Y Shape;Asphalt roads;Dry;Daylight;Normal;Vehicle with vehicle collision;2;1;Going straight;31-50;Not a Pedestrian;Overtaking;Slight Injury
05:53:00;Sunday;Male;High school;Owner;5-10yr;Lorry (41?100Q);Owner;1-2yr;No defect;Office areas;Double carriageway (median);Tangent road with flat terrain;No junction;Asphalt roads;Wet or damp;Daylight;Normal;Vehicle with vehicle collision;1;1;Going straight;31-50;Not a Pedestrian;Overloading;Serious Injury
12:00:00;Wednesday;Male;Junior high school;Employee;Above 10yr;unknown;Owner;Unknown;No defect; Church areas;Undivided Two way;Tangent road with flat terrain;Y Shape;Asphalt roads;Wet or damp;Daylight;Raining;Collision with roadside objects;2;1;Going straight;18-30;Not a Pedestrian;Changing lane to the right;Serious Injury
12:00:00;Wednesday;Male;Junior high school;Employee;2-5yr;Automobile;Owner;unknown;unknown;Office areas;Undivided Two way;Tangent road with flat terrain;Y Shape;Asphalt roads;Wet or damp;Daylight;Raining;Vehicle with vehicle collision;2;1;Moving Backward;18-30;Not a Pedestrian;Improper parking;Serious Injury
19:31:00;Friday;Male;Elementary school;Employee;2-5yr;unknown;Owner;unknown;No defect;Office areas;other;Tangent road with flat terrain;Crossing;Asphalt roads;Dry;Daylight;Normal;Collision with roadside objects;2;1;Going straight;na;Not a Pedestrian;Other;Slight Injury
19:31:00;Friday;Male;High school;Owner;Above 10yr;Lorry (41?100Q);Owner;unknown;unknown;Residential areas;Two-way (divided with broken lines road marking);Tangent road with flat terrain;Crossing;Asphalt roads;Dry;Daylight;Normal;Vehicle with vehicle collision;2;1;Going straight;18-30;Not a Pedestrian;Changing lane to the left;Slight Injury
23:30:00;Sunday;Female;Elementary school;Employee;1-2yr;unknown;Owner;5-10yrs;unknown;Office areas;Two-way (divided with broken lines road marking);Tangent road with flat terrain;Crossing;Asphalt roads;Dry;Darkness - lights lit;Normal;Rollover;1;1;Turnover;na;Not a Pedestrian;Changing lane to the right;Slight Injury
15:45:00;Thursday;Male;Junior high school;Employee;Above 10yr;Lorry (41?100Q);Owner;5-10yrs;unknown;Residential areas;Undivided Two way;Tangent road with flat terrain;No junction;Asphalt roads;Dry;Daylight;Normal;Vehicle with vehicle collision;2;1;Going straight;31-50;Not a Pedestrian;No priority to pedestrian;Slight Injury
15:45:00;Thursday;Male;unknown;unknown;unknown;Taxi;Owner;2-5yrs;unknown;Office areas;Double carriageway (median);Tangent road with flat terrain;No junction;Asphalt roads;Dry;Daylight;Normal;Vehicle with vehicle collision;2;1;Going straight;na;Not a Pedestrian;Overspeed;Slight Injury
11:04:00;Sunday;Male;Junior high school;Owner;5-10yr;Lorry (41?100Q);Owner;2-5yrs;No defect;Office areas;Double carriageway (median);Tangent road with flat terrain;X Shape;Asphalt roads;Dry;Daylight;Normal;Vehicle with vehicle collision;2;1;Going straight;18-30;Crossing from nearside - masked by parked or statioNot a Pedestrianry vehicle;Changing lane to the left;Slight Injury
11:04:00;Sunday;Male;Above high school;Employee;5-10yr;Lorry (41?100Q);unknown;unknown;No defect;Other;Two-way (divided with broken lines road marking);Tangent road with flat terrain;X Shape;Asphalt roads;Dry;Daylight;Normal;Vehicle with vehicle collision;2;1;Going straight;18-30;Not a Pedestrian;No priority to vehicle;Slight Injury
09:55:00;Friday;Male;Junior high school;Employee;5-10yr;Other;Owner;Unknown;No defect;Other;Two-way (divided with broken lines road marking);Tangent road with flat terrain;Crossing;Asphalt roads;Dry;Daylight;Normal;Vehicle with vehicle collision;2;1;Going straight;31-50;Not a Pedestrian;Changing lane to the right;Slight Injury
09:55:00;Friday;Male;Junior high school;Employee;Above 10yr;Stationwagen;Owner;Above 10yr;No defect;Residential areas;Two-way (divided with broken lines road marking);Tangent road with flat terrain;Crossing;Asphalt roads;Dry;Daylight;Normal;Collision with pedestrians;2;1;Going straight;31-50;Not a Pedestrian;No distancing;Slight Injury
18:10:00;Saturday;Male;Junior high school;Employee;1-2yr;Stationwagen;Owner;Unknown;unknown; Church areas;Two-way (divided with broken lines road marking);Tangent road with flat terrain;No junction;Earth roads;Dry;Daylight;Normal;Rollover;2;2;Moving Backward;na;Not a Pedestrian;No priority to pedestrian;Slight Injury
18:10:00;Saturday;Male;Junior high school;Employee;2-5yr;Lorry (41?100Q);Governmental;Unknown;No defect; Church areas;Double carriageway (median);Tangent road with flat terrain;No junction;Asphalt roads;Dry;Daylight;Normal;Vehicle with vehicle collision;2;2;Going straight;5;Not a Pedestrian;No distancing;Slight Injury
08:00:00;Monday;Male;Junior high school;Employee;Below 1yr;Lorry (41?100Q);Owner;2-5yrs;No defect;Residential areas;Double carriageway (median);Tangent road with flat terrain;Y Shape;Asphalt roads;Dry;Daylight;Normal;Rollover;1;1;Going straight;na;Not a Pedestrian;No priority to vehicle;Slight Injury
08:30:00;Wednesday;Male;Junior high school;Employee;Above 10yr;Other;Owner;unknown;No defect;Office areas;Two-way (divided with broken lines road marking);Tangent road with mild grade and flat terrain;Y Shape;Asphalt roads;Dry;Daylight;Normal;Vehicle with vehicle collision;2;2;Going straight;18-30;Not a Pedestrian;Other;Slight Injury
08:30:00;Wednesday;Male;Junior high school;Employee;1-2yr;Automobile;Owner;5-10yrs;No defect;Office areas;Two-way (divided with broken lines road marking);Tangent road with mild grade and flat terrain;Y Shape;Asphalt roads;Dry;Daylight;Normal;Vehicle with vehicle collision;2;2;Going straight;na;Not a Pedestrian;Driving carelessly;Slight Injury
17:50:00;Sunday;Male;Above high school;Employee;5-10yr;unknown;Owner;2-5yrs;unknown;Residential areas;Two-way (divided with broken lines road marking);Tangent road with flat terrain;Crossing;Asphalt roads;Dry;Daylight;Normal;Vehicle with vehicle collision;4;5;Moving Backward;31-50;Not a Pedestrian;Changing lane to the left;Slight Injury
17:50:00;Sunday;Male;Junior high school;Employee;5-10yr;Taxi;Owner;5-10yrs;unknown; Church areas;other;Tangent road with flat terrain;Crossing;Asphalt roads;Dry;Daylight;Normal;Fall from vehicles;4;5;Going straight;31-50;Not a Pedestrian;Driving carelessly;Slight Injury
17:50:00;Sunday;Male;Elementary school;Owner;Below 1yr;Lorry (41?100Q);Owner;unknown;unknown;Other;Two-way (divided with broken lines road marking);Tangent road with flat terrain;Crossing;Asphalt roads;Dry;Daylight;Normal;Vehicle with vehicle collision;4;5;Other;31-50;Not a Pedestrian;Changing lane to the left;Slight Injury
17:50:00;Sunday;Male;unknown;unknown;unknown;Other;Owner;unknown;unknown;Office areas;Two-way (divided with broken lines road marking);Tangent road with flat terrain;Crossing;Asphalt roads;Dry;Daylight;Normal;Collision with roadside objects;4;5;Other;18-30;Not a Pedestrian;No priority to vehicle;Slight Injury
17:50:00;Sunday;Male;Junior high school;Employee;Above 10yr;Automobile;Owner;unknown;unknown;Other;Two-way (divided with broken lines road marking);Tangent road with flat terrain;Crossing;Asphalt roads;Dry;Daylight;Normal;Vehicle with vehicle collision;4;5;Going straight;18-30;Not a Pedestrian;No distancing;Slight Injury
17:50:00;Sunday;Male;Junior high school;unknown;unknown;Public (> 45 seats);Owner;unknown;unknown;Other;Two-way (divided with broken lines road marking);Tangent road with flat terrain;Crossing;Asphalt roads;Dry;Daylight;Normal;Vehicle with vehicle collision;4;5;Going straight;5;Not a Pedestrian;Changing lane to the right;Slight Injury
17:51:00;Monday;Male;Junior high school;Employee;1-2yr;Stationwagen;Owner;unknown;unknown;unknown;unknown;Tangent road with flat terrain;Y Shape;Asphalt roads;Dry;Daylight;Normal;Vehicle with vehicle collision;3;1;Going straight;na;Not a Pedestrian;Changing lane to the right;Serious Injury
17:51:00;Monday;Male;Junior high school;Owner;2-5yr;Automobile;Governmental;2-5yrs;unknown;Residential areas;Two-way (divided with broken lines road marking);unknown;Y Shape;Asphalt roads;Dry;Daylight;Normal;Collision with pedestrians;3;1;Going straight;18-30;Not a Pedestrian;Driving at high speed;Serious Injury
17:51:00;Monday;Male;unknown;Employee;unknown;Lorry (41?100Q);Owner;Below 1yr;unknown; Church areas;Undivided Two way;Tangent road with flat terrain;Y Shape;Asphalt roads;Dry;Daylight;Normal;Vehicle with vehicle collision;3;1;Other;na;Not a Pedestrian;No distancing;Serious Injury
08:42:00;Thursday;Male;Junior high school;Employee;Above 10yr;Other;unknown;unknown;unknown;Other;Undivided Two way;Tangent road with flat terrain;Y Shape;Asphalt roads;Dry;Daylight;Normal;Vehicle with vehicle collision;2;2;Going straight;18-30;Not a Pedestrian;Changing lane to the right;Serious Injury
08:42:00;Thursday;Male;Junior high school;Owner;2-5yr;Public (13?45 seats);Owner;Unknown;unknown;Other;One way;Tangent road with flat terrain;Y Shape;Asphalt roads;Dry;Daylight;Normal;Vehicle with vehicle collision;2;2;Getting off;18-30;Not a Pedestrian;Changing lane to the left;Serious Injury
08:42:00;Thursday;Male;Junior high school;Employee;5-10yr;Other;Owner;Unknown;No defect;Residential areas;Two-way (divided with broken lines road marking);Tangent road with flat terrain;Y Shape;Asphalt roads;Dry;Daylight;Normal;Rollover;2;2;Going straight;Over 51;Not a Pedestrian;Getting off the vehicle improperly;Serious Injury
00:25:00;Saturday;Female;Junior high school;Employee;2-5yr;Other;Owner;Unknown;unknown;Office areas;One way;Tangent road with flat terrain;Crossing;Asphalt roads;Dry;Darkness - lights lit;Normal;Collision with roadside objects;2;3;Going straight;na;Not a Pedestrian;Other;Slight Injury
00:25:00;Saturday;Male;Junior high school;Employee;1-2yr;Ridden horse;Owner;Unknown;No defect; Industrial areas;Two-way (divided with broken lines road marking);Tangent road with flat terrain;Crossing;Asphalt roads;Dry;Darkness - lights lit;Normal;Vehicle with vehicle collision;2;3;Going straight;18-30;Not a Pedestrian;Other;Slight Injury
00:25:00;Saturday;Male;Junior high school;Employee;5-10yr;Lorry (41?100Q);Governmental;unknown;No defect;Residential areas;Double carriageway (median);Tangent road with flat terrain;Crossing;Asphalt roads;Dry;Darkness - lights lit;Normal;Vehicle with vehicle collision;2;3;Going straight;na;Not a Pedestrian;No distancing;Slight Injury
00:25:00;Saturday;Male;Junior high school;Employee;2-5yr;Lorry (41?100Q);Owner;unknown;No defect;Office areas;Unknown;Tangent road with flat terrain;Crossing;Asphalt roads;Dry;Darkness - lights lit;Normal;Collision with roadside objects;2;3;Going straight;18-30;Not a Pedestrian;No priority to vehicle;Slight Injury
10:50:00;Sunday;Male;Elementary school;Employee;5-10yr;Pick up upto 10Q;Owner;2-5yrs;unknown;Other;unknown;Tangent road with flat terrain;Y Shape;Asphalt roads;Dry;Daylight;Normal;Vehicle with vehicle collision;1;1;Going straight;na;Not a Pedestrian;Overtaking;Slight Injury
08:15:00;Wednesday;Male;Above high school;Owner;5-10yr;Lorry (11?40Q);Owner;Unknown;unknown; Church areas;other;Tangent road with flat terrain;Crossing;Asphalt roads;Wet or damp;Daylight;Raining;Vehicle with vehicle collision;2;1;Moving Backward;na;Not a Pedestrian;No priority to pedestrian;Slight Injury
08:15:00;Wednesday;Male;Junior high school;Employee;2-5yr;Automobile;Owner;Above 10yr;unknown; Industrial areas;unknown;Tangent road with flat terrain;Crossing;Asphalt roads;Wet or damp;Daylight;Raining;Vehicle with vehicle collision;2;1;Going straight;31-50;Not a Pedestrian;No distancing;Slight Injury
10:58:00;Sunday;Male;Junior high school;Employee;2-5yr;Automobile;Owner;Unknown;No defect;  Recreational areas;One way;Tangent road with flat terrain;Other;Asphalt roads;Wet or damp;Daylight;Raining;Rollover;4;1;Other;31-50;Not a Pedestrian;Changing lane to the right;Slight Injury
10:58:00;Sunday;Male;Junior high school;Employee;2-5yr;Lorry (11?40Q);Owner;Unknown;No defect;  Market areas;Undivided Two way;Tangent road with flat terrain;Other;Asphalt roads;Wet or damp;Daylight;Raining;Rollover;4;1;Going straight;na;Not a Pedestrian;Driving carelessly;Slight Injury
10:58:00;Sunday;Female;Junior high school;Employee;5-10yr;Motorcycle;Owner;Unknown;No defect;Other;Two-way (divided with broken lines road marking);Tangent road with flat terrain;Other;Asphalt roads;Wet or damp;Daylight;Raining;Collision with pedestrians;4;1;Going straight;31-50;Not a Pedestrian;Changing lane to the right;Slight Injury
10:58:00;Sunday;Female;Junior high school;Employee;1-2yr;Lorry (41?100Q);Owner;Unknown;unknown;Other;Two-way (divided with broken lines road marking);Tangent road with flat terrain;Other;Asphalt roads;Wet or damp;Daylight;Raining;Vehicle with vehicle collision;4;1;Going straight;na;Not a Pedestrian;Overtaking;Slight Injury
19:14:00;Monday;Male;Junior high school;Owner;2-5yr;Stationwagen;Owner;Unknown;No defect; Industrial areas;Two-way (divided with broken lines road marking);unknown;Crossing;Asphalt roads;Dry;Daylight;Normal;Vehicle with vehicle collision;2;2;Going straight;na;Not a Pedestrian;Other;Slight Injury