Time;Day_of_week;Sex_of_driver;Educational_level;Vehicle_driver_relation;Driving_experience;Type_of_vehicle;Owner_of_vehicle;Service_year_of_vehicle;Defect_of_vehicle;Area_accident_occured;Lanes_or_Medians;Road_allignment;Types_of_Junction;Road_surface_type;Road_surface_conditions;Light_conditions;Weather_conditions;Type_of_collision;Number_of_vehicles_involved;Number_of_casualties;Vehicle_movement;Age_band_of_casualty;Pedestrian_movement;Cause_of_accident;Accident_severity
08:15:00;Monday;Male;Elementary school;Employee;5-10yr;Ridden horse;Owner;2-5yrs;unknown;Other;Undivided Two way;Tangent road with flat terrain;Y Shape;Asphalt roads;Dry;Daylight;Normal;Vehicle with vehicle collision;3;2;Going straight;Over 51;Not a Pedestrian;Driving carelessly;Slight Injury
08:15:00;Monday;Male;Junior high school;Employee;Above 10yr;Stationwagen;Owner;unknown;unknown;School areas;Double carriageway (median);Tangent road with flat terrain;Y Shape;unknown;Dry;Daylight;Normal;Vehicle with vehicle collision;3;2;Moving Backward;18-30;Not a Pedestrian;Driving to the left;Slight Injury
08:15:00;Monday;Male;Junior high school;Employee;1-2yr;Automobile;Owner;Above 10yr;No defect;Other;other;Tangent road with flat terrain;Y Shape;unknown;Dry;Daylight;Normal;Vehicle with vehicle collision;3;2;Going straight;na;Not a Pedestrian;Driving to the left;Slight Injury
09:18:00;Tuesday;Male;High school;Employee;Below 1yr;Automobile;Owner;5-10yrs;unknown; Industrial areas;Undivided Two way;Tangent road with flat terrain;Y Shape;Asphalt roads;Dry;Daylight;Normal;Vehicle with vehicle collision;2;1;Moving Backward;na;Not a Pedestrian;No priority to pedestrian;Serious Injury
09:18:00;Tuesday;Male;Elementary school;Employee;Above 10yr;Other;Owner;Unknown;No defect; Church areas;Two-way (divided with broken lines road marking);Tangent road with flat terrain;Y Shape;Earth roads;Dry;Daylight;Normal;Collision with roadside objects;2;1;Other;18-30;Not a Pedestrian;Changing lane to the left;Serious Injury
13:10:00;Sunday;Male;High school;Owner;1-2yr;Taxi;Owner;unknown;No defect;Office areas;Two-way (divided with broken lines road marking);Tangent road with flat terrain;No junction;Asphalt roads;Dry;Daylight;Normal;Rollover;2;4;Going straight;na;Not a Pedestrian;Changing lane to the right;Slight Injury
13:10:00;Sunday;Male;Junior high school;Employee;2-5yr;Automobile;Owner;unknown;No defect;Other;Two-way (divided with broken lines road marking);Tangent road with flat terrain;No junction;Asphalt roads;Dry;Daylight;Normal;Vehicle with vehicle collision;2;4;Reversing;31-50;Not a Pedestrian;Driving carelessly;Slight Injury
13:10:00;Sunday;Male;unknown;Employee;5-10yr;Stationwagen;Owner;unknown;No defect;Office areas;Double carriageway (median);Tangent road with flat terrain;No junction;Earth roads;Dry;Daylight;Normal;Collision with pedestrians;2;4;Going straight;18-30;Unknown or other;No distancing;Slight Injury
13:10:00;Sunday;Male;High school;Owner;2-5yr;Automobile;Owner;unknown;No defect;Office areas;Double carriageway (median);Tangent road with flat terrain;No junction;Asphalt roads;Dry;Daylight;Normal;Vehicle with vehicle collision;2;4;Other;Under 18;Not a Pedestrian;Getting off the vehicle improperly;Slight Injury
13:41:00;Tuesday;Female;High school;Employee;Above 10yr;Public (12 seats);Governmental;unknown;No defect;Office areas;Double carriageway (median);Tangent road with flat terrain;Crossing;Asphalt roads;Dry;Daylight;Normal;Vehicle with vehicle collision;4;2;Other;18-30;Not a Pedestrian;Driving under the influence of drugs;Slight Injury
13:41:00;Tuesday;Male;Junior high school;Employee;1-2yr;unknown;Owner;unknown;No defect;Residential areas;Double carriageway (median);Tangent road with flat terrain;Crossing;Asphalt roads;Dry;Daylight;Normal;Collision with pedestrians;4;2;Other;na;Not a Pedestrian;Changing lane to the right;Slight Injury
13:41:00;Tuesday;Male;Elementary school;Employee;1-2yr;Automobile;Owner;unknown;No defect;Office areas;Double carriageway (median);Tangent road with flat terrain;Crossing;Asphalt roads;Dry;Daylight;Normal;Collision with pedestrians;4;2;Stopping;31-50;Not a Pedestrian;Driving carelessly;Slight Injury
13:41:00;Tuesday;Male;High school;Employee;1-2yr;Lorry (41?100Q);Owner;2-5yrs;unknown;Other;Undivided Two way;Tangent road with flat terrain;Crossing;Asphalt roads;Dry;Daylight;Normal;Vehicle with vehicle collision;4;2;Other;na;Not a Pedestrian;Moving Backward;Slight Injury
13:41:00;Tuesday;Male;Above high school;Employee;5-10yr;unknown;Owner;2-5yrs;unknown; Industrial areas;One way;unknown;Crossing;Asphalt roads;Dry;Daylight;Normal;Vehicle with vehicle collision;4;2;Other;na;Not a Pedestrian;Turnover;Slight Injury
12:30:00;Tuesday;Male;unknown;unknown;unknown;Public (> 45 seats);Owner;unknown;No defect;Other;One way;Tangent road with flat terrain;Crossing;Asphalt roads;Dry;Daylight;Normal;Vehicle with vehicle collision;2;1;Other;31-50;Not a Pedestrian;Changing lane to the right;Slight Injury
12:30:00;Tuesday;Male;Junior high school;Employee;5-10yr;unknown;Owner;unknown;No defect;Office areas;Double carriageway (median);Tangent road with flat terrain;Crossing;Asphalt roads;Dry;Daylight;Normal;Vehicle with vehicle collision;2;1;Going straight;na;Not a Pedestrian;Driving carelessly;Slight Injury
11:30:00;Wednesday;Male;Elementary school;Owner;5-10yr;Public (12 seats);Governmental;Unknown;unknown;Office areas;Two-way (divided with broken lines road marking);Tangent road with flat terrain;Y Shape;Asphalt roads;Dry;Daylight;Normal;Vehicle with vehicle collision;1;1;Going straight;31-50;Not a Pedestrian;No priority to vehicle;Serious Injury
22:20:00;Sunday;Male;Elementary school;Employee;5-10yr;Public (12 seats);Governmental;unknown;No defect;unknown;Double carriageway (median);Tangent road with flat terrain;Y Shape;Asphalt roads;Dry;Darkness - lights lit;Normal;Collision with roadside objects;2;1;Going straight;31-50;Not a Pedestrian;Moving Backward;Slight Injury
22:20:00;Sunday;Male;High school;Owner;5-10yr;Automobile;Owner;unknown;unknown;Other;unknown;Tangent road with flat terrain;Y Shape;Asphalt roads;Dry;Darkness - lights lit;Normal;Vehicle with vehicle collision;2;1;Going straight;na;Not a Pedestrian;Changing lane to the left;Slight Injury
10:57:00;Tuesday;Male;Junior high school;Employee;5-10yr;unknown;Owner;Unknown;unknown;Office areas;Double carriageway (median);Tangent road with flat terrain;Other;Asphalt roads;Dry;Daylight;Normal;Vehicle with vehicle collision;3;1;Going straight;18-30;Not a Pedestrian;Overturning;Slight Injury
10:57:00;Tuesday;Male;Junior high school;Owner;1-2yr;Automobile;Owner;unknown;No defect;Office areas;Two-way (divided with broken lines road marking);Tangent road with flat terrain;Other;Asphalt roads with some distress;Dry;Daylight;Normal;Vehicle with vehicle collision;3;1;Going straight;18-30;Not a Pedestrian;No distancing;Slight Injury
10:57:00;Tuesday;Male;Junior high school;Employee;2-5yr;Lorry (41?100Q);Owner;5-10yrs;unknown;Office areas;Undivided Two way;Tangent road with flat terrain;Other;Asphalt roads;Dry;Daylight;Normal;Vehicle with vehicle collision;3;1;Going straight;18-30;Not a Pedestrian;Driving carelessly;Slight Injury
11:08:00;Thursday;Male;Junior high school;Owner;5-10yr;Public (12 seats);Owner;unknown;unknown;Other;Undivided Two way;Tangent road with flat terrain;No junction;Asphalt roads;Dry;Daylight;Normal;Vehicle with vehicle collision;1;2;Going straight;na;Not a Pedestrian;No distancing;Serious Injury
11:08:00;Thursday;Male;Junior high school;Owner;Above 10yr;Lorry (11?40Q);Owner;unknown;No defect;Other;Undivided Two way;Tangent road with flat terrain;No junction;Asphalt roads;Dry;Daylight;Normal;Vehicle with vehicle collision;1;2;Going straight;31-50;Not a Pedestrian;Changing lane to the left;Serious Injury
02:47:00;Friday;Male;High school;Employee;5-10yr;Automobile;Owner;unknown;No defect;  Recreational areas;Undivided Two way;Tangent road with flat terrain;No junction;Asphalt roads;Dry;Darkness - lights lit;Normal;Vehicle with vehicle collision;1;1;Going straight;na;Not a Pedestrian;No priority to pedestrian;Fatal injury
09:35:00;Wednesday;Male;High school;Owner;2-5yr;Automobile;Owner;unknown;No defect; Church areas;Undivided Two way;Tangent road with flat terrain;Crossing;Asphalt roads;Dry;Daylight;Normal;Vehicle with vehicle collision;2;2;Going straight;31-50;Not a Pedestrian;No distancing;Slight Injury
09:35:00;Wednesday;Male;Junior high school;Employee;5-10yr;Automobile;Other;1-2yr;No defect;  Recreational areas;other;Tangent road with flat terrain;Crossing;Asphalt roads;Dry;Daylight;Normal;Vehicle with vehicle collision;2;2;Reversing;Over 51;Not a Pedestrian;No distancing;Slight Injury
17:02:00;Monday;Male;Elementary school;Employee;2-5yr;Bajaj;Owner;5-10yrs;No defect;School areas;other;Tangent road with flat terrain;No junction;Asphalt roads;Dry;Daylight;Normal;Vehicle with vehicle collision;3;2;Going straight;na;Not a Pedestrian;Changing lane to the left;Slight Injury
17:02:00;Monday;Male;Elementary school;Employee;5-10yr;Public (12 seats);Owner;unknown;No defect; Church areas;Double carriageway (median);Tangent road with flat terrain;No junction;Asphalt roads;Dry;Daylight;Normal;Vehicle with vehicle collision;3;2;Other;18-30;Not a Pedestrian;No distancing;Slight Injury
17:02:00;Monday;Male;Junior high school;Employee;1-2yr;Lorry (11?40Q);Owner;5-10yrs;unknown;Office areas;unknown;Tangent road with flat terrain;No junction;Asphalt roads;Dry;Daylight;Normal;Vehicle with vehicle collision;3;2;unknown;na;Not a Pedestrian;Changing lane to the left;Slight Injury
01:06:00;Sunday;Male;Junior high school;Employee;5-10yr;unknown;Owner;2-5yrs;unknown;Residential areas;One way;Steep grade downward with mountainous terrain;Y Shape;Asphalt roads;Dry;Darkness - lights lit;Normal;Vehicle with vehicle collision;2;2;Getting off;na;Not a Pedestrian;No distancing;Slight Injury
01:06:00;Sunday;Male;unknown;unknown;unknown;unknown;Owner;unknown;No defect;Other;One way;Tangent road with flat terrain;Y Shape;Asphalt roads;Dry;Darkness - lights lit;Normal;Vehicle with vehicle collision;2;2;Going straight;18-30;Not a Pedestrian;No distancing;Slight Injury
14:15:00;Friday;Male;Elementary school;Employee;Above 10yr;Automobile;Owner;unknown;No defect;Other;Undivided Two way;Tangent road with flat terrain;Y Shape;Asphalt roads;Dry;Daylight;Normal;Vehicle with vehicle collision;1;1;Going straight;Over 51;Crossing from nearside - masked by parked or statioNot a Pedestrianry vehicle;No distancing;Slight Injury
17:30:00;Wednesday;Male;Elementary school;Employee;Below 1yr;Lorry (11?40Q);Governmental;1-2yr;No defect; Industrial areas;One way;Tangent road with flat terrain;Crossing;Asphalt roads;Dry;Daylight;Normal;Collision with roadside objects;1;1;Going straight;31-50;Not a Pedestrian;Changing lane to the left;Slight Injury
17:20:00;Friday;Male;Junior high school;Employee;2-5yr;Lorry (41?100Q);Governmental;1-2yr;No defect; Church areas;other;Steep grade downward with mountainous terrain;Y Shape;Asphalt roads;Dry;Daylight;Normal;Vehicle with vehicle collision;3;1;Going straight;na;Not a Pedestrian;Changing lane to the right;Slight Injury
17:20:00;Friday;Male;Elementary school;Owner;1-2yr;Pick up upto 10Q;Organization;1-2yr;No defect;Office areas;other;Tangent road with flat terrain;Y Shape;Asphalt roads;Dry;Daylight;Normal;Vehicle with vehicle collision;3;1;Turnover;5;Not a Pedestrian;Moving Backward;Slight Injury
17:20:00;Friday;Male;Junior high school;Owner;5-10yr;Lorry (11?40Q);Owner;Unknown;No defect;Office areas;Undivided Two way;Tangent road with flat terrain;Y Shape;Asphalt roads;Dry;Daylight;Normal;Vehicle with vehicle collision;3;1;Entering a junction;na;Not a Pedestrian;Changing lane to the right;Slight Injury
14:40:00;Saturday;Male;Junior high school;Employee;2-5yr;Stationwagen;Owner;unknown;unknown;Office areas;Double carriageway (median);Tangent road with flat terrain;No junction;Asphalt roads;Dry;Daylight;Normal;Vehicle with vehicle collision;2;1;Entering a junction;na;Not a Pedestrian;No distancing;Slight Injury
14:40:00;Saturday;Male;Junior high school;Employee;2-5yr;Other;Owner;2-5yrs;unknown;Other;Two-way (divided with broken lines road marking);Tangent road with flat terrain;No junction;Asphalt roads;Dry;Daylight;Normal;Collision with pedestrians;2;1;Entering a junction;18-30;Not a Pedestrian;Overtaking;Slight Injury
17:45:00;Thursday;Male;High school;Employee;2-5yr;Other;Owner;unknown;unknown;Office areas;Undivided Two way;Tangent road with flat terrain;No junction;Asphalt roads;Dry;Daylight;Normal;Vehicle with vehicle collision;2;2;Entering a junction;na;Not a Pedestrian;Other;Slight Injury
17:45:00;Thursday;Male;Junior high school;Employee;Above 10yr;Lorry (11?40Q);Owner;unknown;No defect;Other;Double carriageway (median);Tangent road with flat terrain;No junction;Gravel roads;Dry;Daylight;Normal;Vehicle with vehicle collision;2;2;Other;31-50;Not a Pedestrian;Other;Slight Injury
17:45:00;Thursday;Male;Junior high school;Employee;2-5yr;unknown;Owner;Above 10yr;No defect; Industrial areas;Two-way (divided with broken lines road marking);Tangent road with flat terrain;No junction;Asphalt roads;Dry;Daylight;Normal;Vehicle with vehicle collision;2;2;Entering a junction;Over 51;Crossing from nearside - masked by parked or statioNot a Pedestrianry vehicle;Changing lane to the right;Slight Injury
22:45:00;Monday;Female;Junior high school;Employee;1-2yr;Automobile;Owner;unknown;No defect;Residential areas;other;Tangent road with flat terrain;Y Shape;Asphalt roads;Wet or damp;Darkness - lights lit;Raining;Vehicle with vehicle collision;2;3;Turnover;na;Not a Pedestrian;No priority to pedestrian;Slight Injury
22:45:00;Monday;Male;Junior high school;Employee;2-5yr;Lorry (41?100Q);Owner;unknown;No defect;Other;Two-way (divided with broken lines road marking);Tangent road with flat terrain;Y Shape;Asphalt roads;Wet or damp;Darkness - lights lit;Raining;Vehicle with vehicle collision;2;3;Entering a junction;18-30;Not a Pedestrian;No priority to vehicle;Slight Injury
22:45:00;Monday;Male;Junior high school;Employee;5-10yr;Other;Owner;5-10yrs;unknown;Other;One way;Tangent road with flat terrain;Y Shape;Asphalt roads;Wet or damp;Darkness - lights lit;Raining;Vehicle with vehicle collision;2;3;Entering a junction;31-50;Not a Pedestrian;Changing lane to the left;Slight Injury
22:45:00;Monday;Male;Junior high school;Employee;1-2yr;Lorry (41?100Q);Owner;1-2yr;No defect;Other;One way;Tangent road with flat terrain;Y Shape;Asphalt roads;Wet or damp;Darkness - lights lit;Raining;Vehicle with vehicle collision;2;3;Entering a junction;na;Not a Pedestrian;Changing lane to the left;Slight Injury
08:20:00;Tuesday;Male;Elementary school;Employee;1-2yr;Automobile;Owner;unknown;unknown;Other;Undivided Two way;Tangent road with flat terrain;Y Shape;Asphalt roads;Dry;Daylight;Normal;Vehicle with vehicle collision;2;1;Entering a junction;na;Not a Pedestrian;Overtaking;Slight Injury
08:20:00;Tuesday;Male;Junior high school;Employee;2-5yr;Pick up upto 10Q;unknown;unknown;unknown;Other;Two-way (divided with broken lines road marking);Tangent road with flat terrain;Y Shape;Asphalt roads;Dry;Daylight;Normal;Collision with pedestrians;2;1;Entering a junction;5;Not a Pedestrian;No distancing;Slight Injury
15:10:00;Thursday;Male;Junior high school;Employee;Above 10yr;Lorry (41?100Q);Governmental;Below 1yr;No defect;Residential areas;other;Steep grade downward with mountainous terrain;Crossing;Asphalt roads;Dry;Daylight;Normal;Vehicle with vehicle collision;1;1;Other;Over 51;Not a Pedestrian;No priority to vehicle;Slight Injury
12:11:00;Thursday;Male;Junior high school;Employee;Below 1yr;Public (13?45 seats);Owner;unknown;No defect;Office areas;Two-way (divided with broken lines road marking);Tangent road with flat terrain;Y Shape;Asphalt roads;Dry;Daylight;Normal;Vehicle with vehicle collision;2;1;Going straight;na;Not a Pedestrian;Changing lane to the right;Serious Injury
12:11:00;Thursday;Male;Junior high school;Employee;Above 10yr;Long lorry;Owner;unknown;unknown;Office areas;Two-way (divided with broken lines road marking);Tangent road with flat terrain;Y Shape;Asphalt roads;Dry;Daylight;Normal;Vehicle with vehicle collision;2;1;Going straight;18-30;Not a Pedestrian;Changing lane to the left;Serious Injury
18:36:00;Wednesday;Male;Elementary school;Owner;5-10yr;Automobile;Owner;Unknown;No defect;Other;Two-way (divided with broken lines road marking);Tangent road with flat terrain;Crossing;Asphalt roads;Dry;Daylight;Normal;Vehicle with vehicle collision;2;3;Other;18-30;Not a Pedestrian;No distancing;Slight Injury
18:36:00;Wednesday;Male;Elementary school;Employee;Above 10yr;Automobile;Owner;Above 10yr;No defect;Other;One way;Tangent road with flat terrain;Crossing;Asphalt roads;Dry;Daylight;Normal;Collision with roadside objects;2;3;Going straight;Over 51;Not a Pedestrian;Driving carelessly;Slight Injury
18:36:00;Wednesday;Male;Junior high school;Employee;1-2yr;Other;Owner;unknown;No defect;Office areas;Two-way (divided with broken lines road marking);Tangent road with flat terrain;Crossing;Asphalt roads;Dry;Daylight;Normal;Vehicle with vehicle collision;2;3;Going straight;Over 51;Not a Pedestrian;No priority to pedestrian;Slight Injury
14:35:00;Friday;Male;unknown;unknown;unknown;unknown;Owner;2-5yrs;unknown;Office areas;Undivided Two way;Tangent road with flat terrain;No junction;Asphalt roads;Dry;Daylight;Normal;Vehicle with vehicle collision;1;1;Going straight;18-30;Not a Pedestrian;Driving carelessly;Slight Injury
12:25:00;Tuesday;Male;High school;Owner;5-10yr;Long lorry;Owner;unknown;No defect;Other;Two-way (divided with broken lines road marking);Tangent road with flat terrain;No junction;Gravel roads;Dry;Daylight;Normal;Vehicle with vehicle collision;2;1;Going straight;na;Not a Pedestrian;Moving Backward;Slight Injury
12:25:00;Tuesday;Male;Elementary school;Employee;2-5yr;Public (12 seats);Owner;unknown;No defect;Other;Two-way (divided with broken lines road marking);Tangent road with flat terrain;No junction;Asphalt roads;Dry;Daylight;Normal;Vehicle with vehicle collision;2;1;Going straight;na;Not a Pedestrian;No distancing;Slight Injury
15:30:00;Monday;Male;unknown;unknown;unknown;Public (12 seats);Governmental;Unknown;unknown;Residential areas;Two-way (divided with broken lines road marking);Tangent road with flat terrain;Crossing;Asphalt roads;Dry;Daylight;Normal;Vehicle with vehicle collision;1;1;Reversing;18-30;Not a Pedestrian;No distancing;Slight Injury
18:10:00;Thursday;Male;unknown;unknown;unknown;Other;Owner;1-2yr;No defect;Other;Undivided Two way;Tangent road with flat terrain;No junction;Asphalt roads;Dry;Daylight;Normal;Vehicle with vehicle collision;1;1;Moving Backward;31-50;Not a Pedestrian;No distancing;Slight Injury
15:25:00;Thursday;Male;High school;Owner;1-2yr;Other;Owner;unknown;No defect;Office areas;Undivided Two way;Tangent road with flat terrain;No junction;Asphalt roads;Dry;Daylight;Normal;Vehicle with vehicle collision;2;1;Overtaking;18-30;Not a Pedestrian;Changing lane to the left;Slight Injury
15:25:00;Thursday;Male;Junior high school;Employee;1-2yr;Other;Owner;2-5yrs;No defect;Office areas;Undivided Two way;Tangent road with flat terrain;No junction;Earth roads;Dry;Daylight;Normal;Collision with roadside objects;2;1;Going straight;na;Not a Pedestrian;Changing lane to the left;Slight Injury
13:57:00;Saturday;Male;Junior high school;Employee;1-2yr;Public (12 seats);unknown;unknown;unknown;Other;Undivided Two way;Tangent road with flat terrain;O Shape;Asphalt roads;Dry;Daylight;Normal;Vehicle with vehicle collision;2;1;Going straight;na;Not a Pedestrian;Moving Backward;Slight Injury
13:57:00;Saturday;Male;Junior high school;Employee;Above 10yr;Lorry (41?100Q);Owner;Unknown;unknown;Other;unknown;Tangent road with flat terrain;O Shape;Asphalt roads;Dry;Daylight;Normal;Vehicle with vehicle collision;2;1;Going straight;Over 51;Not a Pedestrian;Changing lane to the right;Slight Injury
20:30:00;Friday;Male;Junior high school;Employee;1-2yr;Other;Owner;Above 10yr;unknown;Other;Undivided Two way;Tangent road with flat terrain;Crossing;unknown;Dry;Darkness - lights lit;Normal;Vehicle with vehicle collision;2;2;Going straight;na;Not a Pedestrian;No priority to vehicle;Slight Injury
20:30:00;Friday;Male;High school;Owner;Above 10yr;Public (12 seats);Owner;unknown;No defect;Office areas;unknown;Tangent road with flat terrain;Crossing;Gravel roads;Dry;Darkness - lights lit;Normal;Vehicle with vehicle collision;2;2;Going straight;31-50;Not a Pedestrian;Moving Backward;Slight Injury
20:30:00;Friday;Male;Junior high school;Employee;Above 10yr;Other;Owner;Above 10yr;No defect;Office areas;Two-way (divided with broken lines road marking);Tangent road with flat terrain;Crossing;Asphalt roads;Dry;Darkness - lights lit;Normal;Rollover;2;2;Going straight;18-30;Not a Pedestrian;Driving carelessly;Slight Injury
16:30:00;Sunday;Male;Junior high school;Employee;1-2yr;Lorry (11?40Q);Owner;unknown;No defect;Other;Two-way (divided with broken lines road marking);Steep grade downward with mountainous terrain;No junction;unknown;Dry;Daylight;Normal;Vehicle with vehicle collision;2;1;Going straight;na;Not a Pedestrian;Driving carelessly;Slight Injury
16:30:00;Sunday;Male;Junior high school;Employee;1-2yr;Other;Owner;Above 10yr;No defect; Church areas;other;Tangent road with flat terrain;No junction;Asphalt roads;Dry;Daylight;Normal;Vehicle with vehicle collision;2;1;Reversing;na;Not a Pedestrian;Driving under the influence of drugs;Slight Injury
21:50:00;Sunday;Male;High school;Employee;2-5yr;Other;Governmental;unknown;No defect; Industrial areas;Undivided Two way;Tangent road with flat terrain;No junction;Earth roads;Dry;Darkness - lights lit;Normal;Collision with roadside objects;2;2;Going straight;18-30;Not a Pedestrian;No priority to pedestrian;Slight Injury
21:50:00;Sunday;Male;Junior high school;Employee;2-5yr;Other;Organization;2-5yrs;unknown;Other;Undivided Two way;Tangent road with flat terrain;No junction;Asphalt roads;Dry;Darkness - lights lit;Normal;Vehicle with vehicle collision;2;2;Going straight;na;Not a Pedestrian;No priority to vehicle;Slight Injury
09:12:00;Wednesday;Male;Junior high school;Employee;1-2yr;Pick up upto 10Q;Owner;5-10yrs;No defect;Other;Two-way (divided with broken lines road marking);Tangent road with flat terrain;Y Shape;Asphalt roads;Dry;Daylight;Normal;Vehicle with vehicle collision;2;1;Other;18-30;Not a Pedestrian;Driving carelessly;Slight Injury
09:12:00;Wednesday;Male;Elementary school;Employee;5-10yr;Automobile;Owner;1-2yr;unknown;Office areas;Undivided Two way;Tangent road with mountainous terrain and;Y Shape;Asphalt roads;Dry;Daylight;Normal;Vehicle with vehicle collision;2;1;Entering a junction;na;Not a Pedestrian;Moving Backward;Slight Injury
14:40:00;Friday;Male;Junior high school;Employee;5-10yr;Other;Owner;Unknown;No defect;Other;One way;Tangent road with flat terrain;Y Shape;Asphalt roads;Dry;Daylight;Normal;Collision with roadside objects;1;1;Turnover;18-30;Not a Pedestrian;Driving carelessly;Serious Injury
10:36:00;Friday;Male;Junior high school;Employee;1-2yr;Lorry (41?100Q);Owner;Unknown;No defect;  Recreational areas;Undivided Two way;Steep grade downward with mountainous terrain;Crossing;Asphalt roads;Dry;Daylight;Normal;Collision with roadside objects;2;1;Going straight;31-50;Not a Pedestrian;No priority to vehicle;Slight Injury
10:36:00;Friday;Male;Elementary school;Other;5-10yr;Public (13?45 seats);Governmental;Unknown;No defect;Other;Two-way (divided with broken lines road marking);Steep grade downward with mountainous terrain;Crossing;Earth roads;Dry;Daylight;Normal;Vehicle with vehicle collision;2;1;Going straight;na;Not a Pedestrian;Changing lane to the right;Slight Injury
18:19:00;Monday;Male;Junior high school;Employee;2-5yr;Automobile;Governmental;5-10yrs;No defect; Church areas;Two-way (divided with broken lines road marking);Tangent road with flat terrain;Crossing;Asphalt roads;Dry;Daylight;Normal;Vehicle with vehicle collision;2;1;Going straight;31-50;Not a Pedestrian;Changing lane to the left;Slight Injury
18:19:00;Monday;Male;Elementary school;Employee;5-10yr;Pick up upto 10Q;Owner;unknown;unknown;Residential areas;Undivided Two way;Tangent road with flat terrain;Crossing;Asphalt roads;Dry;Daylight;Normal;Collision with roadside objects;2;1;Going straight;18-30;Not a Pedestrian;No priority to vehicle;Slight Injury
19:12:00;Tuesday;Male;Junior high school;Employee;Above 10yr;Lorry (41?100Q);Owner;5-10yrs;No defect;Office areas;Two-way (divided with broken lines road marking);unknown;Other;Asphalt roads;Dry;Daylight;Normal;Collision with roadside objects;2;1;Going straight;18-30;Not a Pedestrian;Driving carelessly;Slight Injury
19:12:00;Tuesday;Male;Junior high school;Employee;Above 10yr;Public (12 seats);Owner;2-5yrs;No defect;Other;Two-way (divided with broken lines road marking);Tangent road with flat terrain;Other;Asphalt roads;Dry;Daylight;Normal;Vehicle with vehicle collision;2;1;Going straight;31-50;Not a Pedestrian;Moving Backward;Slight Injury
11:38:00;Saturday;Male;Elementary school;Owner;2-5yr;Other;Governmental;2-5yrs;unknown;Office areas;Undivided Two way;Tangent road with flat terrain;No junction;Asphalt roads;Dry;Daylight;Normal;Vehicle with vehicle collision;3;3;Going straight;na;Not a Pedestrian;No distancing;Slight Injury
11:38:00;Saturday;Male;Elementary school;Employee;5-10yr;Lorry (41?100Q);Owner;unknown;unknown;Office areas;other;Tangent road with flat terrain;No junction;Asphalt roads;Dry;Daylight;Normal;Vehicle with vehicle collision;3;3;Going straight;31-50;Not a Pedestrian;Changing lane to the left;Slight Injury
11:38:00;Saturday;Male;Junior high school;Owner;1-2yr;Pick up upto 10Q;Owner;unknown;No defect;Other;One way;Escarpments;No junction;Asphalt roads;Dry;Daylight;Normal;Collision with roadside objects;3;3;Getting off;31-50;Unknown or other;Changing lane to the left;Slight Injury
11:38:00;Saturday;Male;Elementary school;Employee;Above 10yr;Other;Owner;unknown;No defect;Residential areas;Undivided Two way;Tangent road with flat terrain;No junction;Asphalt roads;Dry;Daylight;Normal;Vehicle with vehicle collision;3;3;Getting off;na;Not a Pedestrian;No distancing;Slight Injury
13:30:00;Thursday;Male;Junior high school;Employee;5-10yr;Lorry (41?100Q);Owner;unknown;No defect;  Recreational areas;One way;Tangent road with flat terrain;No junction;Asphalt roads;Dry;Daylight;Normal;Collision with roadside-parked vehicles;2;1;Getting off;Over 51;Not a Pedestrian;Changing lane to the left;Slight Injury
13:30:00;Thursday;Male;Junior high school;Employee;2-5yr;Ridden horse;Owner;unknown;No defect; Church areas;Undivided Two way;Tangent road with flat terrain;No junction;Asphalt roads;Dry;Daylight;Normal;Vehicle with vehicle collision;2;1;Moving Backward;Under 18;Not a Pedestrian;Driving carelessly;Slight Injury
12:39:00;Tuesday;Male;Elementary school;Employee;Above 10yr;Automobile;Owner;unknown;No defect;Other;One way;Tangent road with flat terrain;Unknown;Asphalt roads;Wet or damp;Daylight;Raining;Collision with roadside objects;2;1;Going straight;Under 18;Crossing from offside - masked by  parked or statioNot a Pedestrianry vehicle;Changing lane to the left;Slight Injury
12:39:00;Tuesday;Male;Junior high school;Employee;2-5yr;Automobile;Owner;unknown;No defect;Other;Undivided Two way;Tangent road with flat terrain;Unknown;Earth roads;Wet or damp;Daylight;Raining;Vehicle with vehicle collision;2;1;Going straight;18-30;Unknown or other;No distancing;Slight Injury
12:30:00;Friday;Male;Elementary school;Employee;Above 10yr;Stationwagen;Owner;Unknown;No defect;Other;Two-way (divided with broken lines road marking);Tangent road with flat terrain;Y Shape;Asphalt roads;Dry;Daylight;Normal;Vehicle with vehicle collision;2;1;Waiting to go;18-30;Not a Pedestrian;Changing lane to the right;Slight Injury
12:30:00;Friday;Male;Junior high school;Employee;Above 10yr;Other;Governmental;unknown;No defect;Residential areas;other;Tangent road with flat terrain;Y Shape;Asphalt roads;Dry;Daylight;Normal;Vehicle with vehicle collision;2;1;Going straight;18-30;Not a Pedestrian;No distancing;Slight Injury
16:55:00;Sunday;Male;Junior high school;Employee;2-5yr;Lorry (41?100Q);Owner;Above 10yr;No defect;School areas;other;Tangent road with flat terrain;Y Shape;Asphalt roads;Dry;Daylight;Normal;Vehicle with vehicle collision;2;1;Other;na;Not a Pedestrian;Driving to the left;Slight Injury
16:55:00;Sunday;Male;Junior high school;Employee;Above 10yr;Lorry (41?100Q);Owner;Above 10yr;No defect; Church areas;Two-way (divided with broken lines road marking);Tangent road with flat terrain;Y Shape;Asphalt roads;Dry;Daylight;Normal;Vehicle with vehicle collision;2;1;Going straight;na;Not a Pedestrian;No distancing;Slight Injury