Time;Day_of_week;Sex_of_driver;Educational_level;Vehicle_driver_relation;Driving_experience;Type_of_vehicle;Owner_of_vehicle;Service_year_of_vehicle;Defect_of_vehicle;Area_accident_occured;Lanes_or_Medians;Road_allignment;Types_of_Junction;Road_surface_type;Road_surface_conditions;Light_conditions;Weather_conditions;Type_of_collision;Number_of_vehicles_involved;Number_of_casualties;Vehicle_movement;Age_band_of_casualty;Pedestrian_movement;Cause_of_accident;Accident_severity
18:25:00;Monday;Female;Junior high school;Employee;Above 10yr;Long lorry;Owner;Above 10yr;No defect;Other;other;Tangent road with flat terrain;No junction;Other;Dry;Daylight;Normal;Collision with roadside-parked vehicles;2;1;Going straight;18-30;Not a Pedestrian;Overtaking;Slight Injury
18:25:00;Monday;Male;Junior high school;Employee;Below 1yr;Stationwagen;Owner;Below 1yr;unknown;Other;Two-way (divided with broken lines road marking);Tangent road with flat terrain;No junction;Gravel roads;Dry;Daylight;Normal;Collision with roadside-parked vehicles;2;1;Going straight;31-50;Not a Pedestrian;Driving under the influence of drugs;Slight Injury
13:01:00;Thursday;Male;Junior high school;Owner;Above 10yr;Public (12 seats);Owner;2-5yrs;unknown;Office areas;Undivided Two way;Tangent road with flat terrain;O Shape;Gravel roads;Dry;Daylight;Normal;Collision with animals;2;1;Going straight;na;Not a Pedestrian;No priority to pedestrian;Slight Injury
13:01:00;Thursday;Male;High school;Other;Above 10yr;Automobile;Owner;2-5yrs;unknown;Office areas;Two-way (divided with broken lines road marking);Tangent road with flat terrain;O Shape;Asphalt roads;Dry;Daylight;Normal;Collision with animals;2;1;Overtaking;18-30;Not a Pedestrian;Moving Backward;Slight Injury
13:45:00;Wednesday;Male;Junior high school;Employee;5-10yr;Public (12 seats);Owner;2-5yrs;No defect;Other;Undivided Two way;Tangent road with flat terrain;No junction;Asphalt roads;Dry;Daylight;Normal;Collision with animals;2;1;Going straight;na;Not a Pedestrian;Changing lane to the right;Slight Injury
13:45:00;Wednesday;Male;Elementary school;unknown;unknown;Lorry (41?100Q);Owner;Below 1yr;No defect; Hospital areas;Undivided Two way;Tangent road with flat terrain;No junction;Earth roads;Dry;Daylight;Normal;Collision with animals;2;1;Going straight;18-30;Not a Pedestrian;Changing lane to the left;Slight Injury
18:45:00;Monday;Male;Junior high school;Employee;5-10yr;Automobile;Owner;2-5yrs;unknown;Other;Undivided Two way;Tangent road with flat terrain;Crossing;Asphalt roads;Dry;Darkness - lights lit;Normal;Collision with animals;2;1;Going straight;na;Not a Pedestrian;Changing lane to the right;Slight Injury
18:45:00;Monday;Male;Junior high school;Employee;5-10yr;Lorry (41?100Q);Owner;unknown;unknown;Other;Two-way (divided with broken lines road marking);Tangent road with flat terrain;Crossing;Asphalt roads;Dry;Darkness - lights lit;Normal;Collision with animals;2;1;Turnover;31-50;Not a Pedestrian;Driving under the influence of drugs;Slight Injury
11:02:00;Thursday;Male;Junior high school;Owner;Below 1yr;Lorry (41?100Q);Owner;unknown;unknown;Other;Undivided Two way;Tangent road with flat terrain;No junction;Asphalt roads;Dry;Daylight;Normal;Collision with animals;1;4;Going straight;18-30;Not a Pedestrian;No priority to vehicle;Slight Injury
11:02:00;Thursday;Male;Junior high school;Employee;5-10yr;Pick up upto 10Q;unknown;unknown;unknown;Other;Double carriageway (median);Tangent road with flat terrain;No junction;Asphalt roads;Dry;Daylight;Normal;Collision with animals;1;4;Going straight;na;Not a Pedestrian;No priority to vehicle;Slight Injury
11:02:00;Thursday;Male;Elementary school;Employee;2-5yr;Other;Governmental;unknown;No defect;Other;Two-way (divided with broken lines road marking);Tangent road with mild grade and flat terrain;No junction;Earth roads;Dry;Daylight;Normal;Collision with animals;1;4;Getting off;18-30;Not a Pedestrian;Changing lane to the left;Slight Injury
11:02:00;Thursday;Male;Junior high school;Owner;2-5yr;Automobile;Owner;Above 10yr;No defect; Hospital areas;Two-way (divided with broken lines road marking);Tangent road with flat terrain;No junction;Asphalt roads;Dry;Daylight;Normal;Collision with animals;1;4;Moving Backward;31-50;Crossing from driver's nearside;Changing lane to the right;Slight Injury
15:55:00;Tuesday;Male;Elementary school;Employee;2-5yr;Automobile;unknown;Above 10yr;No defect;Other;Two-way (divided with broken lines road marking);Tangent road with flat terrain;No junction;Asphalt roads;Dry;Daylight;Normal;Collision with animals;1;1;Getting off;5;Not a Pedestrian;Changing lane to the right;Serious Injury
15:00:00;Wednesday;Male;Junior high school;Owner;2-5yr;Lorry (11?40Q);Owner;unknown;No defect;Other;One way;Tangent road with flat terrain;No junction;Asphalt roads;Dry;Daylight;Normal;Collision with animals;1;1;Overtaking;18-30;Not a Pedestrian;Changing lane to the left;Slight Injury
20:00:00;Sunday;Male;Junior high school;Employee;Above 10yr;Bajaj;Owner;2-5yrs;No defect;Other;Two-way (divided with broken lines road marking);Tangent road with mild grade and flat terrain;Y Shape;Asphalt roads;Dry;Darkness - lights lit;Normal;Other;2;1;Going straight;na;Not a Pedestrian;Changing lane to the left;Slight Injury
20:00:00;Sunday;Male;Junior high school;Employee;2-5yr;Automobile;Owner;unknown;unknown;Office areas;Two-way (divided with broken lines road marking);Tangent road with flat terrain;Y Shape;Asphalt roads;Dry;Darkness - lights lit;Normal;Rollover;2;1;Going straight;31-50;Not a Pedestrian;Getting off the vehicle improperly;Slight Injury
18:48:00;Wednesday;Male;Junior high school;Employee;1-2yr;Lorry (41?100Q);Owner;Unknown;unknown;Residential areas;Two-way (divided with broken lines road marking);Tangent road with flat terrain;Crossing;Asphalt roads;Wet or damp;Darkness - lights lit;Normal;Collision with animals;2;1;Going straight;5;Not a Pedestrian;Overtaking;Serious Injury
18:48:00;Wednesday;Male;Junior high school;Employee;2-5yr;Lorry (11?40Q);Owner;2-5yrs;No defect;Other;Two-way (divided with broken lines road marking);Tangent road with flat terrain;Crossing;Asphalt roads;Wet or damp;Darkness - lights lit;Normal;Rollover;2;1;Reversing;5;Not a Pedestrian;Changing lane to the left;Serious Injury
15:55:00;Sunday;Male;Junior high school;Employee;1-2yr;Lorry (11?40Q);Owner;Unknown;unknown;Residential areas;Two-way (divided with broken lines road marking);Tangent road with flat terrain;Unknown;Asphalt roads;Dry;Daylight;Normal;Collision with animals;1;2;Getting off;na;Not a Pedestrian;Driving under the influence of drugs;Slight Injury
15:55:00;Sunday;Male;Junior high school;Employee;5-10yr;Automobile;Owner;Unknown;unknown;Other;Undivided Two way;Tangent road with flat terrain;Unknown;Asphalt roads;Dry;Daylight;Normal;Collision with animals;1;2;Going straight;18-30;Not a Pedestrian;Driving carelessly;Slight Injury
23:25:00;Wednesday;Male;Junior high school;Employee;5-10yr;unknown;Owner;2-5yrs;unknown;Residential areas;Double carriageway (median);Tangent road with flat terrain;Crossing;Asphalt roads;Dry;Darkness - lights lit;Normal;Vehicle with vehicle collision;2;3;Going straight;na;Not a Pedestrian;Moving Backward;Slight Injury
23:25:00;Wednesday;Male;Elementary school;Owner;2-5yr;Automobile;Owner;unknown;unknown;Office areas;Two-way (divided with broken lines road marking);Tangent road with flat terrain;Crossing;Earth roads;Dry;Darkness - lights lit;Normal;Fall from vehicles;2;3;Going straight;Under 18;Not a Pedestrian;No distancing;Slight Injury
23:25:00;Wednesday;Male;Elementary school;Employee;Below 1yr;Public (13?45 seats);Owner;5-10yrs;unknown;Office areas;Two-way (divided with broken lines road marking);Tangent road with mild grade and flat terrain;Crossing;Asphalt roads;Dry;Darkness - lights lit;Normal;Collision with roadside-parked vehicles;2;3;Reversing;na;Not a Pedestrian;No priority to vehicle;Slight Injury
07:40:00;Monday;Male;unknown;unknown;unknown;Public (12 seats);Owner;Unknown;unknown;Office areas;Double carriageway (median);Tangent road with flat terrain;Y Shape;Asphalt roads;Dry;Daylight;Normal;Collision with roadside-parked vehicles;2;1;Going straight;18-30;Not a Pedestrian;Overturning;Serious Injury
07:40:00;Monday;Male;Junior high school;Employee;Above 10yr;Other;Owner;unknown;unknown;  Recreational areas;Two-way (divided with broken lines road marking);Tangent road with flat terrain;Y Shape;Asphalt roads;Dry;Daylight;Normal;Rollover;2;1;Stopping;na;Not a Pedestrian;Changing lane to the left;Serious Injury
15:17:00;Sunday;Male;High school;Employee;1-2yr;Automobile;Owner;unknown;unknown;Other;Two-way (divided with broken lines road marking);Tangent road with flat terrain;No junction;Asphalt roads;Dry;Daylight;Normal;Collision with animals;2;1;Overtaking;Under 18;Not a Pedestrian;No distancing;Fatal injury
15:17:00;Sunday;Male;Junior high school;Owner;5-10yr;Automobile;Owner;unknown;unknown;Other;other;Tangent road with flat terrain;No junction;Earth roads;Dry;Daylight;Normal;Collision with animals;2;1;Going straight;18-30;Not a Pedestrian;Moving Backward;Fatal injury
15:50:00;Monday;Male;Junior high school;Employee;1-2yr;Public (13?45 seats);Owner;5-10yrs;unknown;Other;Two-way (divided with broken lines road marking);Tangent road with flat terrain;No junction;Asphalt roads;Dry;Daylight;Normal;Fall from vehicles;2;1;Reversing;Under 18;Not a Pedestrian;No priority to vehicle;Slight Injury
15:50:00;Monday;Male;Junior high school;Employee;Above 10yr;Public (13?45 seats);Owner;unknown;unknown;Other;Double carriageway (median);Tangent road with flat terrain;No junction;Asphalt roads;Dry;Daylight;Normal;Collision with roadside-parked vehicles;2;1;Going straight;31-50;Not a Pedestrian;No priority to vehicle;Slight Injury
09:45:00;Sunday;Male;Junior high school;Employee;Below 1yr;Automobile;Owner;2-5yrs;No defect;Other;Undivided Two way;Tangent road with mountainous terrain and;Crossing;Asphalt roads;Dry;Daylight;Normal;Collision with animals;2;1;Going straight;na;Not a Pedestrian;No distancing;Slight Injury
09:45:00;Sunday;Male;Elementary school;Employee;2-5yr;Other;Owner;2-5yrs;No defect;Office areas;Two-way (divided with broken lines road marking);Tangent road with flat terrain;Crossing;Asphalt roads;Dry;Daylight;Normal;Collision with animals;2;1;Reversing;Over 51;Not a Pedestrian;No distancing;Slight Injury
17:35:00;Thursday;Male;Junior high school;Employee;5-10yr;Pick up upto 10Q;Owner;Above 10yr;No defect;Office areas;Two-way (divided with broken lines road marking);Tangent road with flat terrain;Y Shape;Asphalt roads;Dry;Daylight;Normal;Collision with pedestrians;3;1;Going straight;na;Not a Pedestrian;Overtaking;Slight Injury
17:35:00;Thursday;Male;Elementary school;Employee;5-10yr;Lorry (41?100Q);Owner;Unknown;No defect;Office areas;One way;Tangent road with flat terrain;Y Shape;Asphalt roads;Dry;Daylight;Normal;Vehicle with vehicle collision;3;1;Waiting to go;18-30;Not a Pedestrian;Driving under the influence of drugs;Slight Injury
17:35:00;Thursday;Male;Junior high school;Owner;1-2yr;Automobile;Owner;Above 10yr;No defect;Residential areas;Double carriageway (median);Tangent road with flat terrain;Y Shape;Asphalt roads;Dry;Daylight;Normal;Vehicle with vehicle collision;3;1;Going straight;na;Not a Pedestrian;Changing lane to the right;Slight Injury
20:50:00;Sunday;Male;Junior high school;Employee;5-10yr;Automobile;Governmental;Below 1yr;No defect;  Recreational areas;Two-way (divided with broken lines road marking);Tangent road with flat terrain;No junction;Asphalt roads;Dry;Darkness - lights lit;Normal;Collision with pedestrians;2;1;Going straight;18-30;Not a Pedestrian;Changing lane to the left;Slight Injury
20:50:00;Sunday;Male;Unknown;Other;unknown;Lorry (41?100Q);Owner;Unknown;No defect; Church areas;Double carriageway (median);Tangent road with flat terrain;No junction;Other;Dry;Darkness - lights lit;Normal;Vehicle with vehicle collision;2;1;Going straight;Over 51;Not a Pedestrian;Driving carelessly;Slight Injury
21:32:00;Thursday;Male;High school;Employee;2-5yr;unknown;Owner;Unknown;No defect;Office areas;Undivided Two way;Tangent road with flat terrain;Y Shape;Asphalt roads;Dry;Darkness - lights lit;Normal;Collision with roadside objects;2;2;Going straight;31-50;Unknown or other;Moving Backward;Slight Injury
21:32:00;Thursday;Male;Junior high school;Employee;1-2yr;Other;Owner;Unknown;No defect;Other;Two-way (divided with broken lines road marking);Tangent road with flat terrain;Y Shape;Asphalt roads;Dry;Darkness - lights lit;Normal;Vehicle with vehicle collision;2;2;Getting off;Under 18;Crossing from nearside - masked by parked or statioNot a Pedestrianry vehicle;Moving Backward;Slight Injury
19:55:00;Monday;Male;Junior high school;Employee;5-10yr;Automobile;Owner;unknown;unknown;Residential areas;other;Steep grade downward with mountainous terrain;Y Shape;Asphalt roads;Dry;Darkness - lights lit;Normal;Vehicle with vehicle collision;2;1;Going straight;31-50;Not a Pedestrian;Changing lane to the right;Slight Injury
19:55:00;Monday;Male;Junior high school;Employee;2-5yr;Automobile;Owner;unknown;No defect;School areas;other;Tangent road with flat terrain;Y Shape;Asphalt roads;Dry;Darkness - lights lit;Normal;Vehicle with vehicle collision;2;1;Going straight;na;Not a Pedestrian;No priority to vehicle;Slight Injury
16:10:00;Monday;Male;Junior high school;Employee;No Licence;Automobile;Owner;1-2yr;No defect;Office areas;Two-way (divided with broken lines road marking);Tangent road with flat terrain;Crossing;Asphalt roads;Dry;Daylight;Normal;Rollover;2;1;Going straight;31-50;Not a Pedestrian;Driving at high speed;Slight Injury
16:10:00;Monday;Male;Junior high school;Employee;Above 10yr;Automobile;Owner;Above 10yr;No defect;Other;other;Tangent road with flat terrain;Crossing;Asphalt roads;Dry;Daylight;Normal;Vehicle with vehicle collision;2;1;Reversing;na;Not a Pedestrian;Driving under the influence of drugs;Slight Injury
15:25:00;Monday;Male;Junior high school;Employee;Above 10yr;Lorry (41?100Q);Owner;Unknown;No defect;Other;Two-way (divided with broken lines road marking);Tangent road with flat terrain;Crossing;Asphalt roads;Dry;Daylight;Normal;Vehicle with vehicle collision;1;1;Turnover;na;Not a Pedestrian;Changing lane to the right;Slight Injury
23:36:00;Thursday;Male;Junior high school;Employee;5-10yr;Other;Organization;2-5yrs;unknown;Office areas;Two-way (divided with broken lines road marking);Tangent road with mountainous terrain and;No junction;Earth roads;Dry;Darkness - no lighting;Normal;Vehicle with vehicle collision;1;4;Going straight;18-30;Not a Pedestrian;Driving carelessly;Serious Injury
23:36:00;Thursday;Male;High school;Employee;2-5yr;Pick up upto 10Q;Owner;unknown;unknown;Office areas;Two-way (divided with broken lines road marking);Tangent road with flat terrain;No junction;Asphalt roads;Dry;Darkness - no lighting;Normal;Collision with pedestrians;1;4;Going straight;na;Not a Pedestrian;No distancing;Serious Injury
23:36:00;Thursday;Male;High school;Owner;2-5yr;Stationwagen;Owner;5-10yrs;unknown;Other;Undivided Two way;Tangent road with flat terrain;No junction;Asphalt roads;Dry;Darkness - no lighting;Normal;Vehicle with vehicle collision;1;4;Going straight;18-30;Not a Pedestrian;Changing lane to the left;Serious Injury
23:36:00;Thursday;Male;Junior high school;Employee;Below 1yr;Other;Owner;5-10yrs;No defect;Office areas;Two-way (divided with broken lines road marking);Tangent road with flat terrain;No junction;Asphalt roads;Dry;Darkness - no lighting;Normal;Collision with roadside objects;1;4;Going straight;31-50;Not a Pedestrian;No distancing;Serious Injury
20:00:00;Monday;Male;Junior high school;Owner;Above 10yr;Pick up upto 10Q;Owner;2-5yrs;No defect; Industrial areas;Two-way (divided with broken lines road marking);Tangent road with flat terrain;Y Shape;Asphalt roads;Dry;Darkness - lights unlit;Normal;Vehicle with vehicle collision;3;1;Getting off;na;Not a Pedestrian;No distancing;Slight Injury
20:00:00;Monday;Male;Junior high school;Employee;Above 10yr;Stationwagen;Owner;Unknown;No defect;Office areas;Undivided Two way;Tangent road with flat terrain;Y Shape;Asphalt roads;Dry;Darkness - lights unlit;Normal;Rollover;3;1;Going straight;na;Not a Pedestrian;Getting off the vehicle improperly;Slight Injury
20:00:00;Monday;Male;Elementary school;Employee;2-5yr;Lorry (41?100Q);Owner;unknown;unknown;Other;Undivided Two way;Tangent road with flat terrain;Y Shape;Asphalt roads;Dry;Darkness - lights unlit;Normal;Vehicle with vehicle collision;3;1;Going straight;18-30;Not a Pedestrian;Overtaking;Slight Injury
17:54:00;Friday;Male;Junior high school;Employee;2-5yr;Automobile;Owner;Above 10yr;unknown;Other;Two-way (divided with broken lines road marking);Tangent road with flat terrain;Crossing;Asphalt roads;Dry;Daylight;Normal;Vehicle with vehicle collision;2;1;Going straight;31-50;Not a Pedestrian;Driving carelessly;Slight Injury
17:54:00;Friday;Male;Unknown;Employee;Above 10yr;unknown;Owner;Unknown;unknown;Office areas;Two-way (divided with broken lines road marking);Tangent road with flat terrain;Crossing;Asphalt roads;Dry;Daylight;Normal;Vehicle with vehicle collision;2;1;Going straight;na;Not a Pedestrian;Driving under the influence of drugs;Slight Injury
18:04:00;Monday;Male;Elementary school;Employee;5-10yr;Automobile;unknown;unknown;unknown; Church areas;unknown;Tangent road with flat terrain;Crossing;Asphalt roads;Dry;Daylight;Normal;Vehicle with vehicle collision;1;1;Going straight;31-50;Not a Pedestrian;Moving Backward;Slight Injury
17:00:00;Friday;Male;Junior high school;Employee;Below 1yr;Automobile;Owner;unknown;unknown;Office areas;other;Tangent road with flat terrain;No junction;Asphalt roads;Dry;Daylight;Normal;Vehicle with vehicle collision;1;1;Going straight;Under 18;Not a Pedestrian;Overturning;Slight Injury
01:15:00;Saturday;Female;Elementary school;Employee;Below 1yr;Turbo;Owner;unknown;unknown;Residential areas;other;Tangent road with flat terrain;Crossing;Asphalt roads;Dry;Darkness - lights lit;Normal;Collision with roadside objects;2;3;Going straight;na;Not a Pedestrian;Driving under the influence of drugs;Slight Injury
01:15:00;Saturday;Male;Junior high school;Employee;Below 1yr;unknown;Owner;Unknown;No defect;  Recreational areas;Two-way (divided with broken lines road marking);Tangent road with flat terrain;Crossing;Asphalt roads;Dry;Darkness - lights lit;Normal;Vehicle with vehicle collision;2;3;Going straight;na;Not a Pedestrian;Changing lane to the right;Slight Injury
01:15:00;Saturday;Male;Junior high school;Employee;5-10yr;Stationwagen;Governmental;5-10yrs;unknown;Other;other;Tangent road with flat terrain;Crossing;Asphalt roads;Dry;Darkness - lights lit;Normal;Vehicle with vehicle collision;2;3;Going straight;18-30;Not a Pedestrian;Changing lane to the left;Slight Injury
01:15:00;Saturday;Male;Junior high school;Owner;5-10yr;Automobile;Owner;Unknown;No defect; Church areas;Undivided Two way;Tangent road with flat terrain;Crossing;Asphalt roads;Dry;Darkness - lights lit;Normal;Collision with roadside objects;2;3;Going straight;na;Not a Pedestrian;No distancing;Slight Injury
18:30:00;Wednesday;Male;High school;Owner;5-10yr;Automobile;Owner;Unknown;No defect;Other;One way;Tangent road with flat terrain;No junction;Asphalt roads;Wet or damp;Darkness - lights lit;Raining;Collision with roadside objects;2;1;Reversing;31-50;Not a Pedestrian;No distancing;Slight Injury
18:30:00;Wednesday;Male;Junior high school;Employee;5-10yr;Automobile;Owner;Above 10yr;No defect;Other;Two-way (divided with broken lines road marking);Tangent road with flat terrain;No junction;Earth roads;Wet or damp;Darkness - lights lit;Raining;Vehicle with vehicle collision;2;1;Going straight;31-50;Not a Pedestrian;No priority to vehicle;Slight Injury
15:52:00;Friday;Male;Junior high school;Employee;2-5yr;Pick up upto 10Q;Owner;5-10yrs;unknown; Church areas;Undivided Two way;Tangent road with flat terrain;Y Shape;Asphalt roads;Dry;Daylight;Normal;Vehicle with vehicle collision;3;1;Turnover;na;Not a Pedestrian;Moving Backward;Slight Injury
15:52:00;Friday;Male;Elementary school;Employee;5-10yr;Lorry (41?100Q);Owner;Unknown;unknown;Office areas;Two-way (divided with broken lines road marking);Tangent road with mild grade and flat terrain;Y Shape;unknown;Dry;Daylight;Normal;Vehicle with vehicle collision;3;1;Going straight;na;Not a Pedestrian;Moving Backward;Slight Injury
15:52:00;Friday;Male;Junior high school;Employee;2-5yr;Lorry (41?100Q);Owner;Unknown;unknown;Office areas;Double carriageway (median);Tangent road with flat terrain;Y Shape;Asphalt roads;Dry;Daylight;Normal;Vehicle with vehicle collision;3;1;Going straight;Under 18;Walking along in carriageway, back to traffic;Getting off the vehicle improperly;Slight Injury
12:33:00;Tuesday;Male;Junior high school;Employee;Below 1yr;Automobile;Organization;5-10yrs;No defect; Church areas;Two-way (divided with broken lines road marking);Tangent road with flat terrain;Other;Asphalt roads;Dry;Daylight;Normal;Collision with roadside objects;1;1;Going straight;31-50;Not a Pedestrian;Changing lane to the left;Serious Injury
08:59:00;Monday;Male;Elementary school;Employee;2-5yr;Lorry (41?100Q);Organization;2-5yrs;No defect;Other;Undivided Two way;Tangent road with mountainous terrain and;Crossing;Asphalt roads;Dry;Daylight;Normal;Vehicle with vehicle collision;2;1;Going straight;Over 51;Not a Pedestrian;Changing lane to the left;Slight Injury
08:59:00;Monday;Male;Junior high school;Employee;2-5yr;Lorry (41?100Q);Owner;Unknown;No defect;Other;Undivided Two way;Tangent road with flat terrain;Crossing;Asphalt roads;Dry;Daylight;Normal;Vehicle with vehicle collision;2;1;Reversing;na;Not a Pedestrian;No priority to vehicle;Slight Injury
17:25:00;Saturday;Male;Junior high school;Employee;2-5yr;Lorry (41?100Q);Owner;Unknown;No defect; Church areas;Undivided Two way;Tangent road with flat terrain;No junction;Asphalt roads;Wet or damp;Daylight;Normal;Vehicle with vehicle collision;1;1;Going straight;na;Not a Pedestrian;Changing lane to the right;Slight Injury
00:53:00;Sunday;Male;Junior high school;Employee;5-10yr;Lorry (41?100Q);Owner;5-10yrs;No defect; Industrial areas;Two-way (divided with broken lines road marking);Tangent road with mild grade and flat terrain;No junction;Asphalt roads;Dry;Darkness - lights lit;Normal;Vehicle with vehicle collision;1;3;Turnover;18-30;Not a Pedestrian;Changing lane to the right;Slight Injury
00:53:00;Sunday;Male;Junior high school;Employee;5-10yr;Automobile;Owner;Unknown;No defect;Office areas;Undivided Two way;Tangent road with flat terrain;No junction;Asphalt roads;Dry;Darkness - lights lit;Normal;Vehicle with vehicle collision;1;3;Going straight;5;Not a Pedestrian;Driving carelessly;Slight Injury
00:53:00;Sunday;Male;Junior high school;Employee;unknown;Automobile;Owner;Unknown;No defect;School areas;Undivided Two way;Tangent road with flat terrain;No junction;Asphalt roads;Dry;Darkness - lights lit;Normal;Vehicle with vehicle collision;1;3;Going straight;18-30;Not a Pedestrian;Changing lane to the left;Slight Injury
15:20:00;Wednesday;Male;Junior high school;Owner;5-10yr;Automobile;Owner;Unknown;No defect;Other;Undivided Two way;Tangent road with flat terrain;Crossing;Asphalt roads;Dry;Daylight;Normal;Collision with roadside objects;1;1;Going straight;31-50;Not a Pedestrian;Changing lane to the right;Slight Injury
18:23:00;Saturday;Male;Junior high school;Employee;2-5yr;Public (13?45 seats);Owner;Unknown;No defect; Church areas;One way;Tangent road with flat terrain;Y Shape;Gravel roads;Wet or damp;Darkness - lights lit;Raining;Vehicle with vehicle collision;2;1;Going straight;Under 18;Crossing from driver's nearside;Driving under the influence of drugs;Slight Injury
18:23:00;Saturday;Male;Junior high school;Employee;Below 1yr;Automobile;Owner;Unknown;No defect;Office areas;Undivided Two way;Tangent road with flat terrain;Y Shape;Asphalt roads;Wet or damp;Darkness - lights lit;Raining;Collision with pedestrians;2;1;Going straight;31-50;Not a Pedestrian;Driving carelessly;Slight Injury
05:24:00;Friday;Male;Junior high school;Employee;1-2yr;Public (13?45 seats);Owner;Unknown;No defect;Other;other;Steep grade downward with mountainous terrain;No junction;Asphalt roads;Wet or damp;Darkness - no lighting;Normal;Collision with roadside objects;1;1;Getting off;na;Not a Pedestrian;No distancing;Serious Injury
12:15:00;Saturday;Male;Junior high school;Employee;Below 1yr;Public (13?45 seats);Owner;2-5yrs;No defect;Other;other;Tangent road with flat terrain;Crossing;Asphalt roads;Dry;Daylight;Normal;Collision with roadside objects;1;1;Moving Backward;18-30;Not a Pedestrian;No priority to vehicle;Slight Injury
22:15:00;Friday;Male;Junior high school;Employee;Above 10yr;Automobile;Owner;Unknown;unknown;Other;Two-way (divided with broken lines road marking);Tangent road with flat terrain;No junction;Asphalt roads;Dry;Darkness - lights lit;Normal;Vehicle with vehicle collision;1;1;Going straight;na;Not a Pedestrian;No priority to vehicle;Slight Injury
06:35:00;Friday;Male;Junior high school;Employee;Below 1yr;Lorry (11?40Q);Owner;2-5yrs;unknown;Other;One way;Tangent road with flat terrain;Crossing;Asphalt roads;Wet or damp;Darkness - lights lit;Raining;Rollover;2;1;Turnover;Over 51;Unknown or other;No priority to vehicle;Serious Injury
06:35:00;Friday;Male;Junior high school;Employee;2-5yr;Automobile;Owner;Above 10yr;No defect; Church areas;Two-way (divided with broken lines road marking);Tangent road with mild grade and flat terrain;Crossing;Asphalt roads;Wet or damp;Darkness - lights lit;Raining;Vehicle with vehicle collision;2;1;Going straight;18-30;Not a Pedestrian;Changing lane to the left;Serious Injury
17:34:00;Thursday;Male;Junior high school;Employee;1-2yr;Lorry (41?100Q);Governmental;2-5yrs;No defect;Residential areas;Two-way (divided with broken lines road marking);Tangent road with flat terrain;No junction;Asphalt roads;Wet or damp;Darkness - lights lit;Normal;Vehicle with vehicle collision;1;2;unknown;na;Not a Pedestrian;Moving Backward;Serious Injury
17:34:00;Thursday;Male;Elementary school;Employee;5-10yr;Other;Owner;2-5yrs;No defect;Office areas;Two-way (divided with broken lines road marking);Tangent road with mild grade and flat terrain;No junction;Asphalt roads;Wet or damp;Darkness - lights lit;Normal;Vehicle with vehicle collision;1;2;Going straight;Over 51;Not a Pedestrian;Driving carelessly;Serious Injury
04:00:00;Friday;Male;Junior high school;Owner;Below 1yr;Pick up upto 10Q;Owner;2-5yrs;No defect;Other;Two-way (divided with broken lines road marking);Tangent road with flat terrain;Y Shape;Asphalt roads;Wet or damp;Darkness - lights lit;Raining;Vehicle with vehicle collision;1;4;Going straight;na;Not a Pedestrian;Driving under the influence of drugs;Slight Injury
04:00:00;Friday;Male;Junior high school;Employee;Below 1yr;Lorry (11?40Q);Owner;2-5yrs;No defect;Office areas;Two-way (divided with broken lines road marking);Tangent road with mild grade and flat terrain;Y Shape;Asphalt roads;Wet or damp;Darkness - lights lit;Raining;Vehicle with vehicle collision;1;4;Going straight;31-50;Crossing from nearside - masked by parked or statioNot a Pedestrianry vehicle;Changing lane to the right;Slight Injury
04:00:00;Friday;Male;Writing & reading;Employee;Below 1yr;Motorcycle;Owner;2-5yrs;No defect;Other;Two-way (divided with broken lines road marking);Tangent road with flat terrain;Y Shape;Asphalt roads;Wet or damp;Darkness - lights lit;Raining;Vehicle with vehicle collision;1;4;Going straight;31-50;Not a Pedestrian;No priority to vehicle;Slight Injury
04:00:00;Friday;Male;Junior high school;Employee;1-2yr;Pick up upto 10Q;Owner;1-2yr;No defect; Church areas;Undivided Two way;Tangent road with flat terrain;Y Shape;Asphalt roads;Wet or damp;Darkness - lights lit;Raining;Vehicle with vehicle collision;1;4;Turnover;na;Not a Pedestrian;Changing lane to the right;Slight Injury
15:50:00;Saturday;Male;Elementary school;Owner;5-10yr;Lorry (11?40Q);Owner;Unknown;No defect;Office areas;Two-way (divided with broken lines road marking);Tangent road with flat terrain;Y Shape;Asphalt roads;Dry;Daylight;Normal;Vehicle with vehicle collision;1;1;Turnover;na;Not a Pedestrian;Driving to the left;Slight Injury
08:50:00;Friday;Male;Junior high school;Employee;2-5yr;Lorry (11?40Q);Owner;Unknown;No defect;Other;Two-way (divided with broken lines road marking);Tangent road with flat terrain;Crossing;Asphalt roads;Wet or damp;Daylight;Raining;Collision with roadside objects;1;1;Going straight;31-50;Not a Pedestrian;Moving Backward;Slight Injury