Time;Day_of_week;Sex_of_driver;Educational_level;Vehicle_driver_relation;Driving_experience;Type_of_vehicle;Owner_of_vehicle;Service_year_of_vehicle;Defect_of_vehicle;Area_accident_occured;Lanes_or_Medians;Road_allignment;Types_of_Junction;Road_surface_type;Road_surface_conditions;Light_conditions;Weather_conditions;Type_of_collision;Number_of_vehicles_involved;Number_of_casualties;Vehicle_movement;Age_band_of_casualty;Pedestrian_movement;Cause_of_accident;Accident_severity
18:40:00;Thursday;Male;Above high school;Employee;Above 10yr;Automobile;Owner;Above 10yr;unknown; Industrial areas;Undivided Two way;Tangent road with flat terrain;Y Shape;Asphalt roads;Wet or damp;Darkness - lights lit;Raining;Vehicle with vehicle collision;1;1;Going straight;na;Not a Pedestrian;No distancing;Slight Injury
03:55:00;Monday;Male;Junior high school;Employee;2-5yr;Stationwagen;Owner;Unknown;unknown;Office areas;Two-way (divided with broken lines road marking);Tangent road with flat terrain;No junction;Asphalt roads;Wet or damp;Darkness - lights lit;Raining and Windy;Vehicle with vehicle collision;2;2;Going straight;18-30;Not a Pedestrian;Changing lane to the right;Slight Injury
03:55:00;Monday;Male;Junior high school;Employee;2-5yr;Motorcycle;Organization;Unknown;unknown;  Recreational areas;Two-way (divided with broken lines road marking);Tangent road with flat terrain;No junction;Asphalt roads;Wet or damp;Darkness - lights lit;Raining and Windy;Collision with pedestrians;2;2;Reversing;na;Not a Pedestrian;No distancing;Slight Injury
03:55:00;Monday;Male;High school;Employee;1-2yr;unknown;Owner;1-2yr;No defect;Residential areas;Two-way (divided with broken lines road marking);Tangent road with flat terrain;No junction;Other;Wet or damp;Darkness - lights lit;Raining and Windy;Collision with pedestrians;2;2;Moving Backward;18-30;Not a Pedestrian;Changing lane to the left;Slight Injury
17:45:00;Sunday;Unknown;Junior high school;Employee;5-10yr;Other;Owner;Above 10yr;unknown;Residential areas;Undivided Two way;Tangent road with flat terrain;Crossing;Asphalt roads;Dry;Darkness - lights lit;Normal;Collision with roadside objects;2;3;Going straight;31-50;Not a Pedestrian;Driving carelessly;Slight Injury
17:45:00;Sunday;Male;Junior high school;Employee;Below 1yr;Automobile;Owner;5-10yrs;unknown; Church areas;Undivided Two way;Steep grade downward with mountainous terrain;Crossing;Asphalt roads;Dry;Darkness - lights lit;Normal;Collision with pedestrians;2;3;Going straight;18-30;Not a Pedestrian;Changing lane to the right;Slight Injury
17:45:00;Sunday;Male;Junior high school;Employee;Below 1yr;Automobile;Owner;5-10yrs;unknown;Residential areas;Undivided Two way;Tangent road with flat terrain;Crossing;unknown;Dry;Darkness - lights lit;Normal;Vehicle with vehicle collision;2;3;Reversing;na;Not a Pedestrian;No priority to vehicle;Slight Injury
17:45:00;Sunday;Male;Elementary school;Employee;unknown;unknown;Owner;Unknown;No defect;unknown;other;Tangent road with flat terrain;Crossing;Asphalt roads;Dry;Darkness - lights lit;Normal;Vehicle with vehicle collision;2;3;Going straight;18-30;Not a Pedestrian;No distancing;Slight Injury
19:10:00;Friday;Male;Junior high school;Employee;Below 1yr;Public (> 45 seats);Owner;5-10yrs;No defect;Other;Undivided Two way;Tangent road with flat terrain;Crossing;Asphalt roads;Wet or damp;Darkness - lights lit;Raining;Vehicle with vehicle collision;1;1;Reversing;na;Not a Pedestrian;No priority to pedestrian;Slight Injury
10:13:00;Thursday;Male;Junior high school;Employee;1-2yr;Automobile;Owner;Unknown;unknown;Other;Two-way (divided with solid lines road marking);Tangent road with flat terrain;Y Shape;Asphalt roads;Dry;Daylight;Normal;Collision with roadside objects;2;1;Other;18-30;Not a Pedestrian;No priority to pedestrian;Serious Injury
10:13:00;Thursday;Male;Elementary school;Employee;2-5yr;Other;Owner;Unknown;No defect; Church areas;Two-way (divided with solid lines road marking);Tangent road with flat terrain;Y Shape;Earth roads;Dry;Daylight;Normal;Collision with roadside objects;2;1;unknown;na;Not a Pedestrian;No priority to vehicle;Serious Injury
09:48:00;Friday;Male;High school;Employee;1-2yr;Automobile;Governmental;unknown;No defect;Other;Two-way (divided with solid lines road marking);Tangent road with flat terrain;Crossing;Asphalt roads;Dry;Daylight;Normal;Vehicle with vehicle collision;2;1;Going straight;18-30;In carriageway, statioNot a Pedestrianry - not crossing  (standing or playing);Changing lane to the left;Slight Injury
09:48:00;Friday;Male;Junior high school;Employee;5-10yr;Other;Owner;Unknown;No defect; Church areas;Two-way (divided with solid lines road marking);Tangent road with flat terrain;Crossing;Asphalt roads;Dry;Daylight;Normal;Vehicle with vehicle collision;2;1;Going straight;na;Not a Pedestrian;Changing lane to the left;Slight Injury
16:20:00;Monday;Male;Junior high school;Employee;Below 1yr;Lorry (41?100Q);Owner;Unknown;No defect; Church areas;Two-way (divided with broken lines road marking);Tangent road with flat terrain;Y Shape;Asphalt roads;Wet or damp;Darkness - lights lit;Normal;Vehicle with vehicle collision;2;1;Going straight;31-50;Not a Pedestrian;No distancing;Slight Injury
16:20:00;Monday;Male;High school;Employee;Above 10yr;Pick up upto 10Q;Owner;Above 10yr;No defect;Other;Undivided Two way;Tangent road with flat terrain;Y Shape;Asphalt roads;Wet or damp;Darkness - lights lit;Normal;Vehicle with vehicle collision;2;1;Going straight;Over 51;Crossing from nearside - masked by parked or statioNot a Pedestrianry vehicle;No priority to vehicle;Slight Injury
19:40:00;Thursday;Male;Elementary school;Owner;5-10yr;Public (13?45 seats);Governmental;5-10yrs;No defect;Other;Undivided Two way;Tangent road with flat terrain;Y Shape;Asphalt roads;Dry;Darkness - lights lit;Normal;Vehicle with vehicle collision;1;1;Going straight;18-30;Crossing from nearside - masked by parked or statioNot a Pedestrianry vehicle;No distancing;Slight Injury
16:53:00;Wednesday;Male;Elementary school;Employee;Below 1yr;Automobile;Owner;5-10yrs;No defect;School areas;other;Tangent road with flat terrain;Y Shape;Asphalt roads;Dry;Darkness - lights lit;Normal;Vehicle with vehicle collision;1;1;Going straight;31-50;Not a Pedestrian;No distancing;Slight Injury
12:55:00;Wednesday;Male;Junior high school;Employee;5-10yr;Pick up upto 10Q;Owner;Above 10yr;No defect;Residential areas;Undivided Two way;Tangent road with flat terrain;No junction;Asphalt roads;Dry;Daylight;Normal;Vehicle with vehicle collision;1;1;Going straight;na;Not a Pedestrian;Changing lane to the right;Slight Injury
19:32:00;Friday;Male;Elementary school;Owner;5-10yr;Automobile;unknown;1-2yr;No defect;Other;Two-way (divided with broken lines road marking);Tangent road with flat terrain;Y Shape;Asphalt roads;Wet or damp;Darkness - lights lit;Raining;Vehicle with vehicle collision;2;2;Going straight;na;Not a Pedestrian;Changing lane to the left;Slight Injury
19:32:00;Friday;Male;Junior high school;Employee;2-5yr;Lorry (41?100Q);Owner;Above 10yr;No defect;Office areas;Undivided Two way;Tangent road with flat terrain;Y Shape;Asphalt roads;Wet or damp;Darkness - lights lit;Raining;Vehicle with vehicle collision;2;2;Going straight;Under 18;Not a Pedestrian;No distancing;Slight Injury
17:35:00;Saturday;Male;Junior high school;Employee;Above 10yr;Automobile;Owner;Above 10yr;No defect;Residential areas;Undivided Two way;Tangent road with flat terrain;Crossing;Asphalt roads;Wet or damp;Darkness - lights lit;Raining;Collision with roadside objects;2;2;Going straight;Under 18;Not a Pedestrian;Overturning;Slight Injury
17:35:00;Saturday;Male;Junior high school;Employee;5-10yr;Lorry (41?100Q);Owner;Above 10yr;No defect;Other;One way;Steep grade downward with mountainous terrain;Crossing;Asphalt roads;Wet or damp;Darkness - lights lit;Raining;Collision with roadside objects;2;2;Going straight;na;Not a Pedestrian;No priority to vehicle;Slight Injury
17:35:00;Saturday;Male;High school;Employee;1-2yr;Lorry (41?100Q);Owner;Above 10yr;No defect;Residential areas;Two-way (divided with broken lines road marking);Tangent road with flat terrain;Crossing;Asphalt roads;Wet or damp;Darkness - lights lit;Raining;Collision with pedestrians;2;2;Going straight;18-30;Crossing from offside - masked by  parked or statioNot a Pedestrianry vehicle;Moving Backward;Slight Injury
18:40:00;Tuesday;Male;Elementary school;Employee;5-10yr;Lorry (41?100Q);Owner;5-10yrs;No defect;Residential areas;Undivided Two way;Tangent road with flat terrain;Crossing;Asphalt roads;Dry;Darkness - lights lit;Normal;Vehicle with vehicle collision;2;1;Going straight;Over 51;Not a Pedestrian;Driving under the influence of drugs;Slight Injury
18:40:00;Tuesday;Male;Elementary school;Employee;2-5yr;Public (13?45 seats);Owner;unknown;No defect;Residential areas;Two-way (divided with broken lines road marking);Tangent road with flat terrain;Crossing;Asphalt roads;Dry;Darkness - lights lit;Normal;Vehicle with vehicle collision;2;1;Going straight;31-50;Crossing from driver's nearside;Moving Backward;Slight Injury
15:47:00;Thursday;Male;Junior high school;Employee;Below 1yr;Automobile;Owner;1-2yr;No defect;Other;other;Tangent road with flat terrain;Y Shape;Asphalt roads;Wet or damp;Daylight;Normal;Vehicle with vehicle collision;1;1;Going straight;na;Not a Pedestrian;Changing lane to the right;Slight Injury
14:57:00;Sunday;Male;Junior high school;Employee;Below 1yr;Other;Owner;5-10yrs;No defect;Other;Undivided Two way;Tangent road with flat terrain;No junction;Asphalt roads;Dry;Daylight;Normal;Vehicle with vehicle collision;1;1;Moving Backward;18-30;Not a Pedestrian;Overspeed;Slight Injury
17:25:00;Friday;Male;Junior high school;Employee;5-10yr;Other;Owner;5-10yrs;No defect;Other;One way;Tangent road with flat terrain;Y Shape;Asphalt roads;Wet or damp;Darkness - no lighting;Normal;Vehicle with vehicle collision;2;2;Going straight;na;Not a Pedestrian;Driving under the influence of drugs;Serious Injury
17:25:00;Friday;Male;Junior high school;Owner;5-10yr;Other;Owner;1-2yr;No defect; Hospital areas;Undivided Two way;Tangent road with flat terrain;Y Shape;Earth roads;Wet or damp;Darkness - no lighting;Normal;Vehicle with vehicle collision;2;2;Going straight;31-50;Not a Pedestrian;Driving carelessly;Serious Injury
17:25:00;Friday;Male;Elementary school;Employee;1-2yr;Automobile;Owner;2-5yrs;No defect;Residential areas;Undivided Two way;Tangent road with flat terrain;Y Shape;Asphalt roads;Wet or damp;Darkness - no lighting;Normal;Vehicle with vehicle collision;2;2;Going straight;na;Not a Pedestrian;No distancing;Serious Injury
17:22:00;Sunday;Male;Junior high school;Employee;unknown;Other;Owner;5-10yrs;No defect;Residential areas;One way;Tangent road with flat terrain;Crossing;Asphalt roads;Wet or damp;Darkness - lights lit;Normal;Vehicle with vehicle collision;2;2;unknown;18-30;Not a Pedestrian;No priority to vehicle;Serious Injury
17:22:00;Sunday;Male;Elementary school;Employee;Above 10yr;Lorry (41?100Q);Owner;5-10yrs;No defect;Residential areas;Undivided Two way;Tangent road with flat terrain;Crossing;Asphalt roads;Wet or damp;Darkness - lights lit;Normal;Vehicle with vehicle collision;2;2;Turnover;na;Not a Pedestrian;Overspeed;Serious Injury
16:05:00;Monday;Male;Junior high school;Owner;1-2yr;Public (12 seats);Owner;1-2yr;No defect;Other;Two-way (divided with broken lines road marking);Tangent road with flat terrain;Y Shape;Asphalt roads;Dry;Daylight;Normal;Collision with pedestrians;3;1;Going straight;5;Not a Pedestrian;Driving under the influence of drugs;Slight Injury
16:05:00;Monday;Male;unknown;unknown;unknown;Lorry (41?100Q);Owner;1-2yr;No defect;Office areas;Two-way (divided with broken lines road marking);Tangent road with flat terrain;Y Shape;Asphalt roads;Dry;Daylight;Normal;Collision with pedestrians;3;1;Going straight;31-50;Not a Pedestrian;Changing lane to the right;Slight Injury
16:05:00;Monday;Male;Junior high school;Employee;Above 10yr;Public (12 seats);Owner;2-5yrs;No defect;Other;other;Tangent road with flat terrain;Y Shape;Asphalt roads;Dry;Daylight;Normal;Vehicle with vehicle collision;3;1;Going straight;na;Not a Pedestrian;Changing lane to the right;Slight Injury
09:00:00;Thursday;Male;Elementary school;Owner;2-5yr;Lorry (41?100Q);Owner;Unknown;No defect;Office areas;Double carriageway (median);Tangent road with flat terrain;Crossing;Asphalt roads;Wet or damp;Daylight;Other;Vehicle with vehicle collision;2;1;Going straight;na;Not a Pedestrian;Changing lane to the right;Slight Injury
09:00:00;Thursday;Male;Junior high school;Employee;5-10yr;Other;Owner;Unknown;No defect;Residential areas;Two-way (divided with broken lines road marking);Tangent road with flat terrain;Crossing;Asphalt roads;Wet or damp;Daylight;Other;Vehicle with vehicle collision;2;1;Going straight;18-30;Not a Pedestrian;Changing lane to the right;Slight Injury
08:55:00;Saturday;Male;Junior high school;Employee;Below 1yr;Lorry (41?100Q);Owner;Unknown;No defect;Office areas;Double carriageway (median);Gentle horizontal curve;Y Shape;Asphalt roads;Dry;Daylight;Normal;Vehicle with vehicle collision;1;1;Going straight;18-30;Not a Pedestrian;Moving Backward;Slight Injury
10:44:00;Friday;Male;Junior high school;Employee;5-10yr;unknown;Owner;unknown;No defect;Office areas;Double carriageway (median);Tangent road with flat terrain;No junction;Asphalt roads;Dry;Daylight;Normal;Vehicle with vehicle collision;1;1;Going straight;na;Not a Pedestrian;No distancing;Slight Injury
16:18:00;Wednesday;Male;High school;Employee;Above 10yr;Public (> 45 seats);Organization;Unknown;No defect;Other;Double carriageway (median);Tangent road with flat terrain;Unknown;Earth roads;Wet or damp;Darkness - lights lit;Normal;Vehicle with vehicle collision;1;1;Going straight;18-30;Not a Pedestrian;Overspeed;Slight Injury
17:21:00;Thursday;Male;Junior high school;Employee;5-10yr;Lorry (41?100Q);Owner;Unknown;No defect;Office areas;Two-way (divided with broken lines road marking);Tangent road with flat terrain;No junction;Asphalt roads;Wet or damp;Darkness - lights lit;Normal;Vehicle with vehicle collision;4;2;Going straight;18-30;Not a Pedestrian;No distancing;Slight Injury
17:21:00;Thursday;Male;Elementary school;Employee;1-2yr;Other;Owner;Unknown;No defect;Office areas;unknown;Tangent road with flat terrain;No junction;Asphalt roads;Wet or damp;Darkness - lights lit;Normal;Vehicle with vehicle collision;4;2;Turnover;5;Not a Pedestrian;Driving carelessly;Slight Injury
17:21:00;Thursday;Male;Junior high school;Employee;unknown;Other;Governmental;Unknown;unknown;Office areas;One way;Tangent road with flat terrain;No junction;Asphalt roads;Wet or damp;Darkness - lights lit;Normal;Vehicle with vehicle collision;4;2;unknown;5;Not a Pedestrian;No distancing;Slight Injury
17:21:00;Thursday;Male;Elementary school;Employee;1-2yr;Automobile;Owner;Unknown;unknown;Other;Undivided Two way;Tangent road with flat terrain;No junction;Asphalt roads;Wet or damp;Darkness - lights lit;Normal;Vehicle with vehicle collision;4;2;Reversing;5;Not a Pedestrian;No distancing;Slight Injury
15:40:00;Monday;Male;Junior high school;Owner;1-2yr;Lorry (41?100Q);Owner;Unknown;unknown;Residential areas;unknown;Tangent road with flat terrain;Y Shape;Asphalt roads;Dry;Daylight;Normal;Vehicle with vehicle collision;4;1;Other;5;Not a Pedestrian;No distancing;Slight Injury
15:40:00;Monday;Male;Above high school;Owner;1-2yr;Pick up upto 10Q;Owner;2-5yrs;No defect;Residential areas;Two-way (divided with broken lines road marking);Gentle horizontal curve;Y Shape;Asphalt roads;Dry;Daylight;Normal;Vehicle with vehicle collision;4;1;Going straight;5;Not a Pedestrian;Changing lane to the right;Slight Injury
15:40:00;Monday;Male;Junior high school;Owner;5-10yr;Automobile;Owner;5-10yrs;unknown; Church areas;Two-way (divided with broken lines road marking);Tangent road with flat terrain;Y Shape;Asphalt roads;Dry;Daylight;Normal;Vehicle with vehicle collision;4;1;Going straight;5;Not a Pedestrian;No distancing;Slight Injury
15:40:00;Monday;Female;Junior high school;Employee;5-10yr;unknown;Owner;5-10yrs;unknown;Other;Two-way (divided with broken lines road marking);Tangent road with flat terrain;Y Shape;Asphalt roads;Dry;Daylight;Normal;Vehicle with vehicle collision;4;1;Turnover;18-30;Not a Pedestrian;No priority to vehicle;Slight Injury
16:46:00;Thursday;Male;Elementary school;Employee;5-10yr;Other;Owner;Unknown;unknown;Residential areas;Two-way (divided with broken lines road marking);Tangent road with flat terrain;Y Shape;Gravel roads;Wet or damp;Darkness - lights lit;Cloudy;Vehicle with vehicle collision;3;2;Other;18-30;Not a Pedestrian;Changing lane to the left;Slight Injury
16:46:00;Thursday;Male;High school;Owner;Below 1yr;Automobile;Owner;2-5yrs;unknown;Other;Undivided Two way;Tangent road with flat terrain;Y Shape;Asphalt roads;Wet or damp;Darkness - lights lit;Cloudy;Vehicle with vehicle collision;3;2;Going straight;Under 18;Not a Pedestrian;Moving Backward;Slight Injury
16:46:00;Thursday;Male;Junior high school;Employee;Above 10yr;Stationwagen;Owner;2-5yrs;unknown;Residential areas;Undivided Two way;Tangent road with flat terrain;Y Shape;Asphalt roads;Wet or damp;Darkness - lights lit;Cloudy;Vehicle with vehicle collision;3;2;Going straight;31-50;Not a Pedestrian;Driving carelessly;Slight Injury
17:45:00;Sunday;Male;Junior high school;Employee;5-10yr;Other;Owner;2-5yrs;unknown;Residential areas;Two-way (divided with broken lines road marking);Tangent road with flat terrain;Other;Asphalt roads;Wet or damp;Darkness - lights lit;Raining;Vehicle with vehicle collision;2;2;Other;18-30;Not a Pedestrian;Changing lane to the left;Slight Injury
17:45:00;Sunday;Male;Junior high school;Employee;Below 1yr;unknown;Owner;5-10yrs;No defect;Other;Two-way (divided with broken lines road marking);Tangent road with flat terrain;Other;Asphalt roads;Wet or damp;Darkness - lights lit;Raining;Vehicle with vehicle collision;2;2;Going straight;18-30;Not a Pedestrian;No priority to pedestrian;Slight Injury
11:45:00;Saturday;Female;Junior high school;Employee;Above 10yr;Ridden horse;unknown;unknown;unknown;Other;Two-way (divided with broken lines road marking);Tangent road with flat terrain;Y Shape;Asphalt roads;Snow;Daylight;Snow;Vehicle with vehicle collision;3;2;Turnover;18-30;Not a Pedestrian;No distancing;Slight Injury
11:45:00;Saturday;Male;Junior high school;Employee;5-10yr;unknown;Owner;Unknown;No defect;Other;Undivided Two way;Tangent road with flat terrain;Y Shape;Asphalt roads;Snow;Daylight;Snow;Vehicle with vehicle collision;3;2;Going straight;na;Not a Pedestrian;No distancing;Slight Injury
11:45:00;Saturday;Male;Junior high school;Owner;Above 10yr;Other;Owner;Unknown;No defect;Other;Double carriageway (median);Tangent road with flat terrain;Y Shape;Asphalt roads;Snow;Daylight;Snow;Collision with roadside objects;3;2;Turnover;5;Not a Pedestrian;Overturning;Slight Injury
11:45:00;Saturday;Male;Junior high school;Employee;5-10yr;Lorry (41?100Q);Owner;Unknown;unknown;Residential areas;Two-way (divided with broken lines road marking);Tangent road with flat terrain;Y Shape;Asphalt roads;Snow;Daylight;Snow;Collision with roadside objects;3;2;Going straight;18-30;Not a Pedestrian;No distancing;Slight Injury
12:00:00;Saturday;Male;Junior high school;Employee;1-2yr;Lorry (41?100Q);Owner;2-5yrs;unknown;  Recreational areas;Undivided Two way;Tangent road with flat terrain;Crossing;Asphalt roads;Snow;Daylight;Snow;Vehicle with vehicle collision;3;2;Moving Backward;na;Not a Pedestrian;Drunk driving;Slight Injury
12:00:00;Saturday;Male;Junior high school;Employee;1-2yr;Lorry (41?100Q);Owner;unknown;unknown;Other;other;Tangent road with flat terrain;Crossing;Asphalt roads;Snow;Daylight;Snow;Vehicle with vehicle collision;3;2;unknown;na;Not a Pedestrian;Moving Backward;Slight Injury
12:00:00;Saturday;Male;Junior high school;Employee;1-2yr;Stationwagen;Owner;unknown;unknown;Office areas;Undivided Two way;Tangent road with flat terrain;Crossing;Asphalt roads;Snow;Daylight;Snow;Vehicle with vehicle collision;3;2;Going straight;18-30;Not a Pedestrian;No priority to pedestrian;Slight Injury
12:00:00;Saturday;Male;High school;Employee;2-5yr;Lorry (41?100Q);unknown;unknown;unknown;Other;Undivided Two way;Tangent road with flat terrain;Crossing;Asphalt roads;Snow;Daylight;Snow;Vehicle with vehicle collision;3;2;Going straight;Over 51;Not a Pedestrian;Changing lane to the left;Slight Injury
07:50:00;Friday;Male;High school;Owner;Above 10yr;Automobile;Owner;Unknown;unknown;Office areas;Undivided Two way;Tangent road with flat terrain;No junction;Asphalt roads;Wet or damp;Daylight;Snow;Collision with roadside objects;2;1;Reversing;na;Not a Pedestrian;Changing lane to the left;Slight Injury
07:50:00;Friday;Male;Elementary school;Employee;2-5yr;Automobile;Owner;Unknown;unknown;Office areas;One way;Tangent road with flat terrain;No junction;Asphalt roads;Wet or damp;Daylight;Snow;Vehicle with vehicle collision;2;1;Reversing;31-50;Not a Pedestrian;Getting off the vehicle improperly;Slight Injury
19:55:00;Sunday;Male;Junior high school;Employee;Above 10yr;Pick up upto 10Q;Owner;Unknown;unknown;Office areas;Undivided Two way;Tangent road with flat terrain;No junction;Asphalt roads;Dry;Darkness - no lighting;Snow;Collision with roadside objects;2;2;Reversing;na;Not a Pedestrian;No distancing;Slight Injury
19:55:00;Sunday;Male;High school;Employee;2-5yr;Taxi;Owner;Unknown;No defect;Other;Undivided Two way;Tangent road with flat terrain;No junction;Asphalt roads;Dry;Darkness - no lighting;Snow;Collision with roadside objects;2;2;Going straight;18-30;Not a Pedestrian;Changing lane to the right;Slight Injury
20:30:00;Sunday;Male;Junior high school;Other;No Licence;unknown;Governmental;Unknown;unknown;Other;Double carriageway (median);Tangent road with flat terrain;No junction;Asphalt roads;Wet or damp;Darkness - lights lit;Normal;Collision with pedestrians;2;6;Going straight;na;Not a Pedestrian;Changing lane to the right;Slight Injury
20:30:00;Sunday;Male;Junior high school;Employee;1-2yr;Automobile;Owner;Unknown;No defect;Office areas;Two-way (divided with solid lines road marking);Tangent road with flat terrain;No junction;Asphalt roads;Wet or damp;Darkness - lights lit;Normal;Vehicle with vehicle collision;2;6;Going straight;18-30;Not a Pedestrian;Moving Backward;Slight Injury
20:30:00;Sunday;Male;Junior high school;Owner;5-10yr;unknown;Owner;Unknown;unknown;Residential areas;other;Tangent road with flat terrain;No junction;Asphalt roads;Wet or damp;Darkness - lights lit;Normal;Collision with roadside objects;2;6;Going straight;18-30;Not a Pedestrian;Driving at high speed;Slight Injury
20:30:00;Sunday;Male;Junior high school;Employee;1-2yr;Long lorry;Governmental;2-5yrs;unknown;  Recreational areas;Undivided Two way;Tangent road with flat terrain;No junction;Asphalt roads;Wet or damp;Darkness - lights lit;Normal;Vehicle with vehicle collision;2;6;Moving Backward;31-50;Not a Pedestrian;Changing lane to the left;Slight Injury
20:30:00;Sunday;Male;Junior high school;Employee;Above 10yr;Public (12 seats);Owner;1-2yr;No defect;Other;other;Tangent road with flat terrain;No junction;Earth roads;Wet or damp;Darkness - lights lit;Normal;Vehicle with vehicle collision;2;6;Going straight;Under 18;Not a Pedestrian;Changing lane to the right;Slight Injury
20:30:00;Sunday;Male;Junior high school;Employee;1-2yr;Pick up upto 10Q;Owner;Above 10yr;No defect;Residential areas;other;Tangent road with flat terrain;No junction;Asphalt roads;Wet or damp;Darkness - lights lit;Normal;Vehicle with vehicle collision;2;6;Moving Backward;na;Not a Pedestrian;No distancing;Slight Injury
13:57:00;Wednesday;Male;Junior high school;Employee;1-2yr;unknown;Owner;Unknown;No defect;Other;other;Tangent road with flat terrain;Crossing;Asphalt roads;Snow;Daylight;Normal;Vehicle with vehicle collision;4;2;Moving Backward;18-30;Not a Pedestrian;Changing lane to the right;Slight Injury
13:57:00;Wednesday;Male;Junior high school;Employee;2-5yr;Other;Owner;Unknown;unknown;Other;other;Tangent road with flat terrain;Crossing;Asphalt roads;Snow;Daylight;Normal;Vehicle with vehicle collision;4;2;Going straight;na;Not a Pedestrian;Changing lane to the right;Slight Injury
13:57:00;Wednesday;Female;High school;Employee;1-2yr;Lorry (41?100Q);Owner;5-10yrs;unknown;Other;One way;Tangent road with flat terrain;Crossing;Asphalt roads;Snow;Daylight;Normal;Vehicle with vehicle collision;4;2;Other;31-50;Not a Pedestrian;No distancing;Slight Injury
13:57:00;Wednesday;Female;Junior high school;Employee;1-2yr;Automobile;Owner;Unknown;No defect;Other;Two-way (divided with broken lines road marking);Tangent road with flat terrain;Crossing;Asphalt roads;Snow;Daylight;Normal;Collision with roadside objects;4;2;Going straight;na;Not a Pedestrian;Changing lane to the right;Slight Injury
13:45:00;Sunday;Male;Elementary school;Employee;Above 10yr;Pick up upto 10Q;Owner;2-5yrs;No defect;Other;other;Tangent road with flat terrain;No junction;Asphalt roads;Wet or damp;Daylight;Snow;Vehicle with vehicle collision;2;1;Other;na;Not a Pedestrian;Driving carelessly;Slight Injury
13:45:00;Sunday;Male;Junior high school;Employee;Above 10yr;Lorry (41?100Q);Owner;Unknown;No defect;School areas;Undivided Two way;Tangent road with flat terrain;No junction;Asphalt roads;Wet or damp;Daylight;Snow;Collision with roadside objects;2;1;Going straight;31-50;Not a Pedestrian;Driving carelessly;Slight Injury
07:44:00;Friday;Male;Elementary school;Employee;Above 10yr;Lorry (41?100Q);Owner;unknown;No defect;Office areas;Two-way (divided with broken lines road marking);Tangent road with flat terrain;Y Shape;Gravel roads;Dry;Darkness - lights lit;Normal;Vehicle with vehicle collision;2;1;Reversing;Over 51;Unknown or other;Changing lane to the right;Slight Injury
07:44:00;Friday;Male;Junior high school;Employee;Above 10yr;Long lorry;Owner;Unknown;No defect;Office areas;Two-way (divided with broken lines road marking);Tangent road with flat terrain;Y Shape;Asphalt roads;Dry;Darkness - lights lit;Normal;Vehicle with vehicle collision;2;1;unknown;18-30;Not a Pedestrian;Overturning;Slight Injury
15:35:00;Thursday;Male;Junior high school;Employee;1-2yr;Public (> 45 seats);Owner;5-10yrs;No defect;Office areas;Two-way (divided with broken lines road marking);Tangent road with flat terrain;No junction;Asphalt roads;Dry;Daylight;Normal;Vehicle with vehicle collision;1;1;Going straight;na;Not a Pedestrian;Changing lane to the right;Slight Injury
20:00:00;Friday;Male;Junior high school;Employee;5-10yr;Public (> 45 seats);Owner;Unknown;No defect;School areas;unknown;Tangent road with flat terrain;Y Shape;Asphalt roads;Wet or damp;Darkness - lights lit;Cloudy;Collision with roadside objects;2;2;Going straight;Under 18;Not a Pedestrian;Moving Backward;Slight Injury
20:00:00;Friday;Male;High school;Owner;2-5yr;Automobile;Governmental;unknown;No defect;School areas;Undivided Two way;Tangent road with flat terrain;Y Shape;Other;Wet or damp;Darkness - lights lit;Cloudy;Collision with roadside objects;2;2;Going straight;Under 18;Crossing from offside - masked by  parked or statioNot a Pedestrianry vehicle;No distancing;Slight Injury
20:00:00;Friday;Male;Junior high school;Employee;2-5yr;Automobile;Owner;unknown;No defect;Office areas;Two-way (divided with broken lines road marking);Tangent road with flat terrain;Y Shape;Asphalt roads;Wet or damp;Darkness - lights lit;Cloudy;Vehicle with vehicle collision;2;2;Going straight;31-50;Not a Pedestrian;Overturning;Slight Injury
17:46:00;Thursday;Male;Junior high school;Employee;5-10yr;Automobile;Owner;unknown;No defect;Office areas;Two-way (divided with broken lines road marking);Tangent road with flat terrain;Y Shape;Asphalt roads;Snow;Darkness - lights lit;Other;Vehicle with vehicle collision;2;3;Going straight;na;Not a Pedestrian;Driving carelessly;Slight Injury
17:46:00;Thursday;Male;Junior high school;Employee;5-10yr;Other;Governmental;Above 10yr;No defect;School areas;Two-way (divided with broken lines road marking);Tangent road with flat terrain;Y Shape;Asphalt roads;Snow;Darkness - lights lit;Other;Vehicle with vehicle collision;2;3;Going straight;na;Not a Pedestrian;Changing lane to the right;Slight Injury
17:46:00;Thursday;Male;Junior high school;Employee;2-5yr;Public (12 seats);Owner;1-2yr;No defect;unknown;Two-way (divided with broken lines road marking);Tangent road with flat terrain;Y Shape;Asphalt roads;Snow;Darkness - lights lit;Other;Vehicle with vehicle collision;2;3;Other;18-30;Not a Pedestrian;Driving at high speed;Slight Injury
14:20:00;Friday;Male;High school;Employee;Above 10yr;Automobile;Owner;Above 10yr;No defect;Other;Two-way (divided with broken lines road marking);Tangent road with flat terrain;Y Shape;Asphalt roads;Dry;Daylight;Normal;Vehicle with vehicle collision;1;1;Going straight;na;Not a Pedestrian;Changing lane to the left;Slight Injury