Time;Day_of_week;Sex_of_driver;Educational_level;Vehicle_driver_relation;Driving_experience;Type_of_vehicle;Owner_of_vehicle;Service_year_of_vehicle;Defect_of_vehicle;Area_accident_occured;Lanes_or_Medians;Road_allignment;Types_of_Junction;Road_surface_type;Road_surface_conditions;Light_conditions;Weather_conditions;Type_of_collision;Number_of_vehicles_involved;Number_of_casualties;Vehicle_movement;Age_band_of_casualty;Pedestrian_movement;Cause_of_accident;Accident_severity
12:15:00;Sunday;Male;Elementary school;Employee;5-10yr;Stationwagen;Owner;Below 1yr;No defect;Other;Undivided Two way;Tangent road with flat terrain;Y Shape;Asphalt roads;Dry;Daylight;Normal;Vehicle with vehicle collision;2;1;Going straight;Under 18;Not a Pedestrian;Driving carelessly;Slight Injury
12:15:00;Sunday;Male;Junior high school;Employee;Above 10yr;Automobile;Owner;Above 10yr;No defect;Other;Two-way (divided with broken lines road marking);Tangent road with flat terrain;Y Shape;Asphalt roads;Dry;Daylight;Normal;Vehicle with vehicle collision;2;1;Going straight;18-30;Walking along in carriageway, back to traffic;No distancing;Slight Injury
07:40:00;Tuesday;Male;Writing & reading;Employee;2-5yr;Automobile;Owner;Unknown;No defect;Residential areas;Undivided Two way;Tangent road with flat terrain;Y Shape;Asphalt roads;Wet or damp;Darkness - lights lit;Normal;Collision with roadside objects;1;1;Going straight;na;Not a Pedestrian;Moving Backward;Slight Injury
16:10:00;Wednesday;Male;Junior high school;Employee;2-5yr;Automobile;Governmental;1-2yr;No defect;Other;Undivided Two way;Tangent road with flat terrain;Y Shape;Asphalt roads;Wet or damp;Darkness - lights lit;Raining;Collision with roadside objects;1;1;Reversing;31-50;Not a Pedestrian;No priority to pedestrian;Slight Injury
08:35:00;Wednesday;Male;High school;Employee;2-5yr;unknown;Owner;1-2yr;No defect;Other;Undivided Two way;Tangent road with flat terrain;Y Shape;Asphalt roads;Wet or damp;Daylight;Windy;Collision with roadside objects;2;1;Going straight;31-50;Not a Pedestrian;Moving Backward;Slight Injury
08:35:00;Wednesday;Male;Junior high school;Employee;1-2yr;unknown;Owner;unknown;No defect; Industrial areas;Undivided Two way;Tangent road with flat terrain;Y Shape;Asphalt roads;Wet or damp;Daylight;Windy;Vehicle with vehicle collision;2;1;Going straight;Over 51;Not a Pedestrian;Changing lane to the right;Slight Injury
08:40:00;Wednesday;Male;High school;Employee;5-10yr;Pick up upto 10Q;Owner;unknown;No defect;  Recreational areas;Undivided Two way;Tangent road with flat terrain;Y Shape;Asphalt roads;Dry;Daylight;Normal;Vehicle with vehicle collision;1;1;Other;18-30;Not a Pedestrian;No distancing;Slight Injury
18:49:00;Tuesday;Male;Elementary school;Employee;2-5yr;Turbo;Owner;Above 10yr;No defect; Church areas;Two-way (divided with broken lines road marking);Tangent road with flat terrain;Y Shape;Asphalt roads;Dry;Darkness - lights lit;Normal;Vehicle with vehicle collision;1;1;Going straight;31-50;Not a Pedestrian;Drunk driving;Slight Injury
12:46:00;Friday;Male;Junior high school;Employee;1-2yr;Pick up upto 10Q;Owner;unknown;unknown;Office areas;Two-way (divided with broken lines road marking);Tangent road with flat terrain;Y Shape;Asphalt roads;Dry;Daylight;Normal;Vehicle with vehicle collision;2;1;Going straight;18-30;Crossing from nearside - masked by parked or statioNot a Pedestrianry vehicle;Changing lane to the right;Slight Injury
12:46:00;Friday;Male;Elementary school;Employee;1-2yr;Other;Owner;unknown;unknown;Other;Two-way (divided with broken lines road marking);Tangent road with flat terrain;Y Shape;Gravel roads;Dry;Daylight;Normal;Collision with pedestrians;2;1;Going straight;na;Not a Pedestrian;Driving carelessly;Slight Injury
07:40:00;Wednesday;Male;High school;Employee;No Licence;Stationwagen;Owner;unknown;unknown;Office areas;Undivided Two way;Tangent road with flat terrain;Y Shape;Asphalt roads;Dry;Daylight;Normal;Collision with pedestrians;2;1;Turnover;31-50;Not a Pedestrian;Driving to the left;Slight Injury
07:40:00;Wednesday;Male;Junior high school;Owner;5-10yr;Pick up upto 10Q;Owner;unknown;unknown;Office areas;Two-way (divided with broken lines road marking);Tangent road with flat terrain;Y Shape;Asphalt roads;Dry;Daylight;Normal;Vehicle with vehicle collision;2;1;Going straight;31-50;Not a Pedestrian;Changing lane to the right;Slight Injury
06:00:00;Sunday;Female;Junior high school;Employee;1-2yr;Lorry (41?100Q);Owner;unknown;unknown;Other;Two-way (divided with broken lines road marking);Tangent road with flat terrain;Crossing;Asphalt roads;Dry;Darkness - lights lit;Normal;Vehicle with vehicle collision;2;1;Going straight;na;Not a Pedestrian;Changing lane to the right;Serious Injury
06:00:00;Sunday;Male;Junior high school;Employee;2-5yr;Lorry (41?100Q);Owner;Above 10yr;unknown;Residential areas;Undivided Two way;Tangent road with flat terrain;Crossing;Other;Dry;Darkness - lights lit;Normal;Vehicle with vehicle collision;2;1;Reversing;Over 51;Not a Pedestrian;Driving carelessly;Serious Injury
15:00:00;Saturday;Male;Junior high school;Employee;5-10yr;Automobile;Owner;Above 10yr;unknown;Office areas;other;Tangent road with mountainous terrain and;Y Shape;Asphalt roads;Dry;Daylight;Normal;Vehicle with vehicle collision;1;1;Other;18-30;Crossing from offside - masked by  parked or statioNot a Pedestrianry vehicle;Changing lane to the left;Slight Injury
18:02:00;Wednesday;Male;unknown;unknown;unknown;Automobile;Owner;Above 10yr;No defect;Residential areas;other;Tangent road with flat terrain;Crossing;Other;Dry;Darkness - no lighting;Normal;Vehicle with vehicle collision;1;1;Going straight;31-50;Not a Pedestrian;No priority to vehicle;Slight Injury
21:25:00;Thursday;Male;unknown;unknown;unknown;Pick up upto 10Q;unknown;unknown;unknown;School areas;Two-way (divided with broken lines road marking);Tangent road with flat terrain;Y Shape;Asphalt roads;Wet or damp;Darkness - lights lit;Normal;Vehicle with vehicle collision;2;2;Going straight;na;Not a Pedestrian;Driving carelessly;Slight Injury
21:25:00;Thursday;Male;Junior high school;Employee;2-5yr;Pick up upto 10Q;Owner;Above 10yr;No defect;Office areas;Two-way (divided with broken lines road marking);Sharp reverse curve;Y Shape;Asphalt roads;Wet or damp;Darkness - lights lit;Normal;Vehicle with vehicle collision;2;2;Moving Backward;na;Not a Pedestrian;Changing lane to the right;Slight Injury
21:25:00;Thursday;Male;Junior high school;Employee;Above 10yr;Lorry (41?100Q);Owner;5-10yrs;No defect;Other;other;Tangent road with flat terrain;Y Shape;Asphalt roads;Wet or damp;Darkness - lights lit;Normal;Vehicle with vehicle collision;2;2;Reversing;18-30;Not a Pedestrian;Driving carelessly;Slight Injury
16:55:00;Friday;Male;Junior high school;Owner;Above 10yr;Public (12 seats);Owner;Above 10yr;No defect;Other;Undivided Two way;Tangent road with flat terrain;No junction;Asphalt roads;Dry;Daylight;Normal;Vehicle with vehicle collision;3;3;Going straight;31-50;Not a Pedestrian;Driving under the influence of drugs;Slight Injury
16:55:00;Friday;Male;unknown;unknown;unknown;Other;Owner;Above 10yr;No defect; Church areas;other;Tangent road with flat terrain;No junction;Asphalt roads;Dry;Daylight;Normal;Vehicle with vehicle collision;3;3;Going straight;18-30;Not a Pedestrian;No distancing;Slight Injury
16:55:00;Friday;Male;Elementary school;Owner;Above 10yr;Stationwagen;Owner;unknown;No defect;Office areas;Two-way (divided with broken lines road marking);Tangent road with flat terrain;No junction;Asphalt roads;Dry;Daylight;Normal;Collision with roadside objects;3;3;Moving Backward;18-30;Not a Pedestrian;Changing lane to the left;Slight Injury
16:55:00;Friday;Female;Junior high school;Employee;Above 10yr;Automobile;Owner;unknown;No defect;Other;Two-way (divided with broken lines road marking);Tangent road with flat terrain;No junction;Asphalt roads;Dry;Daylight;Normal;Rollover;3;3;Going straight;Over 51;Unknown or other;No priority to vehicle;Slight Injury
16:55:00;Friday;Female;Elementary school;Owner;2-5yr;Automobile;Owner;unknown;No defect;Office areas;Two-way (divided with broken lines road marking);Tangent road with mild grade and flat terrain;No junction;Asphalt roads;Dry;Daylight;Normal;Vehicle with vehicle collision;3;3;Going straight;na;Not a Pedestrian;Moving Backward;Slight Injury
20:15:00;Monday;Male;Junior high school;Employee;5-10yr;Lorry (41?100Q);Owner;unknown;No defect;Office areas;Two-way (divided with broken lines road marking);Tangent road with flat terrain;No junction;Asphalt roads;Dry;Darkness - no lighting;Normal;Vehicle with vehicle collision;2;2;Going straight;18-30;Not a Pedestrian;Moving Backward;Slight Injury
20:15:00;Monday;Male;Junior high school;Employee;Below 1yr;Stationwagen;Owner;Above 10yr;No defect;Office areas;Two-way (divided with broken lines road marking);Sharp reverse curve;No junction;Asphalt roads;Dry;Darkness - no lighting;Normal;Vehicle with vehicle collision;2;2;Going straight;na;Not a Pedestrian;No distancing;Slight Injury
20:15:00;Monday;Male;Junior high school;Employee;5-10yr;Lorry (41?100Q);Owner;Above 10yr;No defect; Church areas;Undivided Two way;Sharp reverse curve;No junction;Asphalt roads;Dry;Darkness - no lighting;Normal;Vehicle with vehicle collision;2;2;Going straight;Under 18;Not a Pedestrian;Changing lane to the right;Slight Injury
15:30:00;Tuesday;Male;High school;Employee;Above 10yr;Public (> 45 seats);Owner;Above 10yr;No defect;Office areas;Undivided Two way;Gentle horizontal curve;Y Shape;Asphalt roads;Dry;Daylight;Normal;Vehicle with vehicle collision;1;1;Going straight;na;Not a Pedestrian;Changing lane to the right;Slight Injury
20:17:00;Thursday;Male;Junior high school;Employee;5-10yr;Automobile;Owner;5-10yrs;No defect;Other;Double carriageway (median);Gentle horizontal curve;No junction;Asphalt roads;Wet or damp;Darkness - lights lit;Normal;Collision with roadside objects;2;1;unknown;18-30;Not a Pedestrian;Moving Backward;Slight Injury
20:17:00;Thursday;Male;Elementary school;Employee;1-2yr;Automobile;Owner;unknown;unknown;Other;Two-way (divided with broken lines road marking);Tangent road with flat terrain;No junction;Asphalt roads;Wet or damp;Darkness - lights lit;Normal;Collision with roadside objects;2;1;Going straight;na;Not a Pedestrian;Driving carelessly;Slight Injury
13:07:00;Sunday;Male;Junior high school;Employee;unknown;Automobile;Owner;5-10yrs;No defect; Church areas;Unknown;Tangent road with mountainous terrain and;Crossing;Asphalt roads;Wet or damp;Daylight;Raining;Vehicle with vehicle collision;2;2;Reversing;18-30;Not a Pedestrian;Driving under the influence of drugs;Slight Injury
13:07:00;Sunday;Male;Above high school;Employee;1-2yr;unknown;Owner;1-2yr;unknown;School areas;Undivided Two way;Tangent road with flat terrain;Crossing;Asphalt roads;Wet or damp;Daylight;Raining;Collision with roadside objects;2;2;Going straight;na;Not a Pedestrian;No distancing;Slight Injury
13:07:00;Sunday;Male;Junior high school;Employee;Above 10yr;Lorry (41?100Q);unknown;unknown;unknown; Church areas;Two-way (divided with broken lines road marking);Tangent road with flat terrain;Crossing;Asphalt roads;Wet or damp;Daylight;Raining;Vehicle with vehicle collision;2;2;Going straight;31-50;Not a Pedestrian;No distancing;Slight Injury
16:30:00;Tuesday;Male;Junior high school;Employee;1-2yr;Lorry (41?100Q);Owner;Above 10yr;unknown;Office areas;Undivided Two way;Tangent road with flat terrain;Crossing;Asphalt roads;Dry;Daylight;Normal;Vehicle with vehicle collision;2;1;Going straight;na;Not a Pedestrian;No priority to vehicle;Slight Injury
16:30:00;Tuesday;Male;Junior high school;Employee;5-10yr;Automobile;Owner;2-5yrs;No defect;Other;other;Tangent road with flat terrain;Crossing;Asphalt roads;Dry;Daylight;Normal;Vehicle with vehicle collision;2;1;Going straight;18-30;Not a Pedestrian;Driving to the left;Slight Injury
15:18:00;Monday;Male;Junior high school;Employee;2-5yr;Stationwagen;Owner;Above 10yr;unknown; Church areas;Two-way (divided with broken lines road marking);Steep grade upward with mountainous terrain;No junction;Asphalt roads;Dry;Daylight;Normal;Vehicle with vehicle collision;1;1;Going straight;Under 18;Not a Pedestrian;No priority to vehicle;Serious Injury
17:40:00;Wednesday;Male;unknown;unknown;unknown;Public (12 seats);Governmental;1-2yr;No defect;Other;Double carriageway (median);Tangent road with flat terrain;No junction;Asphalt roads;Dry;Daylight;Normal;Vehicle with vehicle collision;1;1;Going straight;na;Not a Pedestrian;No priority to vehicle;Slight Injury
18:32:00;Tuesday;Male;Junior high school;Employee;2-5yr;Public (12 seats);Governmental;Above 10yr;unknown;Other;Double carriageway (median);Tangent road with flat terrain;No junction;Earth roads;Dry;Darkness - lights lit;Normal;Vehicle with vehicle collision;3;3;Other;31-50;Not a Pedestrian;No priority to vehicle;Slight Injury
18:32:00;Tuesday;Male;Junior high school;Employee;2-5yr;Automobile;Organization;5-10yrs;No defect;Office areas;Two-way (divided with broken lines road marking);Gentle horizontal curve;No junction;Asphalt roads;Dry;Darkness - lights lit;Normal;Collision with pedestrians;3;3;Moving Backward;18-30;Not a Pedestrian;No distancing;Slight Injury
18:32:00;Tuesday;Male;Junior high school;Employee;Above 10yr;Public (12 seats);Organization;Above 10yr;No defect;Other;Two-way (divided with broken lines road marking);Tangent road with flat terrain;No junction;Asphalt roads;Dry;Darkness - lights lit;Normal;Vehicle with vehicle collision;3;3;Other;na;Not a Pedestrian;Moving Backward;Slight Injury
18:32:00;Tuesday;Male;Junior high school;Employee;1-2yr;Public (12 seats);Owner;2-5yrs;No defect;Other;Two-way (divided with broken lines road marking);Tangent road with flat terrain;No junction;Asphalt roads;Dry;Darkness - lights lit;Normal;Collision with roadside objects;3;3;Going straight;na;Not a Pedestrian;Changing lane to the right;Slight Injury
18:35:00;Saturday;Male;Above high school;Owner;1-2yr;Lorry (41?100Q);Governmental;unknown;No defect;Residential areas;Two-way (divided with broken lines road marking);Tangent road with flat terrain;No junction;Asphalt roads;Dry;Darkness - lights lit;Normal;Vehicle with vehicle collision;2;1;Going straight;18-30;Not a Pedestrian;Driving carelessly;Slight Injury
18:35:00;Saturday;Male;Above high school;Employee;No Licence;Automobile;Owner;2-5yrs;No defect;Office areas;Two-way (divided with broken lines road marking);Tangent road with flat terrain;No junction;Asphalt roads;Dry;Darkness - lights lit;Normal;Collision with roadside objects;2;1;Going straight;31-50;Not a Pedestrian;Changing lane to the left;Slight Injury
12:10:00;Friday;Male;Junior high school;Employee;1-2yr;Lorry (41?100Q);Owner;2-5yrs;No defect; Church areas;One way;Tangent road with flat terrain;Y Shape;Asphalt roads;Dry;Daylight;Normal;Vehicle with vehicle collision;2;1;Other;na;Not a Pedestrian;No distancing;Slight Injury
12:10:00;Friday;Male;Junior high school;Employee;5-10yr;unknown;Owner;1-2yr;No defect;unknown;Undivided Two way;Tangent road with flat terrain;Y Shape;Asphalt roads;Dry;Daylight;Normal;Vehicle with vehicle collision;2;1;Going straight;31-50;Not a Pedestrian;Changing lane to the right;Slight Injury
15:08:00;Monday;Male;Junior high school;Employee;Above 10yr;Automobile;Owner;Above 10yr;unknown;  Market areas;other;Steep grade downward with mountainous terrain;Y Shape;Asphalt roads;Dry;Daylight;Unknown;Collision with pedestrians;3;4;unknown;na;Not a Pedestrian;Driving under the influence of drugs;Serious Injury
15:08:00;Monday;Male;Junior high school;Employee;Above 10yr;Stationwagen;Owner;Above 10yr;unknown;Other;Two-way (divided with broken lines road marking);Tangent road with mountainous terrain and;Y Shape;Asphalt roads;Dry;Daylight;Unknown;Vehicle with vehicle collision;3;4;Going straight;na;Not a Pedestrian;No distancing;Serious Injury
15:08:00;Monday;Male;Junior high school;Owner;5-10yr;unknown;Owner;unknown;No defect;Other;Undivided Two way;Tangent road with mountainous terrain and;Y Shape;Asphalt roads;Dry;Daylight;Unknown;Vehicle with vehicle collision;3;4;Going straight;5;Not a Pedestrian;Overturning;Serious Injury
15:08:00;Monday;Male;Elementary school;Employee;2-5yr;unknown;Owner;unknown;No defect; Church areas;Undivided Two way;Tangent road with flat terrain;Y Shape;Gravel roads;Dry;Daylight;Unknown;Vehicle with vehicle collision;3;4;Going straight;18-30;Not a Pedestrian;No distancing;Serious Injury
08:54:00;Thursday;Male;Junior high school;Employee;2-5yr;Automobile;Governmental;1-2yr;No defect;Residential areas;Undivided Two way;Tangent road with flat terrain;Crossing;Asphalt roads;Dry;Daylight;Normal;Vehicle with vehicle collision;1;1;Going straight;na;Not a Pedestrian;Changing lane to the right;Slight Injury
16:51:00;Wednesday;Male;Junior high school;Employee;Below 1yr;Stationwagen;Owner;Unknown;No defect;Other;Undivided Two way;Tangent road with flat terrain;No junction;Earth roads;Dry;Daylight;Normal;Collision with pedestrians;1;1;Moving Backward;18-30;Not a Pedestrian;No priority to vehicle;Serious Injury
19:02:00;Saturday;Male;Junior high school;Employee;2-5yr;Automobile;Owner;Unknown;No defect;Other;Two-way (divided with broken lines road marking);Tangent road with flat terrain;Crossing;Asphalt roads;Wet or damp;Darkness - lights lit;Normal;Vehicle with vehicle collision;2;1;Moving Backward;na;Not a Pedestrian;Changing lane to the right;Slight Injury
19:02:00;Saturday;Male;Junior high school;Employee;2-5yr;Other;Owner;Unknown;No defect;Other;Double carriageway (median);Tangent road with flat terrain;Crossing;Asphalt roads;Wet or damp;Darkness - lights lit;Normal;Vehicle with vehicle collision;2;1;Going straight;Over 51;Not a Pedestrian;Changing lane to the left;Slight Injury
08:10:00;Monday;Male;Elementary school;Employee;5-10yr;Other;Owner;unknown;No defect;  Recreational areas;Two-way (divided with broken lines road marking);Tangent road with flat terrain;Y Shape;Asphalt roads;Wet or damp;Daylight;Fog or mist;Vehicle with vehicle collision;2;1;Going straight;Over 51;Unknown or other;No distancing;Slight Injury
08:10:00;Monday;Male;Junior high school;Employee;Above 10yr;Automobile;Owner;Unknown;No defect;  Recreational areas;One way;Tangent road with flat terrain;Y Shape;Earth roads;Wet or damp;Daylight;Fog or mist;Vehicle with vehicle collision;2;1;Turnover;Under 18;Not a Pedestrian;No priority to pedestrian;Slight Injury
17:50:00;Saturday;Male;unknown;unknown;unknown;Lorry (41?100Q);Owner;unknown;No defect;Other;Two-way (divided with broken lines road marking);Tangent road with flat terrain;Y Shape;Asphalt roads;Dry;Daylight;Normal;Collision with roadside objects;2;1;Going straight;31-50;Not a Pedestrian;Driving carelessly;Slight Injury
17:50:00;Saturday;Male;Junior high school;Employee;2-5yr;Lorry (41?100Q);Organization;1-2yr;No defect;Office areas;Two-way (divided with broken lines road marking);Tangent road with flat terrain;Y Shape;Asphalt roads;Dry;Daylight;Normal;Vehicle with vehicle collision;2;1;Going straight;Over 51;Not a Pedestrian;No distancing;Slight Injury
20:51:00;Tuesday;Male;Junior high school;Employee;5-10yr;Lorry (41?100Q);Owner;2-5yrs;No defect;Residential areas;Two-way (divided with broken lines road marking);Tangent road with flat terrain;Y Shape;Asphalt roads;Wet or damp;Darkness - lights lit;Windy;Vehicle with vehicle collision;1;1;Going straight;na;Not a Pedestrian;Driving carelessly;Serious Injury
14:00:00;Saturday;Male;Above high school;Employee;2-5yr;Automobile;Owner;2-5yrs;No defect;Other;Two-way (divided with broken lines road marking);Tangent road with flat terrain;Y Shape;Asphalt roads;Dry;Daylight;Normal;Vehicle with vehicle collision;2;1;Going straight;18-30;Not a Pedestrian;Driving carelessly;Slight Injury
14:00:00;Saturday;Male;unknown;unknown;unknown;Automobile;unknown;1-2yr;unknown;Residential areas;Undivided Two way;Steep grade downward with mountainous terrain;Y Shape;Asphalt roads;Dry;Daylight;Normal;Vehicle with vehicle collision;2;1;Going straight;na;Not a Pedestrian;Moving Backward;Slight Injury
14:43:00;Friday;Male;unknown;Employee;1-2yr;Public (13?45 seats);Owner;unknown;No defect; Church areas;Double carriageway (median);Tangent road with flat terrain;Other;Asphalt roads;Dry;Daylight;Normal;Collision with roadside objects;1;1;Going straight;na;Not a Pedestrian;Overtaking;Slight Injury
16:26:00;Tuesday;Male;Junior high school;Employee;2-5yr;Public (13?45 seats);Owner;2-5yrs;unknown;Other;One way;Tangent road with flat terrain;Y Shape;Asphalt roads;Dry;Daylight;Normal;Vehicle with vehicle collision;2;1;Going straight;31-50;Not a Pedestrian;No priority to vehicle;Serious Injury
16:26:00;Tuesday;Male;Junior high school;Employee;Above 10yr;Lorry (41?100Q);Owner;5-10yrs;No defect;Office areas;Two-way (divided with broken lines road marking);Tangent road with mountainous terrain and;Y Shape;Asphalt roads;Dry;Daylight;Normal;Vehicle with vehicle collision;2;1;Going straight;na;Not a Pedestrian;No priority to vehicle;Serious Injury
13:54:00;Saturday;Male;Junior high school;Employee;Below 1yr;Lorry (41?100Q);Owner;2-5yrs;unknown;Other;Undivided Two way;Tangent road with flat terrain;Y Shape;Asphalt roads;Dry;Daylight;Normal;Vehicle with vehicle collision;2;2;unknown;31-50;Not a Pedestrian;Changing lane to the left;Slight Injury
13:54:00;Saturday;Male;Junior high school;Employee;2-5yr;Public (12 seats);Owner;Unknown;unknown;  Recreational areas;Two-way (divided with broken lines road marking);Steep grade downward with mountainous terrain;Y Shape;Asphalt roads;Dry;Daylight;Normal;Vehicle with vehicle collision;2;2;Other;na;Not a Pedestrian;No priority to vehicle;Slight Injury
13:54:00;Saturday;Male;Junior high school;Employee;Below 1yr;Other;Owner;unknown;No defect;Other;Undivided Two way;Tangent road with flat terrain;Y Shape;Asphalt roads;Dry;Daylight;Normal;Vehicle with vehicle collision;2;2;Getting off;Under 18;Not a Pedestrian;No distancing;Slight Injury
15:31:00;Monday;Male;High school;Employee;5-10yr;Lorry (41?100Q);Owner;1-2yr;No defect;Office areas;Two-way (divided with broken lines road marking);Tangent road with flat terrain;Y Shape;Asphalt roads;Dry;Daylight;Cloudy;Vehicle with vehicle collision;2;1;Going straight;18-30;Not a Pedestrian;Moving Backward;Slight Injury
15:31:00;Monday;Male;Above high school;Employee;1-2yr;Automobile;Governmental;unknown;No defect;Residential areas;Undivided Two way;Tangent road with flat terrain;Y Shape;Asphalt roads;Dry;Daylight;Cloudy;Vehicle with vehicle collision;2;1;Going straight;na;Not a Pedestrian;Changing lane to the right;Slight Injury
12:30:00;Thursday;Male;Junior high school;Employee;Below 1yr;Other;Owner;Unknown;No defect;Office areas;One way;Tangent road with flat terrain;No junction;Asphalt roads;Wet or damp;Daylight;Normal;Vehicle with vehicle collision;1;1;Going straight;31-50;Not a Pedestrian;No distancing;Slight Injury
18:45:00;Wednesday;Male;unknown;unknown;unknown;Motorcycle;Owner;unknown;No defect;Office areas;Two-way (divided with broken lines road marking);Tangent road with flat terrain;No junction;Asphalt roads;Wet or damp;Darkness - lights lit;Raining;Vehicle with vehicle collision;2;1;Other;na;Not a Pedestrian;Overtaking;Slight Injury
18:45:00;Wednesday;Male;High school;Employee;Below 1yr;Automobile;Owner;Unknown;No defect; Church areas;Double carriageway (median);Tangent road with flat terrain;No junction;Asphalt roads;Wet or damp;Darkness - lights lit;Raining;Vehicle with vehicle collision;2;1;Going straight;18-30;Not a Pedestrian;No distancing;Slight Injury
19:12:00;Tuesday;Male;High school;Employee;Below 1yr;Automobile;Owner;unknown;No defect; Church areas;Undivided Two way;Tangent road with flat terrain;No junction;Asphalt roads;Dry;Darkness - lights lit;Normal;Vehicle with vehicle collision;1;1;Moving Backward;na;Not a Pedestrian;Changing lane to the left;Serious Injury
17:25:00;Friday;Male;unknown;unknown;unknown;Lorry (41?100Q);Owner;unknown;No defect;Residential areas;Undivided Two way;Tangent road with flat terrain;No junction;Asphalt roads;Dry;Daylight;Normal;Collision with roadside objects;2;1;Other;31-50;Not a Pedestrian;Driving under the influence of drugs;Slight Injury
17:25:00;Friday;Male;High school;Employee;2-5yr;Automobile;Owner;unknown;No defect;Other;Undivided Two way;Tangent road with flat terrain;No junction;Asphalt roads;Dry;Daylight;Normal;Collision with roadside objects;2;1;Going straight;na;Not a Pedestrian;No distancing;Slight Injury
12:48:00;Friday;Male;Junior high school;Employee;Above 10yr;Public (> 45 seats);Owner;Unknown;unknown;Other;other;Tangent road with flat terrain;Y Shape;Asphalt roads;Wet or damp;Daylight;Normal;Collision with roadside objects;1;1;Going straight;31-50;Not a Pedestrian;No distancing;Slight Injury
07:10:00;Friday;Male;Junior high school;Employee;Above 10yr;Lorry (41?100Q);Owner;unknown;No defect;unknown;Undivided Two way;Tangent road with flat terrain;Y Shape;Earth roads;Dry;Daylight;Normal;Collision with pedestrians;2;1;Going straight;18-30;Not a Pedestrian;Changing lane to the right;Slight Injury
07:10:00;Friday;Male;Junior high school;Employee;5-10yr;Public (> 45 seats);Owner;2-5yrs;unknown;Residential areas;Undivided Two way;Tangent road with flat terrain;Y Shape;Asphalt roads;Dry;Daylight;Normal;Vehicle with vehicle collision;2;1;unknown;na;Not a Pedestrian;Changing lane to the left;Slight Injury
17:10:00;Friday;Male;Junior high school;Employee;1-2yr;Lorry (41?100Q);Owner;Unknown;unknown;Office areas;Undivided Two way;Tangent road with flat terrain;No junction;Asphalt roads;Wet or damp;Daylight;Normal;Vehicle with vehicle collision;3;1;Going straight;18-30;Not a Pedestrian;Moving Backward;Slight Injury
17:10:00;Friday;Male;Unknown;Employee;Below 1yr;Lorry (41?100Q);Owner;Unknown;unknown;Residential areas;Undivided Two way;Tangent road with flat terrain;No junction;Other;Wet or damp;Daylight;Normal;Collision with pedestrians;3;1;Going straight;na;Not a Pedestrian;No distancing;Slight Injury
17:10:00;Friday;Male;Junior high school;Employee;Below 1yr;Lorry (41?100Q);Owner;Unknown;No defect;Other;Two-way (divided with broken lines road marking);Tangent road with flat terrain;No junction;Asphalt roads;Wet or damp;Daylight;Normal;Vehicle with vehicle collision;3;1;Going straight;na;Not a Pedestrian;No distancing;Slight Injury
09:05:00;Friday;Male;High school;Employee;2-5yr;Public (12 seats);Owner;unknown;No defect;Other;Two-way (divided with broken lines road marking);Tangent road with flat terrain;Y Shape;Asphalt roads;Wet or damp;Daylight;Raining;Vehicle with vehicle collision;2;1;Going straight;31-50;Not a Pedestrian;Driving carelessly;Slight Injury
09:05:00;Friday;Male;Junior high school;Owner;1-2yr;Public (12 seats);Owner;unknown;No defect;  Recreational areas;Two-way (divided with broken lines road marking);Tangent road with flat terrain;Y Shape;Asphalt roads;Wet or damp;Daylight;Raining;Vehicle with vehicle collision;2;1;Going straight;na;Not a Pedestrian;Moving Backward;Slight Injury
16:15:00;Wednesday;Male;Junior high school;Employee;5-10yr;Stationwagen;Owner;5-10yrs;unknown; Church areas;One way;Tangent road with flat terrain;No junction;Asphalt roads;Dry;Daylight;Normal;Vehicle with vehicle collision;1;1;Going straight;Under 18;Not a Pedestrian;No distancing;Slight Injury
18:00:00;Sunday;Female;Elementary school;Employee;2-5yr;Lorry (41?100Q);Owner;unknown;unknown;School areas;Two-way (divided with broken lines road marking);Tangent road with flat terrain;Crossing;Asphalt roads;Dry;Darkness - lights lit;Normal;Vehicle with vehicle collision;1;1;Going straight;na;Not a Pedestrian;Changing lane to the right;Slight Injury
13:55:00;Sunday;Male;Elementary school;Owner;5-10yr;Automobile;Owner;2-5yrs;unknown;Office areas;Undivided Two way;Tangent road with flat terrain;Y Shape;Asphalt roads;Dry;Daylight;Normal;Vehicle with vehicle collision;3;3;Going straight;18-30;Not a Pedestrian;Driving carelessly;Slight Injury
13:55:00;Sunday;Male;Junior high school;Employee;Above 10yr;Pick up upto 10Q;Owner;1-2yr;unknown;Other;unknown;Tangent road with flat terrain;Y Shape;Asphalt roads;Dry;Daylight;Normal;Collision with roadside objects;3;3;Going straight;18-30;Crossing from nearside - masked by parked or statioNot a Pedestrianry vehicle;Driving to the left;Slight Injury
13:55:00;Sunday;Male;Junior high school;Employee;5-10yr;Automobile;Owner;5-10yrs;unknown;Residential areas;Undivided Two way;Tangent road with flat terrain;Y Shape;Asphalt roads;Dry;Daylight;Normal;Collision with pedestrians;3;3;Going straight;31-50;Not a Pedestrian;Changing lane to the right;Slight Injury
13:55:00;Sunday;Male;High school;Employee;5-10yr;Public (13?45 seats);Owner;Above 10yr;unknown;Other;Undivided Two way;Tangent road with flat terrain;Y Shape;Asphalt roads;Dry;Daylight;Normal;Vehicle with vehicle collision;3;3;Going straight;na;Not a Pedestrian;Driving carelessly;Slight Injury