Time;Day_of_week;Sex_of_driver;Educational_level;Vehicle_driver_relation;Driving_experience;Type_of_vehicle;Owner_of_vehicle;Service_year_of_vehicle;Defect_of_vehicle;Area_accident_occured;Lanes_or_Medians;Road_allignment;Types_of_Junction;Road_surface_type;Road_surface_conditions;Light_conditions;Weather_conditions;Type_of_collision;Number_of_vehicles_involved;Number_of_casualties;Vehicle_movement;Age_band_of_casualty;Pedestrian_movement;Cause_of_accident;Accident_severity
19:20:00;Sunday;Female;Junior high school;Employee;5-10yr;Public (> 45 seats);Owner;1-2yr;No defect;Other;other;Steep grade downward with mountainous terrain;No junction;Asphalt roads;Dry;Darkness - lights lit;Normal;Vehicle with vehicle collision;2;2;unknown;na;Not a Pedestrian;Changing lane to the right;Slight Injury
19:20:00;Sunday;Male;Junior high school;Employee;Above 10yr;Stationwagen;Owner;2-5yrs;unknown;Office areas;One way;Steep grade downward with mountainous terrain;No junction;Asphalt roads;Dry;Darkness - lights lit;Normal;Collision with roadside objects;2;2;Going straight;18-30;Not a Pedestrian;No priority to vehicle;Slight Injury
19:20:00;Sunday;Male;Junior high school;unknown;1-2yr;unknown;Owner;unknown;No defect;Residential areas;Two-way (divided with broken lines road marking);Tangent road with flat terrain;No junction;Asphalt roads;Dry;Darkness - lights lit;Normal;Vehicle with vehicle collision;2;2;Going straight;na;Not a Pedestrian;Changing lane to the right;Slight Injury
11:58:00;Saturday;Male;Junior high school;Employee;2-5yr;Lorry (41?100Q);Owner;unknown;No defect;Other;Two-way (divided with broken lines road marking);Tangent road with flat terrain;No junction;Asphalt roads;Dry;Daylight;Normal;Vehicle with vehicle collision;1;1;Going straight;Over 51;Not a Pedestrian;Turnover;Slight Injury
12:53:00;Sunday;Male;Junior high school;Employee;1-2yr;Stationwagen;Organization;2-5yrs;unknown;Residential areas;Undivided Two way;Tangent road with flat terrain;Crossing;Asphalt roads;Dry;Daylight;Normal;Vehicle with vehicle collision;3;2;Going straight;na;Not a Pedestrian;No priority to vehicle;Slight Injury
12:53:00;Sunday;Male;unknown;unknown;unknown;Lorry (41?100Q);Owner;unknown;No defect; Church areas;Two-way (divided with broken lines road marking);Tangent road with flat terrain;Crossing;Asphalt roads;Dry;Daylight;Normal;Vehicle with vehicle collision;3;2;Turnover;31-50;Not a Pedestrian;Driving at high speed;Slight Injury
12:53:00;Sunday;Male;Elementary school;Employee;5-10yr;Public (12 seats);Governmental;unknown;No defect;Residential areas;Two-way (divided with broken lines road marking);Tangent road with flat terrain;Crossing;Asphalt roads;Dry;Daylight;Normal;Vehicle with vehicle collision;3;2;Moving Backward;5;Crossing from nearside - masked by parked or statioNot a Pedestrianry vehicle;No distancing;Slight Injury
20:40:00;Friday;Male;Junior high school;Employee;5-10yr;Lorry (41?100Q);Owner;unknown;No defect;Office areas;One way;Tangent road with flat terrain;Y Shape;Asphalt roads;Dry;Darkness - lights lit;Normal;Vehicle with vehicle collision;2;1;Going straight;18-30;Not a Pedestrian;No distancing;Slight Injury
20:40:00;Friday;Male;Junior high school;Employee;Above 10yr;Other;Governmental;Below 1yr;No defect;Residential areas;Two-way (divided with broken lines road marking);Tangent road with flat terrain;Y Shape;Asphalt roads;Dry;Darkness - lights lit;Normal;Vehicle with vehicle collision;2;1;Going straight;na;Not a Pedestrian;Driving carelessly;Slight Injury
12:44:00;Tuesday;Male;Junior high school;Employee;2-5yr;Stationwagen;Owner;Unknown;No defect;Other;One way;Tangent road with flat terrain;Crossing;Asphalt roads;Wet or damp;Daylight;Other;Vehicle with vehicle collision;2;1;Moving Backward;na;Not a Pedestrian;Driving carelessly;Slight Injury
12:44:00;Tuesday;Male;Junior high school;Owner;Above 10yr;Automobile;Owner;Unknown;unknown; Industrial areas;Two-way (divided with broken lines road marking);Tangent road with flat terrain;Crossing;Asphalt roads;Wet or damp;Daylight;Other;Collision with roadside objects;2;1;Going straight;18-30;Not a Pedestrian;Moving Backward;Slight Injury
08:50:00;Thursday;Male;Junior high school;Employee;2-5yr;Public (> 45 seats);Owner;Unknown;unknown; Church areas;Two-way (divided with broken lines road marking);Tangent road with flat terrain;Y Shape;Gravel roads;Dry;Daylight;Normal;Collision with roadside objects;2;1;Moving Backward;na;Not a Pedestrian;No distancing;Slight Injury
08:50:00;Thursday;Male;Elementary school;Other;5-10yr;Other;Owner;2-5yrs;No defect;Residential areas;Undivided Two way;Steep grade downward with mountainous terrain;Y Shape;Asphalt roads;Dry;Daylight;Normal;Collision with roadside objects;2;1;Going straight;18-30;Not a Pedestrian;Changing lane to the right;Slight Injury
08:08:00;Tuesday;Male;Elementary school;Employee;5-10yr;Lorry (41?100Q);unknown;unknown;unknown;unknown;Two-way (divided with broken lines road marking);Tangent road with flat terrain;Y Shape;Asphalt roads;Dry;Daylight;Normal;Vehicle with vehicle collision;1;1;Going straight;na;Not a Pedestrian;Overtaking;Serious Injury
15:33:00;Tuesday;Male;Junior high school;unknown;5-10yr;Automobile;unknown;unknown;unknown;unknown;Two-way (divided with broken lines road marking);Tangent road with flat terrain;Y Shape;Asphalt roads;Dry;Daylight;Normal;Collision with pedestrians;2;1;Going straight;31-50;Not a Pedestrian;No distancing;Slight Injury
15:33:00;Tuesday;Male;Junior high school;Employee;5-10yr;Public (> 45 seats);Owner;1-2yr;No defect;Office areas;Undivided Two way;Tangent road with flat terrain;Y Shape;Asphalt roads;Dry;Daylight;Normal;Vehicle with vehicle collision;2;1;Other;31-50;Not a Pedestrian;Overtaking;Slight Injury
18:20:00;Sunday;Male;Elementary school;Employee;Above 10yr;unknown;Owner;Above 10yr;No defect; Outside rural areas;Two-way (divided with broken lines road marking);Tangent road with mountainous terrain and;Crossing;Asphalt roads;Dry;Daylight;Normal;Collision with pedestrians;2;1;Other;na;Not a Pedestrian;Moving Backward;Slight Injury
18:20:00;Sunday;Male;Junior high school;unknown;Below 1yr;Automobile;Owner;Above 10yr;No defect; Church areas;Two-way (divided with broken lines road marking);Steep grade downward with mountainous terrain;Crossing;Asphalt roads;Dry;Daylight;Normal;Vehicle with vehicle collision;2;1;Going straight;na;Not a Pedestrian;No distancing;Slight Injury
09:55:00;Monday;Male;Junior high school;Employee;5-10yr;Pick up upto 10Q;Owner;unknown;No defect;Office areas;other;Tangent road with mountainous terrain and;No junction;Asphalt roads;Wet or damp;Daylight;Normal;Collision with pedestrians;2;1;Reversing;18-30;Not a Pedestrian;No distancing;Slight Injury
09:55:00;Monday;Male;Elementary school;Employee;1-2yr;Public (12 seats);Owner;Above 10yr;unknown; Church areas;Two-way (divided with broken lines road marking);Steep grade downward with mountainous terrain;No junction;Asphalt roads;Wet or damp;Daylight;Normal;Vehicle with vehicle collision;2;1;Going straight;18-30;Not a Pedestrian;No priority to vehicle;Slight Injury
20:16:00;Wednesday;Male;unknown;unknown;unknown;Lorry (41?100Q);unknown;unknown;unknown;Office areas;other;Tangent road with mountainous terrain and;Crossing;Asphalt roads;Dry;Darkness - lights lit;Normal;Vehicle with vehicle collision;1;1;Going straight;na;Not a Pedestrian;No priority to vehicle;Slight Injury
09:05:00;Monday;Male;Junior high school;Employee;Above 10yr;Lorry (41?100Q);Governmental;unknown;No defect;Office areas;Undivided Two way;Tangent road with flat terrain;Y Shape;Asphalt roads;Dry;Daylight;Normal;Vehicle with vehicle collision;3;1;Going straight;18-30;Unknown or other;Changing lane to the left;Slight Injury
09:05:00;Monday;Male;High school;Owner;2-5yr;Lorry (41?100Q);Owner;1-2yr;No defect;School areas;Two-way (divided with broken lines road marking);Tangent road with flat terrain;Y Shape;Asphalt roads;Dry;Daylight;Normal;Vehicle with vehicle collision;3;1;Going straight;na;Not a Pedestrian;No distancing;Slight Injury
09:05:00;Monday;Female;Junior high school;Employee;1-2yr;Public (13?45 seats);Owner;Below 1yr;No defect;Residential areas;Two-way (divided with broken lines road marking);Tangent road with flat terrain;Y Shape;Asphalt roads;Dry;Daylight;Normal;Vehicle with vehicle collision;3;1;Moving Backward;Over 51;Not a Pedestrian;Driving under the influence of drugs;Slight Injury
20:00:00;Wednesday;Male;Junior high school;Employee;1-2yr;Lorry (41?100Q);Owner;unknown;No defect;Office areas;other;Tangent road with mountainous terrain and;No junction;Asphalt roads;Wet or damp;Darkness - lights lit;Raining;Vehicle with vehicle collision;1;1;Going straight;18-30;Not a Pedestrian;Changing lane to the left;Fatal injury
11:30:00;Tuesday;Male;Above high school;Owner;2-5yr;Lorry (41?100Q);Owner;Unknown;No defect;Rural village areasOffice areas;other;Tangent road with flat terrain;Crossing;Asphalt roads;Wet or damp;Daylight;Normal;Vehicle with vehicle collision;4;6;Going straight;na;Not a Pedestrian;Changing lane to the right;Serious Injury
11:30:00;Tuesday;Male;unknown;unknown;unknown;Motorcycle;Owner;Unknown;No defect;Other;Two-way (divided with broken lines road marking);Tangent road with flat terrain;Crossing;Asphalt roads;Wet or damp;Daylight;Normal;Vehicle with vehicle collision;4;6;Going straight;18-30;Not a Pedestrian;Driving to the left;Serious Injury
11:30:00;Tuesday;Male;Elementary school;Owner;2-5yr;Lorry (41?100Q);Owner;Unknown;No defect;Residential areas;Undivided Two way;Tangent road with flat terrain;Crossing;Asphalt roads;Wet or damp;Daylight;Normal;Vehicle with vehicle collision;4;6;Going straight;na;Not a Pedestrian;Driving at high speed;Serious Injury
11:30:00;Tuesday;Male;Junior high school;Employee;1-2yr;Ridden horse;Owner;Unknown;No defect;Office areas;Undivided Two way;Tangent road with flat terrain;Crossing;Asphalt roads;Wet or damp;Daylight;Normal;Vehicle with vehicle collision;4;6;Going straight;5;Not a Pedestrian;Overtaking;Serious Injury
11:30:00;Tuesday;Male;unknown;Owner;5-10yr;Automobile;Owner;Unknown;No defect;Office areas;Undivided Two way;Tangent road with flat terrain;Crossing;Gravel roads;Wet or damp;Daylight;Normal;Vehicle with vehicle collision;4;6;Moving Backward;5;Not a Pedestrian;Changing lane to the right;Serious Injury
11:30:00;Tuesday;Male;Junior high school;Employee;Below 1yr;Lorry (41?100Q);Owner;Unknown;No defect;Residential areas;Undivided Two way;Tangent road with flat terrain;Crossing;Asphalt roads;Wet or damp;Daylight;Normal;Vehicle with vehicle collision;4;6;Going straight;na;Not a Pedestrian;Changing lane to the right;Serious Injury
11:30:00;Tuesday;Male;Junior high school;Employee;2-5yr;Pick up upto 10Q;Owner;Unknown;No defect;Office areas;Undivided Two way;Tangent road with flat terrain;Crossing;Gravel roads;Wet or damp;Daylight;Normal;Rollover;4;6;Going straight;31-50;Not a Pedestrian;Moving Backward;Serious Injury
14:00:00;Saturday;Male;Junior high school;Employee;5-10yr;Public (> 45 seats);Owner;Unknown;No defect;Office areas;Undivided Two way;Tangent road with flat terrain;Y Shape;Asphalt roads;Dry;Daylight;Normal;Collision with roadside objects;2;1;Moving Backward;18-30;Crossing from driver's nearside;Moving Backward;Slight Injury
14:00:00;Saturday;Male;Junior high school;Employee;Above 10yr;Stationwagen;Owner;Unknown;No defect;Office areas;unknown;Tangent road with flat terrain;Y Shape;Asphalt roads;Dry;Daylight;Normal;Vehicle with vehicle collision;2;1;Moving Backward;na;Not a Pedestrian;Changing lane to the left;Slight Injury
20:55:00;Friday;Male;Elementary school;Employee;2-5yr;Automobile;Owner;Unknown;No defect;Office areas;Two-way (divided with broken lines road marking);Tangent road with flat terrain;Crossing;Asphalt roads;Dry;Darkness - lights lit;Normal;Vehicle with vehicle collision;3;5;Going straight;18-30;Not a Pedestrian;Moving Backward;Serious Injury
20:55:00;Friday;Male;Elementary school;Owner;Above 10yr;Public (12 seats);Owner;Unknown;No defect;Other;Undivided Two way;Tangent road with flat terrain;Crossing;Asphalt roads;Dry;Darkness - lights lit;Normal;Vehicle with vehicle collision;3;5;Turnover;na;Not a Pedestrian;No distancing;Serious Injury
20:55:00;Friday;Male;Junior high school;Employee;1-2yr;Automobile;Owner;Unknown;No defect;Other;Two-way (divided with broken lines road marking);Tangent road with flat terrain;Crossing;Asphalt roads;Dry;Darkness - lights lit;Normal;Collision with pedestrians;3;5;Turnover;18-30;Not a Pedestrian;Moving Backward;Serious Injury
20:55:00;Friday;Male;Junior high school;Employee;5-10yr;Automobile;Owner;2-5yrs;unknown;Other;Two-way (divided with broken lines road marking);Tangent road with flat terrain;Crossing;Asphalt roads;Dry;Darkness - lights lit;Normal;Collision with pedestrians;3;5;Going straight;na;Not a Pedestrian;Changing lane to the right;Serious Injury
20:55:00;Friday;Male;Junior high school;Employee;2-5yr;Automobile;Owner;2-5yrs;unknown;Residential areas;One way;Tangent road with flat terrain;Crossing;Asphalt roads;Dry;Darkness - lights lit;Normal;Vehicle with vehicle collision;3;5;Going straight;31-50;Not a Pedestrian;Changing lane to the left;Serious Injury
20:55:00;Friday;Female;Junior high school;Employee;2-5yr;Lorry (41?100Q);Owner;2-5yrs;unknown;School areas;Undivided Two way;Tangent road with mild grade and flat terrain;Crossing;Asphalt roads;Dry;Darkness - lights lit;Normal;Vehicle with vehicle collision;3;5;Going straight;na;Not a Pedestrian;No priority to vehicle;Serious Injury
19:07:00;Friday;Male;Junior high school;Employee;2-5yr;Automobile;Owner;2-5yrs;unknown;Residential areas;Undivided Two way;Tangent road with mild grade and flat terrain;Y Shape;Asphalt roads;Dry;Darkness - lights lit;Normal;Collision with pedestrians;2;2;Going straight;31-50;Unknown or other;No distancing;Slight Injury
19:07:00;Friday;Male;Junior high school;Employee;2-5yr;Automobile;Owner;2-5yrs;No defect;Office areas;Two-way (divided with broken lines road marking);Tangent road with flat terrain;Y Shape;Asphalt roads;Dry;Darkness - lights lit;Normal;Collision with pedestrians;2;2;Going straight;18-30;Not a Pedestrian;No priority to vehicle;Slight Injury
23:22:00;Saturday;Male;Junior high school;Employee;Above 10yr;Public (12 seats);Owner;unknown;No defect; Church areas;One way;Tangent road with flat terrain;Crossing;Asphalt roads;Dry;Darkness - lights lit;Normal;Collision with pedestrians;1;1;Going straight;na;Not a Pedestrian;Driving under the influence of drugs;Serious Injury
18:35:00;Thursday;Male;Junior high school;Employee;Above 10yr;Taxi;Owner;unknown;No defect;Other;Undivided Two way;Tangent road with flat terrain;No junction;Asphalt roads;Dry;Darkness - lights lit;Normal;Vehicle with vehicle collision;1;1;Getting off;18-30;Crossing from driver's nearside;Changing lane to the right;Slight Injury
13:43:00;Monday;Male;Elementary school;Employee;5-10yr;Automobile;Owner;2-5yrs;No defect;Other;One way;Tangent road with flat terrain;Y Shape;Asphalt roads;Dry;Daylight;Normal;Collision with roadside objects;2;1;Moving Backward;Over 51;Not a Pedestrian;No distancing;Slight Injury
13:43:00;Monday;Male;Junior high school;Employee;Above 10yr;Public (12 seats);Owner;5-10yrs;No defect;Other;Two-way (divided with broken lines road marking);Tangent road with flat terrain;Y Shape;Asphalt roads;Dry;Daylight;Normal;Vehicle with vehicle collision;2;1;Other;18-30;Not a Pedestrian;No distancing;Slight Injury
08:40:00;Sunday;Male;Elementary school;Owner;2-5yr;Stationwagen;Owner;unknown;No defect;Other;Two-way (divided with broken lines road marking);Tangent road with flat terrain;No junction;Asphalt roads;Wet or damp;Daylight;Normal;Vehicle with vehicle collision;2;1;Going straight;na;Not a Pedestrian;Changing lane to the left;Slight Injury
08:40:00;Sunday;Female;Junior high school;Employee;5-10yr;Stationwagen;Owner;unknown;No defect;Office areas;Undivided Two way;Tangent road with flat terrain;No junction;Asphalt roads;Wet or damp;Daylight;Normal;Collision with roadside objects;2;1;Going straight;Under 18;Not a Pedestrian;Changing lane to the right;Slight Injury
08:28:00;Monday;Male;Junior high school;Employee;Below 1yr;Automobile;Owner;unknown;No defect;Office areas;Two-way (divided with solid lines road marking);Tangent road with flat terrain;Y Shape;Asphalt roads;Dry;Daylight;Normal;Vehicle with vehicle collision;2;1;Going straight;na;Not a Pedestrian;Changing lane to the right;Slight Injury
08:28:00;Monday;Male;Junior high school;Employee;5-10yr;Lorry (41?100Q);Owner;Unknown;No defect;Residential areas;Undivided Two way;Tangent road with flat terrain;Y Shape;Asphalt roads;Dry;Daylight;Normal;Vehicle with vehicle collision;2;1;Going straight;18-30;Not a Pedestrian;Driving under the influence of drugs;Slight Injury
13:00:00;Saturday;Male;High school;Employee;Above 10yr;Automobile;Owner;Unknown;No defect;Office areas;One way;Tangent road with flat terrain;Y Shape;Asphalt roads;Dry;Daylight;Normal;Vehicle with vehicle collision;2;1;Going straight;na;Not a Pedestrian;Moving Backward;Slight Injury
13:00:00;Saturday;Male;Junior high school;Employee;5-10yr;Public (12 seats);Owner;Unknown;No defect;Residential areas;Two-way (divided with broken lines road marking);Tangent road with flat terrain;Y Shape;Asphalt roads;Dry;Daylight;Normal;Vehicle with vehicle collision;2;1;Going straight;Over 51;Not a Pedestrian;Changing lane to the left;Slight Injury
16:35:00;Saturday;Male;Elementary school;Employee;1-2yr;Automobile;Owner;Unknown;No defect;Office areas;Undivided Two way;Tangent road with flat terrain;No junction;Asphalt roads;Dry;Daylight;Normal;Collision with pedestrians;2;1;Going straight;5;Not a Pedestrian;No priority to pedestrian;Slight Injury
16:35:00;Saturday;Male;Junior high school;Employee;unknown;Automobile;Owner;Unknown;No defect;Other;Two-way (divided with broken lines road marking);Tangent road with flat terrain;No junction;Asphalt roads;Dry;Daylight;Normal;Rollover;2;1;Going straight;na;Not a Pedestrian;No distancing;Slight Injury
10:39:00;Wednesday;Male;Above high school;Employee;1-2yr;Lorry (41?100Q);Owner;Unknown;No defect;Office areas;One way;Tangent road with flat terrain;No junction;Asphalt roads;Wet or damp;Daylight;Raining;Vehicle with vehicle collision;1;1;Going straight;18-30;Not a Pedestrian;No distancing;Slight Injury
12:55:00;Monday;Male;Junior high school;Employee;Above 10yr;Automobile;Owner;Unknown;No defect;School areas;Undivided Two way;Tangent road with flat terrain;Y Shape;Asphalt roads;Dry;Daylight;Normal;Vehicle with vehicle collision;3;1;Going straight;na;Not a Pedestrian;Changing lane to the left;Slight Injury
12:55:00;Monday;Female;Junior high school;Employee;1-2yr;Motorcycle;Owner;unknown;unknown;Residential areas;One way;Tangent road with flat terrain;Y Shape;Asphalt roads;Dry;Daylight;Normal;Vehicle with vehicle collision;3;1;Going straight;18-30;Not a Pedestrian;Changing lane to the right;Slight Injury
12:55:00;Monday;Male;Junior high school;Employee;5-10yr;unknown;Owner;unknown;unknown;Office areas;Undivided Two way;Tangent road with flat terrain;Y Shape;Asphalt roads;Dry;Daylight;Normal;Collision with roadside objects;3;1;Going straight;na;Not a Pedestrian;Driving carelessly;Slight Injury
15:20:00;Sunday;Male;Junior high school;Employee;2-5yr;Automobile;Owner;Unknown;No defect;Residential areas;Undivided Two way;Tangent road with flat terrain;No junction;Asphalt roads;Dry;Daylight;Normal;Vehicle with vehicle collision;2;3;Moving Backward;18-30;Not a Pedestrian;No distancing;Slight Injury
15:20:00;Sunday;Male;unknown;unknown;unknown;Automobile;Owner;Above 10yr;unknown;Office areas;Undivided Two way;Tangent road with flat terrain;No junction;Asphalt roads;Dry;Daylight;Normal;Rollover;2;3;Going straight;na;Not a Pedestrian;Changing lane to the left;Slight Injury
15:20:00;Sunday;Male;Junior high school;Employee;2-5yr;Automobile;Owner;Above 10yr;unknown;Residential areas;One way;Tangent road with flat terrain;No junction;Asphalt roads;Dry;Daylight;Normal;Collision with roadside objects;2;3;Moving Backward;18-30;Not a Pedestrian;Moving Backward;Slight Injury
14:45:00;Sunday;Male;Junior high school;Employee;2-5yr;Public (> 45 seats);Owner;Unknown;No defect;Other;other;Tangent road with flat terrain;No junction;Asphalt roads;Dry;Daylight;Normal;Vehicle with vehicle collision;1;1;Moving Backward;18-30;Not a Pedestrian;No distancing;Serious Injury
17:22:00;Tuesday;Male;Junior high school;Employee;Above 10yr;unknown;Other;Unknown;unknown;Other;Two-way (divided with broken lines road marking);Tangent road with flat terrain;Other;Asphalt roads;Dry;Daylight;Normal;Vehicle with vehicle collision;2;1;Going straight;na;Not a Pedestrian;No priority to pedestrian;Slight Injury
17:22:00;Tuesday;Male;Junior high school;Employee;1-2yr;Automobile;Owner;5-10yrs;unknown;Office areas;Two-way (divided with broken lines road marking);Tangent road with flat terrain;Other;Asphalt roads;Dry;Daylight;Normal;Vehicle with vehicle collision;2;1;Going straight;18-30;Not a Pedestrian;Changing lane to the left;Slight Injury
10:58:00;Tuesday;Male;Above high school;Owner;1-2yr;Automobile;Owner;Above 10yr;No defect;Office areas;Two-way (divided with broken lines road marking);Tangent road with flat terrain;Crossing;Asphalt roads;Dry;Daylight;Normal;Vehicle with vehicle collision;2;1;Going straight;5;Not a Pedestrian;No distancing;Slight Injury
10:58:00;Tuesday;Male;Above high school;Employee;No Licence;Other;Owner;2-5yrs;No defect;Residential areas;Two-way (divided with broken lines road marking);Tangent road with flat terrain;Crossing;Asphalt roads;Dry;Daylight;Normal;Vehicle with vehicle collision;2;1;Going straight;na;Not a Pedestrian;Driving carelessly;Slight Injury
14:57:00;Monday;Male;Junior high school;Employee;1-2yr;Stationwagen;Owner;unknown;No defect;Other;Two-way (divided with broken lines road marking);Tangent road with flat terrain;Crossing;Asphalt roads;Dry;Daylight;Normal;Vehicle with vehicle collision;3;2;Going straight;na;Not a Pedestrian;No priority to vehicle;Slight Injury
14:57:00;Monday;Male;Junior high school;Employee;5-10yr;Lorry (41?100Q);Governmental;unknown;No defect;Other;Undivided Two way;Tangent road with flat terrain;Crossing;Asphalt roads;Dry;Daylight;Normal;Collision with pedestrians;3;2;Going straight;Under 18;Not a Pedestrian;Changing lane to the right;Slight Injury
14:57:00;Monday;Female;Junior high school;Employee;Above 10yr;Taxi;Owner;unknown;No defect;Office areas;Two-way (divided with broken lines road marking);Tangent road with flat terrain;Crossing;Asphalt roads;Dry;Daylight;Normal;Vehicle with vehicle collision;3;2;unknown;na;Not a Pedestrian;Moving Backward;Slight Injury
13:10:00;Saturday;Male;Junior high school;Employee;Above 10yr;Other;Owner;unknown;No defect;Office areas;Two-way (divided with broken lines road marking);Tangent road with flat terrain;Y Shape;Asphalt roads;Wet or damp;Daylight;Normal;Vehicle with vehicle collision;2;3;Other;5;Not a Pedestrian;No priority to vehicle;Slight Injury
13:10:00;Saturday;Male;Junior high school;Owner;5-10yr;Public (12 seats);Owner;Unknown;No defect; Church areas;Undivided Two way;Tangent road with flat terrain;Y Shape;Asphalt roads;Wet or damp;Daylight;Normal;Collision with roadside objects;2;3;Going straight;na;Not a Pedestrian;No priority to pedestrian;Slight Injury
13:10:00;Saturday;Female;Elementary school;Employee;2-5yr;Automobile;Governmental;Unknown;No defect;Other;One way;Tangent road with flat terrain;Y Shape;Asphalt roads;Wet or damp;Daylight;Normal;Vehicle with vehicle collision;2;3;unknown;na;Not a Pedestrian;Changing lane to the left;Slight Injury
08:10:00;Wednesday;Female;Junior high school;Employee;2-5yr;Automobile;Owner;Unknown;No defect;Office areas;Undivided Two way;Tangent road with flat terrain;No junction;Asphalt roads;Dry;Daylight;Normal;Vehicle with vehicle collision;2;1;Overtaking;31-50;Not a Pedestrian;Changing lane to the left;Slight Injury
08:10:00;Wednesday;Male;Junior high school;Employee;Below 1yr;Public (13?45 seats);Owner;1-2yr;unknown;Office areas;Two-way (divided with broken lines road marking);Tangent road with flat terrain;No junction;Asphalt roads;Dry;Daylight;Normal;Vehicle with vehicle collision;2;1;Reversing;na;Not a Pedestrian;Driving under the influence of drugs;Slight Injury
12:30:00;Sunday;Male;Junior high school;Employee;2-5yr;Lorry (41?100Q);Owner;Below 1yr;unknown;Residential areas;Two-way (divided with broken lines road marking);Tangent road with flat terrain;Y Shape;Asphalt roads;Dry;Daylight;Normal;Collision with roadside objects;4;1;Going straight;31-50;Not a Pedestrian;Moving Backward;Slight Injury
12:30:00;Sunday;Male;Junior high school;Employee;2-5yr;Lorry (41?100Q);unknown;unknown;unknown;Other;Undivided Two way;Tangent road with flat terrain;Y Shape;Asphalt roads;Dry;Daylight;Normal;Vehicle with vehicle collision;4;1;Other;31-50;Not a Pedestrian;Changing lane to the right;Slight Injury
12:30:00;Sunday;Female;Elementary school;Employee;5-10yr;Lorry (11?40Q);Owner;5-10yrs;unknown;Residential areas;Two-way (divided with broken lines road marking);Tangent road with flat terrain;Y Shape;Asphalt roads;Dry;Daylight;Normal;Vehicle with vehicle collision;4;1;Moving Backward;31-50;Not a Pedestrian;Changing lane to the right;Slight Injury
12:30:00;Sunday;Female;Junior high school;Employee;Above 10yr;Motorcycle;Governmental;unknown;unknown;Office areas;Two-way (divided with broken lines road marking);Tangent road with flat terrain;Y Shape;Asphalt roads;Dry;Daylight;Normal;Vehicle with vehicle collision;4;1;Going straight;na;Not a Pedestrian;No distancing;Slight Injury
20:01:00;Sunday;Male;unknown;unknown;unknown;Lorry (41?100Q);Owner;5-10yrs;unknown;Office areas;Undivided Two way;Tangent road with flat terrain;Y Shape;Asphalt roads;Dry;Daylight;Normal;Vehicle with vehicle collision;2;1;Other;Over 51;Not a Pedestrian;Moving Backward;Serious Injury
20:01:00;Sunday;Male;Junior high school;Employee;2-5yr;Stationwagen;Owner;Above 10yr;unknown;Other;Undivided Two way;Tangent road with flat terrain;Y Shape;Asphalt roads;Dry;Daylight;Normal;Vehicle with vehicle collision;2;1;Moving Backward;na;Not a Pedestrian;No distancing;Serious Injury
18:49:00;Thursday;Male;Junior high school;Employee;5-10yr;Automobile;Owner;1-2yr;No defect;Other;other;Steep grade downward with mountainous terrain;Y Shape;Asphalt roads;Dry;Daylight;Normal;Vehicle with vehicle collision;1;1;Going straight;na;Not a Pedestrian;Driving carelessly;Slight Injury
20:41:00;Thursday;Male;Above high school;Employee;2-5yr;Other;Owner;2-5yrs;unknown;Office areas;One way;Steep grade downward with mountainous terrain;Crossing;Asphalt roads;Dry;Daylight;Normal;Vehicle with vehicle collision;4;2;Going straight;31-50;Not a Pedestrian;No priority to pedestrian;Slight Injury
20:41:00;Thursday;Male;unknown;unknown;unknown;Other;Owner;unknown;No defect;Residential areas;Two-way (divided with broken lines road marking);Tangent road with flat terrain;Crossing;Asphalt roads;Dry;Daylight;Normal;Collision with roadside objects;4;2;Moving Backward;31-50;Not a Pedestrian;No priority to vehicle;Slight Injury
20:41:00;Thursday;Male;unknown;Employee;1-2yr;Taxi;Owner;unknown;No defect;Other;Two-way (divided with broken lines road marking);Tangent road with flat terrain;Crossing;Asphalt roads;Dry;Daylight;Normal;Vehicle with vehicle collision;4;2;Going straight;na;Not a Pedestrian;Moving Backward;Slight Injury
20:41:00;Thursday;Male;Junior high school;Employee;2-5yr;Automobile;Organization;2-5yrs;unknown;Residential areas;Undivided Two way;Tangent road with flat terrain;Crossing;Asphalt roads;Dry;Daylight;Normal;Vehicle with vehicle collision;4;2;Getting off;18-30;Not a Pedestrian;Changing lane to the right;Slight Injury
10:04:00;Wednesday;Male;Junior high school;Employee;Above 10yr;Long lorry;Owner;unknown;No defect; Church areas;Two-way (divided with broken lines road marking);Tangent road with flat terrain;No junction;Asphalt roads;Wet or damp;Daylight;Raining;Vehicle with vehicle collision;3;1;Going straight;na;Not a Pedestrian;No distancing;Slight Injury
10:04:00;Wednesday;Male;Junior high school;Employee;Below 1yr;Long lorry;Governmental;unknown;No defect;Residential areas;Two-way (divided with broken lines road marking);Tangent road with flat terrain;No junction;Asphalt roads;Wet or damp;Daylight;Raining;Vehicle with vehicle collision;3;1;Going straight;na;Not a Pedestrian;Driving carelessly;Slight Injury
10:04:00;Wednesday;Male;Junior high school;Employee;2-5yr;Lorry (41?100Q);Owner;unknown;No defect;Office areas;One way;Tangent road with flat terrain;No junction;Asphalt roads;Wet or damp;Daylight;Raining;Vehicle with vehicle collision;3;1;Moving Backward;18-30;Not a Pedestrian;Changing lane to the left;Slight Injury