Time;Day_of_week;Sex_of_driver;Educational_level;Vehicle_driver_relation;Driving_experience;Type_of_vehicle;Owner_of_vehicle;Service_year_of_vehicle;Defect_of_vehicle;Area_accident_occured;Lanes_or_Medians;Road_allignment;Types_of_Junction;Road_surface_type;Road_surface_conditions;Light_conditions;Weather_conditions;Type_of_collision;Number_of_vehicles_involved;Number_of_casualties;Vehicle_movement;Age_band_of_casualty;Pedestrian_movement;Cause_of_accident;Accident_severity
20:30:00;Wednesday;Male;Junior high school;Employee;Below 1yr;Lorry (41?100Q);Governmental;Below 1yr;No defect;Residential areas;Two-way (divided with broken lines road marking);Tangent road with flat terrain;Crossing;Asphalt roads;Dry;Daylight;Normal;Vehicle with vehicle collision;2;2;Going straight;18-30;Not a Pedestrian;Moving Backward;Slight Injury
20:30:00;Wednesday;Male;High school;Employee;5-10yr;Lorry (11?40Q);Owner;Unknown;No defect;Other;One way;Tangent road with flat terrain;Crossing;Asphalt roads;Dry;Daylight;Normal;Vehicle with vehicle collision;2;2;Going straight;31-50;Not a Pedestrian;No distancing;Slight Injury
20:30:00;Wednesday;Male;Above high school;Employee;1-2yr;Automobile;Owner;Unknown;unknown; Industrial areas;Two-way (divided with broken lines road marking);Tangent road with flat terrain;Crossing;Asphalt roads;Dry;Daylight;Normal;Collision with roadside objects;2;2;Going straight;na;Not a Pedestrian;Changing lane to the right;Slight Injury
11:15:00;Friday;Male;Junior high school;Employee;Below 1yr;Taxi;Owner;Unknown;unknown; Church areas;Two-way (divided with broken lines road marking);Tangent road with flat terrain;Y Shape;Asphalt roads;Dry;Daylight;Normal;Rollover;2;2;Going straight;31-50;Not a Pedestrian;No priority to vehicle;Slight Injury
11:15:00;Friday;Male;unknown;unknown;unknown;Other;Owner;2-5yrs;No defect;Residential areas;Undivided Two way;Steep grade downward with mountainous terrain;Y Shape;Asphalt roads;Dry;Daylight;Normal;Vehicle with vehicle collision;2;2;Going straight;18-30;Not a Pedestrian;Getting off the vehicle improperly;Slight Injury
11:15:00;Friday;Male;High school;Employee;Below 1yr;Automobile;unknown;unknown;unknown;unknown;Two-way (divided with broken lines road marking);Tangent road with flat terrain;Y Shape;Asphalt roads;Dry;Daylight;Normal;Vehicle with vehicle collision;2;2;Moving Backward;na;Not a Pedestrian;No distancing;Slight Injury
16:36:00;Thursday;Male;High school;Employee;Below 1yr;Automobile;unknown;unknown;unknown;unknown;Two-way (divided with broken lines road marking);Tangent road with flat terrain;Y Shape;Asphalt roads;Dry;Daylight;Normal;Vehicle with vehicle collision;2;1;Going straight;18-30;Not a Pedestrian;No distancing;Fatal injury
16:36:00;Thursday;Male;unknown;unknown;unknown;Automobile;Owner;1-2yr;No defect;Office areas;Undivided Two way;Tangent road with flat terrain;Y Shape;Asphalt roads;Dry;Daylight;Normal;Vehicle with vehicle collision;2;1;Going straight;na;Not a Pedestrian;Changing lane to the left;Fatal injury
13:28:00;Monday;Male;High school;Employee;2-5yr;Automobile;Owner;Above 10yr;No defect; Outside rural areas;Two-way (divided with broken lines road marking);Tangent road with mountainous terrain and;Y Shape;Asphalt roads;Dry;Daylight;Normal;Vehicle with vehicle collision;2;1;Moving Backward;na;Not a Pedestrian;No priority to vehicle;Slight Injury
13:28:00;Monday;Male;Junior high school;Employee;Above 10yr;Public (> 45 seats);Owner;Above 10yr;No defect; Church areas;Two-way (divided with broken lines road marking);Steep grade downward with mountainous terrain;Y Shape;Asphalt roads;Dry;Daylight;Normal;Vehicle with vehicle collision;2;1;Moving Backward;31-50;Not a Pedestrian;Driving carelessly;Slight Injury
19:28:00;Friday;Male;Junior high school;Employee;Above 10yr;Lorry (11?40Q);Owner;unknown;No defect;Office areas;other;Tangent road with mountainous terrain and;Other;Asphalt roads;Dry;Daylight;Normal;Vehicle with vehicle collision;2;1;Going straight;31-50;Not a Pedestrian;Changing lane to the right;Serious Injury
19:28:00;Friday;Male;Junior high school;Employee;5-10yr;Lorry (41?100Q);Owner;Above 10yr;unknown; Church areas;Two-way (divided with broken lines road marking);Steep grade downward with mountainous terrain;Other;Asphalt roads;Dry;Daylight;Normal;Vehicle with vehicle collision;2;1;Going straight;5;Not a Pedestrian;No distancing;Serious Injury
23:35:00;Saturday;Male;Junior high school;Employee;1-2yr;Lorry (41?100Q);unknown;unknown;unknown;Office areas;other;Tangent road with mountainous terrain and;Y Shape;Asphalt roads;Dry;Darkness - lights lit;Normal;Collision with roadside objects;2;3;Going straight;Under 18;Not a Pedestrian;Changing lane to the right;Slight Injury
23:35:00;Saturday;Male;Unknown;Employee;Below 1yr;Stationwagen;Governmental;unknown;No defect;Office areas;Undivided Two way;Tangent road with flat terrain;Y Shape;Asphalt roads;Dry;Darkness - lights lit;Normal;Vehicle with vehicle collision;2;3;Going straight;na;Not a Pedestrian;No distancing;Slight Injury
23:35:00;Saturday;Male;Junior high school;Employee;Below 1yr;Other;Owner;1-2yr;No defect;School areas;Two-way (divided with broken lines road marking);Tangent road with flat terrain;Y Shape;Asphalt roads;Dry;Darkness - lights lit;Normal;Vehicle with vehicle collision;2;3;Going straight;31-50;Unknown or other;Driving under the influence of drugs;Slight Injury
09:01:00;Wednesday;Male;High school;Employee;2-5yr;Automobile;Owner;Below 1yr;No defect;Residential areas;Two-way (divided with broken lines road marking);Tangent road with flat terrain;No junction;Asphalt roads;Wet or damp;Daylight;Raining;Vehicle with vehicle collision;1;1;Going straight;18-30;Crossing from offside - masked by  parked or statioNot a Pedestrianry vehicle;Changing lane to the left;Serious Injury
15:46:00;Thursday;Male;Junior high school;Owner;1-2yr;Pick up upto 10Q;Owner;unknown;No defect;Office areas;other;Tangent road with mountainous terrain and;Y Shape;Asphalt roads;Dry;Daylight;Normal;Vehicle with vehicle collision;2;1;Going straight;na;Not a Pedestrian;Getting off the vehicle improperly;Serious Injury
15:46:00;Thursday;Male;Junior high school;Employee;5-10yr;Motorcycle;Owner;Unknown;No defect;Rural village areasOffice areas;other;Tangent road with flat terrain;Y Shape;Asphalt roads;Dry;Daylight;Normal;Collision with pedestrians;2;1;Going straight;18-30;Not a Pedestrian;Overloading;Serious Injury
20:10:00;Saturday;Male;Elementary school;Employee;2-5yr;Automobile;Owner;Unknown;No defect;Other;Two-way (divided with broken lines road marking);Tangent road with flat terrain;No junction;Asphalt roads;Dry;Daylight;Normal;Collision with pedestrians;1;1;Going straight;na;Not a Pedestrian;Driving carelessly;Serious Injury
21:46:00;Wednesday;Male;Elementary school;Owner;5-10yr;Pick up upto 10Q;Owner;Unknown;No defect;Residential areas;Undivided Two way;Tangent road with flat terrain;Crossing;Asphalt roads;Dry;Darkness - lights lit;Normal;Vehicle with vehicle collision;2;2;Going straight;18-30;Not a Pedestrian;Overtaking;Slight Injury
21:46:00;Wednesday;Male;Junior high school;Employee;Above 10yr;Motorcycle;Owner;Unknown;No defect;Office areas;Undivided Two way;Tangent road with flat terrain;Crossing;Asphalt roads;Dry;Darkness - lights lit;Normal;Vehicle with vehicle collision;2;2;Other;18-30;Not a Pedestrian;No distancing;Slight Injury
21:20:00;Saturday;Male;Junior high school;Employee;5-10yr;Stationwagen;Owner;Unknown;No defect;Office areas;Undivided Two way;Tangent road with flat terrain;Y Shape;Asphalt roads;Dry;Daylight;Normal;Vehicle with vehicle collision;1;2;Going straight;18-30;Not a Pedestrian;Overturning;Serious Injury
21:20:00;Saturday;Male;High school;Employee;5-10yr;Lorry (41?100Q);Owner;Unknown;No defect;Residential areas;Undivided Two way;Tangent road with flat terrain;Y Shape;Asphalt roads;Dry;Daylight;Normal;Rollover;1;2;Reversing;na;Not a Pedestrian;Driving carelessly;Serious Injury
05:49:00;Tuesday;Male;Junior high school;Employee;5-10yr;Taxi;Owner;Unknown;No defect;Office areas;Undivided Two way;Tangent road with flat terrain;No junction;Asphalt roads;Wet or damp;Daylight;Raining;Vehicle with vehicle collision;2;2;Going straight;18-30;Not a Pedestrian;No priority to pedestrian;Serious Injury
05:49:00;Tuesday;Male;Junior high school;Employee;Above 10yr;Automobile;Owner;Unknown;No defect;Office areas;Undivided Two way;Tangent road with flat terrain;No junction;Asphalt roads;Wet or damp;Daylight;Raining;Vehicle with vehicle collision;2;2;Reversing;na;Not a Pedestrian;No distancing;Serious Injury
05:49:00;Tuesday;Male;Junior high school;unknown;1-2yr;Long lorry;Owner;Unknown;No defect;Office areas;unknown;Tangent road with flat terrain;No junction;Asphalt roads;Wet or damp;Daylight;Raining;Collision with pedestrians;2;2;Going straight;na;Not a Pedestrian;No priority to vehicle;Serious Injury
09:35:00;Monday;Male;Junior high school;Employee;2-5yr;Automobile;Owner;Unknown;No defect;Office areas;Two-way (divided with broken lines road marking);Tangent road with flat terrain;No junction;Asphalt roads;Dry;Daylight;Normal;Vehicle with vehicle collision;2;2;Reversing;31-50;Not a Pedestrian;Getting off the vehicle improperly;Fatal injury
09:35:00;Monday;Male;Junior high school;Employee;1-2yr;Public (12 seats);Owner;Unknown;No defect;Other;Undivided Two way;Tangent road with flat terrain;No junction;Asphalt roads;Dry;Daylight;Normal;Vehicle with vehicle collision;2;2;unknown;na;Not a Pedestrian;No priority to pedestrian;Fatal injury
18:39:00;Wednesday;Female;unknown;unknown;unknown;Lorry (11?40Q);Owner;Unknown;No defect;Other;Two-way (divided with broken lines road marking);Tangent road with flat terrain;Y Shape;Asphalt roads;Dry;Daylight;Normal;Vehicle with vehicle collision;2;1;Going straight;Over 51;Not a Pedestrian;Changing lane to the right;Slight Injury
18:39:00;Wednesday;Male;Elementary school;Employee;5-10yr;Pick up upto 10Q;Owner;2-5yrs;unknown;Other;Two-way (divided with broken lines road marking);Tangent road with flat terrain;Y Shape;Asphalt roads;Dry;Daylight;Normal;Collision with pedestrians;2;1;Reversing;18-30;Not a Pedestrian;Moving Backward;Slight Injury
16:00:00;Wednesday;Male;Junior high school;Employee;5-10yr;Lorry (41?100Q);Owner;2-5yrs;unknown;Residential areas;One way;Tangent road with flat terrain;Y Shape;Asphalt roads;Dry;Daylight;Normal;Vehicle with vehicle collision;2;2;Other;na;Not a Pedestrian;Changing lane to the left;Slight Injury
16:00:00;Wednesday;Male;Junior high school;Employee;Above 10yr;Other;Owner;2-5yrs;unknown;School areas;Undivided Two way;Tangent road with mild grade and flat terrain;Y Shape;Asphalt roads;Dry;Daylight;Normal;Collision with pedestrians;2;2;Going straight;31-50;Not a Pedestrian;No distancing;Slight Injury
13:09:00;Tuesday;Male;Junior high school;Employee;2-5yr;Automobile;Owner;2-5yrs;unknown;Residential areas;Undivided Two way;Tangent road with mild grade and flat terrain;Y Shape;Asphalt roads;Dry;Daylight;Normal;Vehicle with vehicle collision;2;1;Going straight;na;Not a Pedestrian;Driving carelessly;Serious Injury
13:09:00;Tuesday;Male;Junior high school;Owner;Above 10yr;Long lorry;Owner;2-5yrs;No defect;Office areas;Two-way (divided with broken lines road marking);Tangent road with flat terrain;Y Shape;Asphalt roads;Dry;Daylight;Normal;Vehicle with vehicle collision;2;1;Going straight;31-50;Not a Pedestrian;Driving under the influence of drugs;Serious Injury
20:30:00;Friday;Female;Junior high school;Employee;2-5yr;Lorry (11?40Q);Owner;unknown;No defect; Church areas;One way;Tangent road with flat terrain;Y Shape;Asphalt roads;Dry;Daylight;Normal;Vehicle with vehicle collision;2;1;Moving Backward;na;Not a Pedestrian;Driving carelessly;Slight Injury
20:30:00;Friday;Male;Elementary school;Other;5-10yr;Long lorry;Owner;unknown;No defect;Other;Undivided Two way;Tangent road with flat terrain;Y Shape;Asphalt roads;Dry;Daylight;Normal;Vehicle with vehicle collision;2;1;Going straight;31-50;Not a Pedestrian;Driving carelessly;Slight Injury
19:00:00;Friday;Male;Elementary school;Employee;5-10yr;Automobile;Owner;2-5yrs;No defect;Other;One way;Tangent road with flat terrain;No junction;Asphalt roads;Dry;Daylight;Normal;Vehicle with vehicle collision;1;1;Going straight;Over 51;Not a Pedestrian;Changing lane to the right;Slight Injury
12:40:00;Saturday;Female;Junior high school;unknown;5-10yr;Taxi;Owner;5-10yrs;No defect;Other;Two-way (divided with broken lines road marking);Tangent road with flat terrain;No junction;Asphalt roads;Dry;Daylight;Normal;Collision with roadside objects;1;1;Going straight;18-30;Not a Pedestrian;No distancing;Serious Injury
18:12:00;Wednesday;Male;Junior high school;Employee;5-10yr;Taxi;Owner;unknown;No defect;Other;Two-way (divided with broken lines road marking);Tangent road with flat terrain;No junction;Asphalt roads;Dry;Daylight;Normal;Vehicle with vehicle collision;2;3;Going straight;Under 18;Not a Pedestrian;Driving carelessly;Slight Injury
18:12:00;Wednesday;Male;Elementary school;Employee;Above 10yr;Long lorry;Owner;unknown;No defect;Office areas;Undivided Two way;Tangent road with flat terrain;No junction;Asphalt roads;Dry;Daylight;Normal;Vehicle with vehicle collision;2;3;Other;18-30;Not a Pedestrian;No priority to pedestrian;Slight Injury
18:12:00;Wednesday;Male;Junior high school;unknown;Below 1yr;Lorry (11?40Q);Owner;unknown;No defect;Office areas;Two-way (divided with solid lines road marking);Tangent road with flat terrain;No junction;Asphalt roads;Dry;Daylight;Normal;Collision with roadside objects;2;3;unknown;na;Not a Pedestrian;No distancing;Slight Injury
18:12:00;Wednesday;Male;Junior high school;Employee;5-10yr;Lorry (11?40Q);Owner;Unknown;No defect;Residential areas;Undivided Two way;Tangent road with flat terrain;No junction;Asphalt roads;Dry;Daylight;Normal;Vehicle with vehicle collision;2;3;Going straight;18-30;Not a Pedestrian;Moving Backward;Slight Injury
07:50:00;Wednesday;Male;Elementary school;Employee;1-2yr;Long lorry;Owner;Unknown;No defect;Office areas;One way;Tangent road with flat terrain;No junction;Asphalt roads;Dry;Daylight;Normal;Vehicle with vehicle collision;2;1;Turnover;na;Not a Pedestrian;Moving Backward;Slight Injury
07:50:00;Wednesday;Male;Junior high school;Employee;Above 10yr;Turbo;Owner;Unknown;No defect;Residential areas;Two-way (divided with broken lines road marking);Tangent road with flat terrain;No junction;Asphalt roads;Dry;Daylight;Normal;Vehicle with vehicle collision;2;1;Going straight;na;Not a Pedestrian;No priority to vehicle;Slight Injury
10:16:00;Thursday;Male;Elementary school;Owner;2-5yr;Long lorry;Owner;Unknown;No defect;Office areas;Undivided Two way;Tangent road with flat terrain;Other;Asphalt roads;Dry;Daylight;Normal;Vehicle with vehicle collision;2;1;Moving Backward;5;Not a Pedestrian;No distancing;Slight Injury
10:16:00;Thursday;Male;Junior high school;Employee;5-10yr;Long lorry;Owner;Unknown;No defect;Other;Two-way (divided with broken lines road marking);Tangent road with flat terrain;Other;Asphalt roads;Dry;Daylight;Normal;Collision with pedestrians;2;1;Moving Backward;31-50;Not a Pedestrian;Moving Backward;Slight Injury
23:05:00;Saturday;Male;Junior high school;Employee;Below 1yr;Public (13?45 seats);Owner;Unknown;No defect;Office areas;One way;Tangent road with flat terrain;No junction;Asphalt roads;Dry;Darkness - no lighting;Normal;Collision with pedestrians;1;1;Going straight;na;Not a Pedestrian;Changing lane to the right;Serious Injury
00:47:00;Sunday;Male;Junior high school;Employee;5-10yr;Automobile;Owner;Unknown;No defect;School areas;Undivided Two way;Tangent road with flat terrain;No junction;Asphalt roads;Dry;Darkness - lights lit;Normal;Vehicle with vehicle collision;1;2;Other;18-30;Not a Pedestrian;Moving Backward;Serious Injury
00:47:00;Sunday;Male;High school;Employee;Above 10yr;Automobile;Owner;unknown;unknown;Residential areas;One way;Tangent road with flat terrain;No junction;unknown;Dry;Darkness - lights lit;Normal;Vehicle with vehicle collision;1;2;Going straight;na;Not a Pedestrian;Changing lane to the right;Serious Injury
10:30:00;Monday;Male;Junior high school;Employee;5-10yr;Pick up upto 10Q;Owner;unknown;unknown;Office areas;Undivided Two way;Tangent road with flat terrain;Y Shape;Asphalt roads;Dry;Daylight;Normal;Collision with roadside objects;1;2;Going straight;Under 18;Crossing from driver's nearside;Driving carelessly;Slight Injury
10:30:00;Monday;Male;Elementary school;Employee;1-2yr;unknown;Owner;Unknown;No defect;Residential areas;Undivided Two way;Tangent road with flat terrain;Y Shape;Asphalt roads;Dry;Daylight;Normal;Vehicle with vehicle collision;1;2;Going straight;na;Not a Pedestrian;Changing lane to the right;Slight Injury
13:01:00;Saturday;Male;Junior high school;Employee;unknown;Stationwagen;Owner;Unknown;No defect;Office areas;Undivided Two way;Tangent road with flat terrain;No junction;Asphalt roads;Wet or damp;Daylight;Raining;Vehicle with vehicle collision;2;3;Going straight;31-50;Not a Pedestrian;No distancing;Slight Injury
13:01:00;Saturday;Male;Above high school;Employee;1-2yr;unknown;Owner;2-5yrs;No defect;Office areas;Two-way (divided with broken lines road marking);Tangent road with flat terrain;No junction;Asphalt roads;Wet or damp;Daylight;Raining;Vehicle with vehicle collision;2;3;Going straight;na;Not a Pedestrian;Moving Backward;Slight Injury
13:01:00;Saturday;Male;Junior high school;Employee;Above 10yr;Automobile;Owner;unknown;unknown;Residential areas;Undivided Two way;Tangent road with flat terrain;No junction;Asphalt roads;Wet or damp;Daylight;Raining;Vehicle with vehicle collision;2;3;Going straight;31-50;Not a Pedestrian;Driving carelessly;Slight Injury
17:41:00;Monday;Male;Junior high school;Employee;1-2yr;Automobile;Owner;Unknown;unknown;Other;Two-way (divided with broken lines road marking);Tangent road with flat terrain;Y Shape;Asphalt roads;Dry;Daylight;Normal;Collision with roadside objects;4;1;Going straight;5;Not a Pedestrian;No distancing;Slight Injury
17:41:00;Monday;Male;Junior high school;Employee;5-10yr;Long lorry;Owner;Above 10yr;unknown; Industrial areas;Undivided Two way;Tangent road with flat terrain;Y Shape;Asphalt roads;Dry;Daylight;Normal;Vehicle with vehicle collision;4;1;Going straight;na;Not a Pedestrian;No priority to vehicle;Slight Injury
17:41:00;Monday;Male;Junior high school;Employee;2-5yr;Public (13?45 seats);Owner;Unknown;unknown;Office areas;Two-way (divided with broken lines road marking);Tangent road with flat terrain;Y Shape;Asphalt roads;Dry;Daylight;Normal;Vehicle with vehicle collision;4;1;Other;18-30;Not a Pedestrian;Changing lane to the right;Slight Injury
17:41:00;Monday;Male;unknown;unknown;unknown;Public (13?45 seats);Organization;Unknown;unknown;  Recreational areas;Two-way (divided with broken lines road marking);Tangent road with flat terrain;Y Shape;Asphalt roads;Dry;Daylight;Normal;Collision with roadside objects;4;1;Going straight;na;Not a Pedestrian;Moving Backward;Slight Injury
17:25:00;Friday;Male;Junior high school;Employee;2-5yr;Lorry (11?40Q);Owner;1-2yr;No defect;Residential areas;Two-way (divided with broken lines road marking);Tangent road with flat terrain;No junction;Asphalt roads;Dry;Daylight;Normal;Vehicle with vehicle collision;3;4;Overtaking;18-30;Not a Pedestrian;Driving under the influence of drugs;Slight Injury
17:25:00;Friday;Male;Junior high school;Employee;2-5yr;Lorry (11?40Q);Owner;Above 10yr;unknown;Residential areas;Undivided Two way;Tangent road with flat terrain;No junction;Asphalt roads;Dry;Daylight;Normal;Collision with roadside objects;3;4;Going straight;na;Not a Pedestrian;Changing lane to the right;Slight Injury
17:25:00;Friday;Male;Junior high school;Employee;Above 10yr;Pick up upto 10Q;Owner;5-10yrs;unknown; Church areas;Undivided Two way;Steep grade downward with mountainous terrain;No junction;Asphalt roads;Dry;Daylight;Normal;Vehicle with vehicle collision;3;4;Going straight;5;Not a Pedestrian;No priority to vehicle;Slight Injury
17:25:00;Friday;Male;Junior high school;Employee;1-2yr;Automobile;Owner;5-10yrs;unknown;Residential areas;Undivided Two way;Tangent road with flat terrain;No junction;Asphalt roads;Dry;Daylight;Normal;Vehicle with vehicle collision;3;4;Going straight;Over 51;Not a Pedestrian;Changing lane to the left;Slight Injury
17:25:00;Friday;Male;Above high school;Owner;1-2yr;Automobile;Owner;Unknown;No defect;unknown;other;Tangent road with flat terrain;No junction;Asphalt roads;Dry;Daylight;Normal;Vehicle with vehicle collision;3;4;U-Turn;18-30;Not a Pedestrian;Driving carelessly;Slight Injury
11:10:00;Sunday;Male;Above high school;Employee;No Licence;Automobile;Owner;5-10yrs;No defect;Other;Undivided Two way;Tangent road with flat terrain;No junction;Asphalt roads;Wet or damp;Daylight;Raining;Vehicle with vehicle collision;3;2;Going straight;na;Not a Pedestrian;No priority to pedestrian;Slight Injury
11:10:00;Sunday;Male;Junior high school;Employee;1-2yr;Long lorry;Owner;Unknown;unknown;Other;Two-way (divided with solid lines road marking);Tangent road with flat terrain;No junction;Asphalt roads;Wet or damp;Daylight;Raining;Vehicle with vehicle collision;3;2;Going straight;18-30;Not a Pedestrian;No priority to pedestrian;Slight Injury
11:10:00;Sunday;Male;Junior high school;Employee;5-10yr;Long lorry;Owner;Unknown;No defect; Church areas;Two-way (divided with solid lines road marking);Tangent road with flat terrain;No junction;Asphalt roads;Wet or damp;Daylight;Raining;Vehicle with vehicle collision;3;2;Going straight;Over 51;Not a Pedestrian;Changing lane to the right;Slight Injury
03:15:00;Saturday;Male;Junior high school;Employee;Above 10yr;Automobile;Governmental;unknown;No defect;Other;Two-way (divided with solid lines road marking);Tangent road with flat terrain;No junction;Asphalt roads;Dry;Darkness - lights lit;Normal;Vehicle with vehicle collision;1;2;Going straight;31-50;Not a Pedestrian;Drunk driving;Serious Injury
03:15:00;Saturday;Male;Junior high school;Employee;Above 10yr;Stationwagen;Owner;Unknown;No defect; Church areas;Two-way (divided with solid lines road marking);Tangent road with flat terrain;No junction;Asphalt roads;Dry;Darkness - lights lit;Normal;Vehicle with vehicle collision;1;2;Turnover;na;Not a Pedestrian;Changing lane to the left;Serious Injury
17:00:00;Tuesday;Male;Junior high school;Owner;5-10yr;unknown;Owner;Unknown;No defect; Church areas;Two-way (divided with broken lines road marking);Tangent road with flat terrain;Crossing;Asphalt roads;Dry;Daylight;Normal;Collision with pedestrians;2;1;Going straight;18-30;Not a Pedestrian;Changing lane to the left;Slight Injury
17:00:00;Tuesday;Male;Elementary school;Employee;2-5yr;Other;Owner;Above 10yr;No defect;Other;Undivided Two way;Tangent road with flat terrain;Crossing;Asphalt roads;Dry;Daylight;Normal;Collision with roadside objects;2;1;Going straight;na;Not a Pedestrian;Driving to the left;Slight Injury
17:10:00;Friday;Male;Junior high school;Employee;2-5yr;Special vehicle;Governmental;5-10yrs;No defect;Other;Undivided Two way;Tangent road with flat terrain;No junction;Asphalt roads;Dry;Daylight;Normal;Vehicle with vehicle collision;2;1;Moving Backward;na;Not a Pedestrian;Changing lane to the left;Slight Injury
17:10:00;Friday;Male;Junior high school;Employee;Below 1yr;Lorry (41?100Q);Owner;5-10yrs;No defect;School areas;other;Tangent road with flat terrain;No junction;Asphalt roads;Dry;Daylight;Normal;Vehicle with vehicle collision;2;1;Going straight;18-30;Not a Pedestrian;Driving under the influence of drugs;Slight Injury
17:23:00;Tuesday;Male;Junior high school;Employee;2-5yr;Pick up upto 10Q;Owner;Above 10yr;No defect;Residential areas;Undivided Two way;Tangent road with flat terrain;Unknown;Asphalt roads;Dry;Daylight;Normal;Collision with roadside objects;2;1;Moving Backward;na;Not a Pedestrian;No priority to pedestrian;Slight Injury
17:23:00;Tuesday;Male;Junior high school;Employee;2-5yr;Lorry (11?40Q);unknown;1-2yr;No defect;Other;Two-way (divided with broken lines road marking);Tangent road with flat terrain;Unknown;Asphalt roads;Dry;Daylight;Normal;Vehicle with vehicle collision;2;1;Going straight;31-50;Not a Pedestrian;Changing lane to the left;Slight Injury
18:00:00;Sunday;Male;Elementary school;Employee;5-10yr;Lorry (41?100Q);Owner;Above 10yr;No defect;Office areas;Undivided Two way;Tangent road with flat terrain;Y Shape;Asphalt roads;Dry;Daylight;Normal;Vehicle with vehicle collision;1;1;Going straight;31-50;Crossing from driver's nearside;Moving Backward;Slight Injury
23:35:00;Wednesday;Male;Junior high school;Employee;Above 10yr;Motorcycle;Owner;Above 10yr;No defect;Residential areas;Undivided Two way;Tangent road with flat terrain;Crossing;Asphalt roads;Dry;Darkness - lights lit;Normal;Collision with pedestrians;2;1;Going straight;na;Not a Pedestrian;No distancing;Serious Injury
23:35:00;Wednesday;Male;unknown;unknown;unknown;Automobile;Owner;Above 10yr;No defect;Other;One way;Steep grade downward with mountainous terrain;Crossing;Asphalt roads;Dry;Darkness - lights lit;Normal;Vehicle with vehicle collision;2;1;Going straight;18-30;Not a Pedestrian;Changing lane to the right;Serious Injury
14:59:00;Wednesday;Male;Junior high school;Employee;2-5yr;Automobile;Owner;Above 10yr;No defect;Residential areas;Two-way (divided with broken lines road marking);Tangent road with flat terrain;Other;Gravel roads;Dry;Daylight;Normal;Collision with pedestrians;2;2;U-Turn;na;Not a Pedestrian;No priority to vehicle;Slight Injury
14:59:00;Wednesday;Male;Junior high school;Employee;5-10yr;Automobile;Owner;5-10yrs;No defect;Residential areas;Undivided Two way;Tangent road with flat terrain;Other;Asphalt roads;Dry;Daylight;Normal;Vehicle with vehicle collision;2;2;Going straight;18-30;Not a Pedestrian;Moving Backward;Slight Injury
14:59:00;Wednesday;Male;Above high school;Employee;2-5yr;Stationwagen;Owner;unknown;No defect;Residential areas;Two-way (divided with broken lines road marking);Tangent road with flat terrain;Other;Asphalt roads;Dry;Daylight;Normal;Vehicle with vehicle collision;2;2;Going straight;18-30;Not a Pedestrian;Overtaking;Slight Injury
14:40:00;Saturday;Female;unknown;unknown;unknown;unknown;Owner;1-2yr;No defect;Other;other;Tangent road with flat terrain;Y Shape;Asphalt roads;Dry;Daylight;Normal;Collision with roadside objects;3;1;Going straight;na;Not a Pedestrian;Changing lane to the left;Slight Injury
14:40:00;Saturday;Male;unknown;Employee;1-2yr;Public (> 45 seats);Owner;5-10yrs;No defect;Other;Undivided Two way;Tangent road with flat terrain;Y Shape;Asphalt roads;Dry;Daylight;Normal;Vehicle with vehicle collision;3;1;Going straight;31-50;Not a Pedestrian;Changing lane to the right;Slight Injury
14:40:00;Saturday;Male;Junior high school;Employee;2-5yr;Public (> 45 seats);Owner;5-10yrs;No defect;Other;One way;Tangent road with flat terrain;Y Shape;Asphalt roads;Dry;Daylight;Normal;Vehicle with vehicle collision;3;1;Going straight;Over 51;Not a Pedestrian;Overtaking;Slight Injury
12:48:00;Sunday;Male;Junior high school;Employee;Above 10yr;Stationwagen;Owner;1-2yr;No defect; Hospital areas;Undivided Two way;Tangent road with flat terrain;Y Shape;Asphalt roads;Wet or damp;Daylight;Raining;Vehicle with vehicle collision;2;4;Going straight;na;Not a Pedestrian;Overloading;Slight Injury
12:48:00;Sunday;Male;Junior high school;Employee;Below 1yr;Automobile;Owner;2-5yrs;No defect;Residential areas;Undivided Two way;Tangent road with flat terrain;Y Shape;Asphalt roads;Wet or damp;Daylight;Raining;Collision with pedestrians;2;4;Stopping;18-30;Not a Pedestrian;Other;Slight Injury
12:48:00;Sunday;Male;Junior high school;Employee;2-5yr;Bicycle;Owner;5-10yrs;No defect;Residential areas;One way;Tangent road with flat terrain;Y Shape;Asphalt roads;Wet or damp;Daylight;Raining;Collision with roadside objects;2;4;Turnover;31-50;Not a Pedestrian;No priority to vehicle;Slight Injury
12:48:00;Sunday;Male;Junior high school;Employee;Below 1yr;Automobile;Owner;5-10yrs;No defect;Residential areas;Undivided Two way;Tangent road with flat terrain;Y Shape;Asphalt roads;Wet or damp;Daylight;Raining;Collision with pedestrians;2;4;Getting off;Over 51;Not a Pedestrian;Changing lane to the right;Slight Injury
12:48:00;Sunday;Male;High school;Employee;5-10yr;Lorry (41?100Q);Owner;1-2yr;No defect;Other;Two-way (divided with broken lines road marking);Tangent road with flat terrain;Y Shape;Asphalt roads with some distress;Wet or damp;Daylight;Raining;Vehicle with vehicle collision;2;4;Moving Backward;31-50;Not a Pedestrian;Moving Backward;Slight Injury
18:40:00;Friday;Male;Above high school;Employee;1-2yr;Automobile;Owner;1-2yr;No defect;Office areas;Two-way (divided with broken lines road marking);Tangent road with flat terrain;No junction;Asphalt roads;Dry;Daylight;Normal;Vehicle with vehicle collision;2;1;Moving Backward;31-50;Not a Pedestrian;Changing lane to the left;Slight Injury