Time;Day_of_week;Sex_of_driver;Educational_level;Vehicle_driver_relation;Driving_experience;Type_of_vehicle;Owner_of_vehicle;Service_year_of_vehicle;Defect_of_vehicle;Area_accident_occured;Lanes_or_Medians;Road_allignment;Types_of_Junction;Road_surface_type;Road_surface_conditions;Light_conditions;Weather_conditions;Type_of_collision;Number_of_vehicles_involved;Number_of_casualties;Vehicle_movement;Age_band_of_casualty;Pedestrian_movement;Cause_of_accident;Accident_severity
23:10:00;Friday;Male;Junior high school;Employee;Below 1yr;Special vehicle;Governmental;1-2yr;No defect;Other;Double carriageway (median);Tangent road with flat terrain;Crossing;Earth roads;Dry;Darkness - lights lit;Normal;Vehicle with vehicle collision;2;1;Reversing;Under 18;Unknown or other;No priority to pedestrian;Slight Injury
23:10:00;Friday;Male;Junior high school;Employee;2-5yr;Lorry (11?40Q);Governmental;Above 10yr;unknown;Other;Double carriageway (median);Tangent road with flat terrain;Crossing;Asphalt roads;Dry;Darkness - lights lit;Normal;Collision with pedestrians;2;1;Going straight;18-30;Not a Pedestrian;Overspeed;Slight Injury
22:30:00;Sunday;Male;Elementary school;Employee;5-10yr;unknown;Organization;5-10yrs;No defect;Office areas;Two-way (divided with broken lines road marking);Gentle horizontal curve;Crossing;Asphalt roads;Dry;Darkness - lights lit;Normal;Vehicle with vehicle collision;2;5;Other;31-50;Not a Pedestrian;Changing lane to the left;Slight Injury
22:30:00;Sunday;Male;Elementary school;Employee;5-10yr;unknown;Organization;Above 10yr;No defect;Other;Two-way (divided with broken lines road marking);Tangent road with flat terrain;Crossing;Asphalt roads;Dry;Darkness - lights lit;Normal;Vehicle with vehicle collision;2;5;Other;18-30;Not a Pedestrian;No priority to vehicle;Slight Injury
22:30:00;Sunday;Male;Elementary school;Employee;1-2yr;Lorry (41?100Q);Owner;2-5yrs;No defect;Other;Two-way (divided with broken lines road marking);Tangent road with flat terrain;Crossing;Asphalt roads;Dry;Darkness - lights lit;Normal;Collision with pedestrians;2;5;Other;18-30;Not a Pedestrian;Changing lane to the right;Slight Injury
22:30:00;Sunday;Male;Elementary school;Employee;unknown;Other;Governmental;unknown;No defect;Residential areas;Two-way (divided with broken lines road marking);Tangent road with flat terrain;Crossing;Asphalt roads;Dry;Darkness - lights lit;Normal;Collision with pedestrians;2;5;Stopping;na;Not a Pedestrian;No distancing;Slight Injury
22:30:00;Sunday;Male;Junior high school;Employee;1-2yr;Other;Owner;Above 10yr;No defect;Residential areas;unknown;Tangent road with flat terrain;Crossing;Asphalt roads;Dry;Darkness - lights lit;Normal;Vehicle with vehicle collision;2;5;Other;Under 18;Not a Pedestrian;No priority to pedestrian;Slight Injury
17:45:00;Tuesday;Male;unknown;Employee;5-10yr;Automobile;Owner;5-10yrs;No defect;Office areas;Undivided Two way;Tangent road with flat terrain;No junction;Asphalt roads;Dry;Daylight;Normal;Vehicle with vehicle collision;3;1;Other;na;Not a Pedestrian;No distancing;Slight Injury
17:45:00;Tuesday;Female;Elementary school;Owner;1-2yr;Other;Owner;unknown;No defect;  Recreational areas;other;unknown;No junction;Asphalt roads;Dry;Daylight;Normal;Vehicle with vehicle collision;3;1;Other;18-30;Not a Pedestrian;No priority to vehicle;Slight Injury
17:45:00;Tuesday;Female;Junior high school;Employee;5-10yr;Automobile;Governmental;unknown;No defect;Office areas;other;Tangent road with mild grade and flat terrain;No junction;Asphalt roads;Dry;Daylight;Normal;Vehicle with vehicle collision;3;1;Going straight;na;Not a Pedestrian;Other;Slight Injury
14:30:00;Sunday;Male;Junior high school;Employee;2-5yr;Public (13?45 seats);Owner;5-10yrs;No defect; Industrial areas;other;Tangent road with flat terrain;Y Shape;Asphalt roads with some distress;Dry;Daylight;Normal;Vehicle with vehicle collision;2;1;Going straight;na;Not a Pedestrian;Driving carelessly;Slight Injury
14:30:00;Sunday;Male;Junior high school;Employee;2-5yr;Lorry (41?100Q);unknown;unknown;unknown;unknown;unknown;unknown;Y Shape;Asphalt roads;Dry;Daylight;Normal;Collision with roadside objects;2;1;Going straight;Over 51;Not a Pedestrian;Changing lane to the left;Slight Injury
06:10:00;Friday;Male;Junior high school;Employee;5-10yr;unknown;Owner;unknown;No defect;Residential areas;Undivided Two way;Tangent road with flat terrain;No junction;Asphalt roads;Wet or damp;Darkness - lights lit;Normal;Vehicle with vehicle collision;2;1;Going straight;31-50;Not a Pedestrian;Driving carelessly;Serious Injury
06:10:00;Friday;Male;Junior high school;Owner;Below 1yr;Automobile;Governmental;Above 10yr;No defect;Residential areas;other;Tangent road with flat terrain;No junction;Asphalt roads;Wet or damp;Darkness - lights lit;Normal;Vehicle with vehicle collision;2;1;Going straight;31-50;Not a Pedestrian;Changing lane to the left;Serious Injury
22:10:00;Wednesday;Male;High school;Employee;Below 1yr;unknown;Owner;1-2yr;No defect; Industrial areas;other;Tangent road with flat terrain;Crossing;Asphalt roads;Wet or damp;Darkness - lights lit;Raining;Vehicle with vehicle collision;2;1;Going straight;na;Not a Pedestrian;No priority to vehicle;Slight Injury
22:10:00;Wednesday;Male;Junior high school;Employee;unknown;Lorry (41?100Q);Owner;2-5yrs;No defect;Residential areas;Undivided Two way;Tangent road with flat terrain;Crossing;Asphalt roads;Wet or damp;Darkness - lights lit;Raining;Vehicle with vehicle collision;2;1;Going straight;na;Not a Pedestrian;No distancing;Slight Injury
19:00:00;Tuesday;Male;Junior high school;Employee;Below 1yr;unknown;Owner;Unknown;No defect;Residential areas;other;Tangent road with flat terrain;No junction;Asphalt roads;Dry;Darkness - lights lit;Normal;Vehicle with vehicle collision;2;1;Going straight;18-30;Not a Pedestrian;Changing lane to the right;Slight Injury
19:00:00;Tuesday;Male;Junior high school;Employee;2-5yr;Lorry (41?100Q);Owner;unknown;No defect;Office areas;Undivided Two way;Tangent road with flat terrain;No junction;Asphalt roads;Dry;Darkness - lights lit;Normal;Vehicle with vehicle collision;2;1;Going straight;31-50;Not a Pedestrian;Changing lane to the right;Slight Injury
18:25:00;Wednesday;Male;Junior high school;Employee;2-5yr;Taxi;Owner;2-5yrs;No defect;Office areas;Double carriageway (median);Escarpments;No junction;Asphalt roads;Wet or damp;Darkness - lights lit;Normal;Vehicle with vehicle collision;1;1;Going straight;18-30;Not a Pedestrian;Driving at high speed;Slight Injury
17:11:00;Sunday;Male;Junior high school;Employee;5-10yr;Lorry (41?100Q);Owner;Above 10yr;No defect;Office areas;other;Tangent road with flat terrain;Y Shape;Asphalt roads;Dry;Daylight;Normal;Vehicle with vehicle collision;2;1;Going straight;na;Not a Pedestrian;No distancing;Slight Injury
17:11:00;Sunday;Male;Elementary school;Employee;5-10yr;Lorry (41?100Q);Owner;1-2yr;No defect;Office areas;Undivided Two way;Escarpments;Y Shape;Asphalt roads;Dry;Daylight;Normal;Vehicle with vehicle collision;2;1;Reversing;Under 18;Not a Pedestrian;Changing lane to the right;Slight Injury
17:10:00;Thursday;Male;unknown;Owner;5-10yr;Other;Owner;unknown;No defect;Office areas;One way;Tangent road with flat terrain;Y Shape;Asphalt roads;Wet or damp;Darkness - lights lit;Normal;Vehicle with vehicle collision;2;3;Going straight;31-50;Not a Pedestrian;Changing lane to the left;Slight Injury
17:10:00;Thursday;Male;Junior high school;Employee;5-10yr;Stationwagen;Owner;unknown;No defect;Office areas;Undivided Two way;Tangent road with flat terrain;Y Shape;Asphalt roads;Wet or damp;Darkness - lights lit;Normal;Vehicle with vehicle collision;2;3;Other;18-30;Not a Pedestrian;Getting off the vehicle improperly;Slight Injury
17:10:00;Thursday;Male;Junior high school;Owner;5-10yr;Stationwagen;Owner;unknown;No defect;Office areas;other;Tangent road with flat terrain;Y Shape;Asphalt roads;Wet or damp;Darkness - lights lit;Normal;Vehicle with vehicle collision;2;3;unknown;na;Not a Pedestrian;Other;Slight Injury
17:50:00;Friday;Male;Illiterate;Employee;2-5yr;Lorry (41?100Q);Owner;Above 10yr;No defect;Residential areas;other;Tangent road with flat terrain;Crossing;Asphalt roads;Dry;Darkness - lights lit;Normal;Vehicle with vehicle collision;2;1;Getting off;Over 51;Not a Pedestrian;Other;Slight Injury
17:50:00;Friday;Male;Junior high school;Employee;5-10yr;Lorry (41?100Q);Owner;5-10yrs;No defect;Residential areas;One way;Tangent road with flat terrain;Crossing;Asphalt roads;Dry;Darkness - lights lit;Normal;Vehicle with vehicle collision;2;1;Going straight;Under 18;Crossing from nearside - masked by parked or statioNot a Pedestrianry vehicle;No distancing;Slight Injury
08:25:00;Monday;Female;Junior high school;Employee;Below 1yr;Other;Owner;unknown;No defect;Other;One way;Tangent road with flat terrain;Y Shape;Asphalt roads;Wet or damp;Daylight;Raining and Windy;Vehicle with vehicle collision;1;1;Going straight;31-50;Not a Pedestrian;No priority to vehicle;Slight Injury
13:00:00;Tuesday;Male;Junior high school;Employee;1-2yr;Automobile;Owner;5-10yrs;No defect; Church areas;Undivided Two way;Tangent road with flat terrain;Y Shape;Asphalt roads;Dry;Daylight;Normal;Collision with roadside objects;2;1;Going straight;na;Not a Pedestrian;Overtaking;Slight Injury
13:00:00;Tuesday;Male;Elementary school;Employee;2-5yr;unknown;Owner;unknown;No defect;  Recreational areas;other;Tangent road with flat terrain;Y Shape;Asphalt roads;Dry;Daylight;Normal;Vehicle with vehicle collision;2;1;Going straight;18-30;Not a Pedestrian;No priority to pedestrian;Slight Injury
23:45:00;Friday;Female;Elementary school;Employee;2-5yr;Taxi;Owner;unknown;unknown; Industrial areas;Undivided Two way;Tangent road with flat terrain;Crossing;unknown;Wet or damp;Darkness - lights lit;Raining;Vehicle with vehicle collision;3;1;Turnover;na;Not a Pedestrian;No distancing;Slight Injury
23:45:00;Friday;Male;Elementary school;Employee;5-10yr;Lorry (41?100Q);unknown;unknown;unknown;Residential areas;other;unknown;Crossing;Asphalt roads;Wet or damp;Darkness - lights lit;Raining;Vehicle with vehicle collision;3;1;Entering a junction;18-30;Not a Pedestrian;Changing lane to the right;Slight Injury
23:45:00;Friday;Female;Junior high school;Employee;5-10yr;Other;Owner;Above 10yr;No defect;Residential areas;other;Tangent road with rolling terrain;Crossing;Asphalt roads;Wet or damp;Darkness - lights lit;Raining;Vehicle with vehicle collision;3;1;Entering a junction;na;Not a Pedestrian;Driving carelessly;Slight Injury
20:50:00;Tuesday;Male;Junior high school;Employee;Above 10yr;Automobile;Owner;2-5yrs;No defect;Office areas;Double carriageway (median);Tangent road with flat terrain;Crossing;Asphalt roads;Dry;Darkness - lights lit;Normal;Collision with pedestrians;2;1;Entering a junction;31-50;Unknown or other;Changing lane to the right;Slight Injury
20:50:00;Tuesday;Male;Elementary school;Owner;2-5yr;Public (> 45 seats);Owner;2-5yrs;No defect;  Market areas;Undivided Two way;Tangent road with flat terrain;Crossing;Asphalt roads;Dry;Darkness - lights lit;Normal;Vehicle with vehicle collision;2;1;Entering a junction;na;Not a Pedestrian;Overtaking;Slight Injury
10:54:00;Friday;Male;Junior high school;Employee;5-10yr;Stationwagen;unknown;unknown;unknown;Unknown;other;Tangent road with flat terrain;Y Shape;Asphalt roads;Dry;Daylight;Normal;Vehicle with vehicle collision;1;1;Other;18-30;Not a Pedestrian;Other;Slight Injury
16:50:00;Monday;Male;Junior high school;Employee;Below 1yr;Automobile;Owner;unknown;No defect; Industrial areas;other;Tangent road with flat terrain;No junction;Asphalt roads;Wet or damp;Darkness - lights lit;Normal;Vehicle with vehicle collision;2;2;Entering a junction;Over 51;Unknown or other;Driving to the left;Slight Injury
16:50:00;Monday;Male;Junior high school;Employee;5-10yr;Lorry (41?100Q);Owner;unknown;No defect;Residential areas;Two-way (divided with solid lines road marking);Tangent road with flat terrain;No junction;Asphalt roads;Wet or damp;Darkness - lights lit;Normal;Vehicle with vehicle collision;2;2;Turnover;31-50;Not a Pedestrian;Driving at high speed;Slight Injury
16:50:00;Monday;Male;High school;Employee;Above 10yr;Other;Governmental;Below 1yr;No defect;Residential areas;Undivided Two way;Tangent road with flat terrain;No junction;Asphalt roads;Wet or damp;Darkness - lights lit;Normal;Vehicle with vehicle collision;2;2;Entering a junction;na;Not a Pedestrian;Unknown;Slight Injury
18:30:00;Sunday;Male;Junior high school;Employee;5-10yr;Public (13?45 seats);Owner;5-10yrs;No defect;Other;Undivided Two way;Tangent road with flat terrain;No junction;Asphalt roads;Wet or damp;Darkness - lights lit;Normal;Vehicle with vehicle collision;2;5;Entering a junction;na;Not a Pedestrian;Changing lane to the right;Slight Injury
18:30:00;Sunday;Male;Elementary school;Employee;1-2yr;Other;Governmental;unknown;No defect;Residential areas;other;Tangent road with flat terrain;No junction;Asphalt roads;Wet or damp;Darkness - lights lit;Normal;Vehicle with vehicle collision;2;5;Entering a junction;5;Not a Pedestrian;No distancing;Slight Injury
18:30:00;Sunday;Male;Junior high school;Employee;unknown;Other;Owner;1-2yr;No defect;Rural village areas;Undivided Two way;Gentle horizontal curve;No junction;Asphalt roads;Wet or damp;Darkness - lights lit;Normal;Vehicle with vehicle collision;2;5;Entering a junction;na;Not a Pedestrian;Other;Slight Injury
18:30:00;Sunday;Male;Above high school;Employee;1-2yr;Ridden horse;Owner;2-5yrs;No defect;Rural village areas;Undivided Two way;Gentle horizontal curve;No junction;Asphalt roads;Wet or damp;Darkness - lights lit;Normal;Collision with pedestrians;2;5;Entering a junction;31-50;Not a Pedestrian;No priority to vehicle;Slight Injury
18:30:00;Sunday;Male;Junior high school;Employee;Above 10yr;Lorry (41?100Q);Owner;unknown;No defect;Office areas;Double carriageway (median);Tangent road with flat terrain;No junction;Asphalt roads;Wet or damp;Darkness - lights lit;Normal;Vehicle with vehicle collision;2;5;Other;18-30;Not a Pedestrian;Changing lane to the left;Slight Injury
15:50:00;Thursday;Female;Junior high school;Employee;1-2yr;Lorry (41?100Q);Owner;2-5yrs;No defect;Residential areas;Undivided Two way;Gentle horizontal curve;No junction;Asphalt roads;Wet or damp;Darkness - lights lit;Raining;Vehicle with vehicle collision;2;1;Going straight;na;Not a Pedestrian;No priority to pedestrian;Slight Injury
15:50:00;Thursday;Male;Junior high school;Employee;5-10yr;Pick up upto 10Q;Owner;unknown;unknown;Residential areas;other;Tangent road with flat terrain;No junction;Asphalt roads;Wet or damp;Darkness - lights lit;Raining;Vehicle with vehicle collision;2;1;Going straight;na;Not a Pedestrian;Overtaking;Slight Injury
15:40:00;Friday;Male;Junior high school;Employee;2-5yr;Lorry (11?40Q);Owner;unknown;7; Outside rural areas;other;Tangent road with flat terrain;Crossing;Asphalt roads;Wet or damp;Darkness - lights lit;Normal;Vehicle with vehicle collision;2;1;Other;31-50;Not a Pedestrian;Driving carelessly;Slight Injury
15:40:00;Friday;Male;unknown;unknown;unknown;Automobile;Owner;Above 10yr;unknown;Residential areas;other;Tangent road with flat terrain;Crossing;Asphalt roads;Wet or damp;Darkness - lights lit;Normal;Collision with roadside objects;2;1;Going straight;na;Not a Pedestrian;No priority to vehicle;Slight Injury
07:50:00;Thursday;Male;Junior high school;Employee;2-5yr;Automobile;Owner;5-10yrs;5; Church areas;other;Tangent road with flat terrain;O Shape;Asphalt roads;Wet or damp;Daylight;Normal;Vehicle with vehicle collision;2;1;Going straight;18-30;Not a Pedestrian;No priority to pedestrian;Serious Injury
07:50:00;Thursday;Male;Junior high school;Employee;2-5yr;Pick up upto 10Q;Owner;unknown;No defect;Office areas;Undivided Two way;Tangent road with flat terrain;O Shape;Asphalt roads;Wet or damp;Daylight;Normal;Vehicle with vehicle collision;2;1;Going straight;31-50;Not a Pedestrian;Changing lane to the right;Serious Injury
17:05:00;Monday;Male;Junior high school;Employee;Above 10yr;Automobile;Owner;Unknown;No defect;Office areas;Two-way (divided with broken lines road marking);Tangent road with mountainous terrain and;Y Shape;Asphalt roads;Dry;Daylight;Normal;Vehicle with vehicle collision;1;1;Going straight;31-50;Not a Pedestrian;Driving carelessly;Serious Injury
15:25:00;Monday;Male;Junior high school;Employee;1-2yr;Other;Governmental;unknown;No defect;Office areas;Two-way (divided with broken lines road marking);Escarpments;No junction;Asphalt roads;Wet or damp;Daylight;Cloudy;Vehicle with vehicle collision;1;1;Going straight;18-30;Not a Pedestrian;Changing lane to the right;Slight Injury
09:45:00;Monday;Male;Above high school;Owner;1-2yr;Lorry (41?100Q);Owner;2-5yrs;unknown;Other;Undivided Two way;Tangent road with mountainous terrain and;Unknown;Asphalt roads;Dry;Daylight;Normal;Vehicle with vehicle collision;2;2;Reversing;na;Not a Pedestrian;Changing lane to the right;Slight Injury
09:45:00;Monday;Male;Above high school;Employee;No Licence;Public (13?45 seats);Owner;2-5yrs;unknown;Other;Undivided Two way;Tangent road with flat terrain;Unknown;Asphalt roads;Dry;Daylight;Normal;Vehicle with vehicle collision;2;2;Moving Backward;18-30;Not a Pedestrian;Changing lane to the left;Slight Injury
09:45:00;Monday;Female;Junior high school;Employee;1-2yr;Pick up upto 10Q;Owner;Unknown;No defect;Residential areas;Two-way (divided with broken lines road marking);Tangent road with flat terrain;Unknown;Asphalt roads;Dry;Daylight;Normal;Vehicle with vehicle collision;2;2;Overtaking;Under 18;Not a Pedestrian;Overturning;Slight Injury
10:16:00;Friday;Male;Junior high school;Employee;5-10yr;Stationwagen;Owner;unknown;unknown;Other;Two-way (divided with broken lines road marking);Tangent road with flat terrain;No junction;Asphalt roads;Wet or damp;Daylight;Raining;Collision with roadside objects;1;1;Going straight;31-50;Not a Pedestrian;Driving carelessly;Slight Injury
08:54:00;Thursday;Male;Junior high school;Employee;Above 10yr;Other;Owner;Below 1yr;unknown;Other;Undivided Two way;Tangent road with mild grade and flat terrain;Y Shape;Asphalt roads;Wet or damp;Daylight;Other;Vehicle with vehicle collision;1;1;Going straight;na;Not a Pedestrian;No distancing;Slight Injury
13:00:00;Thursday;Male;Junior high school;Employee;Above 10yr;Pick up upto 10Q;Owner;5-10yrs;unknown;Other;Two-way (divided with broken lines road marking);Tangent road with flat terrain;No junction;Asphalt roads;Wet or damp;Daylight;Raining;Vehicle with vehicle collision;2;1;Going straight;na;Not a Pedestrian;Driving carelessly;Serious Injury
13:00:00;Thursday;Male;Junior high school;Owner;5-10yr;Public (13?45 seats);Governmental;5-10yrs;No defect;Other;Undivided Two way;Tangent road with flat terrain;No junction;Asphalt roads;Wet or damp;Daylight;Raining;Vehicle with vehicle collision;2;1;Going straight;18-30;Not a Pedestrian;Changing lane to the left;Serious Injury
17:10:00;Wednesday;Male;Elementary school;Employee;2-5yr;Public (12 seats);Owner;2-5yrs;No defect;Other;Double carriageway (median);Tangent road with mild grade and flat terrain;Y Shape;Asphalt roads;Wet or damp;Darkness - lights lit;Normal;Vehicle with vehicle collision;2;1;Going straight;18-30;Not a Pedestrian;No priority to vehicle;Slight Injury
17:10:00;Wednesday;Male;Junior high school;Employee;2-5yr;Lorry (41?100Q);Owner;unknown;No defect;Other;Two-way (divided with broken lines road marking);Tangent road with flat terrain;Y Shape;Asphalt roads;Wet or damp;Darkness - lights lit;Normal;Rollover;2;1;Going straight;na;Not a Pedestrian;Changing lane to the right;Slight Injury
21:00:00;Saturday;Male;Junior high school;Employee;Below 1yr;Pick up upto 10Q;Owner;2-5yrs;unknown; Church areas;Two-way (divided with broken lines road marking);Tangent road with flat terrain;Y Shape;Asphalt roads;Wet or damp;Darkness - lights lit;Raining;Vehicle with vehicle collision;1;1;Going straight;18-30;Not a Pedestrian;No distancing;Fatal injury
16:13:00;Wednesday;Male;Junior high school;Employee;2-5yr;Lorry (41?100Q);Owner;5-10yrs;unknown;Other;Undivided Two way;Tangent road with flat terrain;Crossing;Asphalt roads;Wet or damp;Darkness - lights lit;Cloudy;Vehicle with vehicle collision;2;1;Going straight;na;Not a Pedestrian;Moving Backward;Slight Injury
16:13:00;Wednesday;Male;Junior high school;Employee;2-5yr;Pick up upto 10Q;Organization;2-5yrs;unknown; Industrial areas;Two-way (divided with broken lines road marking);Tangent road with flat terrain;Crossing;Asphalt roads;Wet or damp;Darkness - lights lit;Cloudy;Collision with roadside objects;2;1;Going straight;31-50;Not a Pedestrian;Moving Backward;Slight Injury
17:20:00;Tuesday;Male;Elementary school;Employee;5-10yr;Long lorry;Owner;unknown;No defect;Residential areas;Double carriageway (median);Tangent road with flat terrain;Y Shape;Asphalt roads;Dry;Darkness - lights lit;Normal;Vehicle with vehicle collision;2;1;Going straight;18-30;Not a Pedestrian;No distancing;Slight Injury
17:20:00;Tuesday;Male;Junior high school;Employee;Above 10yr;unknown;Governmental;Above 10yr;No defect;Other;Two-way (divided with broken lines road marking);Tangent road with flat terrain;Y Shape;Asphalt roads;Dry;Darkness - lights lit;Normal;Vehicle with vehicle collision;2;1;Going straight;na;Not a Pedestrian;No distancing;Slight Injury
22:00:00;Saturday;Male;unknown;unknown;unknown;Other;Owner;unknown;No defect;Office areas;Two-way (divided with broken lines road marking);Tangent road with flat terrain;No junction;Asphalt roads;Wet or damp;Darkness - lights lit;Windy;Vehicle with vehicle collision;1;1;Other;18-30;Not a Pedestrian;No distancing;Slight Injury
07:58:00;Monday;Male;Junior high school;Employee;2-5yr;unknown;Owner;unknown;No defect; Industrial areas;Unknown;Tangent road with flat terrain;No junction;Asphalt roads;Wet or damp;Daylight;Raining;Collision with roadside objects;2;1;Going straight;31-50;Not a Pedestrian;No priority to pedestrian;Slight Injury
07:58:00;Monday;Male;Junior high school;Employee;5-10yr;Public (13?45 seats);Owner;1-2yr;No defect; Industrial areas;Double carriageway (median);Tangent road with flat terrain;No junction;Asphalt roads;Wet or damp;Daylight;Raining;Collision with roadside objects;2;1;Moving Backward;18-30;Not a Pedestrian;Driving carelessly;Slight Injury
20:16:00;Sunday;Male;Above high school;Employee;2-5yr;Special vehicle;Owner;unknown;No defect;Other;Two-way (divided with broken lines road marking);Tangent road with flat terrain;Y Shape;Asphalt roads;Dry;Darkness - lights lit;Normal;Vehicle with vehicle collision;2;1;Other;18-30;Not a Pedestrian;Changing lane to the right;Slight Injury
20:16:00;Sunday;Female;unknown;unknown;unknown;Lorry (41?100Q);Organization;Above 10yr;unknown; Hospital areas;Two-way (divided with broken lines road marking);Tangent road with flat terrain;Y Shape;Asphalt roads;Dry;Darkness - lights lit;Normal;Vehicle with vehicle collision;2;1;Going straight;18-30;Not a Pedestrian;Changing lane to the left;Slight Injury
20:00:00;Saturday;Male;unknown;Employee;1-2yr;Lorry (41?100Q);Owner;Unknown;unknown;Office areas;One way;Tangent road with flat terrain;Crossing;Asphalt roads;Wet or damp;Darkness - lights lit;Other;Collision with roadside objects;1;1;Going straight;na;Not a Pedestrian;Driving carelessly;Slight Injury
18:40:00;Thursday;Male;Junior high school;Employee;2-5yr;Public (> 45 seats);Owner;2-5yrs;No defect; Church areas;Undivided Two way;Tangent road with flat terrain;No junction;Asphalt roads;Wet or damp;Darkness - lights lit;Windy;Collision with roadside objects;1;1;Going straight;18-30;Not a Pedestrian;Driving carelessly;Slight Injury
16:31:00;Wednesday;Male;Junior high school;Employee;Above 10yr;Automobile;Organization;5-10yrs;No defect; Hospital areas;Undivided Two way;Tangent road with mountainous terrain and;Unknown;Asphalt roads;Wet or damp;Darkness - lights lit;Raining;Vehicle with vehicle collision;1;1;Going straight;na;Not a Pedestrian;No distancing;Slight Injury
18:45:00;Tuesday;Male;Junior high school;Employee;Below 1yr;Automobile;Owner;Above 10yr;No defect;Office areas;other;Tangent road with flat terrain;O Shape;Asphalt roads;Wet or damp;Darkness - lights lit;Raining;Vehicle with vehicle collision;2;1;Going straight;na;Not a Pedestrian;Other;Serious Injury
18:45:00;Tuesday;Male;Junior high school;Employee;2-5yr;Automobile;Owner;2-5yrs;No defect;Other;Two-way (divided with broken lines road marking);Escarpments;O Shape;Asphalt roads;Wet or damp;Darkness - lights lit;Raining;Vehicle with vehicle collision;2;1;Going straight;31-50;Not a Pedestrian;Changing lane to the right;Serious Injury
15:16:00;Monday;Male;Junior high school;Employee;Below 1yr;Public (> 45 seats);Owner;1-2yr;unknown;Office areas;Undivided Two way;Tangent road with flat terrain;No junction;Asphalt roads;Wet or damp;Daylight;Cloudy;Collision with roadside objects;1;1;Going straight;31-50;Crossing from driver's nearside;Changing lane to the right;Slight Injury
18:35:00;Wednesday;Male;High school;Employee;5-10yr;Lorry (11?40Q);Owner;2-5yrs;unknown;Office areas;Two-way (divided with broken lines road marking);Tangent road with mountainous terrain and;No junction;Asphalt roads;Wet or damp;Darkness - lights lit;Raining;Vehicle with vehicle collision;2;2;Going straight;18-30;Not a Pedestrian;No distancing;Slight Injury
18:35:00;Wednesday;Male;Above high school;Employee;1-2yr;Pick up upto 10Q;Owner;unknown;No defect;Other;Double carriageway (median);Steep grade downward with mountainous terrain;No junction;Asphalt roads;Wet or damp;Darkness - lights lit;Raining;Vehicle with vehicle collision;2;2;Going straight;na;Not a Pedestrian;No distancing;Slight Injury
20:40:00;Tuesday;Male;Junior high school;Employee;Below 1yr;Lorry (11?40Q);Owner;1-2yr;No defect;Office areas;Undivided Two way;Tangent road with mild grade and flat terrain;Y Shape;Asphalt roads;Wet or damp;Darkness - lights lit;Normal;Vehicle with vehicle collision;1;2;Other;na;Not a Pedestrian;Overturning;Slight Injury
20:40:00;Tuesday;Male;unknown;unknown;unknown;Pick up upto 10Q;Owner;unknown;No defect;Residential areas;Undivided Two way;Tangent road with flat terrain;Y Shape;Asphalt roads;Wet or damp;Darkness - lights lit;Normal;Rollover;1;2;Reversing;5;Not a Pedestrian;Driving at high speed;Slight Injury
17:34:00;Monday;Male;High school;Employee;Below 1yr;Special vehicle;Owner;Unknown;unknown;Other;Two-way (divided with broken lines road marking);Tangent road with flat terrain;Y Shape;Asphalt roads;Dry;Darkness - lights lit;Normal;Vehicle with vehicle collision;2;1;Other;na;Not a Pedestrian;No priority to vehicle;Slight Injury
17:34:00;Monday;Male;High school;Employee;Below 1yr;Lorry (11?40Q);Owner;2-5yrs;unknown;Office areas;Double carriageway (median);Tangent road with flat terrain;Y Shape;Asphalt roads;Dry;Darkness - lights lit;Normal;Vehicle with vehicle collision;2;1;Other;18-30;Not a Pedestrian;No priority to pedestrian;Slight Injury
20:20:00;Wednesday;Male;unknown;unknown;unknown;unknown;Owner;5-10yrs;unknown;Office areas;Undivided Two way;Tangent road with mountainous terrain and;Crossing;Asphalt roads;Wet or damp;Darkness - lights lit;Normal;Collision with pedestrians;1;1;Reversing;na;Not a Pedestrian;No priority to vehicle;Serious Injury
22:25:00;Friday;Male;High school;Employee;2-5yr;unknown;unknown;unknown;unknown;Office areas;other;Tangent road with flat terrain;No junction;Asphalt roads;Dry;Darkness - lights lit;Normal;Vehicle with vehicle collision;2;2;Going straight;31-50;Not a Pedestrian;Other;Slight Injury
22:25:00;Friday;Male;Junior high school;Employee;Above 10yr;Lorry (41?100Q);Owner;5-10yrs;No defect;Other;Two-way (divided with broken lines road marking);Tangent road with mild grade and flat terrain;No junction;Asphalt roads;Dry;Darkness - lights lit;Normal;Vehicle with vehicle collision;2;2;Going straight;18-30;Not a Pedestrian;Other;Slight Injury
22:25:00;Friday;Male;Junior high school;Employee;Above 10yr;Other;Owner;unknown;No defect; Church areas;Undivided Two way;Tangent road with flat terrain;No junction;Asphalt roads;Dry;Darkness - lights lit;Normal;Vehicle with vehicle collision;2;2;Going straight;na;Not a Pedestrian;Moving Backward;Slight Injury
15:10:00;Friday;Male;Junior high school;Employee;5-10yr;Other;Owner;Unknown;No defect; Industrial areas;Undivided Two way;Tangent road with flat terrain;Y Shape;Asphalt roads;Wet or damp;Daylight;Normal;Vehicle with vehicle collision;1;1;Going straight;na;Not a Pedestrian;No distancing;Slight Injury
17:10:00;Wednesday;Male;Junior high school;Employee;1-2yr;Automobile;Owner;1-2yr;No defect;Office areas;Double carriageway (median);Tangent road with flat terrain;Y Shape;Asphalt roads;Dry;Darkness - lights lit;Normal;Collision with roadside objects;2;1;Turnover;18-30;Not a Pedestrian;Moving Backward;Slight Injury