Time;Day_of_week;Sex_of_driver;Educational_level;Vehicle_driver_relation;Driving_experience;Type_of_vehicle;Owner_of_vehicle;Service_year_of_vehicle;Defect_of_vehicle;Area_accident_occured;Lanes_or_Medians;Road_allignment;Types_of_Junction;Road_surface_type;Road_surface_conditions;Light_conditions;Weather_conditions;Type_of_collision;Number_of_vehicles_involved;Number_of_casualties;Vehicle_movement;Age_band_of_casualty;Pedestrian_movement;Cause_of_accident;Accident_severity
17:15:00;Wednesday;Male;Junior high school;Employee;Below 1yr;Long lorry;Owner;unknown;No defect;Other;Two-way (divided with broken lines road marking);Tangent road with flat terrain;Y Shape;Asphalt roads;Wet or damp;Darkness - lights lit;Unknown;Vehicle with vehicle collision;1;1;Going straight;na;Not a Pedestrian;No priority to vehicle;Serious Injury
11:29:00;Saturday;Male;High school;Employee;2-5yr;Automobile;Owner;unknown;No defect;Residential areas;Double carriageway (median);Tangent road with flat terrain;Y Shape;Asphalt roads;Dry;Daylight;Normal;Rollover;2;3;Going straight;18-30;Not a Pedestrian;Moving Backward;Slight Injury
11:29:00;Saturday;Male;Junior high school;Owner;1-2yr;Taxi;Owner;unknown;No defect; Church areas;Undivided Two way;Tangent road with flat terrain;Y Shape;Asphalt roads;Dry;Daylight;Normal;Collision with roadside objects;2;3;Going straight;Under 18;Not a Pedestrian;Turnover;Slight Injury
11:29:00;Saturday;Male;Junior high school;Employee;5-10yr;Taxi;Owner;unknown;No defect;Other;Two-way (divided with broken lines road marking);Tangent road with flat terrain;Y Shape;Asphalt roads;Dry;Daylight;Normal;Vehicle with vehicle collision;2;3;Going straight;na;Not a Pedestrian;No distancing;Slight Injury
11:29:00;Saturday;Male;Elementary school;Employee;2-5yr;Long lorry;Owner;unknown;No defect;  Recreational areas;Two-way (divided with broken lines road marking);Tangent road with flat terrain;Y Shape;Asphalt roads;Dry;Daylight;Normal;Collision with roadside objects;2;3;Going straight;31-50;Not a Pedestrian;No distancing;Slight Injury
10:20:00;Sunday;Male;Elementary school;Owner;5-10yr;Lorry (11?40Q);unknown;unknown;unknown;unknown;unknown;Tangent road with flat terrain;Y Shape;Asphalt roads;Dry;Daylight;Normal;Vehicle with vehicle collision;2;2;Going straight;18-30;Not a Pedestrian;No distancing;Slight Injury
10:20:00;Sunday;Male;Junior high school;Employee;Above 10yr;Lorry (11?40Q);Owner;Unknown;No defect; Industrial areas;Undivided Two way;Tangent road with mild grade and flat terrain;Y Shape;Asphalt roads;Dry;Daylight;Normal;Vehicle with vehicle collision;2;2;Going straight;na;Not a Pedestrian;Changing lane to the left;Slight Injury
10:20:00;Sunday;Male;Junior high school;Employee;5-10yr;Long lorry;Owner;unknown;No defect;Other;Two-way (divided with broken lines road marking);Tangent road with flat terrain;Y Shape;Asphalt roads;Dry;Daylight;Normal;Vehicle with vehicle collision;2;2;Going straight;18-30;Not a Pedestrian;No priority to vehicle;Slight Injury
18:05:00;Tuesday;Male;High school;Employee;5-10yr;Turbo;Owner;Unknown;unknown;Other;other;Tangent road with flat terrain;Y Shape;Asphalt roads;Wet or damp;Darkness - lights lit;Raining;Vehicle with vehicle collision;2;1;Moving Backward;na;Not a Pedestrian;Driving at high speed;Slight Injury
18:05:00;Tuesday;Male;Junior high school;Employee;5-10yr;Long lorry;Owner;5-10yrs;No defect; Church areas;other;Tangent road with flat terrain;Y Shape;Asphalt roads;Wet or damp;Darkness - lights lit;Raining;Vehicle with vehicle collision;2;1;Going straight;Under 18;Not a Pedestrian;Overtaking;Slight Injury
13:32:00;Wednesday;Male;Junior high school;Employee;Above 10yr;Long lorry;Owner;5-10yrs;No defect; Church areas;Undivided Two way;Tangent road with flat terrain;O Shape;Asphalt roads;Dry;Daylight;Normal;Collision with roadside objects;2;2;Going straight;18-30;Not a Pedestrian;Other;Slight Injury
13:32:00;Wednesday;Male;Junior high school;unknown;1-2yr;Public (13?45 seats);Owner;unknown;No defect;Other;Two-way (divided with broken lines road marking);Tangent road with flat terrain;O Shape;Asphalt roads;Dry;Daylight;Normal;Vehicle with vehicle collision;2;2;Going straight;na;Not a Pedestrian;Changing lane to the left;Slight Injury
13:32:00;Wednesday;Male;Junior high school;Employee;2-5yr;Automobile;Owner;unknown;No defect;Other;One way;Tangent road with flat terrain;O Shape;Asphalt roads;Dry;Daylight;Normal;Collision with roadside objects;2;2;Going straight;18-30;In carriageway, statioNot a Pedestrianry - not crossing  (standing or playing);No priority to pedestrian;Slight Injury
15:20:00;Tuesday;Male;Junior high school;Employee;1-2yr;Automobile;Governmental;2-5yrs;unknown;  Recreational areas;Two-way (divided with broken lines road marking);Tangent road with flat terrain;No junction;unknown;Dry;Daylight;Normal;Vehicle with vehicle collision;1;1;Moving Backward;31-50;Not a Pedestrian;Changing lane to the left;Slight Injury
09:51:00;Thursday;Male;unknown;unknown;unknown;Pick up upto 10Q;Owner;2-5yrs;unknown;Other;Undivided Two way;Tangent road with flat terrain;Y Shape;Asphalt roads;Dry;Daylight;Normal;Vehicle with vehicle collision;1;1;Going straight;na;Not a Pedestrian;No distancing;Slight Injury
11:50:00;Monday;Female;Elementary school;Employee;5-10yr;unknown;Owner;5-10yrs;unknown;Office areas;Undivided Two way;Tangent road with flat terrain;Y Shape;Asphalt roads;Dry;Daylight;Normal;Vehicle with vehicle collision;3;1;Other;na;Not a Pedestrian;Moving Backward;Slight Injury
11:50:00;Monday;Male;Junior high school;Employee;5-10yr;Stationwagen;Owner;5-10yrs;No defect; Church areas;Two-way (divided with broken lines road marking);Tangent road with flat terrain;Y Shape;Asphalt roads;Dry;Daylight;Normal;Vehicle with vehicle collision;3;1;Other;18-30;Not a Pedestrian;Changing lane to the left;Slight Injury
11:50:00;Monday;Male;Junior high school;Employee;Above 10yr;unknown;Owner;2-5yrs;unknown;Office areas;Two-way (divided with broken lines road marking);Tangent road with flat terrain;Y Shape;Asphalt roads;Dry;Daylight;Normal;Vehicle with vehicle collision;3;1;Going straight;na;Not a Pedestrian;Other;Slight Injury
10:35:00;Wednesday;Male;Junior high school;Employee;2-5yr;Automobile;unknown;unknown;No defect;Office areas;Undivided Two way;Tangent road with mountainous terrain and;No junction;Asphalt roads;Wet or damp;Daylight;Normal;Vehicle with vehicle collision;2;2;Going straight;18-30;Not a Pedestrian;No distancing;Serious Injury
10:35:00;Wednesday;Male;Junior high school;Owner;Above 10yr;Automobile;Owner;2-5yrs;No defect;Other;Undivided Two way;Tangent road with flat terrain;No junction;Asphalt roads;Wet or damp;Daylight;Normal;Vehicle with vehicle collision;2;2;Going straight;18-30;Not a Pedestrian;Moving Backward;Serious Injury
10:35:00;Wednesday;Male;Junior high school;Employee;2-5yr;Long lorry;Governmental;unknown;unknown;Residential areas;Two-way (divided with broken lines road marking);Tangent road with flat terrain;No junction;Asphalt roads;Wet or damp;Daylight;Normal;Vehicle with vehicle collision;2;2;Going straight;na;Not a Pedestrian;No distancing;Serious Injury
18:30:00;Thursday;Male;Elementary school;Other;5-10yr;Public (13?45 seats);Owner;2-5yrs;No defect;Office areas;Two-way (divided with broken lines road marking);Tangent road with mild grade and flat terrain;Y Shape;Asphalt roads;Dry;Darkness - lights lit;Normal;Vehicle with vehicle collision;2;1;Other;na;Not a Pedestrian;Changing lane to the left;Slight Injury
18:30:00;Thursday;Male;Elementary school;Employee;5-10yr;Public (13?45 seats);Owner;2-5yrs;unknown;Residential areas;other;Tangent road with flat terrain;Y Shape;Asphalt roads;Dry;Darkness - lights lit;Normal;Vehicle with vehicle collision;2;1;Going straight;31-50;Not a Pedestrian;Changing lane to the left;Slight Injury
18:30:00;Friday;Male;Junior high school;unknown;5-10yr;Lorry (11?40Q);Owner;Unknown;No defect;Residential areas;Two-way (divided with broken lines road marking);Tangent road with flat terrain;Y Shape;Asphalt roads;Dry;Darkness - lights lit;Normal;Vehicle with vehicle collision;2;1;Getting off;na;Not a Pedestrian;No priority to pedestrian;Slight Injury
18:30:00;Friday;Male;Junior high school;Employee;5-10yr;Lorry (11?40Q);Owner;unknown;No defect;Other;Double carriageway (median);Tangent road with flat terrain;Y Shape;Asphalt roads;Dry;Darkness - lights lit;Normal;Rollover;2;1;Going straight;31-50;Not a Pedestrian;Changing lane to the left;Slight Injury
11:55:00;Friday;Male;Elementary school;Employee;Above 10yr;Pick up upto 10Q;Owner;unknown;No defect; Hospital areas;One way;Tangent road with flat terrain;Y Shape;Asphalt roads;Dry;Daylight;Normal;Collision with roadside objects;1;2;Going straight;31-50;Not a Pedestrian;Driving carelessly;Slight Injury
11:55:00;Friday;Male;Junior high school;unknown;Below 1yr;Automobile;Governmental;unknown;No defect;Other;Undivided Two way;Tangent road with flat terrain;Y Shape;Asphalt roads;Dry;Daylight;Normal;Vehicle with vehicle collision;1;2;Going straight;18-30;Crossing from offside - masked by  parked or statioNot a Pedestrianry vehicle;Driving carelessly;Slight Injury
07:30:00;Wednesday;Male;Junior high school;Employee;5-10yr;Automobile;Owner;unknown;No defect;Other;Undivided Two way;Tangent road with flat terrain;No junction;Asphalt roads;Wet or damp;Darkness - lights lit;Other;Vehicle with vehicle collision;2;1;Going straight;Under 18;Not a Pedestrian;No priority to pedestrian;Slight Injury
07:30:00;Wednesday;Male;Elementary school;Employee;1-2yr;Automobile;Owner;unknown;No defect;  Recreational areas;One way;Tangent road with mild grade and flat terrain;No junction;Asphalt roads;Wet or damp;Darkness - lights lit;Other;Collision with roadside objects;2;1;Going straight;na;Not a Pedestrian;Getting off the vehicle improperly;Slight Injury
00:09:00;Monday;Male;unknown;unknown;unknown;Long lorry;Owner;unknown;No defect;Other;Undivided Two way;Tangent road with flat terrain;Y Shape;Asphalt roads;Wet or damp;Darkness - lights lit;Normal;Vehicle with vehicle collision;2;1;Going straight;18-30;Not a Pedestrian;No distancing;Slight Injury
00:09:00;Monday;Male;Junior high school;Employee;Above 10yr;Long lorry;Owner;unknown;No defect;Other;Undivided Two way;Tangent road with flat terrain;Y Shape;Asphalt roads;Wet or damp;Darkness - lights lit;Normal;Vehicle with vehicle collision;2;1;Moving Backward;na;Not a Pedestrian;Changing lane to the left;Slight Injury
19:47:00;Saturday;Female;High school;Owner;2-5yr;Automobile;Owner;unknown;No defect;Other;Undivided Two way;Tangent road with flat terrain;O Shape;Asphalt roads;Wet or damp;Darkness - lights lit;Normal;Vehicle with vehicle collision;2;1;Going straight;18-30;Not a Pedestrian;No priority to vehicle;Serious Injury
19:47:00;Saturday;Male;Junior high school;Employee;1-2yr;Stationwagen;Owner;Below 1yr;No defect;Office areas;Two-way (divided with broken lines road marking);Tangent road with flat terrain;O Shape;Asphalt roads;Wet or damp;Darkness - lights lit;Normal;Rollover;2;1;Other;Under 18;Not a Pedestrian;No distancing;Serious Injury
19:00:00;Wednesday;Male;Junior high school;Employee;1-2yr;unknown;Owner;2-5yrs;No defect;Other;Two-way (divided with broken lines road marking);Tangent road with mild grade and flat terrain;Y Shape;Asphalt roads;Dry;Darkness - lights lit;Normal;Rollover;2;1;Going straight;na;Not a Pedestrian;No priority to pedestrian;Slight Injury
19:00:00;Wednesday;Male;Above high school;Owner;2-5yr;Other;Owner;unknown;No defect;Residential areas;Two-way (divided with broken lines road marking);Tangent road with flat terrain;Y Shape;Asphalt roads;Dry;Darkness - lights lit;Normal;Collision with pedestrians;2;1;Going straight;na;Not a Pedestrian;No priority to pedestrian;Slight Injury
12:00:00;Thursday;Female;unknown;unknown;unknown;Special vehicle;Owner;5-10yrs;No defect;Other;Undivided Two way;Tangent road with flat terrain;No junction;Asphalt roads;Wet or damp;Daylight;Normal;Vehicle with vehicle collision;2;1;Going straight;18-30;Not a Pedestrian;No priority to vehicle;Slight Injury
12:00:00;Thursday;Male;Elementary school;Owner;2-5yr;Lorry (41?100Q);Owner;Unknown;No defect;Other;Undivided Two way;Tangent road with flat terrain;No junction;Asphalt roads;Wet or damp;Daylight;Normal;Vehicle with vehicle collision;2;1;Going straight;18-30;Not a Pedestrian;Driving carelessly;Slight Injury
22:42:00;Friday;Male;Junior high school;Employee;1-2yr;Pick up upto 10Q;Owner;unknown;unknown; Church areas;Undivided Two way;Tangent road with flat terrain;No junction;Asphalt roads;Dry;Darkness - lights lit;Normal;Vehicle with vehicle collision;1;1;unknown;na;Not a Pedestrian;Changing lane to the right;Slight Injury
07:55:00;Monday;Male;unknown;Owner;5-10yr;Lorry (11?40Q);Owner;1-2yr;5;Office areas;Undivided Two way;Tangent road with flat terrain;No junction;Asphalt roads;Wet or damp;Daylight;Normal;Collision with pedestrians;1;1;Moving Backward;31-50;Not a Pedestrian;Changing lane to the left;Serious Injury
07:25:00;Friday;Male;Junior high school;Employee;Below 1yr;Lorry (41?100Q);Owner;Above 10yr;No defect;School areas;other;Tangent road with flat terrain;Y Shape;Asphalt roads;Dry;Daylight;Normal;Collision with pedestrians;2;1;unknown;na;Not a Pedestrian;Moving Backward;Serious Injury
07:25:00;Friday;Male;Junior high school;Employee;2-5yr;Motorcycle;Owner;2-5yrs;No defect;Other;Undivided Two way;Tangent road with flat terrain;Y Shape;Asphalt roads;Dry;Daylight;Normal;Vehicle with vehicle collision;2;1;Going straight;18-30;Crossing from nearside - masked by parked or statioNot a Pedestrianry vehicle;Driving carelessly;Serious Injury
23:25:00;Saturday;Female;Junior high school;Employee;5-10yr;Automobile;Owner;1-2yr;No defect;Office areas;Undivided Two way;Tangent road with flat terrain;Y Shape;Asphalt roads;Dry;Darkness - lights lit;Normal;Vehicle with vehicle collision;2;1;Going straight;18-30;Not a Pedestrian;Driving to the left;Serious Injury
23:25:00;Saturday;Male;Junior high school;Employee;Above 10yr;Automobile;Owner;1-2yr;No defect;Residential areas;other;Steep grade downward with mountainous terrain;Y Shape;Gravel roads;Dry;Darkness - lights lit;Normal;Vehicle with vehicle collision;2;1;unknown;31-50;Not a Pedestrian;Driving to the left;Serious Injury
15:10:00;Wednesday;Male;Elementary school;Employee;2-5yr;Automobile;Owner;1-2yr;No defect; Industrial areas;One way;Tangent road with flat terrain;Y Shape;Asphalt roads;Dry;Daylight;Normal;Collision with roadside objects;2;1;Going straight;Over 51;Not a Pedestrian;No priority to pedestrian;Serious Injury
15:10:00;Wednesday;Male;Elementary school;Owner;Above 10yr;Stationwagen;Owner;2-5yrs;No defect;Other;Undivided Two way;Tangent road with flat terrain;Y Shape;Asphalt roads;Dry;Daylight;Normal;Vehicle with vehicle collision;2;1;Going straight;18-30;Not a Pedestrian;Changing lane to the left;Serious Injury
17:00:00;Wednesday;Female;Junior high school;Employee;1-2yr;unknown;Owner;1-2yr;No defect;Residential areas;Undivided Two way;Tangent road with flat terrain;Y Shape;Asphalt roads;Wet or damp;Darkness - lights lit;Other;Collision with roadside objects;2;1;Going straight;na;Not a Pedestrian;Changing lane to the right;Serious Injury
17:00:00;Wednesday;Male;Junior high school;Employee;5-10yr;Public (> 45 seats);Owner;1-2yr;No defect;  Recreational areas;Two-way (divided with broken lines road marking);Tangent road with flat terrain;Y Shape;Asphalt roads;Wet or damp;Darkness - lights lit;Other;Vehicle with vehicle collision;2;1;Going straight;18-30;Not a Pedestrian;Driving carelessly;Serious Injury
16:10:00;Tuesday;Male;Junior high school;Employee;2-5yr;Public (> 45 seats);Owner;Unknown;7;Office areas;other;Tangent road with flat terrain;Crossing;Asphalt roads;Dry;Daylight;Normal;Vehicle with vehicle collision;1;1;Going straight;18-30;Not a Pedestrian;No distancing;Slight Injury
13:29:00;Saturday;Male;Junior high school;Employee;2-5yr;Stationwagen;Owner;unknown;No defect; Outside rural areas;Two-way (divided with broken lines road marking);Tangent road with flat terrain;Other;Asphalt roads;Dry;Daylight;Normal;Collision with roadside objects;2;1;Going straight;na;Not a Pedestrian;Getting off the vehicle improperly;Serious Injury
13:29:00;Saturday;Male;Junior high school;Employee;2-5yr;Automobile;Owner;1-2yr;No defect; Outside rural areas;Two-way (divided with broken lines road marking);Tangent road with flat terrain;Other;Asphalt roads;Dry;Daylight;Normal;Vehicle with vehicle collision;2;1;Going straight;na;Not a Pedestrian;Driving under the influence of drugs;Serious Injury
12:40:00;Friday;Male;Junior high school;Employee;2-5yr;Bicycle;Owner;1-2yr;No defect; Outside rural areas;Undivided Two way;Tangent road with flat terrain;Other;Asphalt roads;Dry;Daylight;Normal;Vehicle with vehicle collision;2;1;Other;18-30;Not a Pedestrian;Changing lane to the right;Serious Injury
12:40:00;Friday;Male;Junior high school;Employee;Above 10yr;Automobile;Governmental;Below 1yr;No defect; Outside rural areas;Undivided Two way;Tangent road with flat terrain;Other;Asphalt roads;Dry;Daylight;Normal;Collision with roadside objects;2;1;Going straight;Under 18;Crossing from nearside - masked by parked or statioNot a Pedestrianry vehicle;Driving carelessly;Serious Injury
15:30:00;Friday;Male;Junior high school;Employee;Above 10yr;Lorry (41?100Q);Owner;unknown;No defect; Outside rural areas;other;Steep grade downward with mountainous terrain;No junction;Asphalt roads with some distress;Dry;Daylight;Normal;Collision with roadside objects;4;5;Going straight;18-30;Not a Pedestrian;Moving Backward;Slight Injury
15:30:00;Friday;Male;Elementary school;Employee;5-10yr;Automobile;Owner;unknown;No defect;School areas;other;Steep grade downward with mountainous terrain;No junction;Asphalt roads;Dry;Daylight;Normal;Vehicle with vehicle collision;4;5;Going straight;18-30;Not a Pedestrian;Turnover;Slight Injury
15:30:00;Friday;Male;unknown;Employee;unknown;Public (13?45 seats);Owner;Above 10yr;No defect; Outside rural areas;Two-way (divided with broken lines road marking);Tangent road with flat terrain;No junction;Asphalt roads;Dry;Daylight;Normal;Vehicle with vehicle collision;4;5;Going straight;na;Not a Pedestrian;Changing lane to the right;Slight Injury
15:30:00;Friday;Male;unknown;Employee;2-5yr;Special vehicle;Owner;unknown;No defect; Outside rural areas;Undivided Two way;Tangent road with flat terrain;No junction;Asphalt roads;Dry;Daylight;Normal;Vehicle with vehicle collision;4;5;Going straight;18-30;Not a Pedestrian;Driving carelessly;Slight Injury
15:30:00;Friday;Male;Elementary school;Employee;5-10yr;Automobile;Owner;unknown;No defect; Outside rural areas;Two-way (divided with broken lines road marking);Escarpments;No junction;Asphalt roads;Dry;Daylight;Normal;Vehicle with vehicle collision;4;5;Going straight;na;Not a Pedestrian;No priority to vehicle;Slight Injury
03:32:00;Saturday;Male;Junior high school;Employee;5-10yr;Public (13?45 seats);Owner;2-5yrs;No defect; Outside rural areas;Two-way (divided with broken lines road marking);Tangent road with mountainous terrain and;No junction;Asphalt roads;Dry;Darkness - lights lit;Normal;Vehicle with vehicle collision;2;3;Moving Backward;na;Not a Pedestrian;Moving Backward;Fatal injury
04:00:00;Friday;Male;Junior high school;Employee;Above 10yr;unknown;Owner;2-5yrs;No defect;Office areas;Undivided Two way;Tangent road with mountainous terrain and;unknown;Asphalt roads;Dry;Darkness - lights lit;Normal;Vehicle with vehicle collision;2;2;Going straight;Over 51;Not a Pedestrian;Changing lane to the left;Slight Injury
04:00:00;Friday;Male;Junior high school;Employee;5-10yr;Lorry (41?100Q);Owner;2-5yrs;No defect; Outside rural areas;Undivided Two way;Tangent road with mountainous terrain and;unknown;Asphalt roads;Dry;Daylight;Normal;Vehicle with vehicle collision;1;1;Going straight;31-50;Not a Pedestrian;Overturning;Slight Injury
04:00:00;Friday;Male;Junior high school;Employee;Above 10yr;Lorry (41?100Q);Owner;unknown;No defect; Outside rural areas;Undivided Two way;Tangent road with mountainous terrain and;unknown;Asphalt roads;Wet or damp;Daylight;Raining;Vehicle with vehicle collision;2;1;Going straight;na;Not a Pedestrian;No distancing;Slight Injury
04:00:00;Friday;Male;Elementary school;Employee;Below 1yr;Public (12 seats);Owner;2-5yrs;No defect; Outside rural areas;Undivided Two way;Tangent road with flat terrain;unknown;Asphalt roads;Wet or damp;Daylight;Raining;Vehicle with vehicle collision;2;1;Going straight;31-50;Not a Pedestrian;Driving carelessly;Slight Injury
15:50:00;Saturday;Male;Elementary school;Employee;5-10yr;Lorry (41?100Q);Owner;unknown;No defect;Office areas;Undivided Two way;Tangent road with flat terrain;unknown;Asphalt roads;Dry;Darkness - lights lit;Normal;Vehicle with vehicle collision;2;1;Going straight;na;Not a Pedestrian;No distancing;Slight Injury
08:50:00;Friday;Male;Elementary school;Employee;1-2yr;Lorry (41?100Q);Owner;unknown;No defect;  Recreational areas;Undivided Two way;Tangent road with flat terrain;unknown;Asphalt roads;Dry;Darkness - lights lit;Normal;Vehicle with vehicle collision;2;1;Going straight;18-30;Not a Pedestrian;Changing lane to the left;Slight Injury
00:25:00;Sunday;Male;Elementary school;Employee;5-10yr;Public (12 seats);Owner;Above 10yr;No defect;Office areas;Undivided Two way;Tangent road with flat terrain;unknown;Asphalt roads;Dry;Daylight;Normal;Vehicle with vehicle collision;2;1;Going straight;na;Not a Pedestrian;No priority to pedestrian;Slight Injury
00:25:00;Sunday;Male;Elementary school;Employee;5-10yr;Public (> 45 seats);Owner;2-5yrs;No defect;Other;Two-way (divided with broken lines road marking);Tangent road with mild grade and flat terrain;unknown;Asphalt roads;Dry;Daylight;Normal;Vehicle with vehicle collision;2;1;Getting off;na;Not a Pedestrian;No distancing;Slight Injury
00:25:00;Sunday;Male;Elementary school;Employee;2-5yr;Automobile;Owner;Above 10yr;No defect;Residential areas;Two-way (divided with broken lines road marking);Tangent road with flat terrain;unknown;Asphalt roads;Dry;Daylight;Normal;Vehicle with vehicle collision;3;3;Going straight;18-30;Not a Pedestrian;No distancing;Serious Injury
00:10:00;Sunday;Male;Elementary school;Employee;5-10yr;Pick up upto 10Q;Owner;Above 10yr;No defect;Residential areas;other;Tangent road with flat terrain;unknown;Asphalt roads;Dry;Daylight;Normal;Vehicle with vehicle collision;3;3;Going straight;18-30;Not a Pedestrian;Changing lane to the left;Serious Injury
00:10:00;Sunday;Male;unknown;unknown;5-10yr;Stationwagen;Owner;unknown;No defect;Residential areas;Undivided Two way;Tangent road with flat terrain;unknown;Asphalt roads;Dry;Daylight;Normal;Vehicle with vehicle collision;3;3;Turnover;na;Not a Pedestrian;No distancing;Serious Injury
15:20:00;Saturday;Male;Junior high school;Employee;Above 10yr;Other;Owner;Above 10yr;No defect;Other;Undivided Two way;Tangent road with flat terrain;unknown;Asphalt roads;Dry;Daylight;Normal;Vehicle with vehicle collision;3;3;Moving Backward;na;Not a Pedestrian;Changing lane to the left;Serious Injury
15:20:00;Saturday;Male;Junior high school;Employee;Above 10yr;unknown;Owner;unknown;No defect;Office areas;Two-way (divided with broken lines road marking);Tangent road with flat terrain;unknown;Asphalt roads;Dry;Daylight;Normal;Vehicle with vehicle collision;1;1;Going straight;31-50;Not a Pedestrian;No distancing;Slight Injury
15:20:00;Saturday;Male;Elementary school;Employee;Below 1yr;Automobile;Owner;unknown;unknown;Other;Two-way (divided with broken lines road marking);Tangent road with flat terrain;unknown;Asphalt roads;Dry;Daylight;Normal;Collision with roadside objects;3;2;Moving Backward;31-50;Not a Pedestrian;No distancing;Slight Injury
16:30:00;Saturday;Male;Elementary school;Employee;5-10yr;Stationwagen;Owner;Above 10yr;unknown;Other;other;Tangent road with flat terrain;unknown;Asphalt roads;Dry;Daylight;Normal;Vehicle with vehicle collision;3;2;Going straight;na;Not a Pedestrian;No distancing;Slight Injury
16:30:00;Saturday;Male;Elementary school;Owner;5-10yr;Pick up upto 10Q;Owner;5-10yrs;unknown;Office areas;Two-way (divided with broken lines road marking);Tangent road with flat terrain;unknown;Asphalt roads;Dry;Daylight;Normal;Collision with pedestrians;3;2;unknown;31-50;Not a Pedestrian;Changing lane to the left;Slight Injury
01:05:00;Friday;Male;Elementary school;Employee;2-5yr;Lorry (41?100Q);Owner;Below 1yr;unknown; Church areas;other;Tangent road with flat terrain;unknown;Asphalt roads;Dry;Daylight;Normal;Vehicle with vehicle collision;2;1;Going straight;Over 51;Not a Pedestrian;Changing lane to the right;Slight Injury
01:05:00;Friday;Male;Elementary school;Employee;Above 10yr;Automobile;Owner;Unknown;No defect;Other;Two-way (divided with broken lines road marking);Tangent road with flat terrain;unknown;Asphalt roads;Dry;Daylight;Normal;Collision with roadside objects;2;1;unknown;18-30;Not a Pedestrian;Moving Backward;Slight Injury
19:40:00;Monday;Male;Elementary school;Employee;2-5yr;unknown;Owner;unknown;unknown;Other;One way;Tangent road with flat terrain;unknown;Asphalt roads;Dry;Darkness - lights lit;Normal;Vehicle with vehicle collision;3;3;Going straight;na;Not a Pedestrian;Changing lane to the right;Slight Injury
19:40:00;Monday;Male;Junior high school;Employee;Above 10yr;Lorry (41?100Q);Owner;unknown;unknown;Office areas;Double carriageway (median);Tangent road with flat terrain;unknown;Asphalt roads;Dry;Darkness - lights lit;Normal;Vehicle with vehicle collision;3;3;unknown;Under 18;Not a Pedestrian;No distancing;Slight Injury
19:40:00;Monday;Female;Junior high school;Employee;Below 1yr;Lorry (41?100Q);Owner;unknown;unknown;Office areas;One way;Tangent road with mild grade and flat terrain;unknown;Asphalt roads;Dry;Darkness - lights lit;Normal;Vehicle with vehicle collision;3;3;Going straight;18-30;Not a Pedestrian;Overtaking;Slight Injury
19:08:00;Tuesday;Male;Junior high school;Employee;2-5yr;Lorry (41?100Q);Owner;unknown;unknown;Office areas;Undivided Two way;Tangent road with flat terrain;unknown;Asphalt roads;Dry;Darkness - lights lit;Normal;Vehicle with vehicle collision;3;3;Going straight;na;Not a Pedestrian;Other;Slight Injury
19:08:00;Tuesday;Male;Elementary school;Employee;5-10yr;Pick up upto 10Q;Owner;unknown;No defect;Office areas;Double carriageway (median);Tangent road with flat terrain;unknown;Asphalt roads;Dry;Darkness - lights lit;Normal;Vehicle with vehicle collision;3;3;Going straight;na;Not a Pedestrian;Other;Slight Injury
17:50:00;Saturday;Male;Elementary school;Employee;5-10yr;Pick up upto 10Q;Owner;Unknown;unknown;unknown;Two-way (divided with broken lines road marking);Tangent road with flat terrain;unknown;Asphalt roads;Dry;Daylight;Normal;Rollover;2;3;Going straight;18-30;Not a Pedestrian;Changing lane to the right;Slight Injury
17:50:00;Saturday;Male;Elementary school;Employee;1-2yr;Automobile;Owner;Below 1yr;unknown;Office areas;Undivided Two way;Tangent road with flat terrain;unknown;Asphalt roads;Dry;Daylight;Normal;Collision with roadside objects;2;3;Going straight;Under 18;Not a Pedestrian;No priority to pedestrian;Slight Injury
21:30:00;Sunday;Male;Elementary school;Employee;unknown;Other;Owner;Unknown;unknown;Other;unknown;Tangent road with flat terrain;unknown;Asphalt roads;Dry;Daylight;Normal;Vehicle with vehicle collision;2;3;Other;5;Not a Pedestrian;No priority to vehicle;Slight Injury
21:30:00;Sunday;Male;Junior high school;Employee;1-2yr;unknown;Owner;unknown;unknown;Other;Double carriageway (median);Tangent road with flat terrain;unknown;Asphalt roads;Dry;Daylight;Normal;Vehicle with vehicle collision;2;3;Other;Over 51;Not a Pedestrian;Changing lane to the left;Slight Injury
14:49:00;Monday;Male;unknown;Employee;5-10yr;Automobile;Governmental;Unknown;unknown;Other;Two-way (divided with broken lines road marking);Tangent road with flat terrain;unknown;Asphalt roads;Dry;Daylight;Normal;Collision with roadside objects;2;1;Going straight;18-30;Not a Pedestrian;Changing lane to the left;Slight Injury
14:49:00;Monday;Male;Elementary school;Owner;1-2yr;Automobile;Owner;unknown;unknown;Office areas;unknown;Tangent road with flat terrain;unknown;Asphalt roads;Dry;Daylight;Normal;Vehicle with vehicle collision;2;1;Going straight;31-50;Not a Pedestrian;Overtaking;Slight Injury
14:49:00;Monday;Male;Junior high school;Employee;5-10yr;Public (> 45 seats);Owner;unknown;unknown;Office areas;unknown;Tangent road with flat terrain;unknown;Asphalt roads;Dry;Daylight;Cloudy;Vehicle with vehicle collision;2;1;Getting off;31-50;Not a Pedestrian;No distancing;Slight Injury
17:40:00;Sunday;Female;Junior high school;Employee;2-5yr;Lorry (41?100Q);Owner;unknown;unknown;Office areas;Two-way (divided with broken lines road marking);Tangent road with flat terrain;unknown;Asphalt roads;Dry;Daylight;Cloudy;Vehicle with vehicle collision;2;1;Going straight;na;Not a Pedestrian;No priority to vehicle;Slight Injury