Time;Day_of_week;Sex_of_driver;Educational_level;Vehicle_driver_relation;Driving_experience;Type_of_vehicle;Owner_of_vehicle;Service_year_of_vehicle;Defect_of_vehicle;Area_accident_occured;Lanes_or_Medians;Road_allignment;Types_of_Junction;Road_surface_type;Road_surface_conditions;Light_conditions;Weather_conditions;Type_of_collision;Number_of_vehicles_involved;Number_of_casualties;Vehicle_movement;Age_band_of_casualty;Pedestrian_movement;Cause_of_accident;Accident_severity
17:25:00;Friday;Male;Elementary school;Employee;1-2yr;Automobile;Owner;unknown;unknown;Other;Undivided Two way;Tangent road with flat terrain;unknown;Asphalt roads;Dry;Daylight;Normal;Vehicle with vehicle collision;1;1;Turnover;na;Not a Pedestrian;Getting off the vehicle improperly;Slight Injury
17:25:00;Friday;Male;Junior high school;Employee;unknown;Pick up upto 10Q;unknown;unknown;unknown;Other;Two-way (divided with broken lines road marking);Tangent road with flat terrain;unknown;Asphalt roads;Dry;Daylight;Normal;Vehicle with vehicle collision;2;1;Entering a junction;na;Not a Pedestrian;Overtaking;Slight Injury
17:22:00;Sunday;Male;unknown;unknown;unknown;Lorry (41?100Q);Governmental;Below 1yr;No defect;Residential areas;other;Steep grade downward with mountainous terrain;unknown;Asphalt roads;Dry;Daylight;Normal;Vehicle with vehicle collision;2;1;Entering a junction;18-30;Not a Pedestrian;Driving carelessly;Slight Injury
17:22:00;Sunday;Male;Elementary school;Employee;5-10yr;Public (13?45 seats);Owner;unknown;No defect;Office areas;Two-way (divided with broken lines road marking);Tangent road with flat terrain;unknown;Asphalt roads;Dry;Daylight;Normal;Vehicle with vehicle collision;1;2;Entering a junction;18-30;Unknown or other;Driving under the influence of drugs;Serious Injury
16:05:00;Monday;Male;Junior high school;Employee;2-5yr;Long lorry;Owner;unknown;unknown;Office areas;Two-way (divided with broken lines road marking);Tangent road with flat terrain;unknown;Asphalt roads;Dry;Daylight;Normal;Vehicle with vehicle collision;1;2;Entering a junction;na;Not a Pedestrian;Moving Backward;Serious Injury
16:05:00;Monday;Male;Junior high school;Employee;5-10yr;Automobile;Owner;Unknown;No defect;Other;Two-way (divided with broken lines road marking);Tangent road with flat terrain;unknown;Asphalt roads;Dry;Daylight;Normal;Collision with pedestrians;3;1;Entering a junction;31-50;Not a Pedestrian;Overturning;Slight Injury
16:05:00;Monday;Male;High school;Employee;2-5yr;Automobile;Owner;Above 10yr;No defect;Other;One way;Tangent road with flat terrain;unknown;Asphalt roads;Dry;Daylight;Normal;Vehicle with vehicle collision;3;1;Other;na;Not a Pedestrian;Driving under the influence of drugs;Slight Injury
09:00:00;Thursday;Male;Junior high school;Employee;1-2yr;Other;Owner;unknown;No defect;Office areas;Two-way (divided with broken lines road marking);Tangent road with flat terrain;unknown;Asphalt roads;Dry;Daylight;Normal;Vehicle with vehicle collision;3;1;Going straight;31-50;Not a Pedestrian;Changing lane to the right;Slight Injury
09:00:00;Thursday;Male;Junior high school;Employee;1-2yr;unknown;Owner;2-5yrs;unknown;Office areas;Undivided Two way;Tangent road with flat terrain;unknown;Asphalt roads;Dry;Daylight;Normal;Vehicle with vehicle collision;2;1;Going straight;18-30;Not a Pedestrian;Changing lane to the left;Slight Injury
08:55:00;Saturday;Male;Junior high school;Employee;5-10yr;Long lorry;Owner;unknown;No defect;Other;Two-way (divided with broken lines road marking);Tangent road with flat terrain;unknown;Gravel roads;Dry;Daylight;Normal;Vehicle with vehicle collision;2;1;Other;na;Not a Pedestrian;No distancing;Slight Injury
10:44:00;Friday;Male;Illiterate;Employee;unknown;Public (12 seats);Owner;unknown;No defect;Other;Two-way (divided with broken lines road marking);Tangent road with flat terrain;unknown;Asphalt roads;Dry;Daylight;Normal;Collision with roadside objects;2;1;Going straight;18-30;Not a Pedestrian;No distancing;Slight Injury
16:18:00;Wednesday;Male;Junior high school;Employee;5-10yr;Public (12 seats);Governmental;Unknown;unknown;Residential areas;Two-way (divided with broken lines road marking);Tangent road with flat terrain;unknown;Asphalt roads;Dry;Daylight;Normal;Vehicle with vehicle collision;2;1;Going straight;na;Not a Pedestrian;No priority to vehicle;Slight Injury
17:21:00;Thursday;Male;Junior high school;Employee;1-2yr;Other;Owner;1-2yr;No defect;Other;Undivided Two way;Tangent road with flat terrain;unknown;Asphalt roads;Dry;Daylight;Normal;Vehicle with vehicle collision;3;1;Going straight;5;Not a Pedestrian;Moving Backward;Slight Injury
17:21:00;Thursday;Male;Junior high school;Employee;2-5yr;Other;Owner;unknown;No defect;Office areas;Undivided Two way;Tangent road with flat terrain;unknown;Asphalt roads;Dry;Daylight;Normal;Vehicle with vehicle collision;3;1;Going straight;18-30;Not a Pedestrian;Moving Backward;Slight Injury
17:21:00;Thursday;Male;Junior high school;Employee;Above 10yr;Other;Owner;2-5yrs;No defect;Office areas;Undivided Two way;Tangent road with flat terrain;unknown;Earth roads;Dry;Daylight;Normal;Vehicle with vehicle collision;3;1;Going straight;na;Not a Pedestrian;Getting off the vehicle improperly;Slight Injury
17:21:00;Thursday;Unknown;Junior high school;Owner;5-10yr;Public (12 seats);unknown;unknown;unknown;Other;Undivided Two way;Tangent road with flat terrain;unknown;Asphalt roads;Dry;Daylight;Normal;Vehicle with vehicle collision;2;1;Reversing;18-30;Not a Pedestrian;Changing lane to the left;Slight Injury
15:40:00;Monday;Male;High school;Employee;1-2yr;Lorry (41?100Q);Owner;Unknown;unknown;Other;unknown;Tangent road with flat terrain;unknown;Asphalt roads;Dry;Daylight;Normal;Vehicle with vehicle collision;2;1;Moving Backward;na;Not a Pedestrian;Changing lane to the left;Slight Injury
15:40:00;Monday;Male;Junior high school;Employee;Above 10yr;Other;Owner;Above 10yr;unknown;Other;Undivided Two way;Tangent road with flat terrain;unknown;unknown;Dry;Darkness - lights lit;Normal;Vehicle with vehicle collision;1;2;Overtaking;18-30;Not a Pedestrian;No priority to vehicle;Serious Injury
15:40:00;Monday;Male;Junior high school;Employee;1-2yr;Public (12 seats);Owner;unknown;No defect;Office areas;unknown;Tangent road with flat terrain;unknown;Gravel roads;Dry;Darkness - lights lit;Normal;Collision with roadside objects;1;2;Going straight;18-30;Crossing from nearside - masked by parked or statioNot a Pedestrianry vehicle;Changing lane to the right;Serious Injury
15:40:00;Monday;Male;Junior high school;Employee;2-5yr;Other;Owner;Above 10yr;No defect;Office areas;Two-way (divided with broken lines road marking);Tangent road with flat terrain;unknown;Asphalt roads;Dry;Daylight;Normal;Vehicle with vehicle collision;3;1;Going straight;18-30;Not a Pedestrian;Changing lane to the right;Slight Injury
16:46:00;Thursday;Male;Junior high school;Employee;Above 10yr;Lorry (11?40Q);Owner;unknown;No defect;Other;Two-way (divided with broken lines road marking);Steep grade downward with mountainous terrain;unknown;unknown;Dry;Daylight;Normal;Vehicle with vehicle collision;3;1;Going straight;na;Not a Pedestrian;Driving carelessly;Slight Injury
16:46:00;Thursday;Male;Junior high school;Employee;2-5yr;Other;Owner;Above 10yr;No defect; Church areas;other;Tangent road with flat terrain;unknown;Asphalt roads;Dry;Daylight;Normal;Vehicle with vehicle collision;3;1;Reversing;18-30;Not a Pedestrian;Changing lane to the left;Slight Injury
16:46:00;Thursday;Male;Elementary school;Employee;5-10yr;Other;Governmental;unknown;No defect; Industrial areas;Undivided Two way;Tangent road with flat terrain;unknown;Earth roads;Dry;Darkness - lights lit;Normal;Vehicle with vehicle collision;2;2;Going straight;18-30;Not a Pedestrian;Changing lane to the right;Slight Injury
17:45:00;Sunday;Male;unknown;unknown;unknown;Other;Organization;2-5yrs;unknown;Other;Undivided Two way;Tangent road with flat terrain;unknown;Asphalt roads;Dry;Darkness - lights lit;Normal;Rollover;2;2;Going straight;na;Not a Pedestrian;Driving under the influence of drugs;Slight Injury
17:45:00;Sunday;Male;Elementary school;Employee;1-2yr;Pick up upto 10Q;Owner;5-10yrs;No defect;Other;Two-way (divided with broken lines road marking);Tangent road with flat terrain;unknown;Asphalt roads;Dry;Daylight;Normal;Vehicle with vehicle collision;1;2;Other;31-50;Not a Pedestrian;Driving carelessly;Serious Injury
11:45:00;Saturday;Male;Elementary school;Employee;5-10yr;Automobile;Owner;1-2yr;unknown;Office areas;Undivided Two way;Tangent road with mountainous terrain and;unknown;Asphalt roads;Dry;Daylight;Normal;Vehicle with vehicle collision;1;2;Entering a junction;na;Not a Pedestrian;No distancing;Serious Injury
11:45:00;Saturday;Male;Elementary school;Employee;5-10yr;Other;Owner;Unknown;No defect;Other;One way;Tangent road with flat terrain;unknown;Asphalt roads;Dry;Daylight;Normal;Collision with roadside objects;2;1;Turnover;na;Not a Pedestrian;No priority to vehicle;Slight Injury
11:45:00;Saturday;Male;Junior high school;Employee;1-2yr;Lorry (41?100Q);Owner;Unknown;No defect;  Recreational areas;Undivided Two way;Steep grade downward with mountainous terrain;unknown;Asphalt roads;Dry;Daylight;Normal;Vehicle with vehicle collision;2;1;Going straight;18-30;Not a Pedestrian;No priority to vehicle;Slight Injury
11:45:00;Saturday;Male;Junior high school;Employee;5-10yr;Public (13?45 seats);Governmental;Unknown;No defect;Other;Two-way (divided with broken lines road marking);Steep grade downward with mountainous terrain;unknown;Earth roads;Dry;Darkness - lights lit;Normal;Vehicle with vehicle collision;1;1;Going straight;31-50;Not a Pedestrian;No priority to vehicle;Fatal injury
12:00:00;Saturday;Male;Junior high school;Employee;5-10yr;Automobile;Governmental;5-10yrs;No defect; Church areas;Two-way (divided with broken lines road marking);Tangent road with flat terrain;unknown;Asphalt roads;Dry;Daylight;Normal;Vehicle with vehicle collision;1;1;Going straight;18-30;Not a Pedestrian;Changing lane to the left;Slight Injury
12:00:00;Saturday;Male;Junior high school;Employee;2-5yr;Pick up upto 10Q;Owner;unknown;unknown;Residential areas;Undivided Two way;Tangent road with flat terrain;unknown;Asphalt roads;Dry;Daylight;Normal;Collision with roadside objects;2;2;Going straight;Under 18;Not a Pedestrian;Moving Backward;Slight Injury
12:00:00;Saturday;Male;Junior high school;Employee;1-2yr;Lorry (41?100Q);Owner;5-10yrs;No defect;Office areas;Two-way (divided with broken lines road marking);unknown;unknown;Asphalt roads;Dry;Daylight;Normal;Collision with roadside objects;2;2;Going straight;18-30;Not a Pedestrian;Driving carelessly;Slight Injury
12:00:00;Saturday;Male;Junior high school;Employee;5-10yr;Public (12 seats);Owner;2-5yrs;No defect;Other;Two-way (divided with broken lines road marking);Tangent road with flat terrain;unknown;Asphalt roads;Dry;Daylight;Normal;Vehicle with vehicle collision;2;1;Going straight;na;Not a Pedestrian;Driving under the influence of drugs;Slight Injury
07:50:00;Friday;Male;Junior high school;Employee;Below 1yr;Other;Governmental;2-5yrs;unknown;Office areas;Undivided Two way;Tangent road with flat terrain;unknown;Asphalt roads;Dry;Daylight;Normal;Vehicle with vehicle collision;2;1;Going straight;na;Not a Pedestrian;Changing lane to the right;Slight Injury
07:50:00;Friday;Male;Junior high school;Employee;5-10yr;Lorry (41?100Q);Owner;unknown;unknown;Office areas;other;Tangent road with flat terrain;unknown;Asphalt roads;Wet or damp;Daylight;Raining;Collision with roadside objects;2;4;Going straight;Under 18;Not a Pedestrian;No priority to vehicle;Fatal injury
19:55:00;Sunday;Male;Junior high school;Owner;5-10yr;Pick up upto 10Q;Owner;unknown;No defect;Other;One way;Escarpments;unknown;Asphalt roads;Wet or damp;Daylight;Raining;Collision with roadside objects;2;4;Getting off;18-30;Not a Pedestrian;Changing lane to the right;Fatal injury
19:55:00;Sunday;Male;unknown;Owner;5-10yr;Other;Owner;unknown;No defect;Residential areas;Undivided Two way;Tangent road with flat terrain;unknown;Asphalt roads;Wet or damp;Daylight;Raining;Vehicle with vehicle collision;2;4;Getting off;na;Not a Pedestrian;Driving to the left;Fatal injury
20:30:00;Sunday;Male;Junior high school;Employee;5-10yr;Lorry (41?100Q);Owner;unknown;No defect;  Recreational areas;One way;Tangent road with flat terrain;unknown;Asphalt roads;Wet or damp;Daylight;Raining;Collision with pedestrians;2;4;Getting off;Over 51;Not a Pedestrian;Moving Backward;Fatal injury
20:30:00;Sunday;Male;High school;Employee;2-5yr;Ridden horse;Owner;unknown;No defect; Church areas;Undivided Two way;Tangent road with flat terrain;unknown;Asphalt roads;Dry;Daylight;Normal;Vehicle with vehicle collision;1;1;Moving Backward;na;Not a Pedestrian;No priority to vehicle;Slight Injury
20:30:00;Sunday;Male;Above high school;Employee;5-10yr;Automobile;Owner;unknown;No defect;Other;One way;Tangent road with flat terrain;unknown;Asphalt roads;Dry;Daylight;Normal;Vehicle with vehicle collision;1;1;Going straight;Over 51;Not a Pedestrian;No distancing;Slight Injury
20:30:00;Sunday;Female;Junior high school;Employee;Above 10yr;Automobile;Owner;unknown;No defect;Other;Undivided Two way;Tangent road with flat terrain;unknown;Earth roads;Dry;Daylight;Normal;Vehicle with vehicle collision;2;1;Going straight;na;Not a Pedestrian;Driving carelessly;Slight Injury
20:30:00;Sunday;Male;Junior high school;Employee;Below 1yr;Stationwagen;Owner;Unknown;No defect;Other;Two-way (divided with broken lines road marking);Tangent road with flat terrain;unknown;Asphalt roads;Wet or damp;Daylight;Raining;Vehicle with vehicle collision;2;1;Waiting to go;18-30;Not a Pedestrian;Changing lane to the left;Slight Injury
20:30:00;Sunday;Male;Elementary school;Employee;5-10yr;Other;Governmental;unknown;No defect;Residential areas;other;Tangent road with flat terrain;unknown;Asphalt roads;Wet or damp;Darkness - lights lit;Other;Vehicle with vehicle collision;2;1;Going straight;na;Not a Pedestrian;No priority to vehicle;Slight Injury
13:57:00;Wednesday;Male;Elementary school;Employee;2-5yr;Lorry (41?100Q);Owner;Above 10yr;No defect;School areas;other;Tangent road with flat terrain;unknown;Asphalt roads;Wet or damp;Darkness - lights lit;Other;Collision with roadside objects;2;1;Other;na;Not a Pedestrian;No priority to vehicle;Slight Injury
13:57:00;Wednesday;Male;Junior high school;Employee;2-5yr;Lorry (41?100Q);Owner;Above 10yr;No defect; Church areas;Two-way (divided with broken lines road marking);Tangent road with flat terrain;unknown;Asphalt roads;Dry;Daylight;Normal;Collision with roadside objects;2;1;Going straight;na;Not a Pedestrian;No distancing;Slight Injury
13:57:00;Wednesday;Male;Junior high school;Employee;1-2yr;Long lorry;Owner;Above 10yr;No defect;Other;other;Tangent road with flat terrain;unknown;Other;Dry;Daylight;Normal;Vehicle with vehicle collision;2;1;Going straight;18-30;Not a Pedestrian;Driving to the left;Slight Injury
13:57:00;Wednesday;Male;Junior high school;Employee;2-5yr;Stationwagen;Owner;Below 1yr;unknown;Other;Two-way (divided with broken lines road marking);Tangent road with flat terrain;unknown;Gravel roads;Wet or damp;Daylight;Raining;Vehicle with vehicle collision;2;2;Going straight;31-50;Not a Pedestrian;Driving carelessly;Slight Injury
13:45:00;Sunday;Male;Junior high school;Employee;2-5yr;Public (12 seats);Owner;2-5yrs;unknown;Office areas;Undivided Two way;Tangent road with flat terrain;unknown;Gravel roads;Wet or damp;Daylight;Raining;Vehicle with vehicle collision;2;2;Going straight;na;Not a Pedestrian;Driving carelessly;Slight Injury
13:45:00;Sunday;Male;Junior high school;Employee;Above 10yr;Automobile;Owner;2-5yrs;unknown;Office areas;Two-way (divided with broken lines road marking);Tangent road with flat terrain;unknown;Asphalt roads;Dry;Daylight;Normal;Vehicle with vehicle collision;3;1;Overtaking;18-30;Not a Pedestrian;Changing lane to the right;Slight Injury
07:44:00;Friday;Male;High school;Employee;Below 1yr;Public (12 seats);Owner;2-5yrs;No defect;Other;Undivided Two way;Tangent road with flat terrain;unknown;Asphalt roads;Dry;Daylight;Normal;Vehicle with vehicle collision;3;1;Going straight;na;Not a Pedestrian;Driving carelessly;Slight Injury
07:44:00;Friday;Male;Junior high school;Employee;2-5yr;Lorry (41?100Q);Owner;Below 1yr;No defect; Hospital areas;Undivided Two way;Tangent road with flat terrain;unknown;Earth roads;Dry;Daylight;Normal;Vehicle with vehicle collision;3;1;Going straight;18-30;Not a Pedestrian;Changing lane to the left;Slight Injury
15:35:00;Thursday;Male;High school;Employee;Above 10yr;Automobile;Owner;2-5yrs;unknown;Other;Undivided Two way;Tangent road with flat terrain;unknown;Asphalt roads;Dry;Daylight;Normal;Vehicle with vehicle collision;2;1;Going straight;na;Not a Pedestrian;Driving carelessly;Slight Injury
20:00:00;Friday;Male;Junior high school;Employee;Above 10yr;Lorry (41?100Q);Owner;unknown;unknown;Other;Two-way (divided with broken lines road marking);Tangent road with flat terrain;unknown;Asphalt roads;Dry;Daylight;Normal;Vehicle with vehicle collision;2;1;Turnover;5;Not a Pedestrian;Driving carelessly;Slight Injury
20:00:00;Friday;Male;High school;Employee;5-10yr;Lorry (41?100Q);Owner;unknown;unknown;Other;Undivided Two way;Tangent road with flat terrain;unknown;Asphalt roads;Dry;Daylight;Normal;Vehicle with vehicle collision;1;1;Going straight;na;Not a Pedestrian;Driving under the influence of drugs;Slight Injury
20:00:00;Friday;Male;Junior high school;Employee;Above 10yr;Pick up upto 10Q;unknown;unknown;unknown;Other;Double carriageway (median);Tangent road with flat terrain;unknown;Asphalt roads;Dry;Daylight;Normal;Vehicle with vehicle collision;1;1;Going straight;na;Not a Pedestrian;Driving carelessly;Serious Injury
17:46:00;Thursday;Male;Junior high school;Employee;1-2yr;Other;Governmental;unknown;No defect;Other;Two-way (divided with broken lines road marking);Tangent road with mild grade and flat terrain;unknown;Earth roads;Dry;Daylight;Normal;Other;1;1;Getting off;18-30;Not a Pedestrian;No distancing;Slight Injury
17:46:00;Thursday;Male;Junior high school;Employee;2-5yr;Automobile;Owner;Above 10yr;No defect; Hospital areas;Two-way (divided with broken lines road marking);Tangent road with flat terrain;unknown;Asphalt roads;Dry;Daylight;Normal;Vehicle with vehicle collision;2;1;Moving Backward;na;Not a Pedestrian;Driving carelessly;Slight Injury
17:46:00;Thursday;Male;Elementary school;Employee;2-5yr;Automobile;unknown;Above 10yr;No defect;Other;Two-way (divided with broken lines road marking);Tangent road with flat terrain;unknown;Asphalt roads;Dry;Daylight;Normal;Collision with roadside objects;2;1;Getting off;31-50;Not a Pedestrian;Driving to the left;Slight Injury
14:20:00;Friday;Male;Elementary school;Other;5-10yr;Lorry (11?40Q);Owner;unknown;No defect;Other;One way;Tangent road with flat terrain;unknown;Asphalt roads;Dry;Daylight;Normal;Vehicle with vehicle collision;1;1;Overtaking;na;Not a Pedestrian;Overtaking;Slight Injury
12:15:00;Sunday;Male;Junior high school;Employee;5-10yr;Bajaj;Owner;2-5yrs;No defect;Other;Two-way (divided with broken lines road marking);Tangent road with mild grade and flat terrain;unknown;Asphalt roads;Dry;Daylight;Normal;Vehicle with vehicle collision;2;1;Going straight;5;Not a Pedestrian;No distancing;Slight Injury
12:15:00;Sunday;Male;High school;Owner;5-10yr;Automobile;Owner;unknown;unknown;Office areas;Two-way (divided with broken lines road marking);Tangent road with flat terrain;unknown;Asphalt roads;Dry;Daylight;Normal;Vehicle with vehicle collision;2;1;Going straight;na;Not a Pedestrian;Driving carelessly;Slight Injury
07:40:00;Tuesday;Male;Junior high school;Employee;Above 10yr;Lorry (41?100Q);Owner;Unknown;unknown;Residential areas;Two-way (divided with broken lines road marking);Tangent road with flat terrain;unknown;Asphalt roads;Dry;Daylight;Normal;Vehicle with vehicle collision;1;1;Going straight;18-30;Not a Pedestrian;No priority to vehicle;Slight Injury
16:10:00;Wednesday;Male;Junior high school;Employee;Below 1yr;Lorry (11?40Q);Owner;2-5yrs;No defect;Other;Two-way (divided with broken lines road marking);Tangent road with flat terrain;unknown;Asphalt roads;Wet or damp;Daylight;Raining;Vehicle with vehicle collision;2;4;Reversing;5;Not a Pedestrian;No priority to vehicle;Slight Injury
08:35:00;Wednesday;Male;Junior high school;Other;Below 1yr;Lorry (11?40Q);Owner;Unknown;unknown;Residential areas;Two-way (divided with broken lines road marking);Tangent road with flat terrain;unknown;Asphalt roads;Wet or damp;Daylight;Raining;Vehicle with vehicle collision;2;4;Getting off;na;Not a Pedestrian;No priority to vehicle;Slight Injury
08:35:00;Wednesday;Male;Junior high school;Employee;Above 10yr;Automobile;Owner;Unknown;unknown;Other;Undivided Two way;Tangent road with flat terrain;unknown;Asphalt roads;Wet or damp;Daylight;Raining;Collision with roadside objects;2;4;Going straight;18-30;Not a Pedestrian;No priority to vehicle;Slight Injury
08:40:00;Wednesday;Male;High school;Owner;5-10yr;unknown;Owner;2-5yrs;unknown;Residential areas;Double carriageway (median);Tangent road with flat terrain;unknown;Asphalt roads;Wet or damp;Daylight;Raining;Collision with roadside objects;2;4;Going straight;na;Not a Pedestrian;No distancing;Slight Injury
18:49:00;Tuesday;Male;Elementary school;Owner;5-10yr;Automobile;Owner;unknown;unknown;Office areas;Two-way (divided with broken lines road marking);Tangent road with flat terrain;unknown;Earth roads;Dry;Daylight;Normal;Vehicle with vehicle collision;1;1;Going straight;31-50;Not a Pedestrian;Moving Backward;Serious Injury
12:46:00;Friday;Male;Junior high school;Employee;2-5yr;Public (13?45 seats);Owner;5-10yrs;unknown;Office areas;Two-way (divided with broken lines road marking);Tangent road with mild grade and flat terrain;unknown;Asphalt roads;Dry;Daylight;Unknown;Collision with roadside objects;1;1;Reversing;na;Not a Pedestrian;No distancing;Serious Injury
12:46:00;Friday;Male;Junior high school;Employee;2-5yr;Public (12 seats);Owner;Unknown;unknown;Office areas;Double carriageway (median);Tangent road with flat terrain;unknown;Asphalt roads;Wet or damp;Darkness - no lighting;Raining;Collision with roadside objects;1;1;Going straight;na;Not a Pedestrian;Changing lane to the left;Serious Injury
07:40:00;Wednesday;Male;Above high school;Employee;5-10yr;Other;Owner;unknown;unknown;  Recreational areas;Two-way (divided with broken lines road marking);Tangent road with flat terrain;unknown;Asphalt roads;Dry;Daylight;Normal;Vehicle with vehicle collision;2;1;Stopping;Over 51;Not a Pedestrian;Changing lane to the left;Slight Injury
07:40:00;Wednesday;Male;Junior high school;Owner;2-5yr;Automobile;Owner;unknown;unknown;Other;Two-way (divided with broken lines road marking);Tangent road with flat terrain;unknown;Asphalt roads;Dry;Daylight;Normal;Vehicle with vehicle collision;2;1;Overtaking;Over 51;Not a Pedestrian;No priority to pedestrian;Slight Injury
06:00:00;Sunday;Male;unknown;unknown;unknown;Automobile;Owner;unknown;unknown;Other;other;Tangent road with flat terrain;unknown;Earth roads;Dry;Daylight;Normal;Collision with roadside objects;2;1;Going straight;Over 51;Not a Pedestrian;Moving Backward;Slight Injury
06:00:00;Sunday;Male;Junior high school;Employee;2-5yr;Public (13?45 seats);Owner;5-10yrs;unknown;Other;Two-way (divided with broken lines road marking);Tangent road with flat terrain;unknown;Asphalt roads;Dry;Daylight;Normal;Vehicle with vehicle collision;2;1;Reversing;na;Not a Pedestrian;Changing lane to the left;Slight Injury
15:00:00;Saturday;Male;Junior high school;Employee;5-10yr;Public (13?45 seats);Owner;unknown;unknown;Other;Double carriageway (median);Tangent road with flat terrain;unknown;Asphalt roads;Dry;Daylight;Normal;Vehicle with vehicle collision;1;1;Going straight;na;Not a Pedestrian;No distancing;Slight Injury
18:02:00;Wednesday;Male;Junior high school;Employee;2-5yr;Automobile;Owner;2-5yrs;No defect;Other;Undivided Two way;Tangent road with mountainous terrain and;unknown;Asphalt roads;Wet or damp;Darkness - lights lit;Normal;Vehicle with vehicle collision;2;2;Going straight;na;Not a Pedestrian;No priority to vehicle;Slight Injury
21:25:00;Thursday;Male;Elementary school;Employee;1-2yr;Other;Owner;2-5yrs;No defect;Office areas;Two-way (divided with broken lines road marking);Tangent road with flat terrain;unknown;Asphalt roads;Wet or damp;Darkness - lights lit;Normal;Vehicle with vehicle collision;2;2;Reversing;18-30;Not a Pedestrian;Changing lane to the right;Slight Injury
21:25:00;Thursday;Male;High school;Employee;unknown;Pick up upto 10Q;Owner;Above 10yr;No defect;Office areas;Two-way (divided with broken lines road marking);Tangent road with flat terrain;unknown;Asphalt roads;Dry;Daylight;Normal;Vehicle with vehicle collision;1;1;Going straight;Over 51;Not a Pedestrian;No distancing;Serious Injury
21:25:00;Thursday;Male;Junior high school;Owner;1-2yr;Lorry (41?100Q);Owner;Unknown;No defect;Office areas;One way;Tangent road with flat terrain;unknown;Asphalt roads;Dry;Daylight;Normal;Vehicle with vehicle collision;2;1;Waiting to go;na;Not a Pedestrian;No distancing;Slight Injury
16:55:00;Friday;Male;Junior high school;Employee;2-5yr;Automobile;Owner;Above 10yr;No defect;Residential areas;Double carriageway (median);Tangent road with flat terrain;unknown;Asphalt roads;Dry;Daylight;Normal;Collision with pedestrians;2;1;Going straight;na;Not a Pedestrian;Getting off the vehicle improperly;Slight Injury
16:55:00;Friday;Male;Junior high school;Employee;1-2yr;Automobile;Governmental;Below 1yr;No defect;  Recreational areas;Two-way (divided with broken lines road marking);Tangent road with flat terrain;unknown;Asphalt roads;Dry;Daylight;Normal;Vehicle with vehicle collision;1;1;Going straight;31-50;Not a Pedestrian;No priority to pedestrian;Serious Injury
16:55:00;Friday;Male;Elementary school;Employee;Above 10yr;Lorry (41?100Q);Owner;Unknown;No defect; Church areas;Double carriageway (median);Tangent road with flat terrain;unknown;Other;Dry;Darkness - lights lit;Normal;Collision with roadside objects;2;1;Going straight;na;Not a Pedestrian;Changing lane to the left;Slight Injury
16:55:00;Friday;Male;Junior high school;Employee;2-5yr;unknown;Owner;Unknown;No defect;Office areas;Undivided Two way;Tangent road with flat terrain;unknown;Asphalt roads;Dry;Darkness - lights lit;Normal;Vehicle with vehicle collision;2;1;Going straight;5;Crossing from nearside - masked by parked or statioNot a Pedestrianry vehicle;No distancing;Slight Injury
16:55:00;Friday;Male;Junior high school;Employee;2-5yr;Other;Owner;Unknown;No defect;Other;Two-way (divided with broken lines road marking);Tangent road with flat terrain;unknown;Asphalt roads;Dry;Daylight;Normal;Vehicle with vehicle collision;1;1;Getting off;31-50;Not a Pedestrian;Driving carelessly;Serious Injury
20:15:00;Monday;Male;Junior high school;Employee;2-5yr;Automobile;Owner;unknown;unknown;Residential areas;other;Steep grade downward with mountainous terrain;unknown;Asphalt roads;Dry;Daylight;Normal;Vehicle with vehicle collision;2;1;Going straight;5;Not a Pedestrian;No distancing;Slight Injury
20:15:00;Monday;Female;Junior high school;Employee;2-5yr;Automobile;Owner;unknown;No defect;School areas;other;Tangent road with flat terrain;unknown;Asphalt roads;Dry;Daylight;Normal;Vehicle with vehicle collision;2;1;Going straight;na;Not a Pedestrian;Changing lane to the right;Slight Injury
20:15:00;Monday;Female;Elementary school;Employee;2-5yr;Automobile;Owner;1-2yr;No defect;Office areas;Two-way (divided with broken lines road marking);Tangent road with flat terrain;unknown;Asphalt roads;Dry;Daylight;Normal;Vehicle with vehicle collision;1;1;Going straight;18-30;Not a Pedestrian;Overtaking;Slight Injury
15:30:00;Tuesday;Male;Junior high school;Employee;2-5yr;Automobile;Owner;Above 10yr;No defect;Other;other;Tangent road with flat terrain;unknown;Asphalt roads;Wet or damp;Daylight;Normal;Vehicle with vehicle collision;2;1;Reversing;na;Not a Pedestrian;Driving carelessly;Slight Injury
20:17:00;Thursday;Male;Elementary school;Employee;5-10yr;Lorry (41?100Q);Owner;Unknown;No defect;Other;Two-way (divided with broken lines road marking);Tangent road with flat terrain;unknown;Asphalt roads;Wet or damp;Daylight;Normal;Vehicle with vehicle collision;2;1;Turnover;31-50;Not a Pedestrian;Moving Backward;Slight Injury
20:17:00;Thursday;Male;Elementary school;Employee;2-5yr;Other;Organization;2-5yrs;unknown;Office areas;Two-way (divided with broken lines road marking);Tangent road with mountainous terrain and;unknown;Earth roads;Dry;Daylight;Normal;Vehicle with vehicle collision;2;1;Going straight;31-50;Not a Pedestrian;No distancing;Serious Injury