Time;Day_of_week;Sex_of_driver;Educational_level;Vehicle_driver_relation;Driving_experience;Type_of_vehicle;Owner_of_vehicle;Service_year_of_vehicle;Defect_of_vehicle;Area_accident_occured;Lanes_or_Medians;Road_allignment;Types_of_Junction;Road_surface_type;Road_surface_conditions;Light_conditions;Weather_conditions;Type_of_collision;Number_of_vehicles_involved;Number_of_casualties;Vehicle_movement;Age_band_of_casualty;Pedestrian_movement;Cause_of_accident;Accident_severity
11:30:00;Tuesday;Male;Elementary school;Owner;5-10yr;Lorry (41?100Q);Owner;Unknown;No defect;Office areas;Two-way (divided with broken lines road marking);Tangent road with flat terrain;unknown;Asphalt roads;Wet or damp;Darkness - lights lit;Raining;Vehicle with vehicle collision;2;1;Unknown;31-50;Not a Pedestrian;No priority to pedestrian;Slight Injury
11:30:00;Tuesday;Male;Elementary school;Employee;5-10yr;Lorry (41?100Q);Owner;5-10yrs;No defect;Other;Two-way (divided with broken lines road marking);Tangent road with flat terrain;unknown;Asphalt roads;Wet or damp;Daylight;Raining;Vehicle with vehicle collision;2;2;Turnover;na;Not a Pedestrian;No distancing;Slight Injury
14:00:00;Saturday;Male;High school;Owner;5-10yr;Automobile;Owner;Above 10yr;No defect;School areas;Undivided Two way;Tangent road with flat terrain;unknown;Asphalt roads;Wet or damp;Daylight;Raining;Vehicle with vehicle collision;2;2;Getting off;18-30;Not a Pedestrian;No distancing;Slight Injury
14:00:00;Saturday;Male;Junior high school;Employee;5-10yr;Lorry (41?100Q);Owner;5-10yrs;No defect;Other;Double carriageway (median);Tangent road with flat terrain;unknown;Asphalt roads;Wet or damp;Daylight;Raining;Vehicle with vehicle collision;2;2;Going straight;na;Not a Pedestrian;Overturning;Slight Injury
20:55:00;Friday;Male;Junior high school;Owner;1-2yr;unknown;Owner;2-5yrs;No defect; Industrial areas;Two-way (divided with broken lines road marking);Tangent road with flat terrain;unknown;Asphalt roads;Wet or damp;Daylight;Raining;Vehicle with vehicle collision;1;1;Going straight;31-50;Not a Pedestrian;No distancing;Serious Injury
20:55:00;Friday;Male;Junior high school;Employee;2-5yr;Public (12 seats);Owner;2-5yrs;No defect;Other;Two-way (divided with broken lines road marking);Tangent road with flat terrain;unknown;Asphalt roads;Dry;Daylight;Normal;Vehicle with vehicle collision;3;2;Going straight;na;Not a Pedestrian;Drunk driving;Slight Injury
20:55:00;Friday;Male;Junior high school;Owner;5-10yr;Automobile;Owner;Unknown;No defect;Office areas;Two-way (divided with broken lines road marking);Tangent road with flat terrain;unknown;Asphalt roads;Dry;Daylight;Normal;Collision with roadside objects;3;2;Turnover;18-30;Not a Pedestrian;Moving Backward;Slight Injury
20:55:00;Friday;Male;Junior high school;Owner;Above 10yr;Stationwagen;Owner;Unknown;No defect;Other;Two-way (divided with broken lines road marking);Tangent road with flat terrain;unknown;Asphalt roads;Dry;Daylight;Normal;Vehicle with vehicle collision;3;2;Reversing;na;Not a Pedestrian;No priority to pedestrian;Slight Injury
20:55:00;Friday;Male;High school;Employee;5-10yr;Automobile;Owner;Unknown;No defect;Other;Two-way (divided with broken lines road marking);Tangent road with flat terrain;unknown;Asphalt roads;Dry;Daylight;Normal;Vehicle with vehicle collision;3;2;Moving Backward;31-50;Not a Pedestrian;Changing lane to the left;Slight Injury
20:55:00;Friday;Male;High school;Owner;2-5yr;Lorry (41?100Q);Organization;Above 10yr;No defect; Outside rural areas;Undivided Two way;Tangent road with flat terrain;unknown;Gravel roads;Dry;Daylight;Normal;Vehicle with vehicle collision;1;1;Other;na;Not a Pedestrian;Changing lane to the left;Slight Injury
19:07:00;Friday;Male;Junior high school;Employee;5-10yr;Other;Owner;Unknown;No defect;Other;other;Tangent road with flat terrain;unknown;Asphalt roads;Wet or damp;Darkness - lights lit;Windy;Vehicle with vehicle collision;1;1;Going straight;31-50;Not a Pedestrian;Getting off the vehicle improperly;Slight Injury
19:07:00;Friday;Male;Elementary school;Employee;2-5yr;Pick up upto 10Q;Owner;Above 10yr;No defect;Residential areas;Two-way (divided with broken lines road marking);Tangent road with flat terrain;unknown;Asphalt roads;Dry;Darkness - lights lit;Normal;Rollover;1;1;Going straight;na;Not a Pedestrian;No distancing;Serious Injury
23:22:00;Saturday;Male;Elementary school;Employee;5-10yr;unknown;Owner;Above 10yr;unknown;Office areas;Two-way (divided with broken lines road marking);Tangent road with flat terrain;unknown;Asphalt roads;Wet or damp;Darkness - lights lit;Normal;Vehicle with vehicle collision;2;5;Going straight;18-30;Not a Pedestrian;Changing lane to the right;Slight Injury
18:35:00;Thursday;Male;Junior high school;Employee;1-2yr;Lorry (41?100Q);Owner;Unknown;unknown;Office areas;Double carriageway (median);Tangent road with flat terrain;unknown;Asphalt roads;Wet or damp;Darkness - lights lit;Normal;Vehicle with vehicle collision;2;5;Going straight;na;Not a Pedestrian;Changing lane to the right;Slight Injury
13:43:00;Monday;Male;Junior high school;Employee;5-10yr;Automobile;unknown;2-5yrs;unknown; Hospital areas;One way;unknown;unknown;Asphalt roads;Wet or damp;Darkness - lights lit;Normal;Collision with roadside objects;2;5;Going straight;Over 51;Not a Pedestrian;Moving Backward;Slight Injury
13:43:00;Monday;Male;unknown;unknown;unknown;Public (13?45 seats);Owner;Unknown;unknown; Industrial areas;Two-way (divided with broken lines road marking);Tangent road with flat terrain;unknown;Asphalt roads;Wet or damp;Darkness - lights lit;Normal;Vehicle with vehicle collision;2;5;Going straight;31-50;Not a Pedestrian;Driving at high speed;Slight Injury
08:40:00;Sunday;Male;Elementary school;Employee;Above 10yr;Automobile;Owner;2-5yrs;No defect;Other;Undivided Two way;Tangent road with flat terrain;unknown;Asphalt roads;Wet or damp;Darkness - lights lit;Normal;Vehicle with vehicle collision;2;5;Going straight;31-50;Not a Pedestrian;Changing lane to the left;Slight Injury
08:40:00;Sunday;Male;Elementary school;Employee;Below 1yr;Lorry (41?100Q);Owner;unknown;unknown;Office areas;Undivided Two way;Tangent road with flat terrain;unknown;Asphalt roads;Wet or damp;Darkness - lights lit;Raining;Vehicle with vehicle collision;2;1;Going straight;na;Not a Pedestrian;Changing lane to the right;Slight Injury
08:28:00;Monday;Male;Junior high school;Employee;2-5yr;Public (12 seats);Owner;Unknown;No defect;Office areas;other;Tangent road with flat terrain;unknown;Asphalt roads;Wet or damp;Darkness - lights lit;Raining;Collision with roadside objects;2;1;Going straight;18-30;Not a Pedestrian;No distancing;Slight Injury
08:28:00;Monday;Male;Elementary school;Owner;1-2yr;Motorcycle;Owner;Unknown;unknown;Residential areas;Two-way (divided with broken lines road marking);Tangent road with flat terrain;unknown;Asphalt roads;Wet or damp;Daylight;Raining;Collision with roadside objects;2;1;Other;18-30;Not a Pedestrian;Changing lane to the right;Slight Injury
13:00:00;Saturday;Male;Junior high school;Owner;5-10yr;Public (12 seats);Owner;Unknown;unknown;Residential areas;unknown;Tangent road with flat terrain;unknown;Asphalt roads;Wet or damp;Daylight;Raining;Vehicle with vehicle collision;2;1;Moving Backward;na;Not a Pedestrian;Changing lane to the right;Slight Injury
13:00:00;Saturday;Male;Junior high school;Employee;2-5yr;Lorry (41?100Q);Owner;Unknown;No defect;School areas;Two-way (divided with broken lines road marking);Tangent road with flat terrain;unknown;Asphalt roads;Wet or damp;Darkness - lights lit;Unknown;Vehicle with vehicle collision;2;1;Going straight;18-30;Not a Pedestrian;No distancing;Slight Injury
16:35:00;Saturday;Male;Junior high school;Employee;2-5yr;Automobile;Governmental;Unknown;No defect;Other;Two-way (divided with broken lines road marking);Tangent road with flat terrain;unknown;Asphalt roads;Wet or damp;Darkness - lights lit;Unknown;Collision with roadside objects;2;1;Moving Backward;na;Not a Pedestrian;Changing lane to the right;Slight Injury
16:35:00;Saturday;Male;High school;Employee;2-5yr;Lorry (41?100Q);Governmental;Unknown;No defect;  Market areas;Undivided Two way;Tangent road with flat terrain;unknown;Asphalt roads;Wet or damp;Darkness - lights unlit;Raining;Collision with roadside objects;2;1;Going straight;Under 18;Crossing from driver's nearside;Driving carelessly;Slight Injury
10:39:00;Wednesday;Male;Junior high school;Employee;Above 10yr;Stationwagen;Owner;Unknown;No defect;Office areas;other;Tangent road with flat terrain;unknown;Gravel roads;Wet or damp;Darkness - lights unlit;Raining;Vehicle with vehicle collision;2;1;Moving Backward;na;Not a Pedestrian;Driving carelessly;Slight Injury
12:55:00;Monday;Male;Junior high school;Employee;2-5yr;Pick up upto 10Q;Owner;Unknown;No defect; Church areas;Two-way (divided with broken lines road marking);Tangent road with flat terrain;unknown;Asphalt roads;Dry;Daylight;Normal;Vehicle with vehicle collision;2;1;unknown;18-30;Not a Pedestrian;Changing lane to the right;Slight Injury
12:55:00;Monday;Male;Junior high school;Employee;1-2yr;Automobile;Governmental;Unknown;No defect; Church areas;Two-way (divided with broken lines road marking);Tangent road with flat terrain;unknown;Asphalt roads;Dry;Daylight;Normal;Vehicle with vehicle collision;2;1;Going straight;na;Not a Pedestrian;Overturning;Slight Injury
12:55:00;Monday;Male;Junior high school;Employee;2-5yr;Automobile;Owner;Unknown;No defect;Residential areas;Double carriageway (median);Tangent road with flat terrain;unknown;Asphalt roads;Dry;Daylight;Normal;Collision with roadside objects;2;1;Going straight;31-50;Not a Pedestrian;Changing lane to the right;Slight Injury
15:20:00;Sunday;Male;Junior high school;Employee;5-10yr;unknown;Owner;Above 10yr;No defect;Residential areas;Two-way (divided with broken lines road marking);Tangent road with flat terrain;unknown;Asphalt roads;Dry;Daylight;Normal;Vehicle with vehicle collision;2;1;Going straight;31-50;Not a Pedestrian;Moving Backward;Slight Injury
15:20:00;Sunday;Male;Junior high school;Employee;1-2yr;Other;Owner;Unknown;No defect;Residential areas;Double carriageway (median);Tangent road with flat terrain;unknown;Earth roads;Dry;Daylight;Normal;Vehicle with vehicle collision;1;1;Going straight;na;Not a Pedestrian;No distancing;Slight Injury
15:20:00;Sunday;Male;Elementary school;Employee;1-2yr;Automobile;Owner;Above 10yr;No defect;Residential areas;Two-way (divided with broken lines road marking);Tangent road with flat terrain;unknown;Asphalt roads;Dry;Darkness - lights lit;Normal;Vehicle with vehicle collision;3;1;Other;Under 18;Not a Pedestrian;Overturning;Slight Injury
14:45:00;Sunday;Male;Junior high school;Employee;2-5yr;Public (13?45 seats);Owner;1-2yr;No defect;Other;Double carriageway (median);Tangent road with flat terrain;unknown;Asphalt roads;Dry;Darkness - lights lit;Normal;Rollover;3;1;Going straight;na;Not a Pedestrian;Driving carelessly;Slight Injury
17:22:00;Tuesday;Male;Junior high school;Employee;Above 10yr;Public (13?45 seats);Owner;Unknown;No defect;Other;Two-way (divided with broken lines road marking);Tangent road with flat terrain;unknown;unknown;Dry;Darkness - lights lit;Normal;Vehicle with vehicle collision;3;1;Moving Backward;na;Not a Pedestrian;Changing lane to the right;Slight Injury
17:22:00;Tuesday;Male;Junior high school;Employee;Below 1yr;Automobile;Owner;2-5yrs;No defect;Residential areas;Two-way (divided with broken lines road marking);Tangent road with flat terrain;unknown;Gravel roads;Wet or damp;Daylight;Normal;Vehicle with vehicle collision;1;1;Moving Backward;18-30;Crossing from driver's nearside;Driving at high speed;Slight Injury
10:58:00;Tuesday;Male;Junior high school;Employee;Above 10yr;Public (12 seats);Owner;Unknown;No defect;Other;other;Tangent road with flat terrain;unknown;Asphalt roads;Wet or damp;Darkness - lights lit;Normal;Collision with pedestrians;3;1;Moving Backward;31-50;Crossing from offside - masked by  parked or statioNot a Pedestrianry vehicle;Changing lane to the left;Slight Injury
10:58:00;Tuesday;Male;Elementary school;Owner;5-10yr;Public (12 seats);Owner;Unknown;No defect; Church areas;Undivided Two way;Tangent road with flat terrain;unknown;unknown;Wet or damp;Darkness - lights lit;Normal;Vehicle with vehicle collision;3;1;Going straight;Under 18;Not a Pedestrian;Driving carelessly;Slight Injury
14:57:00;Monday;Male;Elementary school;Employee;Above 10yr;Lorry (41?100Q);Owner;Unknown;No defect;Other;Undivided Two way;Tangent road with flat terrain;unknown;Asphalt roads;Wet or damp;Darkness - lights lit;Normal;Vehicle with vehicle collision;3;1;Going straight;18-30;Not a Pedestrian;No distancing;Slight Injury
14:57:00;Monday;Male;Junior high school;Employee;1-2yr;Automobile;Owner;Unknown;No defect;Office areas;Undivided Two way;Tangent road with flat terrain;unknown;Earth roads;Dry;Darkness - lights unlit;Normal;Vehicle with vehicle collision;2;1;Going straight;na;Not a Pedestrian;Moving Backward;Slight Injury
14:57:00;Monday;Male;unknown;unknown;unknown;Pick up upto 10Q;Owner;2-5yrs;No defect;Office areas;Two-way (divided with broken lines road marking);Tangent road with flat terrain;unknown;Asphalt roads;Dry;Darkness - lights unlit;Normal;Vehicle with vehicle collision;2;1;Going straight;31-50;Crossing from nearside - masked by parked or statioNot a Pedestrianry vehicle;No priority to pedestrian;Slight Injury
13:10:00;Saturday;Male;High school;Owner;5-10yr;Pick up upto 10Q;Owner;unknown;unknown;Residential areas;Undivided Two way;Tangent road with flat terrain;unknown;Asphalt roads;Wet or damp;Darkness - lights lit;Windy;Collision with roadside objects;1;1;Other;Over 51;Not a Pedestrian;Moving Backward;Slight Injury
13:10:00;Saturday;Male;Elementary school;Employee;2-5yr;Lorry (41?100Q);Owner;Unknown;unknown;Other;Two-way (divided with broken lines road marking);Tangent road with flat terrain;unknown;Asphalt roads;Wet or damp;Darkness - lights lit;Normal;Vehicle with vehicle collision;1;1;Going straight;Over 51;Not a Pedestrian;Changing lane to the right;Slight Injury
13:10:00;Saturday;Unknown;unknown;unknown;unknown;Automobile;Owner;Above 10yr;unknown; Industrial areas;Undivided Two way;Tangent road with flat terrain;unknown;Asphalt roads;Wet or damp;Darkness - lights lit;Normal;Vehicle with vehicle collision;2;1;Going straight;Under 18;Unknown or other;No distancing;Slight Injury
08:10:00;Wednesday;Male;unknown;unknown;unknown;Stationwagen;Owner;Unknown;unknown;Office areas;Two-way (divided with broken lines road marking);Tangent road with flat terrain;unknown;Asphalt roads;Wet or damp;Darkness - lights lit;Normal;Vehicle with vehicle collision;2;1;Going straight;18-30;Crossing from driver's nearside;Drunk driving;Slight Injury
08:10:00;Wednesday;Male;High school;Owner;1-2yr;Motorcycle;Organization;Unknown;unknown;  Recreational areas;Two-way (divided with broken lines road marking);Tangent road with flat terrain;unknown;Earth roads;Wet or damp;Darkness - lights lit;Normal;Vehicle with vehicle collision;1;1;Reversing;na;Not a Pedestrian;Changing lane to the right;Slight Injury
12:30:00;Sunday;Male;Junior high school;Employee;1-2yr;unknown;Owner;1-2yr;No defect;Residential areas;Two-way (divided with broken lines road marking);Tangent road with flat terrain;unknown;Asphalt roads;Dry;Darkness - lights lit;Normal;Collision with roadside objects;2;1;Moving Backward;18-30;Not a Pedestrian;Driving carelessly;Serious Injury
12:30:00;Sunday;Male;Junior high school;Employee;1-2yr;Other;Owner;Above 10yr;unknown;Residential areas;Undivided Two way;Tangent road with flat terrain;unknown;Asphalt roads;Dry;Darkness - lights lit;Normal;Vehicle with vehicle collision;2;1;Going straight;na;Not a Pedestrian;Driving to the left;Serious Injury
12:30:00;Sunday;Male;Junior high school;Employee;Above 10yr;Automobile;Owner;5-10yrs;unknown; Church areas;Undivided Two way;Steep grade downward with mountainous terrain;unknown;Asphalt roads;Wet or damp;Daylight;Normal;Collision with roadside objects;1;1;Going straight;18-30;Not a Pedestrian;Changing lane to the right;Slight Injury
12:30:00;Sunday;Male;Junior high school;Employee;1-2yr;Automobile;Owner;5-10yrs;unknown;Residential areas;Undivided Two way;Tangent road with flat terrain;unknown;Asphalt roads;Dry;Daylight;Normal;Vehicle with vehicle collision;1;1;Reversing;18-30;Not a Pedestrian;Changing lane to the right;Serious Injury
20:01:00;Sunday;Male;High school;Owner;Above 10yr;unknown;Owner;Unknown;No defect;unknown;other;Tangent road with flat terrain;unknown;Asphalt roads;Wet or damp;Darkness - lights lit;Raining;Rollover;2;1;Going straight;na;Not a Pedestrian;Driving carelessly;Slight Injury
20:01:00;Sunday;Male;Junior high school;Employee;Above 10yr;Public (> 45 seats);Owner;5-10yrs;No defect;Other;Undivided Two way;Tangent road with flat terrain;unknown;Asphalt roads;Wet or damp;Darkness - lights lit;Raining;Vehicle with vehicle collision;2;1;Reversing;31-50;Crossing from nearside - masked by parked or statioNot a Pedestrianry vehicle;Changing lane to the left;Slight Injury
18:49:00;Thursday;Male;Junior high school;Employee;1-2yr;Automobile;Owner;Unknown;unknown;Other;Two-way (divided with solid lines road marking);Tangent road with flat terrain;unknown;Asphalt roads;Wet or damp;Darkness - lights lit;Cloudy;Vehicle with vehicle collision;2;1;Other;na;Not a Pedestrian;No priority to vehicle;Slight Injury
20:41:00;Thursday;Male;Junior high school;Employee;1-2yr;Other;Owner;Unknown;No defect; Church areas;Two-way (divided with solid lines road marking);Tangent road with flat terrain;unknown;Asphalt roads;Wet or damp;Darkness - lights lit;Cloudy;Vehicle with vehicle collision;2;1;unknown;18-30;Not a Pedestrian;Driving carelessly;Slight Injury
20:41:00;Thursday;Male;High school;Employee;2-5yr;Automobile;Governmental;unknown;No defect;Other;Two-way (divided with solid lines road marking);Tangent road with flat terrain;unknown;Asphalt roads;Wet or damp;Daylight;Normal;Vehicle with vehicle collision;1;1;Going straight;18-30;Not a Pedestrian;Changing lane to the right;Slight Injury
20:41:00;Thursday;Male;Junior high school;Employee;2-5yr;Other;Owner;Unknown;No defect; Church areas;Two-way (divided with solid lines road marking);Tangent road with flat terrain;unknown;Asphalt roads;Wet or damp;Daylight;Raining;Vehicle with vehicle collision;2;2;Going straight;18-30;Not a Pedestrian;Driving carelessly;Slight Injury
20:41:00;Thursday;Male;Junior high school;Employee;1-2yr;Lorry (41?100Q);Owner;Unknown;No defect; Church areas;Two-way (divided with broken lines road marking);Tangent road with flat terrain;unknown;Asphalt roads;Wet or damp;Daylight;Raining;Collision with pedestrians;2;2;Going straight;Over 51;Not a Pedestrian;Driving under the influence of drugs;Slight Injury
10:04:00;Wednesday;Male;Elementary school;Employee;5-10yr;Pick up upto 10Q;Owner;Above 10yr;No defect;Other;Undivided Two way;Tangent road with flat terrain;unknown;Earth roads;Dry;Daylight;Normal;Rollover;2;2;Going straight;na;Not a Pedestrian;No distancing;Slight Injury
10:04:00;Wednesday;Male;Junior high school;Employee;5-10yr;Public (13?45 seats);Governmental;5-10yrs;No defect;Other;Undivided Two way;Tangent road with flat terrain;unknown;Asphalt roads;Dry;Daylight;Normal;Vehicle with vehicle collision;2;2;Going straight;na;Not a Pedestrian;Changing lane to the left;Slight Injury
10:04:00;Wednesday;Male;Junior high school;Employee;1-2yr;Automobile;Owner;5-10yrs;No defect;School areas;other;Tangent road with flat terrain;unknown;Asphalt roads;Dry;Darkness - lights lit;Windy;Rollover;1;1;Going straight;18-30;Not a Pedestrian;No priority to vehicle;Slight Injury
20:30:00;Wednesday;Male;Elementary school;Other;5-10yr;Pick up upto 10Q;Owner;Above 10yr;No defect;Residential areas;Undivided Two way;Tangent road with flat terrain;unknown;Asphalt roads;Wet or damp;Darkness - lights lit;Raining;Vehicle with vehicle collision;2;1;Going straight;31-50;Not a Pedestrian;Moving Backward;Slight Injury
20:30:00;Wednesday;Male;Junior high school;Employee;2-5yr;Automobile;unknown;1-2yr;No defect;Other;Two-way (divided with broken lines road marking);Tangent road with flat terrain;unknown;Asphalt roads;Wet or damp;Darkness - lights lit;Raining;Vehicle with vehicle collision;2;1;Going straight;na;Not a Pedestrian;Moving Backward;Slight Injury
20:30:00;Wednesday;Male;Elementary school;Employee;5-10yr;Lorry (41?100Q);Owner;Above 10yr;No defect;Office areas;Undivided Two way;Tangent road with flat terrain;unknown;Other;Dry;Darkness - lights lit;Normal;Vehicle with vehicle collision;1;1;Going straight;18-30;Not a Pedestrian;No distancing;Fatal injury
11:15:00;Friday;Male;Junior high school;Employee;Above 10yr;Automobile;Owner;Above 10yr;No defect;Residential areas;Undivided Two way;Tangent road with flat terrain;unknown;Gravel roads;Wet or damp;Daylight;Raining;Fall from vehicles;2;1;Going straight;18-30;Not a Pedestrian;Changing lane to the right;Slight Injury
11:15:00;Friday;Male;Junior high school;Employee;Above 10yr;Lorry (41?100Q);Owner;Above 10yr;No defect;Other;One way;Steep grade downward with mountainous terrain;unknown;Gravel roads;Wet or damp;Daylight;Raining;Vehicle with vehicle collision;2;1;Going straight;na;Not a Pedestrian;Changing lane to the right;Slight Injury
11:15:00;Friday;Male;Elementary school;Owner;2-5yr;Lorry (41?100Q);Owner;Above 10yr;No defect;Residential areas;Two-way (divided with broken lines road marking);Tangent road with flat terrain;unknown;Asphalt roads;Snow;Darkness - lights lit;Other;Collision with roadside objects;2;1;Going straight;18-30;Not a Pedestrian;Moving Backward;Slight Injury
16:36:00;Thursday;Male;Elementary school;Employee;5-10yr;Lorry (41?100Q);Owner;5-10yrs;No defect;Residential areas;Undivided Two way;Tangent road with flat terrain;unknown;Asphalt roads;Snow;Darkness - lights lit;Other;Vehicle with vehicle collision;2;1;Going straight;na;Not a Pedestrian;Driving carelessly;Slight Injury
16:36:00;Thursday;Male;Junior high school;Owner;1-2yr;Public (13?45 seats);Owner;unknown;No defect;Residential areas;Two-way (divided with broken lines road marking);Tangent road with flat terrain;unknown;Earth roads;Dry;Daylight;Normal;Vehicle with vehicle collision;3;1;Going straight;31-50;Not a Pedestrian;Driving under the influence of drugs;Slight Injury
13:28:00;Monday;Male;Elementary school;Employee;Above 10yr;Automobile;Owner;1-2yr;No defect;Other;other;Tangent road with flat terrain;unknown;Asphalt roads;Dry;Daylight;Normal;Vehicle with vehicle collision;3;1;Going straight;na;Not a Pedestrian;No distancing;Slight Injury
13:28:00;Monday;Male;Junior high school;Employee;5-10yr;Other;Owner;5-10yrs;No defect;Other;Undivided Two way;Tangent road with flat terrain;unknown;Asphalt roads;Dry;Daylight;Normal;Collision with pedestrians;3;1;Moving Backward;31-50;Not a Pedestrian;No distancing;Slight Injury
19:28:00;Friday;Male;Junior high school;Employee;2-5yr;Other;Owner;5-10yrs;No defect;Other;One way;Tangent road with flat terrain;unknown;Asphalt roads;Dry;Darkness - lights lit;Normal;Vehicle with vehicle collision;2;1;Going straight;Under 18;Not a Pedestrian;No priority to vehicle;Slight Injury
19:28:00;Friday;Male;Elementary school;Employee;Above 10yr;Other;Owner;1-2yr;No defect; Hospital areas;Undivided Two way;Tangent road with flat terrain;unknown;Asphalt roads;Dry;Darkness - lights lit;Normal;Vehicle with vehicle collision;2;1;Going straight;31-50;Not a Pedestrian;Driving to the left;Slight Injury
23:35:00;Saturday;Male;Junior high school;Employee;2-5yr;Automobile;Owner;2-5yrs;No defect;Residential areas;Undivided Two way;Tangent road with flat terrain;unknown;Earth roads;Dry;Daylight;Normal;Vehicle with vehicle collision;2;1;Going straight;na;Not a Pedestrian;No priority to vehicle;Slight Injury
23:35:00;Saturday;Male;Elementary school;Employee;Above 10yr;Other;Owner;5-10yrs;No defect;Residential areas;One way;Tangent road with flat terrain;unknown;Asphalt roads;Dry;Daylight;Normal;Rollover;2;1;unknown;31-50;Not a Pedestrian;No priority to vehicle;Slight Injury
23:35:00;Saturday;Male;Junior high school;Employee;Above 10yr;Lorry (41?100Q);Owner;5-10yrs;No defect;Residential areas;Undivided Two way;Tangent road with flat terrain;unknown;Asphalt roads;Dry;Daylight;Normal;Collision with roadside objects;1;1;Turnover;na;Not a Pedestrian;No priority to vehicle;Serious Injury
09:01:00;Wednesday;Male;Junior high school;Employee;2-5yr;Public (12 seats);Owner;1-2yr;No defect;Other;Two-way (divided with broken lines road marking);Tangent road with flat terrain;unknown;Asphalt roads;Wet or damp;Daylight;Normal;Vehicle with vehicle collision;2;1;Going straight;Under 18;Not a Pedestrian;No distancing;Slight Injury
15:46:00;Thursday;Male;Junior high school;Employee;Above 10yr;Lorry (41?100Q);Owner;1-2yr;No defect;Office areas;Two-way (divided with broken lines road marking);Tangent road with flat terrain;unknown;Asphalt roads;Wet or damp;Daylight;Normal;Vehicle with vehicle collision;2;1;Going straight;na;Not a Pedestrian;Moving Backward;Slight Injury
15:46:00;Thursday;Male;Junior high school;Employee;Above 10yr;Public (12 seats);Owner;2-5yrs;No defect;Other;other;Tangent road with flat terrain;unknown;Asphalt roads;Dry;Darkness - lights lit;Normal;Collision with roadside objects;1;1;Going straight;31-50;Not a Pedestrian;Changing lane to the right;Serious Injury
20:10:00;Saturday;Male;Junior high school;Employee;Below 1yr;Lorry (41?100Q);Owner;Unknown;No defect;Office areas;Double carriageway (median);Tangent road with flat terrain;unknown;Asphalt roads;Wet or damp;Darkness - lights lit;Normal;Vehicle with vehicle collision;1;1;Going straight;31-50;Not a Pedestrian;Driving carelessly;Slight Injury
21:46:00;Wednesday;Female;Junior high school;Owner;Above 10yr;Other;Owner;Unknown;No defect;Residential areas;Two-way (divided with broken lines road marking);Tangent road with flat terrain;unknown;Asphalt roads;Dry;Daylight;Normal;Vehicle with vehicle collision;1;2;Going straight;na;Not a Pedestrian;Changing lane to the left;Slight Injury
21:46:00;Wednesday;Male;High school;Other;Above 10yr;Lorry (41?100Q);Owner;Unknown;No defect;Office areas;Double carriageway (median);Gentle horizontal curve;unknown;Asphalt roads;Dry;Daylight;Normal;Vehicle with vehicle collision;1;2;Going straight;na;Not a Pedestrian;No distancing;Slight Injury
21:20:00;Saturday;Male;Junior high school;Employee;5-10yr;unknown;Owner;unknown;No defect;Office areas;Double carriageway (median);Tangent road with flat terrain;unknown;Asphalt roads;Wet or damp;Daylight;Normal;Rollover;1;1;Going straight;18-30;Not a Pedestrian;Changing lane to the right;Serious Injury
21:20:00;Saturday;Male;Elementary school;unknown;unknown;Public (> 45 seats);Organization;Unknown;No defect;Other;Double carriageway (median);Tangent road with flat terrain;unknown;Asphalt roads;Dry;Darkness - lights lit;Unknown;Rollover;1;2;Going straight;18-30;Not a Pedestrian;Driving under the influence of drugs;Serious Injury
05:49:00;Tuesday;Male;Junior high school;Employee;5-10yr;Lorry (41?100Q);Owner;Unknown;No defect;Office areas;Two-way (divided with broken lines road marking);Tangent road with flat terrain;unknown;Earth roads;Dry;Darkness - lights lit;Unknown;Collision with pedestrians;1;2;Going straight;18-30;Not a Pedestrian;No distancing;Serious Injury
05:49:00;Tuesday;Male;Junior high school;Employee;5-10yr;Other;Owner;Unknown;No defect;Office areas;unknown;Tangent road with flat terrain;unknown;Asphalt roads;Dry;Daylight;Normal;Vehicle with vehicle collision;1;1;Turnover;Under 18;Not a Pedestrian;Overturning;Slight Injury
05:49:00;Tuesday;Male;Junior high school;Owner;Below 1yr;Other;Governmental;Unknown;unknown;Office areas;One way;Tangent road with flat terrain;unknown;Asphalt roads;Wet or damp;Darkness - lights lit;Normal;Vehicle with vehicle collision;2;1;unknown;na;Not a Pedestrian;No distancing;Slight Injury
09:35:00;Monday;Male;Junior high school;Employee;5-10yr;Automobile;Owner;Unknown;unknown;Other;Undivided Two way;Tangent road with flat terrain;unknown;Asphalt roads;Wet or damp;Darkness - lights lit;Normal;Vehicle with vehicle collision;2;1;Reversing;na;Not a Pedestrian;Changing lane to the right;Slight Injury
09:35:00;Monday;Male;Elementary school;Employee;2-5yr;Lorry (41?100Q);Owner;Unknown;unknown;Residential areas;unknown;Tangent road with flat terrain;unknown;Asphalt roads;Wet or damp;Daylight;Normal;Collision with pedestrians;1;1;Other;31-50;Not a Pedestrian;No priority to vehicle;Slight Injury
18:39:00;Wednesday;Male;Junior high school;Owner;2-5yr;Pick up upto 10Q;Owner;2-5yrs;No defect;Residential areas;Two-way (divided with broken lines road marking);Gentle horizontal curve;unknown;Earth roads;Dry;Daylight;Normal;Collision with pedestrians;1;1;Going straight;18-30;Unknown or other;Changing lane to the right;Serious Injury