Time;Day_of_week;Sex_of_driver;Educational_level;Vehicle_driver_relation;Driving_experience;Type_of_vehicle;Owner_of_vehicle;Service_year_of_vehicle;Defect_of_vehicle;Area_accident_occured;Lanes_or_Medians;Road_allignment;Types_of_Junction;Road_surface_type;Road_surface_conditions;Light_conditions;Weather_conditions;Type_of_collision;Number_of_vehicles_involved;Number_of_casualties;Vehicle_movement;Age_band_of_casualty;Pedestrian_movement;Cause_of_accident;Accident_severity
18:39:00;Wednesday;Male;Elementary school;Employee;2-5yr;Automobile;Owner;5-10yrs;unknown; Church areas;Two-way (divided with broken lines road marking);Tangent road with flat terrain;unknown;Asphalt roads;Dry;Darkness - lights lit;Normal;Vehicle with vehicle collision;1;1;Going straight;na;Not a Pedestrian;Changing lane to the left;Serious Injury
16:00:00;Wednesday;Male;Junior high school;Owner;2-5yr;unknown;Owner;5-10yrs;unknown;Other;Two-way (divided with broken lines road marking);Tangent road with flat terrain;unknown;Asphalt roads;Dry;Daylight;Normal;Vehicle with vehicle collision;3;2;Turnover;18-30;Not a Pedestrian;No distancing;Fatal injury
16:00:00;Wednesday;Male;Junior high school;Employee;Above 10yr;Other;Owner;Unknown;unknown;Residential areas;Two-way (divided with broken lines road marking);Tangent road with flat terrain;unknown;Asphalt roads;Dry;Daylight;Normal;Vehicle with vehicle collision;3;2;Other;18-30;Unknown or other;No priority to pedestrian;Fatal injury
13:09:00;Tuesday;Male;Junior high school;Employee;2-5yr;Automobile;Owner;2-5yrs;unknown;Other;Undivided Two way;Tangent road with flat terrain;unknown;Asphalt roads;Dry;Daylight;Normal;Collision with roadside objects;3;2;Going straight;18-30;Not a Pedestrian;Driving carelessly;Fatal injury
13:09:00;Tuesday;Male;Junior high school;Employee;1-2yr;Stationwagen;Owner;2-5yrs;unknown;Residential areas;Undivided Two way;Tangent road with flat terrain;unknown;Asphalt roads;Dry;Daylight;Normal;Vehicle with vehicle collision;3;2;Going straight;18-30;Not a Pedestrian;No distancing;Fatal injury
20:30:00;Friday;Male;Junior high school;Employee;2-5yr;Other;Owner;2-5yrs;unknown;Residential areas;Two-way (divided with broken lines road marking);Tangent road with flat terrain;unknown;Asphalt roads;Dry;Daylight;Normal;Collision with roadside objects;1;1;Other;na;Not a Pedestrian;Driving carelessly;Slight Injury
20:30:00;Friday;Male;Junior high school;Employee;1-2yr;unknown;Owner;5-10yrs;No defect;Other;Two-way (divided with broken lines road marking);Tangent road with flat terrain;unknown;Asphalt roads;Dry;Daylight;Normal;Vehicle with vehicle collision;2;1;Going straight;Under 18;Crossing from driver's nearside;Driving carelessly;Serious Injury
19:00:00;Friday;Male;Junior high school;Employee;5-10yr;Ridden horse;unknown;unknown;unknown;Other;Two-way (divided with broken lines road marking);Tangent road with flat terrain;unknown;Asphalt roads;Dry;Daylight;Normal;Vehicle with vehicle collision;2;1;Turnover;18-30;Not a Pedestrian;Moving Backward;Serious Injury
12:40:00;Saturday;Male;Junior high school;Employee;5-10yr;unknown;Owner;Unknown;No defect;Other;Undivided Two way;Tangent road with flat terrain;unknown;Other;Dry;Daylight;Normal;Collision with roadside objects;3;1;Going straight;na;Not a Pedestrian;Overtaking;Slight Injury
18:12:00;Wednesday;Male;Elementary school;Owner;2-5yr;Other;Owner;Unknown;No defect;Other;Double carriageway (median);Tangent road with flat terrain;unknown;Asphalt roads;Dry;Daylight;Normal;Vehicle with vehicle collision;3;1;Turnover;18-30;Not a Pedestrian;No priority to vehicle;Slight Injury
18:12:00;Wednesday;Male;Elementary school;Employee;Below 1yr;Lorry (41?100Q);Owner;Unknown;unknown;Residential areas;Two-way (divided with broken lines road marking);Tangent road with flat terrain;unknown;Asphalt roads;Dry;Daylight;Normal;Vehicle with vehicle collision;3;1;Going straight;na;Not a Pedestrian;No priority to vehicle;Slight Injury
18:12:00;Wednesday;Male;unknown;unknown;unknown;Lorry (41?100Q);Owner;2-5yrs;unknown;  Recreational areas;Undivided Two way;Tangent road with flat terrain;unknown;Asphalt roads;Dry;Daylight;Normal;Collision with roadside objects;2;1;Moving Backward;18-30;Not a Pedestrian;Moving Backward;Slight Injury
18:12:00;Wednesday;Male;Junior high school;Employee;Above 10yr;Lorry (41?100Q);Owner;unknown;unknown;Other;other;Tangent road with flat terrain;unknown;Asphalt roads;Dry;Daylight;Normal;Collision with roadside objects;2;1;unknown;18-30;Walking along in carriageway, back to traffic;Overtaking;Slight Injury
07:50:00;Wednesday;Male;High school;Employee;1-2yr;Stationwagen;Owner;unknown;unknown;Office areas;Undivided Two way;Tangent road with flat terrain;unknown;Asphalt roads;Dry;Daylight;Normal;Vehicle with vehicle collision;4;1;Going straight;18-30;Not a Pedestrian;Changing lane to the left;Slight Injury
07:50:00;Wednesday;Male;Junior high school;Owner;5-10yr;Lorry (41?100Q);unknown;unknown;unknown;Other;Undivided Two way;Tangent road with flat terrain;unknown;Asphalt roads;Dry;Daylight;Normal;Vehicle with vehicle collision;4;1;Going straight;na;Not a Pedestrian;Changing lane to the right;Slight Injury
10:16:00;Thursday;Male;Junior high school;Employee;1-2yr;Automobile;Owner;Unknown;unknown;Office areas;Undivided Two way;Tangent road with flat terrain;unknown;Asphalt roads;Dry;Daylight;Normal;Vehicle with vehicle collision;4;1;Reversing;Over 51;Not a Pedestrian;Overtaking;Slight Injury
10:16:00;Thursday;Male;Junior high school;Employee;Above 10yr;Automobile;Owner;Unknown;unknown;Office areas;One way;Tangent road with flat terrain;unknown;Earth roads;Dry;Daylight;Normal;Vehicle with vehicle collision;4;1;Reversing;18-30;Not a Pedestrian;Overloading;Slight Injury
23:05:00;Saturday;Female;Junior high school;Employee;Below 1yr;Pick up upto 10Q;Owner;Unknown;unknown;Office areas;Undivided Two way;Tangent road with flat terrain;unknown;Asphalt roads;Dry;Daylight;Normal;Vehicle with vehicle collision;2;1;Reversing;31-50;Crossing from nearside - masked by parked or statioNot a Pedestrianry vehicle;Other;Slight Injury
00:47:00;Sunday;Male;Elementary school;Employee;2-5yr;Taxi;Owner;Unknown;No defect;Other;Undivided Two way;Tangent road with flat terrain;unknown;Asphalt roads;Dry;Daylight;Normal;Vehicle with vehicle collision;2;1;Going straight;na;Not a Pedestrian;No priority to vehicle;Slight Injury
00:47:00;Sunday;Male;Junior high school;Employee;5-10yr;unknown;Governmental;Unknown;unknown;Other;Double carriageway (median);Tangent road with flat terrain;unknown;Asphalt roads;Wet or damp;Daylight;Normal;Vehicle with vehicle collision;1;1;Going straight;18-30;Not a Pedestrian;Changing lane to the right;Slight Injury
10:30:00;Monday;Male;Elementary school;Employee;5-10yr;Automobile;Owner;Unknown;No defect;Office areas;Two-way (divided with solid lines road marking);Tangent road with flat terrain;unknown;Asphalt roads;Dry;Darkness - no lighting;Normal;Vehicle with vehicle collision;3;2;Going straight;18-30;Not a Pedestrian;Moving Backward;Slight Injury
10:30:00;Monday;Male;Junior high school;Owner;1-2yr;unknown;Owner;Unknown;unknown;Residential areas;other;Tangent road with flat terrain;unknown;Asphalt roads;Dry;Darkness - no lighting;Normal;Vehicle with vehicle collision;3;2;Going straight;18-30;Not a Pedestrian;Changing lane to the left;Slight Injury
13:01:00;Saturday;Male;Junior high school;Employee;5-10yr;Long lorry;Governmental;2-5yrs;unknown;  Recreational areas;Undivided Two way;Tangent road with flat terrain;unknown;Asphalt roads;Dry;Darkness - no lighting;Normal;Vehicle with vehicle collision;3;2;Moving Backward;na;Not a Pedestrian;No priority to pedestrian;Slight Injury
13:01:00;Saturday;Male;Unknown;Other;unknown;Public (12 seats);Owner;1-2yr;No defect;Other;other;Tangent road with flat terrain;unknown;Asphalt roads;Dry;Darkness - no lighting;Normal;Vehicle with vehicle collision;3;2;Going straight;18-30;Not a Pedestrian;No distancing;Slight Injury
13:01:00;Saturday;Male;High school;Employee;2-5yr;Pick up upto 10Q;Owner;Above 10yr;No defect;Residential areas;other;Tangent road with flat terrain;unknown;Asphalt roads;Dry;Daylight;Normal;Vehicle with vehicle collision;2;1;Moving Backward;na;Not a Pedestrian;No priority to vehicle;Slight Injury
17:41:00;Monday;Male;Junior high school;Employee;1-2yr;unknown;Owner;Unknown;No defect;Other;other;Tangent road with flat terrain;unknown;Asphalt roads;Dry;Daylight;Normal;Vehicle with vehicle collision;2;1;Moving Backward;31-50;Not a Pedestrian;No distancing;Slight Injury
17:41:00;Monday;Male;Junior high school;Employee;5-10yr;Other;Owner;Unknown;unknown;Other;other;Tangent road with flat terrain;unknown;Asphalt roads;Dry;Daylight;Other;Vehicle with vehicle collision;2;1;Going straight;na;Not a Pedestrian;No distancing;Slight Injury
17:41:00;Monday;Male;Junior high school;Employee;2-5yr;Lorry (41?100Q);Owner;5-10yrs;unknown;Other;One way;Tangent road with flat terrain;unknown;Asphalt roads;Dry;Daylight;Other;Vehicle with vehicle collision;2;1;Other;na;Not a Pedestrian;Moving Backward;Slight Injury
17:41:00;Monday;Male;Junior high school;Employee;No Licence;Automobile;Owner;Unknown;No defect;Other;Two-way (divided with broken lines road marking);Tangent road with flat terrain;unknown;Asphalt roads;Wet or damp;Darkness - lights lit;Normal;Vehicle with vehicle collision;1;2;Going straight;18-30;Not a Pedestrian;Changing lane to the right;Slight Injury
17:25:00;Friday;Male;Junior high school;Employee;Above 10yr;Pick up upto 10Q;Owner;2-5yrs;No defect;Other;other;Tangent road with flat terrain;unknown;Asphalt roads;Wet or damp;Darkness - lights lit;Normal;Vehicle with vehicle collision;1;2;Other;na;Not a Pedestrian;No priority to pedestrian;Slight Injury
17:25:00;Friday;Male;Junior high school;Employee;Above 10yr;Lorry (41?100Q);Owner;Unknown;No defect;School areas;Undivided Two way;Tangent road with flat terrain;unknown;Asphalt roads;Dry;Darkness - lights lit;Normal;Vehicle with vehicle collision;1;4;Going straight;31-50;Not a Pedestrian;Moving Backward;Fatal injury
17:25:00;Friday;Male;Junior high school;Employee;5-10yr;Lorry (41?100Q);Owner;unknown;No defect;Office areas;Two-way (divided with broken lines road marking);Tangent road with flat terrain;unknown;Asphalt roads;Dry;Darkness - lights lit;Normal;Collision with roadside objects;1;4;Reversing;Over 51;Crossing from nearside - masked by parked or statioNot a Pedestrianry vehicle;Getting off the vehicle improperly;Fatal injury
17:25:00;Friday;Male;High school;Employee;2-5yr;Long lorry;Owner;Unknown;No defect;Office areas;Two-way (divided with broken lines road marking);Tangent road with flat terrain;unknown;Earth roads;Dry;Darkness - lights lit;Normal;Vehicle with vehicle collision;1;4;unknown;na;Not a Pedestrian;Overtaking;Fatal injury
17:25:00;Friday;Male;High school;Owner;2-5yr;Public (> 45 seats);Owner;5-10yrs;No defect;Office areas;Two-way (divided with broken lines road marking);Tangent road with flat terrain;unknown;Asphalt roads;Dry;Darkness - lights lit;Normal;Collision with pedestrians;1;4;Going straight;18-30;Not a Pedestrian;Overloading;Fatal injury
11:10:00;Sunday;Male;Junior high school;Employee;Below 1yr;Public (> 45 seats);Owner;Unknown;No defect;School areas;unknown;Tangent road with flat terrain;unknown;unknown;Wet or damp;Darkness - lights lit;Raining;Vehicle with vehicle collision;2;1;Going straight;18-30;Not a Pedestrian;Changing lane to the right;Slight Injury
11:10:00;Sunday;Male;Junior high school;Owner;Above 10yr;Automobile;Governmental;unknown;No defect;School areas;Undivided Two way;Tangent road with flat terrain;unknown;Asphalt roads;Wet or damp;Darkness - lights lit;Raining;Collision with roadside objects;2;1;Going straight;na;Not a Pedestrian;Improper parking;Slight Injury
11:10:00;Sunday;Male;Junior high school;Employee;Above 10yr;Automobile;Owner;unknown;No defect;Office areas;Two-way (divided with broken lines road marking);Tangent road with flat terrain;unknown;Asphalt roads;Dry;Daylight;Normal;Vehicle with vehicle collision;2;1;Going straight;na;Not a Pedestrian;Other;Slight Injury
03:15:00;Saturday;Male;Elementary school;Employee;2-5yr;Automobile;Owner;unknown;No defect;Office areas;Two-way (divided with broken lines road marking);Tangent road with flat terrain;unknown;Asphalt roads;Dry;Daylight;Normal;Vehicle with vehicle collision;2;1;Going straight;31-50;Not a Pedestrian;Changing lane to the left;Slight Injury
03:15:00;Saturday;Male;Junior high school;Employee;2-5yr;Other;Governmental;Above 10yr;No defect;School areas;Two-way (divided with broken lines road marking);Tangent road with flat terrain;unknown;Asphalt roads;Dry;Daylight;Normal;Vehicle with vehicle collision;3;1;Going straight;18-30;Not a Pedestrian;Changing lane to the right;Slight Injury
17:00:00;Tuesday;Male;Unknown;Employee;Above 10yr;Public (12 seats);Owner;1-2yr;No defect;unknown;Two-way (divided with broken lines road marking);Tangent road with flat terrain;unknown;Asphalt roads;Dry;Daylight;Normal;Vehicle with vehicle collision;3;1;Other;na;Not a Pedestrian;No priority to pedestrian;Slight Injury
17:00:00;Tuesday;Male;Elementary school;Employee;5-10yr;Automobile;Owner;Above 10yr;No defect;Other;Two-way (divided with broken lines road marking);Tangent road with flat terrain;unknown;Asphalt roads;Dry;Daylight;Normal;Vehicle with vehicle collision;3;1;Going straight;31-50;Not a Pedestrian;Overspeed;Slight Injury
17:10:00;Friday;Male;Junior high school;Employee;Below 1yr;Stationwagen;Owner;Below 1yr;No defect;Other;Undivided Two way;Tangent road with flat terrain;unknown;Asphalt roads;Dry;Daylight;Normal;Rollover;2;1;Going straight;18-30;Not a Pedestrian;Changing lane to the left;Slight Injury
17:10:00;Friday;Male;Elementary school;Employee;Below 1yr;Automobile;Owner;Above 10yr;No defect;Other;Two-way (divided with broken lines road marking);Tangent road with flat terrain;unknown;Asphalt roads;Dry;Daylight;Normal;Collision with roadside objects;2;1;Going straight;na;Not a Pedestrian;No priority to vehicle;Slight Injury
17:23:00;Tuesday;Male;Junior high school;Employee;Below 1yr;Automobile;Owner;Unknown;No defect;Residential areas;Undivided Two way;Tangent road with flat terrain;unknown;Asphalt roads;Dry;Daylight;Normal;Vehicle with vehicle collision;2;1;Going straight;31-50;Not a Pedestrian;Changing lane to the right;Slight Injury
17:23:00;Tuesday;Male;Junior high school;Employee;5-10yr;Automobile;Governmental;1-2yr;No defect;Other;Undivided Two way;Tangent road with flat terrain;unknown;Gravel roads;Dry;Daylight;Normal;Collision with roadside objects;2;1;Reversing;31-50;Not a Pedestrian;No distancing;Slight Injury
18:00:00;Sunday;Male;Junior high school;Owner;5-10yr;unknown;Owner;1-2yr;No defect;Other;Undivided Two way;Tangent road with flat terrain;unknown;Asphalt roads;Dry;Daylight;Normal;Vehicle with vehicle collision;1;1;Going straight;na;Not a Pedestrian;No priority to pedestrian;Slight Injury
23:35:00;Wednesday;Male;High school;Owner;5-10yr;unknown;Owner;unknown;No defect; Industrial areas;Undivided Two way;Tangent road with flat terrain;unknown;Asphalt roads;Dry;Daylight;Normal;Vehicle with vehicle collision;2;1;Going straight;Over 51;Not a Pedestrian;No distancing;Serious Injury
23:35:00;Wednesday;Male;Junior high school;Employee;5-10yr;Pick up upto 10Q;Owner;unknown;No defect;  Recreational areas;Undivided Two way;Tangent road with flat terrain;unknown;Asphalt roads;Dry;Daylight;Normal;Vehicle with vehicle collision;2;1;Other;18-30;Not a Pedestrian;No priority to vehicle;Serious Injury
14:59:00;Wednesday;Male;Junior high school;Employee;2-5yr;Turbo;Owner;Above 10yr;No defect; Church areas;Two-way (divided with broken lines road marking);Tangent road with flat terrain;unknown;Asphalt roads;Dry;Daylight;Normal;Vehicle with vehicle collision;1;1;Going straight;18-30;Unknown or other;Other;Slight Injury
14:59:00;Wednesday;Male;Elementary school;Employee;5-10yr;Pick up upto 10Q;Owner;unknown;unknown;Office areas;Two-way (divided with broken lines road marking);Tangent road with flat terrain;unknown;Asphalt roads;Dry;Darkness - lights lit;Normal;Vehicle with vehicle collision;2;1;Going straight;18-30;Not a Pedestrian;Driving carelessly;Slight Injury
14:59:00;Wednesday;Male;Junior high school;Employee;2-5yr;Other;Owner;unknown;unknown;Other;Two-way (divided with broken lines road marking);Tangent road with flat terrain;unknown;Asphalt roads;Dry;Darkness - lights lit;Normal;Collision with roadside objects;2;1;Going straight;na;Not a Pedestrian;Changing lane to the left;Slight Injury
14:40:00;Saturday;Male;Junior high school;Employee;Below 1yr;Stationwagen;Owner;unknown;unknown;Office areas;Undivided Two way;Tangent road with flat terrain;unknown;Asphalt roads;Dry;Daylight;Normal;Vehicle with vehicle collision;3;1;Turnover;31-50;Not a Pedestrian;Driving carelessly;Slight Injury
14:40:00;Saturday;Male;Elementary school;Employee;2-5yr;Pick up upto 10Q;Owner;unknown;unknown;Office areas;Two-way (divided with broken lines road marking);Tangent road with flat terrain;unknown;Asphalt roads;Dry;Daylight;Normal;Collision with roadside objects;3;1;Going straight;18-30;Not a Pedestrian;Changing lane to the left;Slight Injury
14:40:00;Saturday;Male;Junior high school;Employee;2-5yr;Lorry (41?100Q);Owner;unknown;unknown;Other;Two-way (divided with broken lines road marking);Tangent road with flat terrain;unknown;Asphalt roads;Dry;Daylight;Normal;Vehicle with vehicle collision;3;1;Going straight;na;Not a Pedestrian;No priority to vehicle;Slight Injury
12:48:00;Sunday;Male;Junior high school;Employee;2-5yr;Lorry (41?100Q);Owner;Above 10yr;unknown;Residential areas;Undivided Two way;Tangent road with flat terrain;unknown;Asphalt roads;Dry;Daylight;Normal;Vehicle with vehicle collision;2;1;Reversing;na;Not a Pedestrian;No distancing;Slight Injury
12:48:00;Sunday;Male;Junior high school;Employee;5-10yr;Automobile;Owner;Above 10yr;unknown;Office areas;other;Tangent road with mountainous terrain and;unknown;Asphalt roads;Dry;Daylight;Normal;Vehicle with vehicle collision;2;1;Other;31-50;Not a Pedestrian;Changing lane to the right;Slight Injury
12:48:00;Sunday;Male;Junior high school;Employee;5-10yr;Automobile;Owner;Above 10yr;No defect;Residential areas;other;Tangent road with flat terrain;unknown;Asphalt roads;Wet or damp;Daylight;Normal;Vehicle with vehicle collision;1;1;Going straight;31-50;Not a Pedestrian;Changing lane to the right;Serious Injury
12:48:00;Sunday;Male;Junior high school;Employee;unknown;Pick up upto 10Q;unknown;unknown;unknown;School areas;Two-way (divided with broken lines road marking);Tangent road with flat terrain;unknown;Asphalt roads;Wet or damp;Daylight;Raining;Vehicle with vehicle collision;2;1;Going straight;18-30;Not a Pedestrian;Driving at high speed;Serious Injury
12:48:00;Sunday;Male;Junior high school;Owner;5-10yr;Pick up upto 10Q;Owner;Above 10yr;No defect;Office areas;Two-way (divided with broken lines road marking);Sharp reverse curve;unknown;Asphalt roads;Wet or damp;Daylight;Raining;Vehicle with vehicle collision;2;1;Moving Backward;18-30;Not a Pedestrian;No distancing;Serious Injury
18:40:00;Friday;Male;Junior high school;Employee;2-5yr;Lorry (41?100Q);Owner;5-10yrs;No defect;Other;other;Tangent road with flat terrain;unknown;Asphalt roads;Dry;Daylight;Normal;Vehicle with vehicle collision;2;1;Reversing;na;Not a Pedestrian;Changing lane to the right;Slight Injury
18:40:00;Friday;Male;Junior high school;Employee;Below 1yr;Public (12 seats);Owner;Above 10yr;No defect;Other;Undivided Two way;Tangent road with flat terrain;unknown;Asphalt roads;Dry;Daylight;Normal;Vehicle with vehicle collision;2;1;Going straight;18-30;Not a Pedestrian;Changing lane to the left;Slight Injury
11:11:00;Wednesday;Male;Junior high school;Employee;1-2yr;Other;Owner;Above 10yr;No defect; Church areas;other;Tangent road with flat terrain;unknown;Asphalt roads;Dry;Darkness - lights lit;Normal;Vehicle with vehicle collision;1;1;Going straight;na;Not a Pedestrian;Getting off the vehicle improperly;Slight Injury
11:11:00;Wednesday;Male;Junior high school;Employee;Below 1yr;Stationwagen;Owner;unknown;No defect;Office areas;Two-way (divided with broken lines road marking);Tangent road with flat terrain;unknown;Other;Dry;Daylight;Normal;Vehicle with vehicle collision;2;1;Moving Backward;31-50;Not a Pedestrian;Other;Slight Injury
07:50:00;Tuesday;Male;Junior high school;Employee;Above 10yr;Automobile;Owner;unknown;No defect;Other;Two-way (divided with broken lines road marking);Tangent road with flat terrain;unknown;Asphalt roads;Dry;Daylight;Normal;Vehicle with vehicle collision;2;1;Going straight;na;Not a Pedestrian;Other;Slight Injury
07:50:00;Tuesday;Male;Junior high school;Employee;Below 1yr;Automobile;Owner;unknown;No defect;Office areas;Two-way (divided with broken lines road marking);Tangent road with mild grade and flat terrain;unknown;Asphalt roads;Dry;Daylight;Normal;Rollover;2;1;Going straight;18-30;Crossing from nearside - masked by parked or statioNot a Pedestrianry vehicle;No distancing;Slight Injury
07:50:00;Tuesday;Male;Junior high school;Employee;2-5yr;Lorry (41?100Q);Owner;unknown;No defect;Office areas;Two-way (divided with broken lines road marking);Tangent road with flat terrain;unknown;Asphalt roads;Dry;Daylight;Normal;Collision with roadside objects;2;1;Going straight;18-30;Not a Pedestrian;No priority to vehicle;Slight Injury
16:30:00;Tuesday;Male;Junior high school;Employee;1-2yr;Stationwagen;Owner;Above 10yr;No defect;Office areas;Two-way (divided with broken lines road marking);Sharp reverse curve;unknown;Asphalt roads;Dry;Daylight;Normal;Vehicle with vehicle collision;2;1;Going straight;31-50;Not a Pedestrian;Overtaking;Slight Injury
16:30:00;Tuesday;Male;Elementary school;Employee;5-10yr;Lorry (41?100Q);Owner;Above 10yr;No defect; Church areas;Undivided Two way;Sharp reverse curve;unknown;Asphalt roads;Dry;Daylight;Normal;Vehicle with vehicle collision;2;1;Going straight;31-50;Not a Pedestrian;No priority to pedestrian;Slight Injury
18:56:00;Monday;Male;Junior high school;Owner;Below 1yr;Public (> 45 seats);Owner;Above 10yr;No defect;Office areas;Undivided Two way;Gentle horizontal curve;unknown;Asphalt roads;Dry;Daylight;Normal;Collision with roadside objects;2;2;Going straight;na;Not a Pedestrian;No distancing;Slight Injury
18:56:00;Monday;Male;Junior high school;Employee;Below 1yr;Automobile;Owner;5-10yrs;No defect;Other;Double carriageway (median);Gentle horizontal curve;unknown;Asphalt roads;Dry;Daylight;Normal;Vehicle with vehicle collision;2;2;unknown;5;Not a Pedestrian;Changing lane to the right;Slight Injury
18:13:00;Tuesday;Male;Writing & reading;Employee;Below 1yr;Automobile;Owner;unknown;unknown;Other;Two-way (divided with broken lines road marking);Tangent road with flat terrain;unknown;Other;Dry;Daylight;Normal;Vehicle with vehicle collision;1;1;Going straight;na;Not a Pedestrian;Driving carelessly;Slight Injury
18:13:00;Tuesday;Male;Junior high school;Employee;1-2yr;Automobile;Owner;5-10yrs;No defect; Church areas;Unknown;Tangent road with mountainous terrain and;unknown;Asphalt roads;Dry;Daylight;Normal;Vehicle with vehicle collision;2;2;Reversing;18-30;Not a Pedestrian;Changing lane to the right;Slight Injury
18:13:00;Tuesday;Male;Elementary school;Owner;5-10yr;unknown;Owner;1-2yr;unknown;School areas;Undivided Two way;Tangent road with flat terrain;unknown;Asphalt roads;Dry;Daylight;Normal;Rollover;2;2;Going straight;na;Not a Pedestrian;Overtaking;Slight Injury
15:15:00;Sunday;Male;Junior high school;Employee;2-5yr;Lorry (41?100Q);unknown;unknown;unknown; Church areas;Two-way (divided with broken lines road marking);Tangent road with flat terrain;unknown;Asphalt roads;Dry;Daylight;Normal;Rollover;4;5;Going straight;31-50;Not a Pedestrian;Other;Slight Injury
15:15:00;Sunday;Male;Junior high school;Owner;Below 1yr;Lorry (41?100Q);Owner;Above 10yr;unknown;Office areas;Undivided Two way;Tangent road with flat terrain;unknown;Asphalt roads;Dry;Daylight;Normal;Collision with pedestrians;4;5;Going straight;31-50;Not a Pedestrian;Driving to the left;Slight Injury
15:15:00;Sunday;Male;Writing & reading;Employee;5-10yr;Automobile;Owner;2-5yrs;No defect;Other;other;Tangent road with flat terrain;unknown;Asphalt roads;Dry;Daylight;Normal;Vehicle with vehicle collision;4;5;Going straight;31-50;Not a Pedestrian;Driving at high speed;Slight Injury
10:12:00;Tuesday;Male;Writing & reading;Employee;5-10yr;Stationwagen;Owner;Above 10yr;unknown; Church areas;Two-way (divided with broken lines road marking);Steep grade upward with mountainous terrain;unknown;Asphalt roads;Dry;Daylight;Normal;Vehicle with vehicle collision;4;5;Going straight;18-30;Not a Pedestrian;Unknown;Slight Injury
19:25:00;Monday;Male;Junior high school;Employee;5-10yr;Public (12 seats);Governmental;1-2yr;No defect;Other;Double carriageway (median);Tangent road with flat terrain;unknown;Asphalt roads;Dry;Daylight;Normal;Vehicle with vehicle collision;4;5;Going straight;18-30;Not a Pedestrian;Changing lane to the right;Slight Injury
14:57:00;Friday;Male;Junior high school;Employee;2-5yr;Public (12 seats);Governmental;Above 10yr;unknown;Other;Double carriageway (median);Tangent road with flat terrain;unknown;Asphalt roads;Dry;Daylight;Normal;Collision with pedestrians;4;5;Other;5;Not a Pedestrian;No distancing;Slight Injury
14:57:00;Friday;Male;Junior high school;Employee;Above 10yr;Automobile;Organization;5-10yrs;No defect;Office areas;Two-way (divided with broken lines road marking);Gentle horizontal curve;unknown;unknown;Dry;Daylight;Normal;Collision with pedestrians;3;1;Moving Backward;na;Not a Pedestrian;Other;Serious Injury
14:57:00;Friday;Male;Junior high school;Employee;5-10yr;Public (12 seats);Organization;Above 10yr;No defect;Other;Two-way (divided with broken lines road marking);Tangent road with flat terrain;unknown;Other;Dry;Daylight;Normal;Vehicle with vehicle collision;3;1;Other;18-30;Not a Pedestrian;No priority to vehicle;Serious Injury
08:30:00;Sunday;Male;Junior high school;Employee;Above 10yr;Public (12 seats);Owner;2-5yrs;No defect;Other;Two-way (divided with broken lines road marking);Tangent road with flat terrain;unknown;Asphalt roads;Dry;Daylight;Normal;Vehicle with vehicle collision;3;1;Going straight;na;Not a Pedestrian;Changing lane to the left;Serious Injury
22:05:00;Monday;Male;Junior high school;Employee;2-5yr;Lorry (41?100Q);Governmental;unknown;No defect;Residential areas;Two-way (divided with broken lines road marking);Tangent road with flat terrain;unknown;Asphalt roads;Dry;Daylight;Normal;Vehicle with vehicle collision;2;2;Going straight;18-30;Not a Pedestrian;No priority to pedestrian;Serious Injury
22:05:00;Monday;Male;Junior high school;Employee;Below 1yr;Automobile;Owner;2-5yrs;No defect;Office areas;Two-way (divided with broken lines road marking);Tangent road with flat terrain;unknown;Asphalt roads;Dry;Daylight;Normal;Collision with roadside objects;2;2;Going straight;18-30;Not a Pedestrian;Overtaking;Serious Injury
15:30:00;Friday;Male;Junior high school;Employee;Below 1yr;Lorry (41?100Q);Owner;2-5yrs;No defect; Church areas;One way;Tangent road with flat terrain;unknown;Asphalt roads;Dry;Daylight;Normal;Vehicle with vehicle collision;2;2;Other;Over 51;Not a Pedestrian;Driving carelessly;Serious Injury
15:30:00;Friday;Male;Junior high school;Owner;5-10yr;unknown;Owner;1-2yr;No defect;unknown;Undivided Two way;Tangent road with flat terrain;unknown;Asphalt roads with some distress;Dry;Darkness - lights lit;Normal;Collision with roadside objects;2;3;Going straight;na;Not a Pedestrian;No priority to vehicle;Slight Injury
15:30:00;Friday;Female;Junior high school;Employee;2-5yr;Automobile;Owner;Above 10yr;unknown;  Market areas;other;Steep grade downward with mountainous terrain;unknown;unknown;Dry;Darkness - lights lit;Normal;Vehicle with vehicle collision;2;3;unknown;18-30;Not a Pedestrian;No priority to pedestrian;Slight Injury
21:15:00;Sunday;Male;Elementary school;Employee;Below 1yr;Stationwagen;Owner;Above 10yr;unknown;Other;Two-way (divided with broken lines road marking);Tangent road with mountainous terrain and;unknown;Asphalt roads;Dry;Darkness - lights lit;Normal;Vehicle with vehicle collision;2;3;Going straight;na;Not a Pedestrian;Changing lane to the right;Slight Injury
21:15:00;Sunday;Male;Junior high school;Employee;2-5yr;unknown;Owner;unknown;No defect;Other;Undivided Two way;Tangent road with mountainous terrain and;unknown;Asphalt roads;Dry;Darkness - lights lit;Normal;Collision with roadside objects;2;3;Going straight;18-30;Not a Pedestrian;Driving carelessly;Slight Injury
21:15:00;Sunday;Male;Junior high school;Employee;5-10yr;unknown;Owner;unknown;No defect; Church areas;Undivided Two way;Tangent road with flat terrain;unknown;Asphalt roads;Dry;Daylight;Normal;Vehicle with vehicle collision;1;1;Going straight;na;Not a Pedestrian;Changing lane to the right;Slight Injury