Time;Day_of_week;Sex_of_driver;Educational_level;Vehicle_driver_relation;Driving_experience;Type_of_vehicle;Owner_of_vehicle;Service_year_of_vehicle;Defect_of_vehicle;Area_accident_occured;Lanes_or_Medians;Road_allignment;Types_of_Junction;Road_surface_type;Road_surface_conditions;Light_conditions;Weather_conditions;Type_of_collision;Number_of_vehicles_involved;Number_of_casualties;Vehicle_movement;Age_band_of_casualty;Pedestrian_movement;Cause_of_accident;Accident_severity
21:15:00;Sunday;Male;High school;Employee;Above 10yr;Automobile;Governmental;1-2yr;No defect;Residential areas;Undivided Two way;Tangent road with flat terrain;unknown;Asphalt roads;Wet or damp;Daylight;Raining;Vehicle with vehicle collision;2;1;Going straight;na;Not a Pedestrian;Changing lane to the right;Slight Injury
16:32:00;Monday;Male;High school;Employee;Above 10yr;Stationwagen;Owner;Unknown;No defect;Other;Undivided Two way;Tangent road with flat terrain;unknown;Earth roads;Wet or damp;Daylight;Raining;Collision with roadside objects;2;1;Moving Backward;31-50;Not a Pedestrian;Changing lane to the left;Slight Injury
16:32:00;Monday;Male;Junior high school;Employee;5-10yr;Automobile;Owner;Unknown;No defect;Other;Two-way (divided with broken lines road marking);Tangent road with flat terrain;unknown;Asphalt roads;Wet or damp;Daylight;Raining;Collision with roadside objects;4;1;Moving Backward;31-50;Not a Pedestrian;Overturning;Slight Injury
16:32:00;Monday;Male;Elementary school;Employee;1-2yr;Other;Owner;Unknown;No defect;Other;Double carriageway (median);Tangent road with flat terrain;unknown;Asphalt roads;Wet or damp;Daylight;Raining;Vehicle with vehicle collision;4;1;Going straight;na;Not a Pedestrian;Driving carelessly;Slight Injury
15:30:00;Friday;Male;Elementary school;Employee;5-10yr;Other;Owner;unknown;No defect;  Recreational areas;Two-way (divided with broken lines road marking);Tangent road with flat terrain;unknown;Asphalt roads;Wet or damp;Daylight;Raining;Vehicle with vehicle collision;4;1;Going straight;31-50;Not a Pedestrian;No distancing;Slight Injury
15:30:00;Friday;Male;Junior high school;Employee;5-10yr;Automobile;Owner;Unknown;No defect;  Recreational areas;One way;Tangent road with flat terrain;unknown;Asphalt roads;Wet or damp;Daylight;Raining;Vehicle with vehicle collision;4;1;Turnover;na;Not a Pedestrian;Driving carelessly;Slight Injury
14:45:00;Saturday;Male;Junior high school;Employee;1-2yr;Lorry (41?100Q);Owner;unknown;No defect;Other;Two-way (divided with broken lines road marking);Tangent road with flat terrain;unknown;Asphalt roads;Dry;Daylight;Normal;Vehicle with vehicle collision;2;2;Going straight;na;Not a Pedestrian;Changing lane to the left;Slight Injury
19:30:00;Wednesday;Male;Junior high school;Owner;5-10yr;Lorry (41?100Q);Organization;1-2yr;No defect;Office areas;Two-way (divided with broken lines road marking);Tangent road with flat terrain;unknown;Asphalt roads;Dry;Daylight;Normal;Vehicle with vehicle collision;2;2;Going straight;31-50;Not a Pedestrian;No priority to vehicle;Slight Injury
19:30:00;Wednesday;Female;High school;Owner;Above 10yr;Lorry (41?100Q);Owner;2-5yrs;No defect;Residential areas;Two-way (divided with broken lines road marking);Tangent road with flat terrain;unknown;Asphalt roads;Dry;Daylight;Normal;Vehicle with vehicle collision;2;2;Going straight;Under 18;Not a Pedestrian;Changing lane to the right;Slight Injury
16:56:00;Friday;Male;unknown;Owner;Below 1yr;Automobile;Owner;2-5yrs;No defect;Other;Two-way (divided with broken lines road marking);Tangent road with flat terrain;unknown;Asphalt roads;Wet or damp;Daylight;Normal;Vehicle with vehicle collision;1;1;Going straight;na;Not a Pedestrian;No distancing;Serious Injury
17:50:00;Monday;Male;Writing & reading;Owner;5-10yr;Automobile;unknown;1-2yr;unknown;Residential areas;Undivided Two way;Steep grade downward with mountainous terrain;unknown;Asphalt roads;Dry;Daylight;Normal;Vehicle with vehicle collision;2;1;Going straight;31-50;Not a Pedestrian;Moving Backward;Serious Injury
17:50:00;Monday;Male;Above high school;Employee;Above 10yr;Public (13?45 seats);Owner;unknown;No defect; Church areas;Double carriageway (median);Tangent road with flat terrain;unknown;Asphalt roads;Dry;Daylight;Normal;Vehicle with vehicle collision;2;1;Going straight;31-50;Not a Pedestrian;Moving Backward;Serious Injury
09:04:00;Tuesday;Male;High school;Employee;Below 1yr;Public (13?45 seats);Owner;2-5yrs;unknown;Other;One way;Tangent road with flat terrain;unknown;Asphalt roads;Dry;Daylight;Normal;Vehicle with vehicle collision;2;1;Going straight;na;Not a Pedestrian;No distancing;Serious Injury
09:04:00;Tuesday;Male;Junior high school;Employee;1-2yr;Lorry (41?100Q);Owner;5-10yrs;No defect;Office areas;Two-way (divided with broken lines road marking);Tangent road with mountainous terrain and;unknown;Gravel roads;Dry;Daylight;Normal;Vehicle with vehicle collision;2;1;Going straight;31-50;Not a Pedestrian;No distancing;Serious Injury
10:40:00;Thursday;Male;Junior high school;Employee;Above 10yr;Lorry (41?100Q);Owner;2-5yrs;unknown;Other;Undivided Two way;Tangent road with flat terrain;unknown;Asphalt roads;Dry;Daylight;Normal;Vehicle with vehicle collision;2;1;unknown;na;Not a Pedestrian;No distancing;Slight Injury
10:40:00;Thursday;Female;Junior high school;Owner;Above 10yr;Public (12 seats);Owner;Unknown;unknown;  Recreational areas;Two-way (divided with broken lines road marking);Steep grade downward with mountainous terrain;unknown;Asphalt roads;Dry;Daylight;Normal;Vehicle with vehicle collision;2;1;Other;na;Not a Pedestrian;No priority to pedestrian;Slight Injury
21:15:00;Thursday;Male;Junior high school;Employee;Above 10yr;Other;Owner;unknown;No defect;Other;Undivided Two way;Tangent road with flat terrain;unknown;Asphalt roads;Dry;Daylight;Normal;Vehicle with vehicle collision;1;1;Getting off;5;Not a Pedestrian;Driving carelessly;Slight Injury
21:15:00;Thursday;Male;Junior high school;Employee;No Licence;Lorry (41?100Q);Owner;1-2yr;No defect;Office areas;Two-way (divided with broken lines road marking);Tangent road with flat terrain;unknown;Asphalt roads;Wet or damp;Daylight;Raining;Vehicle with vehicle collision;1;1;Going straight;na;Not a Pedestrian;Changing lane to the right;Slight Injury
16:00:00;Friday;Male;Junior high school;Employee;1-2yr;Automobile;Governmental;unknown;No defect;Residential areas;Undivided Two way;Tangent road with flat terrain;unknown;Asphalt roads;Dry;Daylight;Normal;Vehicle with vehicle collision;2;1;Going straight;31-50;Not a Pedestrian;Changing lane to the left;Slight Injury
16:00:00;Friday;Male;Illiterate;Owner;1-2yr;Other;Owner;Unknown;No defect;Office areas;One way;Tangent road with flat terrain;unknown;Asphalt roads;Dry;Daylight;Normal;Vehicle with vehicle collision;2;1;Going straight;18-30;Not a Pedestrian;Driving carelessly;Slight Injury
16:00:00;Friday;Male;Junior high school;Owner;Below 1yr;Motorcycle;Owner;unknown;No defect;Office areas;Two-way (divided with broken lines road marking);Tangent road with flat terrain;unknown;Asphalt roads;Dry;Daylight;Normal;Vehicle with vehicle collision;1;1;Other;18-30;Not a Pedestrian;Driving carelessly;Slight Injury
19:30:00;Saturday;Male;Junior high school;Owner;1-2yr;Automobile;Owner;Unknown;No defect; Church areas;Double carriageway (median);Tangent road with flat terrain;unknown;Asphalt roads;Dry;Daylight;Normal;Collision with roadside objects;2;2;Going straight;31-50;Not a Pedestrian;No distancing;Serious Injury
19:30:00;Saturday;Male;Junior high school;Owner;2-5yr;Automobile;Owner;unknown;No defect; Church areas;Undivided Two way;Tangent road with flat terrain;unknown;Asphalt roads;Dry;Daylight;Normal;Vehicle with vehicle collision;2;2;Moving Backward;na;Not a Pedestrian;Other;Serious Injury
19:30:00;Saturday;Male;Unknown;Owner;5-10yr;Lorry (41?100Q);Owner;unknown;No defect;Residential areas;Undivided Two way;Tangent road with flat terrain;unknown;Asphalt roads;Dry;Daylight;Normal;Collision with pedestrians;2;1;Other;18-30;Not a Pedestrian;Changing lane to the right;Slight Injury
09:32:00;Sunday;Male;Unknown;Owner;Above 10yr;Automobile;Owner;unknown;No defect;Other;Undivided Two way;Tangent road with flat terrain;unknown;Asphalt roads;Dry;Daylight;Normal;Vehicle with vehicle collision;2;1;Going straight;na;Not a Pedestrian;Changing lane to the right;Slight Injury
09:32:00;Sunday;Male;Junior high school;Owner;2-5yr;Public (> 45 seats);Owner;Unknown;unknown;Other;other;Tangent road with flat terrain;unknown;Asphalt roads;Dry;Daylight;Normal;Collision with roadside objects;2;1;Going straight;31-50;Not a Pedestrian;No distancing;Slight Injury
11:19:00;Wednesday;Male;Elementary school;Owner;Above 10yr;Lorry (41?100Q);Owner;unknown;No defect;unknown;Undivided Two way;Tangent road with flat terrain;unknown;Asphalt roads;Dry;Daylight;Normal;Vehicle with vehicle collision;2;1;Going straight;na;Not a Pedestrian;No distancing;Slight Injury
11:19:00;Wednesday;Female;Writing & reading;Owner;5-10yr;Public (> 45 seats);Owner;2-5yrs;unknown;Residential areas;Undivided Two way;Tangent road with flat terrain;unknown;Asphalt roads;Dry;Daylight;Normal;Vehicle with vehicle collision;2;1;unknown;18-30;Not a Pedestrian;Overturning;Slight Injury
08:05:00;Friday;Male;unknown;Owner;unknown;Lorry (41?100Q);Owner;Unknown;unknown;Office areas;Undivided Two way;Tangent road with flat terrain;unknown;Asphalt roads;Dry;Daylight;Normal;Vehicle with vehicle collision;2;1;Going straight;18-30;Not a Pedestrian;Driving at high speed;Slight Injury
06:26:00;Friday;Male;Junior high school;Owner;5-10yr;Lorry (41?100Q);Owner;Unknown;unknown;Residential areas;Undivided Two way;Tangent road with flat terrain;unknown;Asphalt roads;Dry;Daylight;Normal;Vehicle with vehicle collision;1;1;Going straight;na;Not a Pedestrian;No priority to vehicle;Slight Injury
06:26:00;Friday;Male;Junior high school;Owner;Below 1yr;Lorry (41?100Q);Owner;Unknown;No defect;Other;Two-way (divided with broken lines road marking);Tangent road with flat terrain;unknown;Asphalt roads;Dry;Daylight;Normal;Vehicle with vehicle collision;2;1;Going straight;18-30;Not a Pedestrian;No priority to pedestrian;Slight Injury
09:20:00;Thursday;Male;Junior high school;Owner;2-5yr;Public (12 seats);Owner;unknown;No defect;Other;Two-way (divided with broken lines road marking);Tangent road with flat terrain;unknown;Asphalt roads;Dry;Daylight;Normal;Rollover;2;1;Going straight;na;Not a Pedestrian;No priority to vehicle;Slight Injury
09:20:00;Thursday;Male;Elementary school;Employee;2-5yr;Public (12 seats);Owner;unknown;No defect;  Recreational areas;Two-way (divided with broken lines road marking);Tangent road with flat terrain;unknown;Asphalt roads;Dry;Darkness - lights lit;Normal;Collision with roadside objects;1;1;Going straight;18-30;Not a Pedestrian;Other;Slight Injury
09:25:00;Friday;Male;Junior high school;Employee;2-5yr;Stationwagen;Owner;5-10yrs;unknown; Church areas;One way;Tangent road with flat terrain;unknown;Asphalt roads;Dry;Daylight;Normal;Vehicle with vehicle collision;2;3;Going straight;na;Not a Pedestrian;Other;Slight Injury
09:25:00;Friday;Male;Junior high school;Employee;2-5yr;Lorry (41?100Q);Owner;unknown;unknown;School areas;Two-way (divided with broken lines road marking);Tangent road with flat terrain;unknown;Asphalt roads;Dry;Daylight;Normal;Vehicle with vehicle collision;2;3;Going straight;na;Not a Pedestrian;Moving Backward;Slight Injury
17:50:00;Monday;Male;Junior high school;Employee;5-10yr;Automobile;Owner;2-5yrs;unknown;Office areas;Undivided Two way;Tangent road with flat terrain;unknown;Asphalt roads;Dry;Daylight;Normal;Collision with roadside objects;2;3;Going straight;31-50;Not a Pedestrian;No distancing;Slight Injury
17:50:00;Monday;Male;Junior high school;Employee;5-10yr;Pick up upto 10Q;Owner;1-2yr;unknown;Other;unknown;Tangent road with flat terrain;unknown;Asphalt roads;Dry;Daylight;Normal;Vehicle with vehicle collision;2;1;Going straight;18-30;Not a Pedestrian;Moving Backward;Slight Injury
16:02:00;Sunday;Male;Junior high school;Employee;Above 10yr;Automobile;Owner;5-10yrs;unknown;Residential areas;Undivided Two way;Tangent road with flat terrain;unknown;Asphalt roads;Dry;Daylight;Normal;Vehicle with vehicle collision;2;1;Going straight;na;Not a Pedestrian;No priority to vehicle;Slight Injury
16:02:00;Sunday;Male;Elementary school;Employee;5-10yr;Public (13?45 seats);Owner;Above 10yr;unknown;Other;Undivided Two way;Tangent road with flat terrain;unknown;Earth roads;Dry;Darkness - lights lit;Normal;Vehicle with vehicle collision;3;1;Going straight;na;Not a Pedestrian;Driving carelessly;Slight Injury
15:36:00;Tuesday;Male;Junior high school;Employee;5-10yr;Public (> 45 seats);Owner;1-2yr;No defect;Other;other;Steep grade downward with mountainous terrain;unknown;Asphalt roads;Dry;Darkness - lights lit;Normal;Vehicle with vehicle collision;3;1;unknown;18-30;Not a Pedestrian;No distancing;Slight Injury
15:36:00;Tuesday;Male;Junior high school;Employee;Above 10yr;Stationwagen;Owner;2-5yrs;unknown;Office areas;One way;Steep grade downward with mountainous terrain;unknown;unknown;Dry;Darkness - lights lit;Normal;Vehicle with vehicle collision;3;1;Going straight;31-50;Not a Pedestrian;Other;Slight Injury
20:46:00;Saturday;Male;Elementary school;Owner;unknown;unknown;Owner;unknown;No defect;Residential areas;Two-way (divided with broken lines road marking);Tangent road with flat terrain;unknown;unknown;Dry;Daylight;Normal;Vehicle with vehicle collision;3;3;Going straight;31-50;Not a Pedestrian;Changing lane to the right;Slight Injury
20:46:00;Saturday;Male;Junior high school;Owner;5-10yr;Lorry (41?100Q);Owner;unknown;No defect;Other;Two-way (divided with broken lines road marking);Tangent road with flat terrain;unknown;Asphalt roads;Dry;Daylight;Normal;Collision with pedestrians;3;3;Going straight;na;Not a Pedestrian;No distancing;Slight Injury
07:25:00;Wednesday;Male;Junior high school;Employee;5-10yr;Stationwagen;Organization;2-5yrs;unknown;Residential areas;Undivided Two way;Tangent road with flat terrain;unknown;Earth roads;Dry;Daylight;Normal;Vehicle with vehicle collision;3;3;Going straight;18-30;Not a Pedestrian;Driving carelessly;Slight Injury
07:25:00;Wednesday;Male;Junior high school;Employee;Below 1yr;Lorry (41?100Q);Owner;unknown;No defect; Church areas;Two-way (divided with broken lines road marking);Tangent road with flat terrain;unknown;Asphalt roads;Dry;Daylight;Normal;Collision with roadside objects;3;3;Turnover;na;Not a Pedestrian;No distancing;Slight Injury
19:58:00;Sunday;Male;unknown;unknown;unknown;Public (12 seats);Governmental;unknown;No defect;Residential areas;Two-way (divided with broken lines road marking);Tangent road with flat terrain;unknown;Asphalt roads;Dry;Daylight;Normal;Vehicle with vehicle collision;1;1;Moving Backward;na;Not a Pedestrian;No priority to vehicle;Serious Injury
06:50:00;Wednesday;Male;Junior high school;Employee;5-10yr;Lorry (41?100Q);Owner;unknown;No defect;Office areas;One way;Tangent road with flat terrain;unknown;Earth roads;Dry;Darkness - lights lit;Normal;Vehicle with vehicle collision;1;1;Going straight;18-30;Not a Pedestrian;Changing lane to the right;Serious Injury
06:50:00;Wednesday;Male;Junior high school;Employee;5-10yr;Other;Governmental;Below 1yr;No defect;Residential areas;Two-way (divided with broken lines road marking);Tangent road with flat terrain;unknown;Asphalt roads;Dry;Daylight;Normal;Vehicle with vehicle collision;2;1;Going straight;31-50;Unknown or other;No priority to pedestrian;Serious Injury
12:08:00;Friday;Male;Junior high school;Employee;Above 10yr;Stationwagen;Owner;Unknown;No defect;Other;One way;Tangent road with flat terrain;unknown;Asphalt roads;Dry;Daylight;Normal;Vehicle with vehicle collision;2;1;Moving Backward;Over 51;Not a Pedestrian;No priority to vehicle;Serious Injury
12:08:00;Friday;Female;High school;Employee;Above 10yr;Automobile;Owner;Unknown;unknown; Industrial areas;Two-way (divided with broken lines road marking);Tangent road with flat terrain;unknown;Asphalt roads;Dry;Daylight;Normal;Vehicle with vehicle collision;2;1;Going straight;18-30;Not a Pedestrian;Changing lane to the left;Slight Injury
12:08:00;Friday;Male;Junior high school;Employee;Above 10yr;Public (> 45 seats);Owner;Unknown;unknown; Church areas;Two-way (divided with broken lines road marking);Tangent road with flat terrain;unknown;Asphalt roads;Dry;Daylight;Normal;Vehicle with vehicle collision;2;1;Moving Backward;na;Not a Pedestrian;Turnover;Slight Injury
18:40:00;Tuesday;Male;Junior high school;Employee;Above 10yr;Other;Owner;2-5yrs;No defect;Residential areas;Undivided Two way;Steep grade downward with mountainous terrain;unknown;Asphalt roads;Dry;Daylight;Normal;Vehicle with vehicle collision;2;1;Going straight;18-30;Not a Pedestrian;Driving to the left;Slight Injury
18:40:00;Tuesday;Male;Junior high school;Employee;Above 10yr;Lorry (41?100Q);unknown;unknown;unknown;unknown;Two-way (divided with broken lines road marking);Tangent road with flat terrain;unknown;Asphalt roads;Dry;Daylight;Normal;Vehicle with vehicle collision;2;1;Going straight;18-30;Not a Pedestrian;Driving carelessly;Slight Injury
11:43:00;Sunday;Female;Junior high school;Employee;Above 10yr;Automobile;unknown;unknown;unknown;unknown;Two-way (divided with broken lines road marking);Tangent road with flat terrain;unknown;Asphalt roads;Dry;Daylight;Normal;Vehicle with vehicle collision;1;1;Going straight;na;Not a Pedestrian;Driving to the left;Serious Injury
11:43:00;Sunday;Male;Junior high school;Employee;5-10yr;Public (> 45 seats);Owner;1-2yr;No defect;Office areas;Undivided Two way;Tangent road with flat terrain;unknown;Asphalt roads;Dry;Daylight;Normal;Collision with roadside objects;6;2;Other;18-30;Not a Pedestrian;Driving carelessly;Serious Injury
12:00:00;Saturday;Male;Junior high school;Employee;2-5yr;unknown;Owner;Above 10yr;No defect; Outside rural areas;Two-way (divided with broken lines road marking);Tangent road with mountainous terrain and;unknown;Asphalt roads;Dry;Daylight;Normal;Vehicle with vehicle collision;6;2;Other;na;Not a Pedestrian;No priority to pedestrian;Serious Injury
12:00:00;Saturday;Male;Junior high school;Employee;Below 1yr;Automobile;Owner;Above 10yr;No defect; Church areas;Two-way (divided with broken lines road marking);Steep grade downward with mountainous terrain;unknown;Asphalt roads;Dry;Daylight;Normal;Collision with roadside objects;6;2;Going straight;na;Not a Pedestrian;Driving carelessly;Serious Injury
08:58:00;Friday;Male;Junior high school;Employee;Below 1yr;Pick up upto 10Q;Owner;unknown;No defect;Office areas;other;Tangent road with mountainous terrain and;unknown;Asphalt roads;Dry;Daylight;Normal;Vehicle with vehicle collision;6;2;Reversing;31-50;Not a Pedestrian;Changing lane to the right;Serious Injury
08:20:00;Thursday;Male;Junior high school;Employee;2-5yr;Public (12 seats);Owner;Above 10yr;unknown; Church areas;Two-way (divided with broken lines road marking);Steep grade downward with mountainous terrain;unknown;Asphalt roads;Dry;Daylight;Normal;Vehicle with vehicle collision;6;2;Going straight;31-50;Not a Pedestrian;Moving Backward;Serious Injury
23:10:00;Friday;Male;Elementary school;Employee;Below 1yr;Lorry (41?100Q);unknown;unknown;unknown;Office areas;other;Tangent road with mountainous terrain and;unknown;Asphalt roads with some distress;Dry;Daylight;Normal;unknown;6;2;Going straight;na;Not a Pedestrian;Driving carelessly;Serious Injury
23:10:00;Friday;Male;Junior high school;Employee;Below 1yr;Lorry (41?100Q);Governmental;unknown;No defect;Office areas;Undivided Two way;Tangent road with flat terrain;unknown;Asphalt roads;Dry;Daylight;Normal;Collision with pedestrians;2;2;Going straight;31-50;Not a Pedestrian;Changing lane to the right;Slight Injury
22:30:00;Sunday;Male;Junior high school;Employee;unknown;Lorry (41?100Q);Owner;1-2yr;No defect;School areas;Two-way (divided with broken lines road marking);Tangent road with flat terrain;unknown;Asphalt roads;Dry;Daylight;Normal;Vehicle with vehicle collision;2;2;Going straight;na;Not a Pedestrian;Driving carelessly;Slight Injury
22:30:00;Sunday;Male;unknown;Employee;5-10yr;Public (13?45 seats);Owner;Below 1yr;No defect;Residential areas;Two-way (divided with broken lines road marking);Tangent road with flat terrain;unknown;Asphalt roads;Dry;Daylight;Normal;Vehicle with vehicle collision;2;2;Moving Backward;na;Not a Pedestrian;Driving carelessly;Slight Injury
22:30:00;Sunday;Male;Writing & reading;Employee;Below 1yr;Lorry (41?100Q);Owner;unknown;No defect;Office areas;other;Tangent road with mountainous terrain and;unknown;Asphalt roads;Dry;Daylight;Normal;Vehicle with vehicle collision;1;1;Going straight;31-50;Not a Pedestrian;Driving carelessly;Slight Injury
22:30:00;Sunday;Male;Junior high school;Employee;Below 1yr;Lorry (41?100Q);Owner;Unknown;No defect;Rural village areasOffice areas;other;Tangent road with flat terrain;unknown;Asphalt roads;Dry;Daylight;Normal;Collision with pedestrians;2;1;Going straight;na;Not a Pedestrian;Changing lane to the right;Serious Injury
22:30:00;Sunday;Male;Junior high school;Employee;1-2yr;Motorcycle;Owner;Unknown;No defect;Other;Two-way (divided with broken lines road marking);Tangent road with flat terrain;unknown;Asphalt roads;Dry;Daylight;Normal;Collision with roadside objects;2;1;Going straight;18-30;Not a Pedestrian;Changing lane to the right;Serious Injury
17:45:00;Tuesday;Female;Elementary school;Employee;Above 10yr;Lorry (41?100Q);Owner;Unknown;No defect;Residential areas;Undivided Two way;Tangent road with flat terrain;unknown;Asphalt roads;Dry;Daylight;Normal;unknown;2;1;Going straight;Under 18;Not a Pedestrian;Driving carelessly;Serious Injury
17:45:00;Tuesday;Male;Elementary school;Employee;Above 10yr;Ridden horse;Owner;Unknown;No defect;Office areas;Undivided Two way;Tangent road with flat terrain;unknown;Asphalt roads;Dry;Daylight;Normal;Vehicle with vehicle collision;2;1;Going straight;Under 18;Crossing from nearside - masked by parked or statioNot a Pedestrianry vehicle;Overtaking;Serious Injury
17:45:00;Tuesday;Male;Elementary school;Employee;Below 1yr;Automobile;Owner;Unknown;No defect;Office areas;Undivided Two way;Tangent road with flat terrain;unknown;Asphalt roads;Dry;Daylight;Normal;unknown;2;1;Moving Backward;18-30;Not a Pedestrian;Changing lane to the right;Slight Injury
14:30:00;Sunday;Male;High school;Employee;2-5yr;Lorry (41?100Q);Owner;Unknown;No defect;Residential areas;Undivided Two way;Tangent road with flat terrain;unknown;Asphalt roads;Dry;Daylight;Normal;unknown;2;1;Going straight;na;Not a Pedestrian;No distancing;Slight Injury
14:30:00;Sunday;Male;Junior high school;Employee;2-5yr;Pick up upto 10Q;Owner;Unknown;No defect;Office areas;Undivided Two way;Tangent road with flat terrain;unknown;Asphalt roads;Dry;Daylight;Normal;unknown;3;2;Going straight;31-50;Not a Pedestrian;Other;Slight Injury
06:10:00;Friday;Male;Above high school;Employee;Above 10yr;Public (> 45 seats);Owner;Unknown;No defect;Office areas;Undivided Two way;Tangent road with flat terrain;unknown;Asphalt roads;Dry;Daylight;Normal;Vehicle with vehicle collision;3;2;Moving Backward;na;Not a Pedestrian;Changing lane to the right;Slight Injury
06:10:00;Friday;Male;Junior high school;Employee;2-5yr;Stationwagen;Owner;Unknown;No defect;Office areas;unknown;Tangent road with flat terrain;unknown;Asphalt roads;Dry;Daylight;Normal;Vehicle with vehicle collision;3;2;Moving Backward;Over 51;Not a Pedestrian;Changing lane to the right;Slight Injury
22:10:00;Wednesday;Male;Junior high school;Employee;2-5yr;Automobile;Owner;Unknown;No defect;Office areas;Two-way (divided with broken lines road marking);Tangent road with flat terrain;unknown;Asphalt roads;Dry;Daylight;Normal;Collision with roadside objects;1;1;Going straight;18-30;Not a Pedestrian;Overtaking;Slight Injury
22:10:00;Wednesday;Male;High school;Employee;1-2yr;Public (12 seats);Owner;Unknown;No defect;Other;Undivided Two way;Tangent road with flat terrain;unknown;Asphalt roads;Dry;Daylight;Normal;Collision with roadside objects;1;1;Turnover;18-30;Not a Pedestrian;Other;Slight Injury
19:00:00;Tuesday;Male;Junior high school;Employee;5-10yr;Automobile;Owner;Unknown;No defect;Other;Two-way (divided with broken lines road marking);Tangent road with flat terrain;unknown;Asphalt roads;Dry;Daylight;Normal;Vehicle with vehicle collision;2;2;Turnover;18-30;Not a Pedestrian;Driving to the left;Slight Injury
19:00:00;Tuesday;Male;Junior high school;Employee;Below 1yr;Automobile;Owner;2-5yrs;unknown;Other;Two-way (divided with broken lines road marking);Tangent road with flat terrain;unknown;Asphalt roads;Dry;Daylight;Normal;Vehicle with vehicle collision;2;2;Going straight;18-30;Not a Pedestrian;Overtaking;Slight Injury
18:25:00;Wednesday;Male;Junior high school;Employee;Below 1yr;Automobile;Owner;2-5yrs;unknown;Residential areas;One way;Tangent road with flat terrain;unknown;Asphalt roads;Dry;Daylight;Normal;Vehicle with vehicle collision;2;2;Going straight;na;Not a Pedestrian;No priority to vehicle;Slight Injury
17:11:00;Sunday;Male;Elementary school;Employee;unknown;Lorry (41?100Q);Owner;2-5yrs;unknown;School areas;Undivided Two way;Tangent road with mild grade and flat terrain;unknown;Asphalt roads;Dry;Daylight;Normal;Vehicle with vehicle collision;1;1;Going straight;31-50;Not a Pedestrian;Moving Backward;Slight Injury
17:11:00;Sunday;Male;Junior high school;Employee;Below 1yr;Automobile;Owner;2-5yrs;unknown;Residential areas;Undivided Two way;Tangent road with mild grade and flat terrain;unknown;Gravel roads;Dry;Daylight;Normal;Vehicle with vehicle collision;2;1;Going straight;18-30;Not a Pedestrian;Other;Slight Injury
17:10:00;Thursday;Male;Junior high school;Employee;1-2yr;Automobile;Owner;2-5yrs;No defect;Office areas;Two-way (divided with broken lines road marking);Tangent road with flat terrain;unknown;Asphalt roads;Dry;Daylight;Normal;Rollover;2;1;Going straight;na;Not a Pedestrian;No priority to vehicle;Slight Injury
17:10:00;Thursday;Male;Elementary school;Employee;2-5yr;Public (12 seats);Owner;unknown;No defect; Church areas;One way;Tangent road with flat terrain;unknown;Asphalt roads;Dry;Daylight;Normal;Vehicle with vehicle collision;1;1;Going straight;na;Not a Pedestrian;No priority to pedestrian;Serious Injury
17:10:00;Thursday;Male;High school;Employee;1-2yr;Taxi;Owner;unknown;No defect;Other;Undivided Two way;Tangent road with flat terrain;unknown;Asphalt roads;Wet or damp;Darkness - lights lit;Raining;Collision with roadside objects;2;3;Getting off;18-30;Not a Pedestrian;Changing lane to the right;Slight Injury
17:50:00;Friday;Male;Junior high school;Employee;5-10yr;Automobile;Owner;2-5yrs;No defect;Other;One way;Tangent road with flat terrain;unknown;Asphalt roads;Wet or damp;Darkness - lights lit;Raining;Collision with pedestrians;2;3;Moving Backward;na;Not a Pedestrian;Changing lane to the right;Slight Injury
17:50:00;Friday;Male;Junior high school;Employee;Below 1yr;Public (12 seats);Owner;5-10yrs;No defect;Other;Two-way (divided with broken lines road marking);Tangent road with flat terrain;unknown;Asphalt roads;Wet or damp;Darkness - lights lit;Raining;Vehicle with vehicle collision;2;3;Other;31-50;Not a Pedestrian;Changing lane to the right;Slight Injury
08:25:00;Monday;Male;High school;Employee;Above 10yr;Stationwagen;Owner;unknown;No defect;Other;Two-way (divided with broken lines road marking);Tangent road with flat terrain;unknown;Asphalt roads;Dry;Daylight;Normal;Vehicle with vehicle collision;1;2;Going straight;18-30;Not a Pedestrian;Driving to the left;Serious Injury
13:00:00;Tuesday;Male;Elementary school;Owner;5-10yr;Stationwagen;Owner;unknown;No defect;Office areas;Undivided Two way;Tangent road with flat terrain;unknown;Asphalt roads;Dry;Daylight;Normal;Vehicle with vehicle collision;1;2;Going straight;na;Not a Pedestrian;Changing lane to the left;Serious Injury
13:00:00;Tuesday;Male;Elementary school;Employee;Below 1yr;Automobile;Owner;unknown;No defect;Office areas;Two-way (divided with solid lines road marking);Tangent road with flat terrain;unknown;Asphalt roads;Dry;Daylight;Normal;Vehicle with vehicle collision;2;1;Going straight;Over 51;Not a Pedestrian;Moving Backward;Serious Injury
23:45:00;Friday;Male;Junior high school;Employee;5-10yr;Lorry (41?100Q);Owner;Unknown;No defect;Residential areas;Undivided Two way;Tangent road with flat terrain;unknown;Asphalt roads;Dry;Daylight;Normal;Vehicle with vehicle collision;2;1;Going straight;31-50;Not a Pedestrian;Driving at high speed;Serious Injury
23:45:00;Friday;Male;Elementary school;Owner;5-10yr;Automobile;Owner;Unknown;No defect;Office areas;One way;Tangent road with flat terrain;unknown;Asphalt roads;Dry;Daylight;Normal;Vehicle with vehicle collision;2;1;Going straight;31-50;Not a Pedestrian;Moving Backward;Serious Injury