Time;Day_of_week;Sex_of_driver;Educational_level;Vehicle_driver_relation;Driving_experience;Type_of_vehicle;Owner_of_vehicle;Service_year_of_vehicle;Defect_of_vehicle;Area_accident_occured;Lanes_or_Medians;Road_allignment;Types_of_Junction;Road_surface_type;Road_surface_conditions;Light_conditions;Weather_conditions;Type_of_collision;Number_of_vehicles_involved;Number_of_casualties;Vehicle_movement;Age_band_of_casualty;Pedestrian_movement;Cause_of_accident;Accident_severity
13:43:00;Tuesday;Male;Elementary school;Owner;Above 10yr;unknown;Owner;2-5yrs;No defect;Office areas;Two-way (divided with broken lines road marking);Tangent road with flat terrain;unknown;Asphalt roads;Dry;Daylight;Normal;Collision with roadside-parked vehicles;3;3;Going straight;na;Not a Pedestrian;Driving carelessly;Slight Injury
12:29:00;Tuesday;Male;unknown;unknown;unknown;Automobile;Owner;unknown;unknown;Residential areas;Undivided Two way;Tangent road with flat terrain;unknown;Asphalt roads;Dry;Daylight;Normal;Collision with animals;3;3;Going straight;na;Not a Pedestrian;No priority to vehicle;Slight Injury
12:29:00;Tuesday;Male;Junior high school;Owner;5-10yr;Automobile;Owner;Unknown;unknown;Other;Two-way (divided with broken lines road marking);Tangent road with flat terrain;unknown;Asphalt roads;Dry;Darkness - lights lit;Normal;Collision with animals;6;2;Going straight;31-50;Not a Pedestrian;Moving Backward;Slight Injury
12:29:00;Tuesday;Male;Junior high school;Owner;Above 10yr;Long lorry;Owner;Above 10yr;unknown; Industrial areas;Undivided Two way;Tangent road with flat terrain;unknown;Asphalt roads;Dry;Darkness - lights lit;Normal;Collision with animals;6;2;Going straight;na;Not a Pedestrian;Changing lane to the left;Slight Injury
12:29:00;Tuesday;Female;High school;Owner;Above 10yr;Public (13?45 seats);Owner;Unknown;unknown;Office areas;Two-way (divided with broken lines road marking);Tangent road with flat terrain;unknown;Asphalt roads;Dry;Darkness - lights lit;Normal;Collision with animals;6;2;Other;31-50;Not a Pedestrian;Overturning;Slight Injury
08:27:00;Wednesday;Male;unknown;unknown;unknown;Public (13?45 seats);Organization;Unknown;unknown;  Recreational areas;Two-way (divided with broken lines road marking);Tangent road with flat terrain;unknown;Asphalt roads;Dry;Darkness - lights lit;Normal;Collision with animals;6;2;Going straight;Under 18;Not a Pedestrian;No distancing;Slight Injury
08:27:00;Wednesday;Male;Elementary school;Employee;5-10yr;Lorry (11?40Q);Owner;1-2yr;No defect;Residential areas;Two-way (divided with broken lines road marking);Tangent road with flat terrain;unknown;Asphalt roads;Dry;Darkness - lights lit;Normal;Collision with animals;6;2;Overtaking;na;Not a Pedestrian;Driving carelessly;Slight Injury
08:27:00;Wednesday;Male;Elementary school;Owner;Above 10yr;Lorry (11?40Q);Owner;Above 10yr;unknown;Residential areas;Undivided Two way;Tangent road with flat terrain;unknown;Asphalt roads;Dry;Darkness - lights lit;Normal;Collision with animals;6;2;Going straight;na;Not a Pedestrian;No distancing;Slight Injury
12:05:00;Friday;Male;Junior high school;Owner;Below 1yr;Pick up upto 10Q;Owner;5-10yrs;unknown; Church areas;Undivided Two way;Steep grade downward with mountainous terrain;unknown;Asphalt roads;Dry;Daylight;Normal;Collision with animals;3;2;Going straight;Over 51;Not a Pedestrian;Changing lane to the left;Slight Injury
12:05:00;Friday;Male;Junior high school;Owner;2-5yr;Automobile;Owner;5-10yrs;unknown;Residential areas;Undivided Two way;Tangent road with flat terrain;unknown;Asphalt roads;Dry;Daylight;Normal;Collision with animals;3;2;Going straight;18-30;Not a Pedestrian;No priority to pedestrian;Slight Injury
12:05:00;Friday;Male;Junior high school;Owner;2-5yr;Automobile;Owner;Unknown;No defect;unknown;other;Tangent road with flat terrain;unknown;Earth roads;Dry;Daylight;Normal;Collision with animals;3;2;U-Turn;na;Not a Pedestrian;No distancing;Slight Injury
12:51:00;Thursday;Male;High school;Owner;5-10yr;Automobile;Owner;5-10yrs;No defect;Other;Undivided Two way;Tangent road with flat terrain;unknown;Asphalt roads;Dry;Daylight;Normal;Collision with animals;2;1;Going straight;na;Not a Pedestrian;No distancing;Serious Injury
12:51:00;Thursday;Male;Junior high school;Owner;unknown;Long lorry;Owner;Unknown;unknown;Other;Two-way (divided with solid lines road marking);Tangent road with flat terrain;unknown;unknown;Dry;Daylight;Normal;Collision with animals;2;1;Going straight;18-30;Not a Pedestrian;Changing lane to the left;Serious Injury
11:10:00;Sunday;Male;unknown;Owner;Below 1yr;Long lorry;Owner;Unknown;No defect; Church areas;Two-way (divided with solid lines road marking);Tangent road with flat terrain;unknown;Asphalt roads;Dry;Daylight;Normal;Other;2;4;Going straight;na;Not a Pedestrian;No distancing;Slight Injury
11:10:00;Sunday;Male;Elementary school;Owner;Above 10yr;Automobile;Governmental;unknown;No defect;Other;Two-way (divided with solid lines road marking);Tangent road with flat terrain;unknown;Asphalt roads;Dry;Daylight;Normal;Rollover;2;4;Going straight;31-50;Not a Pedestrian;Changing lane to the left;Slight Injury
11:10:00;Sunday;Male;Elementary school;Owner;Below 1yr;Stationwagen;Owner;Unknown;No defect; Church areas;Two-way (divided with solid lines road marking);Tangent road with flat terrain;unknown;Asphalt roads;Dry;Daylight;Normal;Collision with animals;2;4;Turnover;18-30;Unknown or other;No distancing;Slight Injury
11:10:00;Sunday;Male;Junior high school;Owner;5-10yr;unknown;Owner;Unknown;No defect; Church areas;Two-way (divided with broken lines road marking);Tangent road with flat terrain;unknown;Asphalt roads;Dry;Daylight;Normal;Rollover;2;4;Going straight;Under 18;Not a Pedestrian;No distancing;Slight Injury
10:30:00;Monday;Male;Junior high school;Owner;5-10yr;Other;Owner;Above 10yr;No defect;Other;Undivided Two way;Tangent road with flat terrain;unknown;Asphalt roads;Dry;Daylight;Normal;Collision with animals;4;2;Going straight;18-30;Not a Pedestrian;No distancing;Slight Injury
22:25:00;Thursday;Male;unknown;Owner;unknown;Special vehicle;Governmental;5-10yrs;No defect;Other;Undivided Two way;Tangent road with flat terrain;unknown;Asphalt roads;Dry;Daylight;Normal;Collision with animals;4;2;Moving Backward;na;Not a Pedestrian;Changing lane to the left;Slight Injury
22:25:00;Thursday;Male;Junior high school;Employee;1-2yr;Lorry (41?100Q);Owner;5-10yrs;No defect;School areas;other;Tangent road with flat terrain;unknown;Asphalt roads;Dry;Daylight;Normal;Vehicle with vehicle collision;4;2;Going straight;31-50;Not a Pedestrian;Changing lane to the right;Slight Injury
17:27:00;Friday;Male;High school;Owner;5-10yr;Pick up upto 10Q;Owner;Above 10yr;No defect;Residential areas;Undivided Two way;Tangent road with flat terrain;unknown;Asphalt roads;Dry;Daylight;Normal;Fall from vehicles;4;2;Moving Backward;na;Not a Pedestrian;Moving Backward;Slight Injury
17:27:00;Friday;Male;Junior high school;Employee;5-10yr;Lorry (11?40Q);unknown;1-2yr;No defect;Other;Two-way (divided with broken lines road marking);Tangent road with flat terrain;unknown;Asphalt roads;Dry;Daylight;Normal;Collision with roadside-parked vehicles;4;2;Going straight;na;Not a Pedestrian;Changing lane to the right;Slight Injury
12:10:00;Tuesday;Female;Junior high school;Employee;5-10yr;Lorry (41?100Q);Owner;Above 10yr;No defect;Office areas;Undivided Two way;Tangent road with flat terrain;unknown;Gravel roads;Dry;Daylight;Normal;Collision with roadside-parked vehicles;2;1;Going straight;31-50;Not a Pedestrian;No distancing;Slight Injury
12:10:00;Tuesday;Male;Junior high school;Employee;5-10yr;Motorcycle;Owner;Above 10yr;No defect;Residential areas;Undivided Two way;Tangent road with flat terrain;unknown;Asphalt roads;Dry;Daylight;Normal;Rollover;2;1;Going straight;na;Not a Pedestrian;Overtaking;Slight Injury
08:00:00;Tuesday;Male;Junior high school;Employee;Above 10yr;Automobile;Owner;Above 10yr;No defect;Other;One way;Steep grade downward with mountainous terrain;unknown;Asphalt roads;Dry;Daylight;Normal;Collision with animals;1;1;Going straight;31-50;Not a Pedestrian;Other;Serious Injury
08:00:00;Tuesday;Male;Junior high school;Employee;5-10yr;Automobile;Owner;Above 10yr;No defect;Residential areas;Two-way (divided with broken lines road marking);Tangent road with flat terrain;unknown;Asphalt roads;Dry;Darkness - lights lit;Normal;Collision with animals;2;1;U-Turn;31-50;Not a Pedestrian;Other;Slight Injury
08:00:00;Tuesday;Male;Junior high school;Employee;No Licence;Automobile;Owner;5-10yrs;No defect;Residential areas;Undivided Two way;Tangent road with flat terrain;unknown;Asphalt roads;Dry;Darkness - lights lit;Normal;Fall from vehicles;2;1;Going straight;na;Not a Pedestrian;Changing lane to the right;Slight Injury
17:00:00;Tuesday;Male;Above high school;Employee;Below 1yr;Stationwagen;Owner;unknown;No defect;Residential areas;Two-way (divided with broken lines road marking);Tangent road with flat terrain;unknown;Asphalt roads;Dry;Daylight;Normal;Collision with roadside-parked vehicles;3;1;Going straight;18-30;Not a Pedestrian;No priority to pedestrian;Slight Injury
17:45:00;Wednesday;Female;Elementary school;Employee;5-10yr;unknown;Owner;1-2yr;No defect;Other;other;Tangent road with flat terrain;unknown;Asphalt roads;Dry;Daylight;Normal;Collision with animals;3;1;Going straight;18-30;Not a Pedestrian;No priority to vehicle;Slight Injury
09:57:00;Thursday;Male;Elementary school;Employee;5-10yr;Public (> 45 seats);Owner;5-10yrs;No defect;Other;Undivided Two way;Tangent road with flat terrain;unknown;Asphalt roads;Dry;Daylight;Normal;Collision with animals;3;1;Going straight;18-30;Not a Pedestrian;Changing lane to the left;Slight Injury
09:57:00;Thursday;Male;Junior high school;Employee;5-10yr;Public (> 45 seats);Owner;5-10yrs;No defect;Other;One way;Tangent road with flat terrain;unknown;Asphalt roads;Dry;Daylight;Normal;Collision with pedestrians;1;2;Going straight;na;Not a Pedestrian;Changing lane to the left;Serious Injury
18:00:00;Friday;Male;High school;Employee;5-10yr;Stationwagen;Owner;1-2yr;No defect; Hospital areas;Undivided Two way;Tangent road with flat terrain;unknown;Asphalt roads;Dry;Daylight;Normal;Vehicle with vehicle collision;1;2;Going straight;31-50;Not a Pedestrian;Overtaking;Serious Injury
18:00:00;Friday;Male;Junior high school;Employee;5-10yr;Automobile;Owner;2-5yrs;No defect;Residential areas;Undivided Two way;Tangent road with flat terrain;unknown;Asphalt roads;Dry;Darkness - lights lit;Normal;Vehicle with vehicle collision;1;1;Stopping;na;Not a Pedestrian;No distancing;Fatal injury
19:00:00;Tuesday;Male;Junior high school;Employee;2-5yr;Bicycle;Owner;5-10yrs;No defect;Residential areas;One way;Tangent road with flat terrain;unknown;Asphalt roads;Dry;Daylight;Normal;Collision with pedestrians;2;2;Turnover;31-50;Not a Pedestrian;No priority to vehicle;Slight Injury
19:00:00;Tuesday;Male;Writing & reading;Employee;5-10yr;Automobile;Owner;5-10yrs;No defect;Residential areas;Undivided Two way;Tangent road with flat terrain;unknown;Asphalt roads;Dry;Daylight;Normal;Vehicle with vehicle collision;2;2;Getting off;Over 51;Not a Pedestrian;Changing lane to the right;Slight Injury
19:00:00;Tuesday;Male;Junior high school;Employee;Above 10yr;Lorry (41?100Q);Owner;1-2yr;No defect;Other;Two-way (divided with broken lines road marking);Tangent road with flat terrain;unknown;Asphalt roads;Dry;Daylight;Normal;Collision with roadside objects;3;2;Moving Backward;na;Not a Pedestrian;Changing lane to the left;Slight Injury
19:00:00;Tuesday;Male;Junior high school;Employee;1-2yr;Automobile;Owner;1-2yr;No defect;Office areas;Two-way (divided with broken lines road marking);Tangent road with flat terrain;unknown;Asphalt roads;Dry;Daylight;Normal;Vehicle with vehicle collision;3;2;Moving Backward;18-30;Not a Pedestrian;No distancing;Slight Injury
13:05:00;Friday;Male;Writing & reading;Employee;Below 1yr;Public (13?45 seats);Owner;2-5yrs;No defect;Other;other;Tangent road with flat terrain;unknown;Asphalt roads;Dry;Daylight;Normal;Vehicle with vehicle collision;3;2;Going straight;na;Not a Pedestrian;Driving carelessly;Slight Injury
13:05:00;Friday;Male;Elementary school;Employee;1-2yr;Special vehicle;Owner;Unknown;No defect;Office areas;Double carriageway (median);Tangent road with flat terrain;unknown;Asphalt roads;Dry;Darkness - lights lit;Normal;Vehicle with vehicle collision;2;2;Turnover;na;Not a Pedestrian;No priority to pedestrian;Slight Injury
08:25:00;Wednesday;Male;Junior high school;Employee;5-10yr;Automobile;Owner;Unknown;No defect;Residential areas;Two-way (divided with broken lines road marking);Tangent road with flat terrain;unknown;Asphalt roads;Dry;Darkness - lights lit;Normal;Rollover;2;2;Going straight;18-30;Not a Pedestrian;Driving carelessly;Slight Injury
13:51:00;Tuesday;Male;Elementary school;Employee;Above 10yr;Public (13?45 seats);Owner;Unknown;No defect;Office areas;Double carriageway (median);Gentle horizontal curve;unknown;Other;Dry;Daylight;Normal;Vehicle with vehicle collision;1;1;Going straight;Over 51;Crossing from nearside - masked by parked or statioNot a Pedestrianry vehicle;Moving Backward;Slight Injury
16:10:00;Monday;Male;Junior high school;Employee;5-10yr;unknown;Owner;unknown;No defect;Office areas;Double carriageway (median);Tangent road with flat terrain;unknown;Asphalt roads;Dry;Daylight;Normal;Vehicle with vehicle collision;1;1;U-Turn;31-50;Not a Pedestrian;No distancing;Slight Injury
16:10:00;Monday;Male;Elementary school;Employee;2-5yr;Lorry (41?100Q);Organization;Unknown;No defect;Other;Double carriageway (median);Tangent road with flat terrain;unknown;Asphalt roads;Dry;Daylight;Normal;Vehicle with vehicle collision;3;1;Going straight;na;Not a Pedestrian;No distancing;Slight Injury
08:55:00;Thursday;Male;Junior high school;Employee;2-5yr;Lorry (41?100Q);Owner;Unknown;No defect;Office areas;Two-way (divided with broken lines road marking);Tangent road with flat terrain;unknown;Asphalt roads;Dry;Daylight;Normal;Collision with pedestrians;3;1;Going straight;5;Not a Pedestrian;No distancing;Slight Injury
08:55:00;Thursday;Male;Junior high school;Employee;Above 10yr;Public (12 seats);Owner;Unknown;No defect;Office areas;unknown;Tangent road with flat terrain;unknown;Asphalt roads;Dry;Daylight;Normal;Vehicle with vehicle collision;3;1;U-Turn;na;Not a Pedestrian;Changing lane to the left;Slight Injury
08:55:00;Thursday;Male;Junior high school;Employee;2-5yr;Lorry (41?100Q);Governmental;Unknown;unknown;Office areas;One way;Tangent road with flat terrain;unknown;Asphalt roads;Dry;Daylight;Normal;Collision with roadside objects;2;1;Stopping;na;Not a Pedestrian;Changing lane to the left;Slight Injury
02:04:00;Thursday;Male;Junior high school;Owner;Below 1yr;Lorry (41?100Q);Owner;Unknown;unknown;Other;Undivided Two way;Tangent road with flat terrain;unknown;Asphalt roads;Dry;Daylight;Normal;Vehicle with vehicle collision;2;1;Going straight;18-30;Not a Pedestrian;Moving Backward;Slight Injury
07:30:00;Wednesday;Male;Junior high school;Employee;2-5yr;Public (12 seats);Owner;Unknown;unknown;Residential areas;unknown;Tangent road with flat terrain;unknown;Asphalt roads;Dry;Daylight;Normal;Rollover;2;2;Moving Backward;na;Not a Pedestrian;Changing lane to the right;Slight Injury
07:30:00;Wednesday;Male;Junior high school;Employee;Above 10yr;Public (> 45 seats);Owner;2-5yrs;No defect;Residential areas;Two-way (divided with broken lines road marking);Gentle horizontal curve;unknown;Other;Dry;Daylight;Normal;Vehicle with vehicle collision;2;2;Getting off;31-50;Not a Pedestrian;No priority to vehicle;Slight Injury
11:44:00;Wednesday;Male;Junior high school;Employee;2-5yr;Automobile;Owner;5-10yrs;unknown; Church areas;Two-way (divided with broken lines road marking);Tangent road with flat terrain;unknown;Asphalt roads;Dry;Daylight;Normal;Vehicle with vehicle collision;2;2;Going straight;Over 51;Crossing from nearside - masked by parked or statioNot a Pedestrianry vehicle;Moving Backward;Slight Injury
18:15:00;Thursday;Male;Elementary school;Employee;Above 10yr;Pick up upto 10Q;Owner;5-10yrs;unknown;Other;Two-way (divided with broken lines road marking);Tangent road with flat terrain;unknown;Asphalt roads;Wet or damp;Darkness - lights lit;Raining;Vehicle with vehicle collision;2;3;Going straight;na;Not a Pedestrian;Driving carelessly;Slight Injury
18:15:00;Thursday;Male;Elementary school;Employee;Above 10yr;Stationwagen;Owner;Unknown;unknown;Residential areas;Two-way (divided with broken lines road marking);Tangent road with flat terrain;unknown;Asphalt roads;Wet or damp;Darkness - lights lit;Raining;Vehicle with vehicle collision;2;3;Turnover;18-30;Not a Pedestrian;Driving carelessly;Slight Injury
14:29:00;Saturday;Male;Elementary school;Other;Above 10yr;Other;Owner;2-5yrs;unknown;Other;Undivided Two way;Tangent road with flat terrain;unknown;Asphalt roads;Wet or damp;Darkness - lights lit;Raining;Vehicle with vehicle collision;2;3;Moving Backward;31-50;Not a Pedestrian;Driving under the influence of drugs;Slight Injury
14:29:00;Saturday;Male;Junior high school;Employee;Above 10yr;unknown;Owner;2-5yrs;unknown;Residential areas;Undivided Two way;Tangent road with flat terrain;unknown;Asphalt roads;Wet or damp;Darkness - lights lit;Raining;Collision with roadside objects;2;3;Going straight;na;Not a Pedestrian;No priority to pedestrian;Slight Injury
02:10:00;Saturday;Male;Junior high school;Employee;Below 1yr;Automobile;Owner;2-5yrs;unknown;Residential areas;Two-way (divided with broken lines road marking);Tangent road with flat terrain;unknown;Asphalt roads;Dry;Daylight;Normal;Vehicle with vehicle collision;2;1;Moving Backward;na;Not a Pedestrian;No priority to vehicle;Slight Injury
17:15:00;Wednesday;Male;Elementary school;Employee;5-10yr;Stationwagen;Owner;5-10yrs;No defect;Other;Two-way (divided with broken lines road marking);Tangent road with flat terrain;unknown;Asphalt roads;Dry;Daylight;Normal;Vehicle with vehicle collision;2;1;Going straight;5;Not a Pedestrian;Driving carelessly;Slight Injury
11:29:00;Saturday;Male;Junior high school;Employee;2-5yr;Pick up upto 10Q;unknown;unknown;unknown;Other;Two-way (divided with broken lines road marking);Tangent road with flat terrain;unknown;Asphalt roads;Dry;Daylight;Normal;Collision with roadside objects;1;1;unknown;Over 51;Not a Pedestrian;Moving Backward;Slight Injury
11:29:00;Saturday;Male;Junior high school;Employee;Above 10yr;Lorry (41?100Q);Owner;Unknown;No defect;Other;Undivided Two way;Tangent road with flat terrain;unknown;unknown;Dry;Daylight;Normal;Collision with roadside objects;2;1;Going straight;na;Not a Pedestrian;Driving carelessly;Serious Injury
11:29:00;Saturday;Male;Junior high school;Employee;Below 1yr;Automobile;Owner;Unknown;No defect;Other;Double carriageway (median);Tangent road with flat terrain;unknown;Other;Dry;Daylight;Normal;Vehicle with vehicle collision;2;1;unknown;18-30;Not a Pedestrian;No priority to vehicle;Serious Injury
11:29:00;Saturday;Male;Junior high school;Owner;2-5yr;unknown;Owner;Unknown;unknown;Residential areas;Two-way (divided with broken lines road marking);Tangent road with flat terrain;unknown;Asphalt roads;Dry;Daylight;Normal;Vehicle with vehicle collision;2;3;Going straight;18-30;Not a Pedestrian;Changing lane to the right;Slight Injury
10:20:00;Sunday;Male;Junior high school;Employee;Above 10yr;Lorry (41?100Q);Owner;2-5yrs;unknown;  Recreational areas;Undivided Two way;Tangent road with flat terrain;unknown;Asphalt roads;Dry;Daylight;Normal;Vehicle with vehicle collision;2;3;unknown;Over 51;Not a Pedestrian;Changing lane to the left;Slight Injury
10:20:00;Sunday;Male;Writing & reading;Employee;2-5yr;Lorry (41?100Q);Owner;unknown;unknown;Other;other;Tangent road with flat terrain;unknown;Asphalt roads;Dry;Daylight;Normal;Vehicle with vehicle collision;2;3;Going straight;Over 51;Not a Pedestrian;No priority to vehicle;Slight Injury
10:20:00;Sunday;Male;Junior high school;Employee;2-5yr;Lorry (41?100Q);Owner;unknown;unknown;Office areas;Undivided Two way;Tangent road with flat terrain;unknown;Asphalt roads;Dry;Daylight;Normal;Collision with roadside objects;1;1;Going straight;18-30;Not a Pedestrian;Driving carelessly;Slight Injury
18:05:00;Tuesday;Male;High school;Employee;2-5yr;Pick up upto 10Q;unknown;unknown;unknown;Other;Undivided Two way;Tangent road with flat terrain;unknown;Asphalt roads with some distress;Dry;Daylight;Normal;Vehicle with vehicle collision;2;1;Going straight;na;Not a Pedestrian;Moving Backward;Slight Injury
18:05:00;Tuesday;Male;Junior high school;Employee;1-2yr;Pick up upto 10Q;Owner;Unknown;unknown;Office areas;Undivided Two way;Tangent road with flat terrain;unknown;unknown;Dry;Daylight;Normal;Vehicle with vehicle collision;2;1;Going straight;na;Not a Pedestrian;No distancing;Slight Injury
13:32:00;Wednesday;Male;High school;Employee;5-10yr;Automobile;Owner;Unknown;unknown;Office areas;One way;Tangent road with flat terrain;unknown;Asphalt roads;Dry;Daylight;Normal;Vehicle with vehicle collision;1;1;Going straight;18-30;Not a Pedestrian;Changing lane to the left;Slight Injury
13:32:00;Wednesday;Male;Elementary school;Employee;2-5yr;Other;Owner;Unknown;unknown;Office areas;Undivided Two way;Tangent road with flat terrain;unknown;Asphalt roads;Dry;Daylight;Normal;Vehicle with vehicle collision;1;1;Other;31-50;Not a Pedestrian;Changing lane to the left;Slight Injury
13:32:00;Wednesday;Male;Junior high school;Employee;1-2yr;unknown;Owner;Unknown;No defect;Other;Undivided Two way;Tangent road with flat terrain;unknown;Asphalt roads;Dry;Daylight;Normal;Vehicle with vehicle collision;2;1;Other;18-30;Not a Pedestrian;No distancing;Slight Injury
15:20:00;Tuesday;Male;Elementary school;Employee;1-2yr;Automobile;Governmental;Unknown;unknown;Other;Double carriageway (median);Tangent road with flat terrain;unknown;Asphalt roads;Dry;Daylight;Normal;Vehicle with vehicle collision;2;1;Going straight;na;Not a Pedestrian;Changing lane to the left;Slight Injury
09:51:00;Thursday;Male;High school;Employee;No Licence;Motorcycle;Owner;Unknown;No defect;Office areas;Two-way (divided with solid lines road marking);Tangent road with flat terrain;unknown;Earth roads;Dry;Daylight;Normal;Collision with roadside objects;2;1;Going straight;na;Not a Pedestrian;Driving carelessly;Slight Injury
11:50:00;Monday;Male;Junior high school;Owner;5-10yr;Automobile;Owner;Unknown;unknown;Residential areas;other;Tangent road with flat terrain;unknown;Asphalt roads;Dry;Daylight;Normal;Vehicle with vehicle collision;2;1;Getting off;Over 51;Not a Pedestrian;Changing lane to the left;Slight Injury
11:50:00;Monday;Male;Junior high school;Employee;1-2yr;Automobile;Governmental;2-5yrs;unknown;  Recreational areas;Undivided Two way;Tangent road with flat terrain;unknown;Asphalt roads;Dry;Darkness - lights lit;Normal;Collision with pedestrians;2;2;Going straight;na;Not a Pedestrian;No distancing;Slight Injury
11:50:00;Monday;Male;Junior high school;Employee;2-5yr;Public (12 seats);Owner;1-2yr;No defect;Other;other;Tangent road with flat terrain;unknown;Asphalt roads;Dry;Darkness - lights lit;Normal;Collision with roadside objects;2;2;Going straight;31-50;Not a Pedestrian;Changing lane to the right;Slight Injury
10:35:00;Wednesday;Male;Junior high school;Employee;5-10yr;Long lorry;Owner;Above 10yr;No defect;Residential areas;other;Tangent road with flat terrain;unknown;Asphalt roads;Dry;Darkness - lights lit;Normal;Collision with roadside objects;2;2;Going straight;18-30;Not a Pedestrian;No distancing;Slight Injury
10:35:00;Wednesday;Male;unknown;unknown;unknown;unknown;Owner;Unknown;No defect;Other;other;Tangent road with flat terrain;unknown;Asphalt roads;Dry;Daylight;Normal;Vehicle with vehicle collision;2;1;Going straight;na;Not a Pedestrian;Driving to the left;Slight Injury
10:35:00;Wednesday;Male;unknown;unknown;unknown;Automobile;Owner;Unknown;unknown;Other;other;Tangent road with flat terrain;unknown;Asphalt roads;Dry;Daylight;Normal;Rollover;2;1;Going straight;na;Not a Pedestrian;No distancing;Slight Injury
18:30:00;Thursday;Male;Junior high school;Employee;2-5yr;Public (> 45 seats);Owner;5-10yrs;unknown;Other;One way;Tangent road with flat terrain;unknown;Asphalt roads;Dry;Darkness - lights lit;Normal;Vehicle with vehicle collision;2;2;Getting off;18-30;Not a Pedestrian;Overtaking;Slight Injury
18:30:00;Thursday;Male;Junior high school;Employee;Above 10yr;Pick up upto 10Q;Owner;Unknown;No defect;Other;Two-way (divided with broken lines road marking);Tangent road with flat terrain;unknown;Asphalt roads;Dry;Darkness - lights lit;Normal;Vehicle with vehicle collision;2;2;Going straight;na;Not a Pedestrian;Driving under the influence of drugs;Slight Injury
18:30:00;Friday;Male;Junior high school;Owner;Above 10yr;Lorry (41?100Q);Owner;2-5yrs;No defect;Other;other;Tangent road with flat terrain;unknown;Asphalt roads;Dry;Daylight;Normal;Vehicle with vehicle collision;2;1;Going straight;18-30;Not a Pedestrian;No priority to pedestrian;Slight Injury
18:30:00;Friday;Male;unknown;unknown;unknown;Automobile;Owner;Unknown;No defect;School areas;Undivided Two way;Tangent road with flat terrain;unknown;Asphalt roads;Dry;Daylight;Normal;Vehicle with vehicle collision;2;1;Other;na;Not a Pedestrian;Moving Backward;Slight Injury
11:55:00;Friday;Male;Elementary school;Owner;Above 10yr;Public (13?45 seats);Owner;unknown;No defect;Office areas;Two-way (divided with broken lines road marking);Tangent road with flat terrain;unknown;Asphalt roads;Dry;Daylight;Normal;Vehicle with vehicle collision;1;1;Going straight;18-30;Not a Pedestrian;Changing lane to the right;Serious Injury
11:55:00;Friday;Male;unknown;unknown;unknown;Automobile;Owner;Unknown;No defect;Office areas;Two-way (divided with broken lines road marking);Tangent road with flat terrain;unknown;Gravel roads;Dry;Daylight;Normal;Vehicle with vehicle collision;2;1;Going straight;31-50;Not a Pedestrian;Changing lane to the left;Slight Injury
07:30:00;Wednesday;Male;Junior high school;Owner;5-10yr;Public (> 45 seats);Owner;5-10yrs;No defect;Office areas;Two-way (divided with broken lines road marking);Tangent road with flat terrain;unknown;Asphalt roads;Dry;Daylight;Normal;Vehicle with vehicle collision;2;1;Going straight;na;Not a Pedestrian;Changing lane to the right;Slight Injury
07:30:00;Wednesday;Male;Junior high school;Owner;Above 10yr;Public (12 seats);Owner;Unknown;No defect;School areas;unknown;Tangent road with flat terrain;unknown;Asphalt roads;Dry;Daylight;Normal;Vehicle with vehicle collision;2;1;Going straight;31-50;Not a Pedestrian;Driving under the influence of drugs;Slight Injury
00:09:00;Monday;Male;High school;Owner;Above 10yr;Automobile;Governmental;unknown;No defect;School areas;Undivided Two way;Tangent road with flat terrain;unknown;Asphalt roads;Dry;Daylight;Normal;Collision with roadside objects;2;1;Going straight;18-30;Not a Pedestrian;No priority to vehicle;Slight Injury
00:09:00;Monday;Male;unknown;unknown;unknown;Lorry (41?100Q);Owner;unknown;No defect;Office areas;Two-way (divided with broken lines road marking);Tangent road with flat terrain;unknown;Asphalt roads;Dry;Daylight;Normal;Vehicle with vehicle collision;2;1;Reversing;18-30;Not a Pedestrian;No priority to vehicle;Slight Injury
19:47:00;Saturday;Female;Elementary school;Employee;5-10yr;Automobile;Owner;unknown;No defect;Office areas;Two-way (divided with broken lines road marking);Tangent road with flat terrain;unknown;Asphalt roads;Dry;Daylight;Normal;Vehicle with vehicle collision;2;1;Other;31-50;Not a Pedestrian;Changing lane to the left;Slight Injury
19:47:00;Saturday;Male;Elementary school;Owner;Above 10yr;Pick up upto 10Q;Governmental;Above 10yr;No defect;School areas;Two-way (divided with broken lines road marking);Tangent road with flat terrain;unknown;Asphalt roads;Dry;Daylight;Normal;Vehicle with vehicle collision;3;3;Going straight;na;Not a Pedestrian;Changing lane to the right;Slight Injury
19:00:00;Wednesday;Male;Junior high school;Owner;Below 1yr;Public (12 seats);Owner;1-2yr;No defect;unknown;Two-way (divided with broken lines road marking);Tangent road with flat terrain;unknown;Asphalt roads;Dry;Daylight;Normal;Vehicle with vehicle collision;3;3;Going straight;31-50;Not a Pedestrian;Changing lane to the right;Slight Injury
19:00:00;Wednesday;Male;Junior high school;Owner;2-5yr;Automobile;Owner;Above 10yr;No defect;Other;Two-way (divided with broken lines road marking);Tangent road with flat terrain;unknown;Asphalt roads;Dry;Daylight;Normal;Collision with pedestrians;3;3;Going straight;31-50;Unknown or other;Changing lane to the left;Slight Injury
12:00:00;Thursday;Male;Junior high school;Owner;2-5yr;Automobile;Owner;Below 1yr;No defect;Other;Undivided Two way;Tangent road with flat terrain;unknown;Asphalt roads;Dry;Daylight;Normal;Vehicle with vehicle collision;3;3;Going straight;na;Not a Pedestrian;Changing lane to the left;Slight Injury