Time;Day_of_week;Sex_of_driver;Educational_level;Vehicle_driver_relation;Driving_experience;Type_of_vehicle;Owner_of_vehicle;Service_year_of_vehicle;Defect_of_vehicle;Area_accident_occured;Lanes_or_Medians;Road_allignment;Types_of_Junction;Road_surface_type;Road_surface_conditions;Light_conditions;Weather_conditions;Type_of_collision;Number_of_vehicles_involved;Number_of_casualties;Vehicle_movement;Age_band_of_casualty;Pedestrian_movement;Cause_of_accident;Accident_severity
12:00:00;Thursday;Female;High school;Owner;5-10yr;Automobile;Owner;Above 10yr;No defect;Other;Two-way (divided with broken lines road marking);Tangent road with flat terrain;unknown;Asphalt roads;Dry;Daylight;Normal;Vehicle with vehicle collision;2;1;Going straight;Over 51;Not a Pedestrian;Getting off the vehicle improperly;Slight Injury
22:42:00;Friday;Male;Junior high school;Owner;unknown;Stationwagen;Owner;Unknown;No defect;Residential areas;Undivided Two way;Tangent road with flat terrain;unknown;Asphalt roads;Dry;Daylight;Normal;Vehicle with vehicle collision;2;1;Going straight;Under 18;Not a Pedestrian;Overtaking;Slight Injury
07:55:00;Monday;Male;unknown;Owner;Below 1yr;Other;Governmental;1-2yr;No defect;Other;Undivided Two way;Tangent road with flat terrain;unknown;Asphalt roads;Wet or damp;Daylight;Raining;Vehicle with vehicle collision;2;1;Going straight;Under 18;Crossing from offside - masked by  parked or statioNot a Pedestrianry vehicle;Changing lane to the left;Slight Injury
07:25:00;Friday;Male;Elementary school;Owner;Above 10yr;Other;Owner;1-2yr;No defect;Other;Undivided Two way;Tangent road with flat terrain;unknown;Asphalt roads;Wet or damp;Daylight;Raining;Vehicle with vehicle collision;2;1;Going straight;18-30;Unknown or other;Driving under the influence of drugs;Slight Injury
07:25:00;Friday;Male;Elementary school;Owner;Below 1yr;Other;Owner;unknown;No defect; Industrial areas;Undivided Two way;Tangent road with flat terrain;unknown;Asphalt roads;Dry;Daylight;Normal;Vehicle with vehicle collision;2;1;Going straight;18-30;Not a Pedestrian;Driving carelessly;Slight Injury
23:25:00;Saturday;Male;Junior high school;Owner;5-10yr;Public (13?45 seats);Owner;unknown;No defect;  Recreational areas;Undivided Two way;Tangent road with flat terrain;unknown;Asphalt roads;Dry;Daylight;Normal;Collision with roadside objects;2;1;Moving Backward;18-30;Not a Pedestrian;Moving Backward;Slight Injury
23:25:00;Saturday;Male;Junior high school;Owner;5-10yr;Lorry (41?100Q);Owner;Above 10yr;No defect; Church areas;Two-way (divided with broken lines road marking);Tangent road with flat terrain;unknown;Asphalt roads;Dry;Daylight;Normal;Vehicle with vehicle collision;2;1;Moving Backward;na;Not a Pedestrian;No distancing;Slight Injury
15:10:00;Wednesday;Male;unknown;Owner;unknown;Public (12 seats);Owner;unknown;unknown;Office areas;Two-way (divided with broken lines road marking);Tangent road with flat terrain;unknown;Asphalt roads;Dry;Daylight;Normal;Vehicle with vehicle collision;2;1;Turnover;na;Not a Pedestrian;No priority to vehicle;Slight Injury
15:10:00;Wednesday;Male;Junior high school;Employee;1-2yr;Automobile;Owner;unknown;unknown;Other;Two-way (divided with broken lines road marking);Tangent road with flat terrain;unknown;Asphalt roads;Dry;Daylight;Normal;Vehicle with vehicle collision;2;1;Other;18-30;Not a Pedestrian;Overturning;Slight Injury
17:00:00;Wednesday;Male;High school;Owner;5-10yr;Automobile;Owner;unknown;unknown;Office areas;Undivided Two way;Tangent road with flat terrain;unknown;Asphalt roads;Dry;Daylight;Normal;Vehicle with vehicle collision;2;1;Other;31-50;Not a Pedestrian;Changing lane to the left;Slight Injury
17:00:00;Wednesday;Male;Junior high school;Employee;5-10yr;Stationwagen;Owner;unknown;unknown;Office areas;Two-way (divided with broken lines road marking);Tangent road with flat terrain;unknown;Asphalt roads;Dry;Daylight;Normal;Vehicle with vehicle collision;2;1;Going straight;na;Not a Pedestrian;No distancing;Slight Injury
16:10:00;Tuesday;Male;Junior high school;Employee;5-10yr;Lorry (41?100Q);Owner;unknown;unknown;Other;Two-way (divided with broken lines road marking);Tangent road with flat terrain;unknown;Asphalt roads;Dry;Daylight;Normal;Vehicle with vehicle collision;2;1;Going straight;18-30;Not a Pedestrian;Moving Backward;Slight Injury
13:29:00;Saturday;Male;Junior high school;Employee;5-10yr;Lorry (41?100Q);Owner;Above 10yr;unknown;Residential areas;Undivided Two way;Tangent road with flat terrain;unknown;Other;Dry;Daylight;Normal;Vehicle with vehicle collision;2;1;Other;na;Not a Pedestrian;No priority to vehicle;Slight Injury
13:29:00;Saturday;Male;Junior high school;Employee;Above 10yr;Lorry (41?100Q);Owner;Above 10yr;unknown;Office areas;other;Tangent road with mountainous terrain and;unknown;unknown;Dry;Daylight;Normal;Vehicle with vehicle collision;2;1;Other;18-30;Not a Pedestrian;No priority to vehicle;Slight Injury
12:40:00;Friday;Female;Junior high school;Employee;5-10yr;Public (> 45 seats);Owner;Above 10yr;No defect;Residential areas;other;Tangent road with flat terrain;unknown;Asphalt roads;Dry;Darkness - lights lit;Normal;Rollover;2;1;Going straight;na;Not a Pedestrian;No distancing;Slight Injury
12:40:00;Friday;Male;Junior high school;Employee;No Licence;Public (12 seats);unknown;unknown;unknown;School areas;Two-way (divided with broken lines road marking);Tangent road with flat terrain;unknown;Asphalt roads;Dry;Darkness - lights lit;Normal;Vehicle with vehicle collision;2;1;Reversing;31-50;Not a Pedestrian;No distancing;Slight Injury
15:30:00;Friday;Male;Above high school;Employee;Below 1yr;Other;Owner;Above 10yr;No defect;Office areas;Two-way (divided with broken lines road marking);Sharp reverse curve;unknown;Asphalt roads;Dry;Daylight;Normal;Vehicle with vehicle collision;1;4;Other;18-30;Not a Pedestrian;Overtaking;Slight Injury
15:30:00;Friday;Male;Elementary school;Employee;5-10yr;Public (12 seats);Owner;5-10yrs;No defect;Other;other;Tangent road with flat terrain;unknown;Asphalt roads;Dry;Daylight;Normal;Vehicle with vehicle collision;1;4;Turnover;na;Not a Pedestrian;Driving under the influence of drugs;Slight Injury
15:30:00;Friday;Female;Elementary school;Employee;5-10yr;Other;Owner;Above 10yr;No defect;Other;Undivided Two way;Tangent road with flat terrain;unknown;Asphalt roads;Dry;Daylight;Normal;Collision with roadside objects;1;4;Going straight;18-30;Not a Pedestrian;Changing lane to the right;Slight Injury
15:30:00;Friday;Male;Junior high school;Employee;5-10yr;Public (12 seats);Owner;Above 10yr;No defect; Church areas;other;Tangent road with flat terrain;unknown;Asphalt roads;Dry;Daylight;Normal;Vehicle with vehicle collision;1;4;Going straight;31-50;Crossing from driver's nearside;Changing lane to the left;Slight Injury
15:30:00;Friday;Male;High school;Employee;5-10yr;Stationwagen;Owner;unknown;No defect;Office areas;Two-way (divided with broken lines road marking);Tangent road with flat terrain;unknown;Asphalt roads;Dry;Daylight;Normal;Vehicle with vehicle collision;1;1;Going straight;5;Not a Pedestrian;Driving carelessly;Serious Injury
03:32:00;Saturday;Male;Junior high school;Employee;5-10yr;Automobile;Owner;unknown;No defect;Other;Two-way (divided with broken lines road marking);Tangent road with flat terrain;unknown;Asphalt roads;Dry;Daylight;Normal;Vehicle with vehicle collision;1;1;Going straight;18-30;Not a Pedestrian;Moving Backward;Slight Injury
23:25:00;Wednesday;Male;Junior high school;Employee;2-5yr;Lorry (41?100Q);Owner;unknown;No defect;Office areas;Two-way (divided with broken lines road marking);Tangent road with mild grade and flat terrain;unknown;Asphalt roads;Dry;Darkness - lights lit;Normal;Collision with roadside objects;2;1;Going straight;na;Not a Pedestrian;Moving Backward;Slight Injury
15:10:00;Monday;Male;Writing & reading;Employee;5-10yr;Special vehicle;Owner;unknown;No defect;Office areas;Two-way (divided with broken lines road marking);Tangent road with flat terrain;unknown;Asphalt roads;Dry;Darkness - lights lit;Normal;Vehicle with vehicle collision;2;1;Going straight;31-50;Not a Pedestrian;Changing lane to the right;Slight Injury
04:00:00;Friday;Male;Junior high school;Employee;Above 10yr;Lorry (41?100Q);Owner;Above 10yr;No defect;Office areas;Two-way (divided with broken lines road marking);Sharp reverse curve;unknown;Asphalt roads;Wet or damp;Darkness - lights lit;Normal;Vehicle with vehicle collision;2;1;Going straight;5;Not a Pedestrian;No priority to vehicle;Serious Injury
04:00:00;Friday;Male;Junior high school;Employee;1-2yr;Lorry (41?100Q);Owner;Above 10yr;No defect; Church areas;Undivided Two way;Sharp reverse curve;unknown;Asphalt roads;Wet or damp;Darkness - lights lit;Normal;Vehicle with vehicle collision;2;1;Going straight;5;Not a Pedestrian;Driving at high speed;Serious Injury
04:00:00;Friday;Male;Writing & reading;Employee;Below 1yr;Public (> 45 seats);Owner;Above 10yr;No defect;Office areas;Undivided Two way;Gentle horizontal curve;unknown;Other;Dry;Daylight;Normal;Vehicle with vehicle collision;1;2;Going straight;na;Not a Pedestrian;Driving under the influence of drugs;Slight Injury
04:00:00;Friday;Male;Elementary school;Employee;1-2yr;Automobile;Owner;5-10yrs;No defect;Other;Double carriageway (median);Gentle horizontal curve;unknown;Asphalt roads;Dry;Daylight;Normal;Collision with roadside objects;1;2;Other;18-30;Not a Pedestrian;Changing lane to the right;Slight Injury
15:50:00;Saturday;Male;Junior high school;Employee;5-10yr;Automobile;Owner;unknown;unknown;Other;Two-way (divided with broken lines road marking);Tangent road with flat terrain;unknown;Asphalt roads;Dry;Darkness - lights lit;Normal;Vehicle with vehicle collision;2;3;Going straight;na;Not a Pedestrian;Driving carelessly;Slight Injury
08:50:00;Friday;Male;Junior high school;Employee;1-2yr;Automobile;Owner;5-10yrs;No defect; Church areas;Unknown;Tangent road with mountainous terrain and;unknown;Asphalt roads;Dry;Darkness - lights lit;Normal;Vehicle with vehicle collision;2;3;Going straight;Under 18;Not a Pedestrian;No distancing;Slight Injury
00:25:00;Sunday;Male;Elementary school;Owner;5-10yr;Public (> 45 seats);Owner;1-2yr;unknown;School areas;Undivided Two way;Tangent road with flat terrain;unknown;Asphalt roads;Dry;Darkness - lights lit;Normal;Vehicle with vehicle collision;2;3;Moving Backward;na;Not a Pedestrian;Changing lane to the left;Slight Injury
00:25:00;Sunday;Male;Junior high school;Employee;2-5yr;Lorry (11?40Q);unknown;unknown;unknown; Church areas;Two-way (divided with broken lines road marking);Tangent road with flat terrain;unknown;Asphalt roads;Dry;Daylight;Normal;Vehicle with vehicle collision;2;1;Going straight;18-30;Not a Pedestrian;No distancing;Serious Injury
00:25:00;Sunday;Male;Junior high school;Owner;Below 1yr;Pick up upto 10Q;Owner;Above 10yr;unknown;Office areas;Undivided Two way;Tangent road with flat terrain;unknown;Asphalt roads;Dry;Daylight;Normal;Vehicle with vehicle collision;2;1;Moving Backward;na;Not a Pedestrian;No distancing;Serious Injury
00:10:00;Sunday;Female;Writing & reading;Employee;5-10yr;Lorry (11?40Q);Owner;2-5yrs;No defect;Other;other;Tangent road with flat terrain;unknown;Asphalt roads;Dry;Daylight;Normal;Collision with pedestrians;2;1;Other;Under 18;Not a Pedestrian;Getting off the vehicle improperly;Fatal injury
00:10:00;Sunday;Male;Writing & reading;Employee;5-10yr;Pick up upto 10Q;Owner;Above 10yr;unknown; Church areas;Two-way (divided with broken lines road marking);Steep grade upward with mountainous terrain;unknown;Asphalt roads;Dry;Daylight;Normal;Vehicle with vehicle collision;2;1;Going straight;18-30;Not a Pedestrian;Overtaking;Fatal injury
15:20:00;Saturday;Male;Junior high school;Employee;5-10yr;Special vehicle;Governmental;1-2yr;No defect;Other;Double carriageway (median);Tangent road with flat terrain;unknown;Asphalt roads;Dry;Daylight;Normal;Vehicle with vehicle collision;2;1;Reversing;Under 18;Not a Pedestrian;Driving carelessly;Slight Injury
15:20:00;Saturday;Male;Junior high school;Employee;2-5yr;Lorry (11?40Q);Governmental;Above 10yr;unknown;Other;Double carriageway (median);Tangent road with flat terrain;unknown;Other;Dry;Daylight;Normal;Collision with roadside objects;2;1;Going straight;31-50;Not a Pedestrian;Driving under the influence of drugs;Slight Injury
15:20:00;Saturday;Male;Junior high school;Employee;Above 10yr;unknown;Organization;5-10yrs;No defect;Office areas;Two-way (divided with broken lines road marking);Gentle horizontal curve;unknown;Asphalt roads;Dry;Daylight;Normal;Vehicle with vehicle collision;2;1;Other;na;Not a Pedestrian;Moving Backward;Slight Injury
16:30:00;Saturday;Male;Junior high school;Employee;5-10yr;unknown;Organization;Above 10yr;No defect;Other;Two-way (divided with broken lines road marking);Tangent road with flat terrain;unknown;Asphalt roads;Dry;Daylight;Normal;Vehicle with vehicle collision;2;1;Other;Over 51;Not a Pedestrian;Overturning;Slight Injury
16:30:00;Saturday;Male;Junior high school;Employee;Above 10yr;Lorry (41?100Q);Owner;2-5yrs;No defect;Other;Two-way (divided with broken lines road marking);Tangent road with flat terrain;unknown;unknown;Dry;Daylight;Normal;Collision with pedestrians;3;1;Other;na;Not a Pedestrian;Driving under the influence of drugs;Slight Injury
01:05:00;Friday;Male;Junior high school;Employee;2-5yr;Other;Governmental;unknown;No defect;Residential areas;Two-way (divided with broken lines road marking);Tangent road with flat terrain;unknown;Asphalt roads;Dry;Daylight;Normal;Vehicle with vehicle collision;3;1;Stopping;18-30;Not a Pedestrian;Changing lane to the right;Slight Injury
01:05:00;Friday;Female;Junior high school;Employee;Below 1yr;Other;Owner;2-5yrs;No defect;Office areas;Two-way (divided with broken lines road marking);Tangent road with flat terrain;unknown;Asphalt roads;Dry;Daylight;Normal;Vehicle with vehicle collision;3;1;Other;na;Not a Pedestrian;Changing lane to the left;Slight Injury
19:40:00;Monday;Male;Junior high school;Employee;Below 1yr;Automobile;Owner;2-5yrs;No defect; Church areas;One way;Tangent road with flat terrain;unknown;Asphalt roads;Dry;Darkness - lights lit;Normal;Collision with pedestrians;2;1;Other;18-30;Not a Pedestrian;No distancing;Slight Injury
19:40:00;Monday;Male;Junior high school;Owner;5-10yr;Other;Owner;1-2yr;No defect;unknown;Undivided Two way;Tangent road with flat terrain;unknown;Earth roads;Dry;Darkness - lights lit;Normal;Collision with pedestrians;2;1;Other;Over 51;Not a Pedestrian;No distancing;Slight Injury
19:40:00;Monday;Male;Junior high school;Employee;2-5yr;Automobile;Owner;Above 10yr;unknown;  Market areas;other;Steep grade downward with mountainous terrain;unknown;Asphalt roads;Dry;Darkness - lights lit;Normal;Collision with pedestrians;2;2;Going straight;31-50;Unknown or other;No priority to vehicle;Slight Injury
19:08:00;Tuesday;Male;Elementary school;Employee;Below 1yr;Public (13?45 seats);Owner;Above 10yr;No defect;Residential areas;unknown;Tangent road with flat terrain;unknown;Asphalt roads;Dry;Darkness - lights lit;Normal;Collision with roadside objects;2;2;Going straight;Under 18;Crossing from nearside - masked by parked or statioNot a Pedestrianry vehicle;Moving Backward;Slight Injury
19:08:00;Tuesday;Male;Junior high school;Employee;2-5yr;Lorry (41?100Q);Owner;5-10yrs;No defect;Office areas;Undivided Two way;Tangent road with flat terrain;unknown;Asphalt roads;Dry;Darkness - lights lit;Normal;Vehicle with vehicle collision;2;1;Going straight;31-50;Not a Pedestrian;Moving Backward;Slight Injury
17:50:00;Saturday;Male;Junior high school;Employee;5-10yr;unknown;Owner;unknown;No defect;  Recreational areas;other;unknown;unknown;Asphalt roads;Dry;Darkness - lights lit;Normal;Vehicle with vehicle collision;2;1;Going straight;na;Not a Pedestrian;Getting off the vehicle improperly;Slight Injury
17:50:00;Saturday;Male;High school;Employee;Above 10yr;Automobile;Governmental;unknown;No defect;Office areas;other;Tangent road with mild grade and flat terrain;unknown;Asphalt roads;Dry;Daylight;Normal;Vehicle with vehicle collision;2;1;Going straight;31-50;Not a Pedestrian;Changing lane to the left;Slight Injury
21:30:00;Sunday;Male;High school;Employee;Above 10yr;unknown;Owner;5-10yrs;No defect; Industrial areas;other;Tangent road with flat terrain;unknown;Asphalt roads;Dry;Daylight;Normal;Vehicle with vehicle collision;2;1;Going straight;na;Not a Pedestrian;Changing lane to the left;Slight Injury
21:30:00;Sunday;Male;Junior high school;Employee;5-10yr;Lorry (41?100Q);unknown;unknown;unknown;unknown;unknown;unknown;unknown;Asphalt roads;Dry;Daylight;Normal;Vehicle with vehicle collision;1;1;Going straight;na;Not a Pedestrian;No priority to vehicle;Slight Injury
14:49:00;Monday;Male;Elementary school;Employee;1-2yr;unknown;Owner;unknown;No defect;Residential areas;Undivided Two way;Tangent road with flat terrain;unknown;Asphalt roads;Dry;Darkness - no lighting;Normal;Vehicle with vehicle collision;1;4;Going straight;18-30;Not a Pedestrian;Changing lane to the right;Serious Injury
14:49:00;Monday;Female;Elementary school;Employee;5-10yr;Lorry (41?100Q);Governmental;Above 10yr;No defect;Residential areas;other;Tangent road with flat terrain;unknown;Asphalt roads;Dry;Darkness - no lighting;Normal;Collision with pedestrians;1;4;Going straight;na;Not a Pedestrian;Changing lane to the right;Serious Injury
14:49:00;Monday;Female;Junior high school;Employee;5-10yr;Taxi;Owner;1-2yr;No defect; Industrial areas;other;Tangent road with flat terrain;unknown;Asphalt roads;Dry;Darkness - no lighting;Normal;Collision with roadside objects;1;4;Going straight;18-30;Not a Pedestrian;Driving carelessly;Serious Injury
17:40:00;Sunday;Male;Junior high school;Employee;1-2yr;Lorry (41?100Q);Owner;2-5yrs;No defect;Residential areas;Undivided Two way;Tangent road with flat terrain;unknown;Asphalt roads;Dry;Darkness - no lighting;Normal;Vehicle with vehicle collision;1;4;Going straight;31-50;Not a Pedestrian;Changing lane to the left;Serious Injury
17:40:00;Sunday;Male;Junior high school;Owner;5-10yr;Lorry (41?100Q);Owner;Unknown;No defect;Residential areas;other;Tangent road with flat terrain;unknown;Asphalt roads;Dry;Darkness - lights unlit;Normal;Vehicle with vehicle collision;3;1;Reversing;na;Not a Pedestrian;Changing lane to the right;Slight Injury
21:55:00;Saturday;Female;High school;Owner;Above 10yr;Other;Owner;unknown;No defect;Office areas;Undivided Two way;Tangent road with flat terrain;unknown;Asphalt roads;Dry;Darkness - lights unlit;Normal;Vehicle with vehicle collision;3;1;Going straight;na;Not a Pedestrian;Driving under the influence of drugs;Slight Injury
21:55:00;Saturday;Female;unknown;Owner;Below 1yr;Stationwagen;Owner;2-5yrs;No defect;Office areas;Double carriageway (median);Escarpments;unknown;Asphalt roads;Dry;Darkness - lights unlit;Normal;Vehicle with vehicle collision;3;1;Other;18-30;Not a Pedestrian;Driving carelessly;Slight Injury
07:30:00;Tuesday;Male;Writing & reading;Owner;5-10yr;Stationwagen;Owner;Above 10yr;No defect;Office areas;other;Tangent road with flat terrain;unknown;Asphalt roads;Dry;Daylight;Normal;With Train;2;1;unknown;31-50;Not a Pedestrian;No distancing;Slight Injury
07:30:00;Tuesday;Male;Above high school;Employee;Above 10yr;Lorry (41?100Q);Owner;1-2yr;No defect;Office areas;Undivided Two way;Escarpments;unknown;Asphalt roads;Dry;Daylight;Normal;Vehicle with vehicle collision;2;1;Getting off;na;Not a Pedestrian;No priority to vehicle;Slight Injury
10:41:00;Wednesday;Male;High school;Employee;Below 1yr;Lorry (41?100Q);Owner;unknown;No defect;Office areas;One way;Tangent road with flat terrain;unknown;Asphalt roads;Dry;Daylight;Normal;Vehicle with vehicle collision;1;1;Going straight;31-50;Not a Pedestrian;No priority to vehicle;Slight Injury
13:16:00;Wednesday;Male;Junior high school;Employee;1-2yr;Other;Owner;unknown;No defect;Office areas;Undivided Two way;Tangent road with flat terrain;unknown;Earth roads;Dry;Daylight;Normal;Vehicle with vehicle collision;1;1;Going straight;Under 18;Not a Pedestrian;No priority to vehicle;Slight Injury
13:16:00;Wednesday;Male;Junior high school;Employee;Above 10yr;Automobile;Owner;unknown;No defect;Office areas;other;Tangent road with flat terrain;unknown;Asphalt roads;Dry;Darkness - lights lit;Normal;Vehicle with vehicle collision;2;3;Going straight;na;Not a Pedestrian;Changing lane to the left;Slight Injury
13:16:00;Wednesday;Male;Junior high school;Owner;Above 10yr;unknown;Owner;Above 10yr;No defect;Residential areas;other;Tangent road with flat terrain;unknown;Asphalt roads;Dry;Darkness - lights lit;Normal;Vehicle with vehicle collision;2;3;Going straight;na;Not a Pedestrian;Moving Backward;Slight Injury
11:30:00;Thursday;Male;Junior high school;Employee;Above 10yr;Taxi;Owner;5-10yrs;No defect;Residential areas;One way;Tangent road with flat terrain;unknown;Asphalt roads;Dry;Darkness - lights lit;Normal;Vehicle with vehicle collision;2;3;Turnover;18-30;Not a Pedestrian;Driving carelessly;Slight Injury
11:30:00;Thursday;Male;Junior high school;Employee;No Licence;Lorry (41?100Q);Owner;unknown;No defect;Other;One way;Tangent road with flat terrain;unknown;Asphalt roads;Dry;Darkness - lights lit;Normal;Vehicle with vehicle collision;2;3;Entering a junction;na;Not a Pedestrian;Driving under the influence of drugs;Slight Injury
19:31:00;Wednesday;Male;Junior high school;Employee;1-2yr;Other;Owner;5-10yrs;No defect; Church areas;Undivided Two way;Tangent road with flat terrain;unknown;Asphalt roads;Wet or damp;Darkness - lights lit;Raining;Vehicle with vehicle collision;2;1;Entering a junction;31-50;Not a Pedestrian;Changing lane to the right;Slight Injury
19:31:00;Wednesday;Male;Illiterate;Owner;1-2yr;Automobile;Owner;unknown;No defect;  Recreational areas;other;Tangent road with flat terrain;unknown;Asphalt roads;Wet or damp;Darkness - lights lit;Raining;Vehicle with vehicle collision;2;1;Entering a junction;31-50;Not a Pedestrian;No priority to vehicle;Slight Injury
09:25:00;Friday;Male;Junior high school;Owner;Below 1yr;Public (> 45 seats);Owner;unknown;unknown; Industrial areas;Undivided Two way;Tangent road with flat terrain;unknown;Asphalt roads;Dry;Daylight;Normal;Collision with pedestrians;3;1;Entering a junction;na;Not a Pedestrian;Changing lane to the right;Slight Injury
09:25:00;Friday;Male;Junior high school;Owner;1-2yr;Stationwagen;unknown;unknown;unknown;Residential areas;other;unknown;unknown;Asphalt roads;Dry;Daylight;Normal;Collision with roadside objects;3;1;Other;na;Not a Pedestrian;Driving to the left;Slight Injury
14:10:00;Wednesday;Male;Junior high school;Owner;2-5yr;Automobile;Owner;Above 10yr;No defect;Residential areas;other;Tangent road with rolling terrain;unknown;Asphalt roads;Dry;Daylight;Normal;Collision with roadside objects;3;1;Entering a junction;Under 18;Walking along in carriageway, back to traffic;Moving Backward;Slight Injury
14:10:00;Wednesday;Male;Unknown;Owner;5-10yr;Lorry (41?100Q);Owner;2-5yrs;No defect;Office areas;Double carriageway (median);Tangent road with flat terrain;unknown;Asphalt roads;Dry;Daylight;Normal;Vehicle with vehicle collision;1;1;Turnover;31-50;Not a Pedestrian;No priority to vehicle;Serious Injury
14:00:00;Friday;Male;Unknown;Owner;Above 10yr;Other;Owner;2-5yrs;No defect;  Market areas;Undivided Two way;Tangent road with flat terrain;unknown;Earth roads;Dry;Daylight;Normal;Vehicle with vehicle collision;2;1;Entering a junction;Over 51;Not a Pedestrian;No distancing;Slight Injury
14:00:00;Friday;Male;Junior high school;Owner;2-5yr;Public (13?45 seats);unknown;unknown;unknown;Unknown;other;Tangent road with flat terrain;unknown;Asphalt roads;Dry;Daylight;Normal;Vehicle with vehicle collision;2;1;Entering a junction;na;Not a Pedestrian;Driving carelessly;Slight Injury
22:05:00;Tuesday;Male;Elementary school;Owner;Above 10yr;Other;Owner;unknown;No defect; Industrial areas;other;Tangent road with flat terrain;unknown;Asphalt roads;Wet or damp;Daylight;Normal;Vehicle with vehicle collision;1;1;Entering a junction;na;Not a Pedestrian;Changing lane to the left;Slight Injury
22:05:00;Tuesday;Female;Writing & reading;Owner;5-10yr;Other;Owner;unknown;No defect;Residential areas;Two-way (divided with solid lines road marking);Tangent road with flat terrain;unknown;Asphalt roads;Dry;Darkness - lights lit;Normal;Vehicle with vehicle collision;1;3;Entering a junction;18-30;Not a Pedestrian;No priority to vehicle;Slight Injury
07:00:00;Thursday;Male;unknown;Owner;unknown;Ridden horse;Governmental;Below 1yr;No defect;Residential areas;Undivided Two way;Tangent road with flat terrain;unknown;Asphalt roads;Dry;Darkness - lights lit;Normal;Collision with roadside objects;1;3;Entering a junction;5;Not a Pedestrian;No priority to vehicle;Slight Injury
07:00:00;Thursday;Male;Junior high school;Owner;5-10yr;Lorry (41?100Q);Owner;5-10yrs;No defect;Other;Undivided Two way;Tangent road with flat terrain;unknown;Asphalt roads;Dry;Darkness - lights lit;Normal;Vehicle with vehicle collision;1;3;Other;18-30;Not a Pedestrian;No distancing;Slight Injury
07:35:00;Thursday;Male;Junior high school;Owner;Below 1yr;Lorry (41?100Q);Governmental;unknown;No defect;Residential areas;other;Tangent road with flat terrain;unknown;Asphalt roads;Dry;Daylight;Normal;Vehicle with vehicle collision;1;1;Going straight;31-50;Not a Pedestrian;Driving to the left;Slight Injury
07:35:00;Thursday;Male;Junior high school;Owner;2-5yr;Pick up upto 10Q;Owner;1-2yr;No defect;Rural village areas;Undivided Two way;Gentle horizontal curve;unknown;Asphalt roads;Wet or damp;Darkness - lights lit;Raining;Vehicle with vehicle collision;2;1;Going straight;Under 18;Crossing from driver's nearside;Driving carelessly;Slight Injury
08:43:00;Wednesday;Male;Elementary school;Employee;2-5yr;Lorry (11?40Q);Owner;2-5yrs;No defect;Rural village areas;Undivided Two way;Gentle horizontal curve;unknown;Asphalt roads;Wet or damp;Darkness - lights lit;Raining;Vehicle with vehicle collision;2;1;Other;31-50;Not a Pedestrian;Driving carelessly;Slight Injury
08:43:00;Wednesday;Male;Junior high school;Employee;2-5yr;Automobile;Owner;unknown;No defect;Office areas;Double carriageway (median);Tangent road with flat terrain;unknown;Gravel roads;Wet or damp;Darkness - no lighting;Normal;Vehicle with vehicle collision;1;1;Going straight;na;Not a Pedestrian;Changing lane to the right;Serious Injury
16:05:00;Tuesday;Male;Junior high school;Employee;2-5yr;Automobile;Owner;2-5yrs;No defect;Residential areas;Undivided Two way;Gentle horizontal curve;unknown;Asphalt roads;Dry;Daylight;Normal;Vehicle with vehicle collision;1;1;Going straight;18-30;Not a Pedestrian;Driving carelessly;Slight Injury
22:05:00;Friday;Male;Junior high school;Employee;5-10yr;Pick up upto 10Q;Owner;unknown;unknown;Residential areas;other;Tangent road with flat terrain;unknown;Asphalt roads;Dry;Darkness - lights lit;Normal;Collision with pedestrians;1;1;Going straight;na;Not a Pedestrian;Changing lane to the left;Slight Injury
22:05:00;Friday;Male;Junior high school;Employee;5-10yr;Automobile;Owner;unknown;7; Outside rural areas;other;Tangent road with flat terrain;unknown;Asphalt roads;Wet or damp;Darkness - lights lit;Raining;Collision with pedestrians;2;1;Going straight;Over 51;Unknown or other;Driving carelessly;Serious Injury
22:05:00;Friday;Male;Junior high school;Employee;Above 10yr;Other;Owner;Above 10yr;unknown;Residential areas;other;Tangent road with flat terrain;unknown;Asphalt roads;Wet or damp;Darkness - lights lit;Raining;Collision with roadside objects;2;1;Going straight;18-30;Not a Pedestrian;Driving carelessly;Serious Injury
22:05:00;Friday;Male;Elementary school;Employee;5-10yr;Lorry (41?100Q);Owner;5-10yrs;5; Church areas;other;Tangent road with flat terrain;unknown;Asphalt roads;Wet or damp;Darkness - lights lit;Normal;Collision with pedestrians;1;2;Reversing;na;Not a Pedestrian;Driving under the influence of drugs;Serious Injury
03:40:00;Saturday;Male;Junior high school;Employee;5-10yr;Public (13?45 seats);Owner;unknown;No defect;Office areas;Undivided Two way;Tangent road with flat terrain;unknown;Asphalt roads;Wet or damp;Darkness - lights lit;Normal;Vehicle with vehicle collision;1;2;Moving Backward;Over 51;Not a Pedestrian;Driving carelessly;Serious Injury
09:25:00;Tuesday;Male;Junior high school;Employee;Above 10yr;Pick up upto 10Q;Owner;Unknown;No defect;Office areas;Two-way (divided with broken lines road marking);Tangent road with mountainous terrain and;unknown;Asphalt roads;Wet or damp;Darkness - lights lit;Raining;Vehicle with vehicle collision;1;4;Overtaking;na;Not a Pedestrian;No distancing;Slight Injury