Time;Day_of_week;Sex_of_driver;Educational_level;Vehicle_driver_relation;Driving_experience;Type_of_vehicle;Owner_of_vehicle;Service_year_of_vehicle;Defect_of_vehicle;Area_accident_occured;Lanes_or_Medians;Road_allignment;Types_of_Junction;Road_surface_type;Road_surface_conditions;Light_conditions;Weather_conditions;Type_of_collision;Number_of_vehicles_involved;Number_of_casualties;Vehicle_movement;Age_band_of_casualty;Pedestrian_movement;Cause_of_accident;Accident_severity
09:25:00;Tuesday;Male;Elementary school;Owner;unknown;Stationwagen;Governmental;unknown;No defect;Office areas;Two-way (divided with broken lines road marking);Escarpments;unknown;Asphalt roads;Wet or damp;Darkness - lights lit;Raining;Vehicle with vehicle collision;1;4;Going straight;31-50;Crossing from nearside - masked by parked or statioNot a Pedestrianry vehicle;Driving carelessly;Slight Injury
09:25:00;Tuesday;Male;Junior high school;Owner;5-10yr;Other;Owner;2-5yrs;unknown;Other;Undivided Two way;Tangent road with mountainous terrain and;unknown;Asphalt roads;Wet or damp;Darkness - lights lit;Raining;Collision with roadside objects;1;4;Going straight;31-50;Not a Pedestrian;Driving to the left;Slight Injury
09:25:00;Tuesday;Male;Junior high school;Employee;5-10yr;Pick up upto 10Q;Owner;2-5yrs;unknown;Other;Undivided Two way;Tangent road with flat terrain;unknown;Asphalt roads;Wet or damp;Darkness - lights lit;Raining;Collision with roadside objects;1;4;Going straight;na;Not a Pedestrian;Overtaking;Slight Injury
09:25:00;Tuesday;Male;Junior high school;Employee;Below 1yr;Public (13?45 seats);Owner;Unknown;No defect;Residential areas;Two-way (divided with broken lines road marking);Tangent road with flat terrain;unknown;Asphalt roads;Dry;Daylight;Normal;Vehicle with vehicle collision;1;1;Going straight;na;Not a Pedestrian;No distancing;Slight Injury
09:25:00;Tuesday;Male;unknown;unknown;unknown;Public (12 seats);Owner;unknown;unknown;Other;Two-way (divided with broken lines road marking);Tangent road with flat terrain;unknown;Asphalt roads;Wet or damp;Daylight;Raining;Vehicle with vehicle collision;1;1;Going straight;31-50;Not a Pedestrian;Driving carelessly;Slight Injury
07:58:00;Thursday;Male;Junior high school;Employee;5-10yr;Lorry (41?100Q);Owner;Below 1yr;unknown;Other;Undivided Two way;Tangent road with mild grade and flat terrain;unknown;Asphalt roads;Dry;Darkness - lights lit;Normal;Vehicle with vehicle collision;2;2;Going straight;18-30;Not a Pedestrian;Moving Backward;Slight Injury
07:58:00;Thursday;Male;Junior high school;Employee;5-10yr;Pick up upto 10Q;Owner;5-10yrs;unknown;Other;Two-way (divided with broken lines road marking);Tangent road with flat terrain;unknown;Asphalt roads;Dry;Darkness - lights lit;Normal;Vehicle with vehicle collision;2;2;Going straight;18-30;Not a Pedestrian;Overtaking;Slight Injury
20:15:00;Tuesday;Male;Junior high school;Employee;Above 10yr;Lorry (41?100Q);Governmental;5-10yrs;No defect;Other;Undivided Two way;Tangent road with flat terrain;unknown;Asphalt roads;Dry;Darkness - lights lit;Normal;Vehicle with vehicle collision;2;2;Going straight;na;Not a Pedestrian;Changing lane to the left;Slight Injury
20:15:00;Tuesday;Male;High school;Employee;Above 10yr;Pick up upto 10Q;Owner;2-5yrs;No defect;Other;Double carriageway (median);Tangent road with mild grade and flat terrain;unknown;Asphalt roads;Wet or damp;Darkness - lights lit;Raining and Windy;Vehicle with vehicle collision;2;1;Going straight;18-30;Not a Pedestrian;Changing lane to the right;Slight Injury
17:10:00;Tuesday;Male;Junior high school;Employee;Above 10yr;Long lorry;Owner;unknown;No defect;Other;Two-way (divided with broken lines road marking);Tangent road with flat terrain;unknown;Asphalt roads;Wet or damp;Darkness - lights lit;Raining and Windy;Vehicle with vehicle collision;2;1;Going straight;31-50;Not a Pedestrian;Overtaking;Slight Injury
17:10:00;Tuesday;Male;Junior high school;Employee;Above 10yr;unknown;Owner;2-5yrs;unknown; Church areas;Two-way (divided with broken lines road marking);Tangent road with flat terrain;unknown;Asphalt roads;Dry;Daylight;Cloudy;Vehicle with vehicle collision;2;2;Going straight;na;Not a Pedestrian;Overloading;Slight Injury
17:10:00;Tuesday;Male;Junior high school;Employee;Above 10yr;Other;Owner;5-10yrs;unknown;Other;Undivided Two way;Tangent road with flat terrain;unknown;Asphalt roads;Dry;Daylight;Cloudy;Vehicle with vehicle collision;2;2;Other;Over 51;Not a Pedestrian;Other;Slight Injury
15:30:00;Saturday;Male;Junior high school;Employee;Above 10yr;unknown;Organization;2-5yrs;unknown; Industrial areas;Two-way (divided with broken lines road marking);Tangent road with flat terrain;unknown;Asphalt roads;Dry;Daylight;Cloudy;Collision with roadside objects;2;2;Going straight;na;Not a Pedestrian;No priority to vehicle;Slight Injury
15:30:00;Saturday;Male;Junior high school;Employee;5-10yr;Public (13?45 seats);Owner;unknown;No defect;Residential areas;Double carriageway (median);Tangent road with flat terrain;unknown;Earth roads;Wet or damp;Darkness - lights lit;Raining;Collision with roadside objects;2;1;Moving Backward;Over 51;Unknown or other;Changing lane to the right;Slight Injury
09:47:00;Saturday;Male;Junior high school;Employee;2-5yr;Special vehicle;Governmental;Above 10yr;No defect;Other;Two-way (divided with broken lines road marking);Tangent road with flat terrain;unknown;Asphalt roads;Wet or damp;Darkness - lights lit;Raining;Collision with pedestrians;2;1;Other;31-50;Not a Pedestrian;Moving Backward;Slight Injury
09:47:00;Saturday;Male;Junior high school;Employee;Below 1yr;Lorry (41?100Q);Owner;unknown;No defect;Office areas;Two-way (divided with broken lines road marking);Tangent road with flat terrain;unknown;Asphalt roads;Dry;Darkness - lights lit;Normal;Vehicle with vehicle collision;2;2;Going straight;18-30;Not a Pedestrian;Changing lane to the left;Slight Injury
09:47:00;Saturday;Male;Junior high school;Employee;Below 1yr;Lorry (41?100Q);Owner;unknown;No defect; Industrial areas;Unknown;Tangent road with flat terrain;unknown;Asphalt roads;Dry;Darkness - lights lit;Normal;Vehicle with vehicle collision;2;2;Going straight;18-30;Not a Pedestrian;No priority to pedestrian;Slight Injury
11:19:00;Monday;Male;Junior high school;Employee;2-5yr;Public (> 45 seats);Owner;1-2yr;No defect; Industrial areas;Double carriageway (median);Tangent road with flat terrain;unknown;Asphalt roads;Wet or damp;Darkness - no lighting;Normal;Vehicle with vehicle collision;2;3;Going straight;18-30;Not a Pedestrian;No distancing;Slight Injury
11:19:00;Monday;Male;Elementary school;Employee;Below 1yr;Automobile;Owner;unknown;No defect;Other;Two-way (divided with broken lines road marking);Tangent road with flat terrain;unknown;Asphalt roads;Wet or damp;Darkness - no lighting;Normal;Vehicle with vehicle collision;2;3;Going straight;na;Not a Pedestrian;No priority to vehicle;Slight Injury
13:13:00;Friday;Male;Junior high school;Employee;Below 1yr;Automobile;Organization;Above 10yr;unknown; Hospital areas;Two-way (divided with broken lines road marking);Tangent road with flat terrain;unknown;Asphalt roads;Wet or damp;Darkness - no lighting;Normal;Vehicle with vehicle collision;2;3;Going straight;Over 51;Not a Pedestrian;No distancing;Slight Injury
13:13:00;Friday;Male;Junior high school;Employee;unknown;Automobile;Owner;Unknown;unknown;Office areas;One way;Tangent road with flat terrain;unknown;Asphalt roads;Wet or damp;Darkness - lights lit;Normal;Vehicle with vehicle collision;2;1;Going straight;na;Not a Pedestrian;No distancing;Slight Injury
15:55:00;Thursday;Male;unknown;Employee;5-10yr;Public (> 45 seats);Owner;2-5yrs;No defect; Church areas;Undivided Two way;Tangent road with flat terrain;unknown;Gravel roads;Wet or damp;Darkness - lights lit;Normal;Vehicle with vehicle collision;2;1;Going straight;31-50;Not a Pedestrian;Moving Backward;Slight Injury
15:55:00;Thursday;Male;Writing & reading;Employee;Below 1yr;Lorry (11?40Q);Organization;5-10yrs;No defect; Hospital areas;Undivided Two way;Tangent road with mountainous terrain and;unknown;Asphalt roads;Wet or damp;Darkness - lights lit;Raining;Vehicle with vehicle collision;2;1;Going straight;31-50;Not a Pedestrian;Changing lane to the right;Slight Injury
15:55:00;Thursday;Male;Junior high school;Employee;Below 1yr;Pick up upto 10Q;Owner;Above 10yr;No defect;Office areas;other;Tangent road with flat terrain;unknown;Asphalt roads;Wet or damp;Darkness - lights lit;Raining;Vehicle with vehicle collision;2;1;Going straight;na;Not a Pedestrian;No priority to pedestrian;Slight Injury
10:47:00;Thursday;Male;Junior high school;Employee;1-2yr;Lorry (11?40Q);Owner;2-5yrs;No defect;Other;Two-way (divided with broken lines road marking);Escarpments;unknown;Asphalt roads;Dry;Darkness - lights lit;Normal;Collision with pedestrians;2;1;Other;31-50;Not a Pedestrian;Moving Backward;Slight Injury
10:47:00;Thursday;Male;Elementary school;Employee;Above 10yr;Pick up upto 10Q;Owner;1-2yr;unknown;Office areas;Undivided Two way;Tangent road with flat terrain;unknown;Other;Dry;Darkness - lights lit;Normal;Collision with pedestrians;2;1;Reversing;Under 18;Not a Pedestrian;Getting off the vehicle improperly;Slight Injury
15:00:00;Thursday;Male;Elementary school;Employee;Above 10yr;Special vehicle;Owner;2-5yrs;unknown;Office areas;Two-way (divided with broken lines road marking);Tangent road with mountainous terrain and;unknown;Asphalt roads;Dry;Daylight;Normal;Vehicle with vehicle collision;2;2;Other;na;Not a Pedestrian;Overtaking;Slight Injury
15:00:00;Thursday;Male;Elementary school;Employee;Below 1yr;Lorry (11?40Q);Owner;unknown;No defect;Other;Double carriageway (median);Steep grade downward with mountainous terrain;unknown;Asphalt roads;Dry;Daylight;Normal;Vehicle with vehicle collision;2;2;Other;na;Not a Pedestrian;Overloading;Slight Injury
18:40:00;Thursday;Male;High school;Employee;2-5yr;unknown;Owner;1-2yr;No defect;Office areas;Undivided Two way;Tangent road with mild grade and flat terrain;unknown;Asphalt roads;Dry;Daylight;Normal;Vehicle with vehicle collision;2;2;Reversing;18-30;Not a Pedestrian;Changing lane to the right;Slight Injury
03:55:00;Monday;Male;Junior high school;Employee;2-5yr;unknown;Owner;unknown;No defect;Residential areas;Undivided Two way;Tangent road with flat terrain;unknown;Asphalt roads;Wet or damp;Darkness - lights lit;Normal;Vehicle with vehicle collision;2;1;Going straight;18-30;Not a Pedestrian;Improper parking;Slight Injury
03:55:00;Monday;Male;Above high school;Employee;Above 10yr;Lorry (41?100Q);Owner;Unknown;unknown;Other;Two-way (divided with broken lines road marking);Tangent road with flat terrain;unknown;Asphalt roads;Wet or damp;Darkness - lights lit;Normal;Vehicle with vehicle collision;2;1;Going straight;na;Not a Pedestrian;Other;Slight Injury
03:55:00;Monday;Male;Junior high school;Employee;2-5yr;Other;Owner;2-5yrs;unknown;Office areas;Double carriageway (median);Tangent road with flat terrain;unknown;Asphalt roads;Wet or damp;Darkness - lights lit;Raining;Vehicle with vehicle collision;2;1;Going straight;31-50;Not a Pedestrian;Changing lane to the left;Slight Injury
17:45:00;Sunday;Male;Junior high school;Employee;2-5yr;Other;Owner;5-10yrs;unknown;Office areas;Undivided Two way;Tangent road with mountainous terrain and;unknown;Asphalt roads;Wet or damp;Darkness - lights lit;Raining;Vehicle with vehicle collision;2;1;Going straight;31-50;Not a Pedestrian;Changing lane to the right;Slight Injury
17:45:00;Sunday;Male;High school;Employee;1-2yr;Automobile;unknown;unknown;unknown;Office areas;other;Tangent road with flat terrain;unknown;Asphalt roads;Wet or damp;Daylight;Normal;Vehicle with vehicle collision;2;1;Turnover;Under 18;Not a Pedestrian;No priority to pedestrian;Slight Injury
17:45:00;Sunday;Male;Junior high school;Employee;5-10yr;Other;Owner;5-10yrs;No defect;Other;Two-way (divided with broken lines road marking);Tangent road with mild grade and flat terrain;unknown;Asphalt roads;Wet or damp;Daylight;Normal;Vehicle with vehicle collision;2;1;Going straight;Under 18;Not a Pedestrian;Overspeed;Slight Injury
17:45:00;Sunday;Male;Junior high school;Employee;Below 1yr;Automobile;Owner;unknown;No defect; Church areas;Undivided Two way;Tangent road with flat terrain;unknown;Asphalt roads;Wet or damp;Daylight;Other;Vehicle with vehicle collision;1;1;Going straight;31-50;Not a Pedestrian;Changing lane to the left;Slight Injury
19:10:00;Friday;Male;Junior high school;Employee;Below 1yr;Public (13?45 seats);Owner;Unknown;No defect; Industrial areas;Undivided Two way;Tangent road with flat terrain;unknown;Asphalt roads;Wet or damp;Daylight;Raining;Vehicle with vehicle collision;2;3;Going straight;31-50;Not a Pedestrian;No priority to vehicle;Slight Injury
10:13:00;Thursday;Male;Elementary school;Employee;unknown;Lorry (41?100Q);Owner;1-2yr;No defect;Office areas;Double carriageway (median);Tangent road with flat terrain;unknown;Asphalt roads;Wet or damp;Daylight;Raining;Vehicle with vehicle collision;2;3;Going straight;18-30;Not a Pedestrian;Changing lane to the right;Slight Injury
10:13:00;Thursday;Male;Junior high school;Employee;Below 1yr;unknown;Owner;Unknown;No defect; Church areas;Undivided Two way;Tangent road with flat terrain;unknown;Asphalt roads;Wet or damp;Daylight;Raining;Vehicle with vehicle collision;2;3;Going straight;Under 18;Not a Pedestrian;No distancing;Slight Injury
09:48:00;Friday;Male;Junior high school;Employee;1-2yr;Automobile;Owner;unknown;unknown;Office areas;Undivided Two way;Tangent road with flat terrain;unknown;Asphalt roads;Dry;Daylight;Normal;Vehicle with vehicle collision;2;1;Moving Backward;na;Not a Pedestrian;No priority to pedestrian;Slight Injury
09:48:00;Friday;Male;Elementary school;Employee;2-5yr;unknown;Owner;unknown;No defect;Office areas;other;Tangent road with flat terrain;unknown;Gravel roads;Dry;Daylight;Normal;Vehicle with vehicle collision;2;1;Going straight;na;Not a Pedestrian;No distancing;Slight Injury
16:20:00;Monday;Male;High school;Employee;1-2yr;Lorry (41?100Q);Owner;unknown;unknown;Residential areas;Two-way (divided with broken lines road marking);Tangent road with flat terrain;unknown;Asphalt roads;Wet or damp;Darkness - no lighting;Raining;Vehicle with vehicle collision;2;1;Going straight;18-30;Not a Pedestrian;No priority to vehicle;Slight Injury
16:20:00;Monday;Male;Junior high school;Employee;5-10yr;unknown;Owner;5-10yrs;unknown;Office areas;Two-way (divided with broken lines road marking);Tangent road with flat terrain;unknown;Asphalt roads;Wet or damp;Darkness - no lighting;Raining;Vehicle with vehicle collision;2;1;Turnover;na;Not a Pedestrian;Other;Slight Injury
19:40:00;Thursday;Male;Junior high school;Employee;Below 1yr;Lorry (41?100Q);Owner;5-10yrs;unknown;Residential areas;Undivided Two way;Tangent road with flat terrain;unknown;Asphalt roads;Wet or damp;Daylight;Normal;Vehicle with vehicle collision;2;1;Going straight;18-30;Not a Pedestrian;Driving carelessly;Serious Injury
16:53:00;Wednesday;Male;High school;Employee;Above 10yr;Taxi;Owner;2-5yrs;unknown;Office areas;Double carriageway (median);Tangent road with flat terrain;unknown;Other;Wet or damp;Daylight;Normal;Vehicle with vehicle collision;2;1;Going straight;31-50;Not a Pedestrian;Changing lane to the left;Serious Injury
12:55:00;Wednesday;Female;Elementary school;Owner;5-10yr;Lorry (41?100Q);Owner;2-5yrs;No defect;Office areas;Double carriageway (median);Tangent road with flat terrain;unknown;Asphalt roads;Dry;Daylight;Normal;Vehicle with vehicle collision;2;1;Going straight;na;Not a Pedestrian;Driving carelessly;Slight Injury
19:32:00;Friday;Male;Elementary school;Employee;Below 1yr;Lorry (41?100Q);unknown;unknown;No defect;Other;Two-way (divided with broken lines road marking);Tangent road with flat terrain;unknown;Other;Dry;Daylight;Normal;Vehicle with vehicle collision;2;1;Going straight;Over 51;Not a Pedestrian;Changing lane to the left;Slight Injury
19:32:00;Friday;Male;Junior high school;Employee;5-10yr;Other;Owner;Unknown;No defect;Other;Two-way (divided with broken lines road marking);Tangent road with flat terrain;unknown;Asphalt roads;Wet or damp;Daylight;Normal;Collision with roadside objects;2;1;Going straight;na;Not a Pedestrian;No priority to vehicle;Slight Injury
17:35:00;Saturday;Female;Elementary school;Owner;5-10yr;Stationwagen;Owner;Above 10yr;No defect;Residential areas;Two-way (divided with broken lines road marking);Tangent road with flat terrain;unknown;Asphalt roads;Wet or damp;Daylight;Normal;Collision with roadside objects;2;1;Going straight;18-30;Not a Pedestrian;No distancing;Slight Injury
17:35:00;Saturday;Male;Junior high school;Employee;2-5yr;Stationwagen;Owner;Unknown;unknown; Church areas;Two-way (divided with broken lines road marking);Tangent road with flat terrain;unknown;Asphalt roads;Wet or damp;Darkness - lights lit;Normal;Vehicle with vehicle collision;2;1;Moving Backward;na;Not a Pedestrian;Changing lane to the right;Slight Injury
17:35:00;Saturday;Male;Junior high school;Employee;Above 10yr;Lorry (41?100Q);Governmental;Unknown;No defect; Church areas;Double carriageway (median);Tangent road with flat terrain;unknown;Asphalt roads;Wet or damp;Darkness - lights lit;Normal;Vehicle with vehicle collision;2;1;Going straight;31-50;Not a Pedestrian;Changing lane to the right;Slight Injury
18:40:00;Tuesday;Male;Junior high school;Employee;5-10yr;Lorry (41?100Q);Owner;2-5yrs;No defect;Residential areas;Double carriageway (median);Tangent road with flat terrain;unknown;Asphalt roads;Wet or damp;Darkness - lights lit;Windy;Vehicle with vehicle collision;2;1;Going straight;na;Not a Pedestrian;Driving at high speed;Slight Injury
18:40:00;Tuesday;Male;High school;Employee;1-2yr;Other;Owner;unknown;No defect;Office areas;Two-way (divided with broken lines road marking);Tangent road with mild grade and flat terrain;unknown;Asphalt roads;Wet or damp;Darkness - lights lit;Windy;Vehicle with vehicle collision;2;1;Going straight;na;Not a Pedestrian;No distancing;Slight Injury
15:47:00;Thursday;Male;High school;Employee;5-10yr;Automobile;Owner;unknown;No defect;  Recreational areas;Undivided Two way;Tangent road with flat terrain;No junction;Asphalt roads;Wet or damp;Darkness - lights lit;Raining;Collision with roadside objects;2;1;Going straight;Under 18;Not a Pedestrian;Changing lane to the right;Slight Injury
14:57:00;Sunday;Female;High school;Owner;2-5yr;unknown;Owner;unknown;No defect; Church areas;Undivided Two way;Tangent road with flat terrain;Crossing;Asphalt roads;Wet or damp;Darkness - lights lit;Raining;Vehicle with vehicle collision;2;1;Moving Backward;5;Not a Pedestrian;Changing lane to the left;Slight Injury
17:25:00;Friday;Male;Junior high school;Employee;5-10yr;Taxi;Other;1-2yr;No defect;  Recreational areas;other;Tangent road with flat terrain;Crossing;Asphalt roads;Wet or damp;Daylight;Raining;Collision with roadside objects;2;2;Going straight;na;Not a Pedestrian;Getting off the vehicle improperly;Slight Injury
17:25:00;Friday;Male;Elementary school;Employee;2-5yr;Lorry (41?100Q);Owner;5-10yrs;No defect;School areas;other;Tangent road with flat terrain;No junction;Asphalt roads;Wet or damp;Daylight;Raining;Collision with roadside objects;2;2;Other;18-30;Not a Pedestrian;Other;Slight Injury
17:25:00;Friday;Male;Elementary school;Employee;5-10yr;Other;Owner;unknown;No defect; Church areas;Double carriageway (median);Tangent road with flat terrain;No junction;Asphalt roads;Wet or damp;Daylight;Normal;Collision with pedestrians;1;1;Other;na;Not a Pedestrian;Other;Serious Injury
17:22:00;Sunday;Male;Junior high school;Employee;1-2yr;Automobile;Owner;5-10yrs;unknown;Office areas;unknown;Tangent road with flat terrain;No junction;Asphalt roads;Wet or damp;Darkness - lights lit;Raining;Vehicle with vehicle collision;2;3;Going straight;na;Not a Pedestrian;No distancing;Serious Injury
17:22:00;Sunday;Male;Junior high school;Employee;5-10yr;Public (> 45 seats);Owner;2-5yrs;unknown;Residential areas;One way;Steep grade downward with mountainous terrain;Y Shape;Asphalt roads;Wet or damp;Darkness - lights lit;Raining;Collision with roadside objects;2;3;Going straight;31-50;Not a Pedestrian;No priority to vehicle;Serious Injury
16:05:00;Monday;Male;unknown;unknown;unknown;Stationwagen;Owner;unknown;No defect;Other;One way;Tangent road with flat terrain;Y Shape;Asphalt roads;Wet or damp;Darkness - lights lit;Raining;Vehicle with vehicle collision;2;3;Going straight;18-30;Crossing from driver's nearside;Overtaking;Serious Injury
16:05:00;Monday;Male;Elementary school;Employee;Above 10yr;Automobile;Owner;unknown;No defect;Other;Undivided Two way;Tangent road with flat terrain;Y Shape;Asphalt roads;Wet or damp;Darkness - lights lit;Raining;Vehicle with vehicle collision;2;3;Going straight;na;Not a Pedestrian;No priority to pedestrian;Serious Injury
16:05:00;Monday;Male;Elementary school;Employee;Below 1yr;Lorry (41?100Q);Governmental;1-2yr;No defect; Industrial areas;One way;Tangent road with flat terrain;Crossing;Asphalt roads;Wet or damp;Darkness - lights lit;Windy;Vehicle with vehicle collision;1;1;Other;18-30;Not a Pedestrian;No distancing;Slight Injury
09:00:00;Thursday;Male;Junior high school;Employee;2-5yr;Other;Governmental;1-2yr;No defect; Church areas;other;Steep grade downward with mountainous terrain;Y Shape;Asphalt roads;Dry;Daylight;Normal;Vehicle with vehicle collision;6;1;Going straight;31-50;Not a Pedestrian;Changing lane to the right;Slight Injury
09:00:00;Thursday;Male;Elementary school;Owner;1-2yr;Public (13?45 seats);Organization;1-2yr;No defect;Office areas;other;Tangent road with flat terrain;Y Shape;Asphalt roads;Dry;Daylight;Normal;Vehicle with vehicle collision;6;1;Getting off;Over 51;Not a Pedestrian;Driving carelessly;Slight Injury
08:55:00;Saturday;Male;Junior high school;Owner;5-10yr;Other;Owner;Unknown;No defect;Office areas;Undivided Two way;Tangent road with flat terrain;Y Shape;Asphalt roads;Dry;Daylight;Normal;Vehicle with vehicle collision;6;1;Going straight;na;Not a Pedestrian;Changing lane to the right;Slight Injury
10:44:00;Friday;Male;Junior high school;Employee;2-5yr;Other;Owner;unknown;unknown;Office areas;Double carriageway (median);Tangent road with flat terrain;No junction;Asphalt roads;Dry;Daylight;Normal;Collision with roadside objects;6;1;Going straight;na;Not a Pedestrian;Overtaking;Slight Injury
16:18:00;Wednesday;Male;Junior high school;Employee;2-5yr;Ridden horse;Owner;2-5yrs;unknown;Other;Two-way (divided with broken lines road marking);Tangent road with flat terrain;No junction;Asphalt roads;Dry;Daylight;Normal;Vehicle with vehicle collision;6;1;Going straight;na;Not a Pedestrian;Other;Slight Injury
17:21:00;Thursday;Male;High school;Employee;2-5yr;Lorry (41?100Q);Owner;unknown;unknown;Office areas;Undivided Two way;Tangent road with flat terrain;No junction;Asphalt roads;Dry;Daylight;Normal;Collision with roadside objects;6;1;Going straight;31-50;Not a Pedestrian;Driving to the left;Slight Injury
17:21:00;Thursday;Male;Junior high school;Employee;Above 10yr;Lorry (41?100Q);Owner;unknown;No defect;Other;Double carriageway (median);Tangent road with flat terrain;No junction;Gravel roads;Wet or damp;Daylight;Raining;Vehicle with vehicle collision;2;2;Going straight;31-50;Not a Pedestrian;Driving at high speed;Slight Injury
17:21:00;Thursday;Male;Junior high school;Employee;2-5yr;Pick up upto 10Q;Owner;Above 10yr;No defect; Industrial areas;Two-way (divided with broken lines road marking);Tangent road with flat terrain;No junction;Asphalt roads;Wet or damp;Daylight;Raining;Vehicle with vehicle collision;2;2;Going straight;na;Not a Pedestrian;Unknown;Slight Injury
17:21:00;Thursday;Male;Junior high school;Employee;1-2yr;Lorry (11?40Q);Owner;unknown;No defect;Residential areas;other;Tangent road with flat terrain;Y Shape;Asphalt roads;Wet or damp;Darkness - no lighting;Raining;Vehicle with vehicle collision;2;1;Moving Backward;31-50;Not a Pedestrian;Changing lane to the right;Slight Injury
15:40:00;Monday;Male;Junior high school;Employee;2-5yr;Automobile;Owner;unknown;No defect;Other;Two-way (divided with broken lines road marking);Tangent road with flat terrain;Y Shape;Asphalt roads;Wet or damp;Darkness - no lighting;Raining;Collision with roadside objects;2;1;Going straight;na;Not a Pedestrian;No distancing;Slight Injury
15:40:00;Monday;Male;Junior high school;Employee;5-10yr;Automobile;Owner;5-10yrs;unknown;Other;One way;Tangent road with flat terrain;Y Shape;Asphalt roads;Wet or damp;Darkness - lights lit;Normal;Collision with roadside objects;2;2;Other;18-30;Not a Pedestrian;Other;Slight Injury
15:40:00;Monday;Male;Junior high school;Employee;1-2yr;Lorry (11?40Q);Owner;1-2yr;No defect;Other;One way;Tangent road with flat terrain;Y Shape;Asphalt roads;Wet or damp;Darkness - lights lit;Normal;Vehicle with vehicle collision;2;2;Going straight;18-30;Not a Pedestrian;No priority to vehicle;Slight Injury
15:40:00;Monday;Male;Elementary school;Employee;1-2yr;Motorcycle;Owner;unknown;unknown;Other;Undivided Two way;Tangent road with flat terrain;Y Shape;Asphalt roads;Wet or damp;Darkness - lights lit;Normal;Vehicle with vehicle collision;2;2;Going straight;na;Not a Pedestrian;Changing lane to the left;Slight Injury
16:46:00;Thursday;Male;Junior high school;Employee;2-5yr;Lorry (41?100Q);unknown;unknown;unknown;Other;Two-way (divided with broken lines road marking);Tangent road with flat terrain;Y Shape;Asphalt roads;Wet or damp;Daylight;Normal;Vehicle with vehicle collision;2;2;Going straight;31-50;Not a Pedestrian;No priority to pedestrian;Slight Injury
16:46:00;Thursday;Male;Junior high school;Employee;Above 10yr;Stationwagen;Governmental;Below 1yr;No defect;Residential areas;other;Steep grade downward with mountainous terrain;Crossing;Asphalt roads;Wet or damp;Daylight;Normal;Vehicle with vehicle collision;2;2;Going straight;na;Not a Pedestrian;Overtaking;Slight Injury
16:46:00;Thursday;Male;Junior high school;Employee;Below 1yr;Automobile;Owner;unknown;No defect;Office areas;Two-way (divided with broken lines road marking);Tangent road with flat terrain;Y Shape;Asphalt roads;Wet or damp;Daylight;Raining;Vehicle with vehicle collision;3;1;unknown;Over 51;Crossing from nearside - masked by parked or statioNot a Pedestrianry vehicle;Driving carelessly;Slight Injury
17:45:00;Sunday;Male;Junior high school;Employee;Above 10yr;Other;Owner;unknown;unknown;Office areas;Two-way (divided with broken lines road marking);Tangent road with flat terrain;Y Shape;Asphalt roads;Wet or damp;Daylight;Raining;Vehicle with vehicle collision;3;1;Moving Backward;31-50;Crossing from nearside - masked by parked or statioNot a Pedestrianry vehicle;No priority to vehicle;Slight Injury
17:45:00;Sunday;Male;Elementary school;Owner;5-10yr;Other;Owner;Unknown;No defect;Other;Two-way (divided with broken lines road marking);Tangent road with flat terrain;Crossing;Asphalt roads;Wet or damp;Daylight;Raining;Vehicle with vehicle collision;3;1;unknown;na;Not a Pedestrian;No priority to pedestrian;Slight Injury
11:45:00;Saturday;Male;Elementary school;Employee;Above 10yr;Taxi;Owner;Above 10yr;No defect;Other;One way;Tangent road with flat terrain;Crossing;Asphalt roads;Dry;Daylight;Normal;Collision with roadside objects;2;1;Going straight;18-30;Not a Pedestrian;Changing lane to the right;Serious Injury
11:45:00;Saturday;Male;Junior high school;Employee;1-2yr;Automobile;Owner;unknown;No defect;Office areas;Two-way (divided with broken lines road marking);Tangent road with flat terrain;Crossing;Asphalt roads;Dry;Daylight;Normal;Collision with roadside objects;2;1;Going straight;18-30;Not a Pedestrian;Driving carelessly;Serious Injury
11:45:00;Saturday;Male;unknown;unknown;unknown;Long lorry;Owner;2-5yrs;unknown;Office areas;Undivided Two way;Tangent road with flat terrain;No junction;Asphalt roads;Dry;Daylight;Normal;Collision with roadside objects;2;1;unknown;na;Not a Pedestrian;Changing lane to the right;Slight Injury
11:45:00;Saturday;Male;High school;Owner;5-10yr;Long lorry;Owner;unknown;No defect;Other;Two-way (divided with broken lines road marking);Tangent road with flat terrain;No junction;Gravel roads;Dry;Daylight;Normal;Vehicle with vehicle collision;2;1;Going straight;na;Not a Pedestrian;Changing lane to the right;Slight Injury
12:00:00;Saturday;Male;Elementary school;Employee;2-5yr;Lorry (41?100Q);Owner;unknown;No defect;Other;Two-way (divided with broken lines road marking);Tangent road with flat terrain;No junction;Asphalt roads;Wet or damp;Daylight;Raining;Vehicle with vehicle collision;2;3;Going straight;31-50;Not a Pedestrian;Changing lane to the left;Slight Injury
12:00:00;Saturday;Male;unknown;unknown;unknown;Lorry (41?100Q);Governmental;Unknown;unknown;Residential areas;Two-way (divided with broken lines road marking);Tangent road with flat terrain;Crossing;Asphalt roads;Wet or damp;Daylight;Raining;Vehicle with vehicle collision;2;3;Going straight;18-30;Crossing from driver's nearside;Overturning;Slight Injury