Time;Day_of_week;Sex_of_driver;Educational_level;Vehicle_driver_relation;Driving_experience;Type_of_vehicle;Owner_of_vehicle;Service_year_of_vehicle;Defect_of_vehicle;Area_accident_occured;Lanes_or_Medians;Road_allignment;Types_of_Junction;Road_surface_type;Road_surface_conditions;Light_conditions;Weather_conditions;Type_of_collision;Number_of_vehicles_involved;Number_of_casualties;Vehicle_movement;Age_band_of_casualty;Pedestrian_movement;Cause_of_accident;Accident_severity
12:00:00;Saturday;Male;unknown;unknown;unknown;Lorry (11?40Q);Owner;1-2yr;No defect;Other;Undivided Two way;Tangent road with flat terrain;No junction;Asphalt roads;Wet or damp;Daylight;Raining;Vehicle with vehicle collision;2;3;Going straight;na;Not a Pedestrian;Driving carelessly;Slight Injury
12:00:00;Saturday;Male;High school;Owner;1-2yr;Automobile;Owner;unknown;No defect;Office areas;Undivided Two way;Tangent road with flat terrain;No junction;Asphalt roads;Wet or damp;Daylight;Normal;Collision with pedestrians;2;2;Going straight;31-50;Not a Pedestrian;No distancing;Slight Injury
07:50:00;Friday;Male;Junior high school;Employee;1-2yr;Taxi;Owner;2-5yrs;No defect;Office areas;Undivided Two way;Tangent road with flat terrain;No junction;Earth roads;Wet or damp;Daylight;Normal;Collision with pedestrians;2;2;Going straight;31-50;Not a Pedestrian;Driving carelessly;Slight Injury
07:50:00;Friday;Female;Junior high school;Employee;1-2yr;Other;unknown;unknown;unknown;Other;Undivided Two way;Tangent road with flat terrain;O Shape;Asphalt roads;Dry;Daylight;Normal;Vehicle with vehicle collision;2;1;Going straight;na;Not a Pedestrian;Changing lane to the left;Slight Injury
19:55:00;Sunday;Male;Junior high school;Employee;Above 10yr;Automobile;Owner;Unknown;unknown;Other;unknown;Tangent road with flat terrain;O Shape;Asphalt roads;Dry;Daylight;Normal;Vehicle with vehicle collision;2;1;Other;31-50;Crossing from driver's nearside;No priority to vehicle;Slight Injury
19:55:00;Sunday;Male;Junior high school;Employee;1-2yr;Automobile;Owner;Above 10yr;unknown;Other;Undivided Two way;Tangent road with flat terrain;Crossing;unknown;Wet or damp;Darkness - lights lit;Raining;Vehicle with vehicle collision;1;1;Going straight;na;Not a Pedestrian;Changing lane to the right;Slight Injury
20:30:00;Sunday;Male;High school;Owner;Above 10yr;Automobile;Owner;unknown;No defect;Office areas;unknown;Tangent road with flat terrain;Crossing;Gravel roads;Wet or damp;Darkness - lights lit;Raining and Windy;Vehicle with vehicle collision;2;2;Going straight;18-30;Not a Pedestrian;No distancing;Slight Injury
20:30:00;Sunday;Male;Junior high school;Employee;Above 10yr;Automobile;Owner;Above 10yr;No defect;Office areas;Two-way (divided with broken lines road marking);Tangent road with flat terrain;Crossing;Asphalt roads;Wet or damp;Darkness - lights lit;Raining and Windy;Vehicle with vehicle collision;2;2;Going straight;na;Not a Pedestrian;Moving Backward;Slight Injury
20:30:00;Sunday;Male;Junior high school;Employee;1-2yr;Public (> 45 seats);Owner;unknown;No defect;Other;Two-way (divided with broken lines road marking);Steep grade downward with mountainous terrain;No junction;unknown;Wet or damp;Darkness - lights lit;Raining and Windy;Vehicle with vehicle collision;2;2;Going straight;18-30;Not a Pedestrian;Moving Backward;Slight Injury
20:30:00;Sunday;Male;Junior high school;Employee;1-2yr;Lorry (11?40Q);Owner;Above 10yr;No defect; Church areas;other;Tangent road with flat terrain;No junction;Asphalt roads;Dry;Darkness - lights lit;Normal;Vehicle with vehicle collision;2;3;Going straight;31-50;Not a Pedestrian;No distancing;Slight Injury
20:30:00;Sunday;Male;High school;Employee;2-5yr;Lorry (41?100Q);Governmental;unknown;No defect; Industrial areas;Undivided Two way;Tangent road with flat terrain;No junction;Earth roads;Dry;Darkness - lights lit;Normal;Vehicle with vehicle collision;2;3;Going straight;18-30;Not a Pedestrian;No distancing;Slight Injury
20:30:00;Sunday;Male;Junior high school;Employee;2-5yr;Lorry (41?100Q);Organization;2-5yrs;unknown;Other;Undivided Two way;Tangent road with flat terrain;No junction;Asphalt roads;Dry;Darkness - lights lit;Normal;Vehicle with vehicle collision;2;3;Moving Backward;na;Not a Pedestrian;No distancing;Slight Injury
13:57:00;Wednesday;Male;Junior high school;Employee;1-2yr;Stationwagen;Owner;5-10yrs;No defect;Other;Two-way (divided with broken lines road marking);Tangent road with flat terrain;Y Shape;Asphalt roads;Dry;Darkness - lights lit;Normal;Vehicle with vehicle collision;2;3;Going straight;18-30;Not a Pedestrian;No priority to pedestrian;Slight Injury
13:57:00;Wednesday;Male;Elementary school;Employee;5-10yr;Other;Owner;1-2yr;unknown;Office areas;Undivided Two way;Tangent road with mountainous terrain and;Y Shape;Asphalt roads;Wet or damp;Darkness - lights lit;Raining;Collision with roadside objects;1;1;Going straight;na;Not a Pedestrian;Driving carelessly;Slight Injury
13:57:00;Wednesday;Male;Junior high school;Employee;5-10yr;Automobile;Owner;Unknown;No defect;Other;One way;Tangent road with flat terrain;Y Shape;Asphalt roads;Dry;Daylight;Normal;Rollover;2;1;Going straight;18-30;Not a Pedestrian;Changing lane to the right;Serious Injury
13:57:00;Wednesday;Male;Junior high school;Employee;1-2yr;Pick up upto 10Q;Owner;Unknown;No defect;  Recreational areas;Undivided Two way;Steep grade downward with mountainous terrain;Crossing;Asphalt roads;Dry;Daylight;Normal;Vehicle with vehicle collision;2;1;Going straight;na;Not a Pedestrian;Changing lane to the left;Serious Injury
13:45:00;Sunday;Male;Elementary school;Other;5-10yr;Motorcycle;Governmental;Unknown;No defect;Other;Two-way (divided with broken lines road marking);Steep grade downward with mountainous terrain;Crossing;Earth roads;Dry;Daylight;Normal;Vehicle with vehicle collision;2;1;Going straight;18-30;In carriageway, statioNot a Pedestrianry - not crossing  (standing or playing);Driving carelessly;Slight Injury
13:45:00;Sunday;Male;Junior high school;Employee;2-5yr;Automobile;Governmental;5-10yrs;No defect; Church areas;Two-way (divided with broken lines road marking);Tangent road with flat terrain;Crossing;Asphalt roads;Dry;Daylight;Normal;Vehicle with vehicle collision;2;1;Going straight;na;Not a Pedestrian;Driving carelessly;Slight Injury
07:44:00;Friday;Male;Elementary school;Employee;5-10yr;Pick up upto 10Q;Owner;unknown;unknown;Residential areas;Undivided Two way;Tangent road with flat terrain;Crossing;Asphalt roads;Wet or damp;Darkness - lights lit;Normal;Vehicle with vehicle collision;2;1;Going straight;31-50;Not a Pedestrian;No distancing;Slight Injury
07:44:00;Friday;Male;Junior high school;Employee;Above 10yr;Motorcycle;Owner;5-10yrs;No defect;Office areas;Two-way (divided with broken lines road marking);unknown;Other;Asphalt roads;Wet or damp;Darkness - lights lit;Normal;Vehicle with vehicle collision;2;1;Going straight;Over 51;Crossing from nearside - masked by parked or statioNot a Pedestrianry vehicle;Other;Slight Injury
15:35:00;Thursday;Male;Junior high school;Employee;Above 10yr;Stationwagen;Owner;2-5yrs;No defect;Other;Two-way (divided with broken lines road marking);Tangent road with flat terrain;Other;Asphalt roads;Dry;Darkness - lights lit;Normal;Collision with roadside objects;1;1;Going straight;18-30;Crossing from nearside - masked by parked or statioNot a Pedestrianry vehicle;Changing lane to the right;Slight Injury
20:00:00;Friday;Male;Elementary school;Owner;2-5yr;Lorry (41?100Q);Governmental;2-5yrs;unknown;Office areas;Undivided Two way;Tangent road with flat terrain;No junction;Asphalt roads;Dry;Darkness - lights lit;Normal;Collision with roadside objects;1;1;Going straight;31-50;Not a Pedestrian;Changing lane to the right;Slight Injury
20:00:00;Friday;Male;Elementary school;Employee;5-10yr;Taxi;Owner;unknown;unknown;Office areas;other;Tangent road with flat terrain;No junction;Asphalt roads;Dry;Daylight;Normal;Vehicle with vehicle collision;1;1;Going straight;na;Not a Pedestrian;No distancing;Slight Injury
20:00:00;Friday;Male;Junior high school;Owner;1-2yr;Automobile;Owner;unknown;No defect;Other;One way;Escarpments;No junction;Asphalt roads;Wet or damp;Darkness - lights lit;Raining;Collision with roadside objects;2;2;Going straight;na;Not a Pedestrian;No distancing;Slight Injury
17:46:00;Thursday;Male;Elementary school;Employee;Above 10yr;Long lorry;Owner;unknown;No defect;Residential areas;Undivided Two way;Tangent road with flat terrain;No junction;Asphalt roads;Wet or damp;Darkness - lights lit;Raining;Vehicle with vehicle collision;2;2;Other;Under 18;Not a Pedestrian;Overturning;Slight Injury
17:46:00;Thursday;Male;Junior high school;Employee;5-10yr;Automobile;Owner;unknown;No defect;  Recreational areas;One way;Tangent road with flat terrain;No junction;Asphalt roads;Wet or damp;Darkness - lights lit;Raining;Vehicle with vehicle collision;2;2;Going straight;Under 18;Not a Pedestrian;Driving at high speed;Slight Injury
17:46:00;Thursday;Male;Junior high school;Employee;2-5yr;Public (12 seats);Owner;unknown;No defect; Church areas;Undivided Two way;Tangent road with flat terrain;No junction;Asphalt roads;Wet or damp;Darkness - lights lit;Raining;Vehicle with vehicle collision;2;2;Going straight;na;Not a Pedestrian;No priority to vehicle;Slight Injury
14:20:00;Friday;Male;Elementary school;Employee;Above 10yr;Lorry (11?40Q);Owner;unknown;No defect;Other;One way;Tangent road with flat terrain;Unknown;Asphalt roads;Wet or damp;Darkness - lights lit;Raining;Vehicle with vehicle collision;2;2;Going straight;18-30;Crossing from offside - masked by  parked or statioNot a Pedestrianry vehicle;No priority to pedestrian;Slight Injury
12:15:00;Sunday;Male;Junior high school;Employee;2-5yr;Pick up upto 10Q;Owner;unknown;No defect;Other;Undivided Two way;Tangent road with flat terrain;Unknown;Earth roads;Dry;Darkness - lights lit;Normal;Vehicle with vehicle collision;2;1;Going straight;Over 51;Not a Pedestrian;No priority to vehicle;Slight Injury
12:15:00;Sunday;Male;Elementary school;Employee;Above 10yr;Lorry (41?100Q);Owner;Unknown;No defect;Other;Two-way (divided with broken lines road marking);Tangent road with flat terrain;Y Shape;Asphalt roads;Dry;Darkness - lights lit;Normal;Vehicle with vehicle collision;2;1;Going straight;31-50;Crossing from driver's nearside;Other;Slight Injury
07:40:00;Tuesday;Male;Junior high school;Employee;Above 10yr;Other;Governmental;unknown;No defect;Residential areas;other;Tangent road with flat terrain;Y Shape;Asphalt roads;Wet or damp;Daylight;Normal;Collision with pedestrians;1;1;Going straight;na;Not a Pedestrian;Other;Slight Injury
16:10:00;Wednesday;Male;Junior high school;Employee;2-5yr;Automobile;Owner;Above 10yr;No defect;School areas;other;Tangent road with flat terrain;Y Shape;Asphalt roads;Dry;Daylight;Normal;Vehicle with vehicle collision;1;1;Going straight;18-30;Not a Pedestrian;Moving Backward;Slight Injury
08:35:00;Wednesday;Male;Junior high school;Employee;Above 10yr;Long lorry;Owner;Above 10yr;No defect; Church areas;Two-way (divided with broken lines road marking);Tangent road with flat terrain;Y Shape;Asphalt roads;Wet or damp;Darkness - no lighting;Normal;Collision with roadside objects;2;2;Other;na;Not a Pedestrian;No distancing;Serious Injury
08:35:00;Wednesday;Male;Junior high school;Employee;Above 10yr;Lorry (11?40Q);Owner;Above 10yr;No defect;Other;other;Tangent road with flat terrain;No junction;Other;Wet or damp;Darkness - no lighting;Normal;Vehicle with vehicle collision;2;2;Going straight;31-50;Not a Pedestrian;Moving Backward;Serious Injury
08:40:00;Wednesday;Male;Junior high school;Employee;Below 1yr;Long lorry;Owner;Below 1yr;unknown;Other;Two-way (divided with broken lines road marking);Tangent road with flat terrain;No junction;Gravel roads;Wet or damp;Darkness - no lighting;Normal;Collision with roadside objects;2;2;Going straight;na;Not a Pedestrian;No priority to vehicle;Serious Injury
18:49:00;Tuesday;Male;Junior high school;Owner;Above 10yr;Automobile;Owner;2-5yrs;unknown;Office areas;Undivided Two way;Tangent road with flat terrain;O Shape;Gravel roads;Wet or damp;Darkness - lights lit;Normal;Vehicle with vehicle collision;2;2;Going straight;18-30;Not a Pedestrian;Driving carelessly;Serious Injury
12:46:00;Friday;Male;High school;Other;Above 10yr;Taxi;Owner;2-5yrs;unknown;Office areas;Two-way (divided with broken lines road marking);Tangent road with flat terrain;O Shape;Asphalt roads;Wet or damp;Darkness - lights lit;Normal;Vehicle with vehicle collision;2;2;Going straight;na;Not a Pedestrian;No distancing;Serious Injury
12:46:00;Friday;Male;Junior high school;Employee;5-10yr;Taxi;Owner;2-5yrs;No defect;Other;Undivided Two way;Tangent road with flat terrain;No junction;Asphalt roads;Dry;Daylight;Normal;Collision with pedestrians;3;1;Going straight;5;Not a Pedestrian;Other;Slight Injury
07:40:00;Wednesday;Male;Elementary school;unknown;unknown;Long lorry;Owner;Below 1yr;No defect; Hospital areas;Undivided Two way;Tangent road with flat terrain;No junction;Earth roads;Dry;Daylight;Normal;Vehicle with vehicle collision;3;1;Going straight;31-50;Not a Pedestrian;Changing lane to the right;Slight Injury
07:40:00;Wednesday;Male;Junior high school;Employee;5-10yr;Lorry (11?40Q);Owner;2-5yrs;unknown;Other;Undivided Two way;Tangent road with flat terrain;Crossing;Asphalt roads;Dry;Daylight;Normal;Vehicle with vehicle collision;3;1;Going straight;na;Not a Pedestrian;No distancing;Slight Injury
06:00:00;Sunday;Male;Junior high school;Employee;5-10yr;Lorry (11?40Q);Owner;unknown;unknown;Other;Two-way (divided with broken lines road marking);Tangent road with flat terrain;Crossing;Asphalt roads;Wet or damp;Daylight;Other;Vehicle with vehicle collision;2;1;Going straight;na;Not a Pedestrian;Driving carelessly;Slight Injury
06:00:00;Sunday;Male;Junior high school;Owner;Below 1yr;Long lorry;Owner;unknown;unknown;Other;Undivided Two way;Tangent road with flat terrain;No junction;Asphalt roads;Wet or damp;Daylight;Other;Vehicle with vehicle collision;2;1;Going straight;18-30;Not a Pedestrian;No distancing;Slight Injury
15:00:00;Saturday;Male;Junior high school;Employee;5-10yr;Turbo;unknown;unknown;unknown;Other;Double carriageway (median);Tangent road with flat terrain;No junction;Asphalt roads;Dry;Daylight;Normal;Collision with pedestrians;1;1;Moving Backward;18-30;Not a Pedestrian;No priority to vehicle;Slight Injury
18:02:00;Wednesday;Male;Elementary school;Employee;2-5yr;Long lorry;Governmental;unknown;No defect;Other;Two-way (divided with broken lines road marking);Tangent road with mild grade and flat terrain;No junction;Earth roads;Dry;Daylight;Normal;Vehicle with vehicle collision;1;1;Going straight;na;Not a Pedestrian;Changing lane to the right;Slight Injury
21:25:00;Thursday;Male;Junior high school;Owner;2-5yr;Long lorry;Owner;Above 10yr;No defect; Hospital areas;Two-way (divided with broken lines road marking);Tangent road with flat terrain;No junction;Asphalt roads;Wet or damp;Darkness - lights lit;Normal;Vehicle with vehicle collision;1;1;Going straight;18-30;Not a Pedestrian;No priority to pedestrian;Slight Injury
21:25:00;Thursday;Male;Elementary school;Employee;2-5yr;Public (13?45 seats);unknown;Above 10yr;No defect;Other;Two-way (divided with broken lines road marking);Tangent road with flat terrain;No junction;Asphalt roads;Wet or damp;Darkness - lights lit;Normal;Vehicle with vehicle collision;4;2;Going straight;18-30;Not a Pedestrian;No priority to vehicle;Slight Injury
21:25:00;Thursday;Male;Junior high school;Owner;2-5yr;Automobile;Owner;unknown;No defect;Other;One way;Tangent road with flat terrain;No junction;Asphalt roads;Wet or damp;Darkness - lights lit;Normal;Vehicle with vehicle collision;4;2;Going straight;5;Not a Pedestrian;Changing lane to the left;Slight Injury
16:55:00;Friday;Male;Junior high school;Employee;Above 10yr;Automobile;Owner;2-5yrs;No defect;Other;Two-way (divided with broken lines road marking);Tangent road with mild grade and flat terrain;Y Shape;Asphalt roads;Wet or damp;Darkness - lights lit;Normal;Collision with roadside objects;4;2;Moving Backward;5;Not a Pedestrian;Turnover;Slight Injury
16:55:00;Friday;Male;Junior high school;Employee;2-5yr;Pick up upto 10Q;Owner;unknown;unknown;Office areas;Two-way (divided with broken lines road marking);Tangent road with flat terrain;Y Shape;Asphalt roads;Wet or damp;Darkness - lights lit;Normal;Vehicle with vehicle collision;4;2;Going straight;5;Not a Pedestrian;Driving to the left;Slight Injury
16:55:00;Friday;Male;Junior high school;Employee;1-2yr;unknown;Owner;Unknown;unknown;Residential areas;Two-way (divided with broken lines road marking);Tangent road with flat terrain;Crossing;Asphalt roads;Dry;Daylight;Normal;Vehicle with vehicle collision;4;1;Other;5;Not a Pedestrian;Driving carelessly;Slight Injury
16:55:00;Friday;Male;Junior high school;Employee;2-5yr;Stationwagen;Owner;2-5yrs;No defect;Other;Two-way (divided with broken lines road marking);Tangent road with flat terrain;Crossing;Asphalt roads;Dry;Daylight;Normal;Vehicle with vehicle collision;4;1;Other;5;Not a Pedestrian;Driving to the left;Slight Injury
16:55:00;Friday;Male;Junior high school;Employee;1-2yr;unknown;Owner;Unknown;unknown;Residential areas;Two-way (divided with broken lines road marking);Tangent road with flat terrain;Unknown;Asphalt roads;Dry;Daylight;Normal;Vehicle with vehicle collision;4;1;Going straight;5;Not a Pedestrian;Driving carelessly;Slight Injury
20:15:00;Monday;Male;Junior high school;Employee;5-10yr;Automobile;Owner;Unknown;unknown;Other;Undivided Two way;Tangent road with flat terrain;Unknown;Asphalt roads;Dry;Daylight;Normal;Collision with roadside objects;4;1;Going straight;18-30;Not a Pedestrian;No priority to pedestrian;Slight Injury
20:15:00;Monday;Male;Junior high school;Employee;5-10yr;Automobile;Owner;2-5yrs;unknown;Residential areas;Double carriageway (median);Tangent road with flat terrain;Crossing;Asphalt roads;Wet or damp;Darkness - lights lit;Cloudy;Vehicle with vehicle collision;3;2;Going straight;18-30;Not a Pedestrian;Driving carelessly;Slight Injury
20:15:00;Monday;Male;Elementary school;Owner;2-5yr;Long lorry;Owner;unknown;unknown;Office areas;Two-way (divided with broken lines road marking);Tangent road with flat terrain;Crossing;Earth roads;Wet or damp;Darkness - lights lit;Cloudy;Vehicle with vehicle collision;3;2;Going straight;Under 18;Not a Pedestrian;Changing lane to the right;Slight Injury
15:30:00;Tuesday;Male;Elementary school;Employee;Below 1yr;Public (13?45 seats);Owner;5-10yrs;unknown;Office areas;Two-way (divided with broken lines road marking);Tangent road with mild grade and flat terrain;Crossing;Asphalt roads;Wet or damp;Darkness - lights lit;Cloudy;Vehicle with vehicle collision;3;2;Other;31-50;Not a Pedestrian;Moving Backward;Slight Injury
20:17:00;Thursday;Male;unknown;unknown;unknown;Public (13?45 seats);Owner;Unknown;unknown;Office areas;Double carriageway (median);Tangent road with flat terrain;Y Shape;Asphalt roads;Wet or damp;Darkness - lights lit;Raining;Vehicle with vehicle collision;2;2;Going straight;18-30;Not a Pedestrian;Driving carelessly;Slight Injury
20:17:00;Thursday;Male;Junior high school;Employee;Above 10yr;Lorry (11?40Q);Owner;unknown;unknown;  Recreational areas;Two-way (divided with broken lines road marking);Tangent road with flat terrain;Y Shape;Asphalt roads;Wet or damp;Darkness - lights lit;Raining;Vehicle with vehicle collision;2;2;Getting off;18-30;Not a Pedestrian;Changing lane to the right;Slight Injury
13:07:00;Sunday;Male;High school;Employee;1-2yr;Lorry (11?40Q);Owner;unknown;unknown;Other;Two-way (divided with broken lines road marking);Tangent road with flat terrain;No junction;Asphalt roads;Snow;Daylight;Snow;Vehicle with vehicle collision;3;2;Going straight;18-30;Not a Pedestrian;Driving carelessly;Slight Injury
13:07:00;Sunday;Male;Junior high school;Owner;5-10yr;Pick up upto 10Q;Owner;unknown;unknown;Other;other;Tangent road with flat terrain;No junction;Earth roads;Snow;Daylight;Snow;Vehicle with vehicle collision;3;2;Going straight;na;Not a Pedestrian;Driving carelessly;Slight Injury
13:07:00;Sunday;Male;Junior high school;Employee;1-2yr;Automobile;Owner;5-10yrs;unknown;Other;Two-way (divided with broken lines road marking);Tangent road with flat terrain;No junction;Asphalt roads;Snow;Daylight;Snow;Vehicle with vehicle collision;3;2;Going straight;5;Not a Pedestrian;Driving carelessly;Slight Injury
16:30:00;Tuesday;Male;Junior high school;Employee;Above 10yr;Automobile;Owner;unknown;unknown;Other;Double carriageway (median);Tangent road with flat terrain;No junction;Asphalt roads;Snow;Daylight;Snow;Vehicle with vehicle collision;3;2;Going straight;18-30;Not a Pedestrian;Changing lane to the right;Slight Injury
16:30:00;Tuesday;Male;Junior high school;Employee;Below 1yr;Automobile;Owner;2-5yrs;No defect;Other;Undivided Two way;Tangent road with mountainous terrain and;Crossing;Asphalt roads;Snow;Daylight;Snow;Vehicle with vehicle collision;3;2;Going straight;na;Not a Pedestrian;Changing lane to the right;Slight Injury
15:18:00;Monday;Male;Elementary school;Employee;2-5yr;Long lorry;Owner;2-5yrs;No defect;Office areas;Two-way (divided with broken lines road marking);Tangent road with flat terrain;Crossing;Asphalt roads;Snow;Daylight;Snow;Vehicle with vehicle collision;3;2;Going straight;na;Not a Pedestrian;Driving carelessly;Slight Injury
17:40:00;Wednesday;Male;Junior high school;Employee;5-10yr;Long lorry;Owner;Above 10yr;No defect;Office areas;Two-way (divided with broken lines road marking);Tangent road with flat terrain;Y Shape;Asphalt roads;Snow;Daylight;Snow;Collision with roadside objects;3;2;Moving Backward;18-30;Not a Pedestrian;Overtaking;Slight Injury
18:32:00;Tuesday;Male;Elementary school;Employee;5-10yr;Automobile;Owner;Unknown;No defect;Office areas;One way;Tangent road with flat terrain;Y Shape;Asphalt roads;Snow;Daylight;Snow;Collision with roadside objects;3;2;Going straight;Over 51;Not a Pedestrian;Changing lane to the right;Slight Injury
18:32:00;Tuesday;Male;Junior high school;Owner;1-2yr;Stationwagen;Owner;Above 10yr;No defect;Residential areas;Double carriageway (median);Tangent road with flat terrain;Y Shape;Asphalt roads;Wet or damp;Daylight;Snow;Collision with roadside objects;2;1;Other;na;Not a Pedestrian;No distancing;Slight Injury
18:32:00;Tuesday;Male;Junior high school;Employee;5-10yr;unknown;Governmental;Below 1yr;No defect;  Recreational areas;Two-way (divided with broken lines road marking);Tangent road with flat terrain;No junction;Asphalt roads;Wet or damp;Daylight;Snow;Collision with pedestrians;2;1;Going straight;31-50;Not a Pedestrian;Other;Slight Injury
18:32:00;Tuesday;Male;Unknown;Other;unknown;Other;Owner;Unknown;No defect; Church areas;Double carriageway (median);Tangent road with flat terrain;No junction;Other;Dry;Darkness - no lighting;Snow;Vehicle with vehicle collision;2;2;Going straight;na;Not a Pedestrian;Changing lane to the right;Slight Injury
18:35:00;Saturday;Male;High school;Employee;2-5yr;Special vehicle;Owner;Unknown;No defect;Office areas;Undivided Two way;Tangent road with flat terrain;Y Shape;Asphalt roads;Dry;Darkness - no lighting;Snow;Vehicle with vehicle collision;2;2;Going straight;18-30;Not a Pedestrian;Changing lane to the right;Slight Injury
18:35:00;Saturday;Male;Junior high school;Employee;1-2yr;Lorry (41?100Q);Owner;Unknown;No defect;Other;Two-way (divided with broken lines road marking);Tangent road with flat terrain;Y Shape;Asphalt roads;Wet or damp;Darkness - lights lit;Normal;Collision with pedestrians;2;6;Going straight;na;Not a Pedestrian;Overtaking;Slight Injury
12:10:00;Friday;Male;Junior high school;Employee;5-10yr;Pick up upto 10Q;Owner;unknown;unknown;Residential areas;other;Steep grade downward with mountainous terrain;Y Shape;Asphalt roads;Wet or damp;Darkness - lights lit;Normal;Vehicle with vehicle collision;2;6;unknown;18-30;Not a Pedestrian;Other;Slight Injury
12:10:00;Friday;Male;Junior high school;Employee;2-5yr;Lorry (11?40Q);Owner;unknown;No defect;School areas;other;Tangent road with flat terrain;Y Shape;Asphalt roads;Wet or damp;Darkness - lights lit;Normal;Vehicle with vehicle collision;2;6;Moving Backward;18-30;Not a Pedestrian;Driving to the left;Slight Injury
15:08:00;Monday;Male;Junior high school;Employee;No Licence;Lorry (41?100Q);Owner;1-2yr;No defect;Office areas;Two-way (divided with broken lines road marking);Tangent road with flat terrain;Crossing;Asphalt roads;Wet or damp;Darkness - lights lit;Normal;Vehicle with vehicle collision;2;6;unknown;31-50;Not a Pedestrian;Overtaking;Slight Injury
15:08:00;Monday;Male;Junior high school;Employee;Above 10yr;Motorcycle;Owner;Above 10yr;No defect;Other;other;Tangent road with flat terrain;Crossing;Asphalt roads;Wet or damp;Darkness - lights lit;Normal;Vehicle with vehicle collision;2;6;Going straight;Under 18;Not a Pedestrian;No priority to vehicle;Slight Injury
15:08:00;Monday;Male;Junior high school;Employee;Above 10yr;Automobile;Owner;Unknown;No defect;Other;Two-way (divided with broken lines road marking);Tangent road with flat terrain;Crossing;Asphalt roads;Wet or damp;Darkness - lights lit;Normal;Vehicle with vehicle collision;2;6;Going straight;na;Not a Pedestrian;Moving Backward;Slight Injury
15:08:00;Monday;Male;Junior high school;Employee;5-10yr;Automobile;Organization;2-5yrs;unknown;Office areas;Two-way (divided with broken lines road marking);Tangent road with mountainous terrain and;No junction;Earth roads;Snow;Daylight;Normal;Vehicle with vehicle collision;4;2;unknown;18-30;Not a Pedestrian;Other;Slight Injury
08:54:00;Thursday;Male;High school;Employee;2-5yr;Automobile;Owner;unknown;unknown;Office areas;Two-way (divided with broken lines road marking);Tangent road with flat terrain;No junction;Asphalt roads;Snow;Daylight;Normal;Collision with roadside objects;4;2;Going straight;na;Not a Pedestrian;No priority to vehicle;Slight Injury
16:51:00;Wednesday;Male;High school;Owner;2-5yr;Stationwagen;Owner;5-10yrs;unknown;Other;Undivided Two way;Tangent road with flat terrain;No junction;Asphalt roads;Snow;Daylight;Normal;Collision with pedestrians;4;2;Going straight;31-50;Not a Pedestrian;No priority to pedestrian;Slight Injury
19:02:00;Saturday;Male;Junior high school;Employee;Below 1yr;unknown;Owner;5-10yrs;No defect;Office areas;Two-way (divided with broken lines road marking);Tangent road with flat terrain;No junction;Asphalt roads;Snow;Daylight;Normal;Vehicle with vehicle collision;4;2;Going straight;na;Not a Pedestrian;Changing lane to the right;Slight Injury
19:02:00;Saturday;Male;Junior high school;Owner;Above 10yr;Public (> 45 seats);Owner;2-5yrs;No defect; Industrial areas;Two-way (divided with broken lines road marking);Tangent road with flat terrain;Y Shape;Asphalt roads;Wet or damp;Daylight;Snow;Vehicle with vehicle collision;2;1;Going straight;na;Not a Pedestrian;Changing lane to the right;Slight Injury
08:10:00;Monday;Male;Junior high school;Employee;Above 10yr;Public (> 45 seats);Owner;Unknown;No defect;Office areas;Undivided Two way;Tangent road with flat terrain;Y Shape;Asphalt roads;Wet or damp;Daylight;Snow;Collision with roadside objects;2;1;Going straight;31-50;Not a Pedestrian;Changing lane to the right;Slight Injury
08:10:00;Monday;Male;Elementary school;Employee;2-5yr;Stationwagen;Owner;unknown;unknown;Other;Undivided Two way;Tangent road with flat terrain;Y Shape;Asphalt roads;Dry;Darkness - lights lit;Normal;Vehicle with vehicle collision;2;1;Going straight;Over 51;Unknown or other;Driving to the left;Slight Injury
17:50:00;Saturday;Male;Junior high school;Employee;2-5yr;Automobile;Owner;Above 10yr;unknown;Other;Two-way (divided with broken lines road marking);Tangent road with flat terrain;Crossing;Asphalt roads;Dry;Darkness - lights lit;Normal;Vehicle with vehicle collision;2;1;Going straight;18-30;Not a Pedestrian;Changing lane to the left;Slight Injury
17:50:00;Saturday;Male;Unknown;Employee;Above 10yr;Bicycle;Owner;Unknown;unknown;Office areas;Two-way (divided with broken lines road marking);Tangent road with flat terrain;Crossing;Asphalt roads;Dry;Daylight;Normal;Vehicle with vehicle collision;1;1;Other;na;Not a Pedestrian;Moving Backward;Slight Injury
20:51:00;Tuesday;Male;Elementary school;Employee;5-10yr;Automobile;unknown;unknown;unknown; Church areas;unknown;Tangent road with flat terrain;Crossing;Asphalt roads;Wet or damp;Darkness - lights lit;Cloudy;Vehicle with vehicle collision;2;2;Going straight;Under 18;Not a Pedestrian;Driving at high speed;Slight Injury
14:00:00;Saturday;Male;Junior high school;Employee;Below 1yr;Lorry (41?100Q);Owner;unknown;unknown;Office areas;other;Tangent road with flat terrain;No junction;Asphalt roads;Wet or damp;Darkness - lights lit;Cloudy;Vehicle with vehicle collision;2;2;Going straight;Under 18;Crossing from offside - masked by  parked or statioNot a Pedestrianry vehicle;Moving Backward;Slight Injury