Time;Day_of_week;Sex_of_driver;Educational_level;Vehicle_driver_relation;Driving_experience;Type_of_vehicle;Owner_of_vehicle;Service_year_of_vehicle;Defect_of_vehicle;Area_accident_occured;Lanes_or_Medians;Road_allignment;Types_of_Junction;Road_surface_type;Road_surface_conditions;Light_conditions;Weather_conditions;Type_of_collision;Number_of_vehicles_involved;Number_of_casualties;Vehicle_movement;Age_band_of_casualty;Pedestrian_movement;Cause_of_accident;Accident_severity
14:00:00;Saturday;Female;Elementary school;Employee;Below 1yr;Automobile;Owner;unknown;unknown;Residential areas;other;Tangent road with flat terrain;Crossing;Asphalt roads;Wet or damp;Darkness - lights lit;Cloudy;Vehicle with vehicle collision;2;2;Going straight;31-50;Not a Pedestrian;No distancing;Slight Injury
14:43:00;Friday;Male;Junior high school;Employee;Below 1yr;Public (13?45 seats);Owner;Unknown;No defect;  Recreational areas;Two-way (divided with broken lines road marking);Tangent road with flat terrain;Crossing;Asphalt roads;Snow;Darkness - lights lit;Other;Vehicle with vehicle collision;2;3;Going straight;na;Not a Pedestrian;Other;Slight Injury
16:26:00;Tuesday;Male;Junior high school;Employee;5-10yr;Special vehicle;Governmental;5-10yrs;unknown;Other;other;Tangent road with flat terrain;Crossing;Asphalt roads;Snow;Darkness - lights lit;Other;Vehicle with vehicle collision;2;3;Going straight;na;Not a Pedestrian;No priority to vehicle;Slight Injury
16:26:00;Tuesday;Male;Junior high school;Owner;5-10yr;Automobile;Owner;Unknown;No defect; Church areas;Undivided Two way;Tangent road with flat terrain;Crossing;Asphalt roads;Snow;Darkness - lights lit;Other;Collision with roadside objects;2;3;Going straight;18-30;Not a Pedestrian;Changing lane to the right;Slight Injury
13:54:00;Saturday;Male;High school;Owner;5-10yr;Public (13?45 seats);Owner;Unknown;No defect;Other;One way;Tangent road with flat terrain;No junction;Asphalt roads;Dry;Daylight;Normal;Collision with roadside objects;1;1;Moving Backward;na;Not a Pedestrian;Other;Slight Injury
13:54:00;Saturday;Male;Junior high school;Employee;5-10yr;unknown;Owner;Above 10yr;No defect;Other;Two-way (divided with broken lines road marking);Tangent road with flat terrain;No junction;Earth roads;Dry;Daylight;Normal;Collision with roadside objects;2;1;Going straight;Under 18;Not a Pedestrian;No distancing;Slight Injury
13:54:00;Saturday;Male;Junior high school;Employee;2-5yr;Lorry (41?100Q);Owner;5-10yrs;unknown; Church areas;Undivided Two way;Tangent road with flat terrain;Y Shape;Asphalt roads;Dry;Daylight;Normal;Vehicle with vehicle collision;2;1;Going straight;18-30;Walking along in carriageway, back to traffic;Driving carelessly;Slight Injury
15:31:00;Monday;Male;Elementary school;Employee;5-10yr;Lorry (41?100Q);Owner;Unknown;unknown;Office areas;Two-way (divided with broken lines road marking);Tangent road with mild grade and flat terrain;Y Shape;unknown;Wet or damp;Darkness - lights lit;Normal;Collision with pedestrians;1;1;Going straight;na;Not a Pedestrian;No distancing;Slight Injury
15:31:00;Monday;Male;Junior high school;Employee;2-5yr;Public (12 seats);Owner;Unknown;unknown;Office areas;Double carriageway (median);Tangent road with flat terrain;Y Shape;Asphalt roads;Wet or damp;Darkness - lights lit;Raining;Vehicle with vehicle collision;1;1;Going straight;31-50;Not a Pedestrian;Moving Backward;Slight Injury
12:30:00;Thursday;Male;Junior high school;Employee;Below 1yr;Lorry (41?100Q);Organization;5-10yrs;No defect; Church areas;Two-way (divided with broken lines road marking);Tangent road with flat terrain;Other;Asphalt roads;Wet or damp;Daylight;Windy;Collision with pedestrians;2;1;Going straight;31-50;Not a Pedestrian;No distancing;Slight Injury
18:45:00;Wednesday;Male;Elementary school;Employee;2-5yr;Lorry (41?100Q);Organization;2-5yrs;No defect;Other;Undivided Two way;Tangent road with mountainous terrain and;Crossing;Asphalt roads;Wet or damp;Daylight;Windy;Vehicle with vehicle collision;2;1;Going straight;Over 51;Not a Pedestrian;Moving Backward;Slight Injury
18:45:00;Wednesday;Male;Junior high school;Employee;2-5yr;Public (12 seats);Owner;Unknown;No defect;Other;Undivided Two way;Tangent road with flat terrain;Crossing;Asphalt roads;Dry;Daylight;Normal;Collision with pedestrians;1;1;Going straight;18-30;Not a Pedestrian;No priority to pedestrian;Slight Injury
19:12:00;Tuesday;Male;Junior high school;Employee;2-5yr;Public (> 45 seats);Owner;Unknown;No defect; Church areas;Undivided Two way;Tangent road with flat terrain;No junction;Asphalt roads;Dry;Darkness - lights lit;Normal;Vehicle with vehicle collision;1;1;Getting off;31-50;Not a Pedestrian;Changing lane to the left;Slight Injury
17:25:00;Friday;Male;Junior high school;Employee;5-10yr;Automobile;Owner;5-10yrs;No defect; Industrial areas;Two-way (divided with broken lines road marking);Tangent road with mild grade and flat terrain;No junction;Asphalt roads;Dry;Daylight;Normal;Vehicle with vehicle collision;2;1;Going straight;18-30;Crossing from nearside - masked by parked or statioNot a Pedestrianry vehicle;No distancing;Slight Injury
17:25:00;Friday;Male;Junior high school;Employee;5-10yr;Pick up upto 10Q;Owner;Unknown;No defect;Office areas;Undivided Two way;Tangent road with flat terrain;No junction;Asphalt roads;Dry;Daylight;Normal;Vehicle with vehicle collision;2;1;Going straight;na;Not a Pedestrian;Other;Slight Injury
12:48:00;Friday;Male;Junior high school;Employee;unknown;Stationwagen;Owner;Unknown;No defect;School areas;Undivided Two way;Tangent road with flat terrain;No junction;Asphalt roads;Dry;Daylight;Normal;Vehicle with vehicle collision;2;1;Turnover;31-50;Not a Pedestrian;No distancing;Slight Injury
07:10:00;Friday;Male;Junior high school;Owner;5-10yr;Other;Owner;Unknown;No defect;Other;Undivided Two way;Tangent road with flat terrain;Crossing;Asphalt roads;Dry;Daylight;Normal;Vehicle with vehicle collision;2;1;Moving Backward;31-50;Not a Pedestrian;No priority to pedestrian;Slight Injury
07:10:00;Friday;Male;Junior high school;Employee;2-5yr;unknown;Owner;Unknown;No defect; Church areas;One way;Tangent road with flat terrain;Y Shape;Gravel roads;Dry;Darkness - lights lit;Normal;Vehicle with vehicle collision;2;1;Going straight;na;Not a Pedestrian;Moving Backward;Serious Injury
17:10:00;Friday;Male;Junior high school;Employee;Below 1yr;Automobile;Owner;Unknown;No defect;Office areas;Undivided Two way;Tangent road with flat terrain;Y Shape;Asphalt roads;Dry;Darkness - lights lit;Normal;Vehicle with vehicle collision;2;1;Moving Backward;Over 51;Not a Pedestrian;No priority to pedestrian;Serious Injury
17:10:00;Friday;Male;Junior high school;Employee;1-2yr;Stationwagen;Owner;Unknown;No defect;Other;other;Steep grade downward with mountainous terrain;No junction;Asphalt roads;Dry;Daylight;Normal;Vehicle with vehicle collision;1;1;Going straight;18-30;Crossing from offside - masked by  parked or statioNot a Pedestrianry vehicle;No distancing;Slight Injury
17:10:00;Friday;Male;Junior high school;Employee;Below 1yr;Pick up upto 10Q;Owner;2-5yrs;No defect;Other;other;Tangent road with flat terrain;Crossing;Asphalt roads;Dry;Darkness - no lighting;Normal;Vehicle with vehicle collision;1;1;unknown;31-50;Not a Pedestrian;No priority to pedestrian;Slight Injury
09:05:00;Friday;Female;Junior high school;Employee;Above 10yr;Lorry (41?100Q);Owner;Unknown;unknown;Other;Two-way (divided with broken lines road marking);Tangent road with flat terrain;No junction;Asphalt roads;Wet or damp;Darkness - lights lit;Normal;Vehicle with vehicle collision;2;2;Going straight;na;Not a Pedestrian;Driving carelessly;Slight Injury
09:05:00;Friday;Female;Junior high school;Employee;Below 1yr;Automobile;Owner;2-5yrs;unknown;Other;One way;Tangent road with flat terrain;Crossing;Asphalt roads;Wet or damp;Darkness - lights lit;Normal;Vehicle with vehicle collision;2;2;unknown;na;Not a Pedestrian;Getting off the vehicle improperly;Slight Injury
16:15:00;Wednesday;Male;Junior high school;Employee;2-5yr;unknown;Owner;Above 10yr;No defect; Church areas;Two-way (divided with broken lines road marking);Tangent road with mild grade and flat terrain;Crossing;Asphalt roads;Wet or damp;Darkness - lights lit;Normal;Vehicle with vehicle collision;2;2;Going straight;18-30;Not a Pedestrian;Driving carelessly;Slight Injury
18:00:00;Sunday;Female;Junior high school;Employee;1-2yr;Lorry (41?100Q);Governmental;2-5yrs;No defect;Residential areas;Two-way (divided with broken lines road marking);Tangent road with flat terrain;No junction;Asphalt roads;Dry;Daylight;Normal;Rollover;3;3;unknown;31-50;Not a Pedestrian;Changing lane to the left;Slight Injury
13:55:00;Sunday;Male;Elementary school;Employee;5-10yr;Lorry (41?100Q);Owner;2-5yrs;No defect;Office areas;Two-way (divided with broken lines road marking);Tangent road with mild grade and flat terrain;No junction;Asphalt roads;Dry;Daylight;Normal;Collision with roadside objects;3;3;Going straight;18-30;Not a Pedestrian;No priority to vehicle;Slight Injury
13:55:00;Sunday;Male;Junior high school;Owner;Below 1yr;Lorry (41?100Q);Owner;2-5yrs;No defect;Other;Two-way (divided with broken lines road marking);Tangent road with flat terrain;Y Shape;Asphalt roads;Dry;Daylight;Normal;Vehicle with vehicle collision;3;3;Going straight;18-30;Not a Pedestrian;Changing lane to the right;Slight Injury
13:55:00;Sunday;Male;Junior high school;Employee;Below 1yr;Pick up upto 10Q;Owner;2-5yrs;No defect;Office areas;Two-way (divided with broken lines road marking);Tangent road with mild grade and flat terrain;Y Shape;Asphalt roads;Dry;Daylight;Normal;Vehicle with vehicle collision;3;3;Going straight;Over 51;Unknown or other;Changing lane to the right;Slight Injury
13:55:00;Sunday;Male;Writing & reading;Employee;Below 1yr;Pick up upto 10Q;Owner;2-5yrs;No defect;Other;Two-way (divided with broken lines road marking);Tangent road with flat terrain;Y Shape;Asphalt roads;Dry;Daylight;Normal;Vehicle with vehicle collision;3;3;Going straight;na;Not a Pedestrian;No distancing;Slight Injury
19:20:00;Sunday;Male;Junior high school;Employee;1-2yr;Automobile;Owner;1-2yr;No defect; Church areas;Undivided Two way;Tangent road with flat terrain;Y Shape;Asphalt roads;Dry;Darkness - no lighting;Normal;Collision with pedestrians;2;2;Going straight;18-30;Not a Pedestrian;No distancing;Slight Injury
19:20:00;Sunday;Male;Elementary school;Owner;5-10yr;Other;Owner;Unknown;No defect;Office areas;Two-way (divided with broken lines road marking);Tangent road with flat terrain;Y Shape;Asphalt roads;Dry;Darkness - no lighting;Normal;Collision with pedestrians;2;2;Other;na;Not a Pedestrian;Changing lane to the left;Slight Injury
19:20:00;Sunday;Male;Junior high school;Employee;2-5yr;unknown;Owner;Unknown;No defect;Other;Two-way (divided with broken lines road marking);Tangent road with flat terrain;Crossing;Asphalt roads;Dry;Darkness - no lighting;Normal;Vehicle with vehicle collision;2;2;Other;Under 18;Not a Pedestrian;Changing lane to the right;Slight Injury
11:58:00;Saturday;Male;Junior high school;Owner;Below 1yr;Automobile;Owner;Unknown;No defect;Other;Two-way (divided with broken lines road marking);Tangent road with flat terrain;Y Shape;Asphalt roads;Dry;Daylight;Normal;Vehicle with vehicle collision;1;1;Going straight;na;Not a Pedestrian;No priority to vehicle;Slight Injury
12:53:00;Sunday;Male;Writing & reading;Employee;5-10yr;Motorcycle;Owner;Above 10yr;unknown;School areas;Two-way (divided with broken lines road marking);Tangent road with flat terrain;Y Shape;Asphalt roads;Wet or damp;Darkness - lights lit;Normal;Collision with pedestrians;2;1;Going straight;18-30;Not a Pedestrian;Changing lane to the left;Slight Injury
12:53:00;Sunday;Male;Writing & reading;Employee;5-10yr;Automobile;Owner;Unknown;No defect; Church areas;Double carriageway (median);Tangent road with mild grade and flat terrain;Y Shape;Asphalt roads;Wet or damp;Darkness - lights lit;Normal;Collision with pedestrians;2;1;Getting off;na;Not a Pedestrian;No priority to vehicle;Slight Injury
12:53:00;Sunday;Male;Junior high school;Employee;5-10yr;Automobile;Owner;Unknown;unknown;School areas;Undivided Two way;Tangent road with flat terrain;No junction;Other;Wet or damp;Daylight;Raining;Collision with pedestrians;2;2;Going straight;18-30;Not a Pedestrian;Moving Backward;Slight Injury
20:40:00;Friday;Male;Junior high school;Employee;2-5yr;Public (12 seats);Owner;2-5yrs;No defect;Residential areas;Double carriageway (median);Tangent road with flat terrain;No junction;Asphalt roads;Wet or damp;Daylight;Raining;Vehicle with vehicle collision;2;2;Going straight;na;Not a Pedestrian;Turnover;Slight Injury
20:40:00;Friday;Male;Junior high school;Employee;Above 10yr;Automobile;unknown;unknown;unknown;Office areas;Two-way (divided with broken lines road marking);Tangent road with flat terrain;Y Shape;Asphalt roads;Wet or damp;Daylight;Raining;Collision with roadside objects;2;2;Going straight;31-50;Not a Pedestrian;No distancing;Slight Injury
12:44:00;Tuesday;Male;Junior high school;Employee;5-10yr;Public (> 45 seats);Owner;Unknown;unknown;Office areas;Undivided Two way;Tangent road with flat terrain;Y Shape;Asphalt roads;Dry;Daylight;Normal;Vehicle with vehicle collision;2;1;Going straight;na;Not a Pedestrian;No distancing;Slight Injury
12:44:00;Tuesday;Male;Junior high school;Employee;Above 10yr;Lorry (41?100Q);Governmental;5-10yrs;No defect; Church areas;Two-way (divided with broken lines road marking);Tangent road with flat terrain;Y Shape;Asphalt roads;Dry;Daylight;Normal;Vehicle with vehicle collision;2;1;Going straight;18-30;Not a Pedestrian;No distancing;Slight Injury
08:50:00;Thursday;Male;Junior high school;Employee;2-5yr;Public (> 45 seats);Owner;2-5yrs;unknown;Residential areas;Undivided Two way;Tangent road with flat terrain;Y Shape;Asphalt roads;Dry;Daylight;Normal;Collision with roadside objects;1;1;Getting off;Under 18;Not a Pedestrian;Changing lane to the left;Serious Injury
08:50:00;Thursday;Male;Junior high school;Employee;Below 1yr;unknown;Owner;Unknown;No defect;Office areas;other;Tangent road with flat terrain;Y Shape;Asphalt roads;Dry;Daylight;Normal;Vehicle with vehicle collision;1;1;Going straight;na;Not a Pedestrian;No priority to vehicle;Slight Injury
08:08:00;Tuesday;Male;Junior high school;Employee;Below 1yr;unknown;Owner;2-5yrs;No defect;Residential areas;One way;Tangent road with flat terrain;Y Shape;Asphalt roads;Dry;Darkness - lights lit;Normal;Vehicle with vehicle collision;3;3;Going straight;31-50;Not a Pedestrian;Driving at high speed;Slight Injury
15:33:00;Tuesday;Male;Junior high school;Owner;5-10yr;Automobile;Owner;2-5yrs;No defect;Other;Two-way (divided with broken lines road marking);Tangent road with flat terrain;Y Shape;Other;Dry;Darkness - lights lit;Normal;Vehicle with vehicle collision;3;3;Other;18-30;Not a Pedestrian;Overtaking;Slight Injury
15:33:00;Tuesday;Male;Junior high school;Employee;2-5yr;Automobile;Governmental;2-5yrs;No defect;Other;Two-way (divided with broken lines road marking);Tangent road with flat terrain;Crossing;Asphalt roads;Dry;Darkness - lights lit;Normal;Vehicle with vehicle collision;3;3;Going straight;na;Not a Pedestrian;Other;Slight Injury
18:20:00;Sunday;Male;Elementary school;Employee;Below 1yr;Lorry (41?100Q);Owner;Unknown;No defect;Residential areas;Two-way (divided with broken lines road marking);Tangent road with flat terrain;Crossing;Asphalt roads;Dry;Darkness - lights lit;Normal;Collision with pedestrians;3;3;Going straight;na;Not a Pedestrian;Changing lane to the left;Slight Injury
18:20:00;Sunday;Male;Junior high school;Employee;2-5yr;Automobile;Owner;5-10yrs;No defect; Industrial areas;Undivided Two way;Tangent road with flat terrain;Crossing;Asphalt roads;Dry;Darkness - lights lit;Normal;Rollover;2;1;Going straight;18-30;Not a Pedestrian;No priority to pedestrian;Slight Injury
09:55:00;Monday;Male;Junior high school;Employee;5-10yr;Public (13?45 seats);Owner;2-5yrs;No defect;Other;Undivided Two way;Steep grade downward with mountainous terrain;Crossing;Asphalt roads;Dry;Darkness - lights lit;Normal;Vehicle with vehicle collision;2;1;Going straight;31-50;Not a Pedestrian;Changing lane to the left;Slight Injury
09:55:00;Monday;Male;High school;Employee;Above 10yr;Automobile;Owner;1-2yr;No defect;Office areas;Undivided Two way;Tangent road with flat terrain;Crossing;Asphalt roads;Dry;Daylight;Normal;Vehicle with vehicle collision;2;1;Going straight;na;Not a Pedestrian;No distancing;Slight Injury
20:16:00;Wednesday;Male;High school;Employee;Above 10yr;Public (> 45 seats);Organization;2-5yrs;No defect;Other;Two-way (divided with broken lines road marking);Tangent road with mountainous terrain and;No junction;Asphalt roads;Dry;Daylight;Normal;Vehicle with vehicle collision;2;1;Reversing;31-50;Not a Pedestrian;Moving Backward;Slight Injury
09:05:00;Monday;Male;Junior high school;Employee;5-10yr;Lorry (41?100Q);Governmental;1-2yr;unknown;Other;Undivided Two way;Tangent road with flat terrain;No junction;Asphalt roads;Dry;Daylight;Unknown;Collision with roadside objects;3;4;Other;na;Not a Pedestrian;Changing lane to the left;Serious Injury
09:05:00;Monday;Male;Elementary school;Employee;1-2yr;Automobile;Owner;Unknown;No defect;Other;Two-way (divided with broken lines road marking);Tangent road with flat terrain;Y Shape;Asphalt roads;Dry;Daylight;Unknown;Vehicle with vehicle collision;3;4;Going straight;na;Not a Pedestrian;Other;Serious Injury
09:05:00;Monday;Male;Elementary school;Employee;5-10yr;Lorry (11?40Q);Owner;2-5yrs;No defect;Other;Double carriageway (median);Tangent road with flat terrain;Y Shape;unknown;Dry;Daylight;Unknown;Rollover;3;4;Going straight;5;Not a Pedestrian;No distancing;Serious Injury
20:00:00;Wednesday;Male;Junior high school;Employee;5-10yr;Public (13?45 seats);Owner;Unknown;7;Office areas;Undivided Two way;Tangent road with flat terrain;Y Shape;Other;Dry;Daylight;Unknown;Collision with roadside objects;3;4;Going straight;18-30;Not a Pedestrian;Moving Backward;Serious Injury
11:30:00;Tuesday;Male;Junior high school;Employee;1-2yr;Public (13?45 seats);Governmental;1-2yr;No defect;Other;Two-way (divided with broken lines road marking);Tangent road with flat terrain;Y Shape;Asphalt roads;Dry;Daylight;Normal;Vehicle with vehicle collision;1;1;Going straight;na;Not a Pedestrian;No distancing;Slight Injury
11:30:00;Tuesday;Male;Junior high school;Owner;5-10yr;unknown;unknown;unknown;unknown;unknown;other;Tangent road with flat terrain;Y Shape;Asphalt roads;Dry;Daylight;Normal;Vehicle with vehicle collision;1;1;Going straight;18-30;Not a Pedestrian;Changing lane to the left;Serious Injury
11:30:00;Tuesday;Male;High school;Owner;Above 10yr;Long lorry;Organization;Unknown;No defect;Other;Two-way (divided with broken lines road marking);Tangent road with flat terrain;Crossing;Asphalt roads;Wet or damp;Darkness - lights lit;Normal;Vehicle with vehicle collision;2;1;Going straight;na;Not a Pedestrian;Changing lane to the left;Slight Injury
11:30:00;Tuesday;Male;unknown;Owner;Below 1yr;Lorry (41?100Q);Owner;Above 10yr;unknown;Other;other;Steep grade downward with mountainous terrain;Crossing;Asphalt roads;Wet or damp;Darkness - lights lit;Normal;Vehicle with vehicle collision;2;1;Going straight;Over 51;Not a Pedestrian;No priority to pedestrian;Slight Injury
11:30:00;Tuesday;Male;Writing & reading;Owner;5-10yr;Lorry (11?40Q);Owner;Unknown;unknown;Office areas;Undivided Two way;Tangent road with flat terrain;Crossing;Asphalt roads with some distress;Wet or damp;Daylight;Fog or mist;Vehicle with vehicle collision;2;1;Going straight;Over 51;Unknown or other;Changing lane to the left;Slight Injury
11:30:00;Tuesday;Male;Above high school;Employee;Above 10yr;Lorry (41?100Q);Owner;Unknown;No defect;Office areas;One way;Tangent road with flat terrain;Crossing;unknown;Wet or damp;Daylight;Fog or mist;Vehicle with vehicle collision;2;1;Going straight;Under 18;Not a Pedestrian;Driving carelessly;Slight Injury
11:30:00;Tuesday;Male;High school;Employee;Below 1yr;Public (12 seats);Owner;Above 10yr;No defect; Church areas;other;Tangent road with flat terrain;Y Shape;Asphalt roads;Dry;Daylight;Normal;Collision with pedestrians;2;1;Moving Backward;31-50;Not a Pedestrian;Driving carelessly;Slight Injury
14:00:00;Saturday;Male;Junior high school;Employee;1-2yr;unknown;Owner;unknown;No defect;Office areas;Double carriageway (median);Tangent road with flat terrain;Y Shape;Asphalt roads;Dry;Daylight;Normal;Vehicle with vehicle collision;2;1;Moving Backward;Over 51;Not a Pedestrian;No priority to pedestrian;Slight Injury
14:00:00;Saturday;Male;Junior high school;Employee;Above 10yr;Taxi;Owner;Above 10yr;No defect;Office areas;other;Tangent road with flat terrain;No junction;Asphalt roads;Wet or damp;Darkness - lights lit;Windy;Vehicle with vehicle collision;1;1;Turnover;na;Not a Pedestrian;Getting off the vehicle improperly;Serious Injury
20:55:00;Friday;Male;Junior high school;Owner;Above 10yr;unknown;Owner;Unknown;No defect;Office areas;Two-way (divided with broken lines road marking);Tangent road with flat terrain;No junction;Asphalt roads;Dry;Daylight;Normal;Collision with roadside objects;2;1;Other;18-30;Not a Pedestrian;No distancing;Slight Injury
20:55:00;Friday;Male;Junior high school;Employee;Above 10yr;Automobile;Owner;Unknown;No defect;Office areas;One way;Tangent road with flat terrain;No junction;Earth roads;Dry;Daylight;Normal;Vehicle with vehicle collision;2;1;Other;na;Not a Pedestrian;Changing lane to the left;Slight Injury
20:55:00;Friday;Male;Junior high school;Employee;No Licence;unknown;Owner;2-5yrs;No defect;Residential areas;Undivided Two way;Tangent road with flat terrain;No junction;Asphalt roads;Dry;Daylight;Normal;Vehicle with vehicle collision;1;1;Going straight;na;Not a Pedestrian;No priority to vehicle;Slight Injury
20:55:00;Friday;Male;Junior high school;Employee;1-2yr;Lorry (41?100Q);Owner;Above 10yr;No defect;Residential areas;other;Tangent road with flat terrain;Y Shape;Asphalt roads;Dry;Daylight;Normal;Vehicle with vehicle collision;2;1;Going straight;31-50;Not a Pedestrian;No distancing;Serious Injury
20:55:00;Friday;Male;Illiterate;Owner;1-2yr;Automobile;Owner;5-10yrs;unknown;Residential areas;Undivided Two way;Tangent road with flat terrain;Y Shape;Asphalt roads;Dry;Daylight;Normal;Collision with roadside objects;2;1;Other;na;Not a Pedestrian;No priority to pedestrian;Serious Injury
20:55:00;Friday;Male;Junior high school;Owner;Below 1yr;Automobile;Owner;5-10yrs;unknown;Office areas;Double carriageway (median);Tangent road with flat terrain;Crossing;Asphalt roads;Dry;Daylight;Normal;Vehicle with vehicle collision;2;2;Other;31-50;Not a Pedestrian;No priority to pedestrian;Slight Injury
19:07:00;Friday;Female;Junior high school;Owner;1-2yr;Lorry (41?100Q);Owner;Unknown;No defect;Residential areas;Two-way (divided with broken lines road marking);Steep grade downward with mountainous terrain;Crossing;Asphalt roads;Dry;Daylight;Normal;Vehicle with vehicle collision;2;2;Going straight;na;Not a Pedestrian;No priority to vehicle;Slight Injury
19:07:00;Friday;Male;Junior high school;Owner;2-5yr;Automobile;Governmental;Unknown;No defect;Other;Two-way (divided with broken lines road marking);Tangent road with flat terrain;No junction;Asphalt roads;Dry;Daylight;Normal;Vehicle with vehicle collision;2;2;Reversing;Under 18;Not a Pedestrian;Driving carelessly;Slight Injury
23:22:00;Saturday;Male;Unknown;Owner;5-10yr;Automobile;Governmental;Below 1yr;No defect;Other;Two-way (divided with broken lines road marking);Tangent road with flat terrain;No junction;Asphalt roads;Dry;Daylight;Cloudy;Vehicle with vehicle collision;2;1;Other;18-30;Not a Pedestrian;Changing lane to the right;Slight Injury
18:35:00;Thursday;Male;Unknown;Owner;Above 10yr;Automobile;Owner;unknown;unknown;Other;Two-way (divided with broken lines road marking);unknown;No junction;Asphalt roads;Dry;Daylight;Cloudy;Vehicle with vehicle collision;2;1;Turnover;na;Not a Pedestrian;Changing lane to the left;Slight Injury
13:43:00;Monday;Male;Junior high school;Owner;2-5yr;Taxi;Owner;Unknown;No defect;School areas;Double carriageway (median);Tangent road with flat terrain;No junction;Asphalt roads;Wet or damp;Daylight;Normal;Vehicle with vehicle collision;1;1;Going straight;31-50;Not a Pedestrian;Moving Backward;Slight Injury
13:43:00;Monday;Male;Elementary school;Owner;Above 10yr;unknown;Owner;Unknown;No defect;School areas;Double carriageway (median);Tangent road with flat terrain;Y Shape;Asphalt roads;Wet or damp;Darkness - lights lit;Raining;Vehicle with vehicle collision;2;1;Going straight;na;Not a Pedestrian;Driving carelessly;Slight Injury
08:40:00;Sunday;Male;Writing & reading;Owner;5-10yr;unknown;Owner;2-5yrs;No defect;School areas;Undivided Two way;Tangent road with flat terrain;Y Shape;Asphalt roads;Wet or damp;Darkness - lights lit;Raining;Collision with roadside objects;2;1;Going straight;18-30;Not a Pedestrian;Driving to the left;Slight Injury
08:40:00;Sunday;Male;unknown;Owner;unknown;Automobile;Owner;Unknown;No defect;Residential areas;One way;Tangent road with flat terrain;Crossing;Gravel roads;Dry;Darkness - lights lit;Normal;Vehicle with vehicle collision;1;1;Going straight;na;Not a Pedestrian;Driving to the left;Serious Injury
08:28:00;Monday;Male;Junior high school;Owner;5-10yr;Pick up upto 10Q;Owner;Unknown;No defect;Other;Undivided Two way;Tangent road with flat terrain;Crossing;Asphalt roads;Dry;Daylight;Normal;Vehicle with vehicle collision;2;1;Going straight;31-50;Not a Pedestrian;No priority to pedestrian;Slight Injury
08:28:00;Monday;Male;Junior high school;Owner;Below 1yr;unknown;Owner;Unknown;No defect;Office areas;Two-way (divided with broken lines road marking);Tangent road with flat terrain;Y Shape;Asphalt roads;Dry;Daylight;Normal;Vehicle with vehicle collision;2;1;Going straight;na;Not a Pedestrian;Changing lane to the left;Slight Injury
13:00:00;Saturday;Male;Junior high school;Owner;2-5yr;Automobile;Owner;5-10yrs;No defect;Other;Two-way (divided with broken lines road marking);Tangent road with flat terrain;Y Shape;Asphalt roads;Wet or damp;Daylight;Normal;Vehicle with vehicle collision;1;1;Going straight;31-50;Not a Pedestrian;Changing lane to the right;Slight Injury
13:00:00;Saturday;Male;Elementary school;Employee;2-5yr;Public (12 seats);Owner;Above 10yr;No defect;School areas;Undivided Two way;Tangent road with flat terrain;Y Shape;Asphalt roads;Dry;Daylight;Normal;Vehicle with vehicle collision;2;1;Going straight;18-30;Not a Pedestrian;Driving carelessly;Slight Injury
16:35:00;Saturday;Male;Junior high school;Employee;2-5yr;Public (13?45 seats);Owner;5-10yrs;No defect;Other;Double carriageway (median);Tangent road with flat terrain;Y Shape;Asphalt roads;Dry;Daylight;Normal;Vehicle with vehicle collision;2;1;Going straight;na;Not a Pedestrian;No distancing;Slight Injury
16:35:00;Saturday;Male;Junior high school;Employee;2-5yr;Lorry (11?40Q);Owner;2-5yrs;No defect; Industrial areas;Two-way (divided with broken lines road marking);Tangent road with flat terrain;Y Shape;Asphalt roads;Wet or damp;Daylight;Normal;Vehicle with vehicle collision;3;1;Other;18-30;Not a Pedestrian;Getting off the vehicle improperly;Slight Injury
10:39:00;Wednesday;Male;Junior high school;Employee;5-10yr;Stationwagen;Owner;2-5yrs;No defect;Other;Two-way (divided with broken lines road marking);Tangent road with flat terrain;Y Shape;Asphalt roads;Wet or damp;Daylight;Normal;Collision with roadside objects;3;1;Going straight;na;Not a Pedestrian;Driving under the influence of drugs;Slight Injury
12:55:00;Monday;Female;Junior high school;Employee;5-10yr;Ridden horse;Owner;Unknown;No defect;Office areas;Two-way (divided with broken lines road marking);Tangent road with flat terrain;Y Shape;Asphalt roads;Wet or damp;Daylight;Normal;Rollover;3;1;Going straight;na;Not a Pedestrian;Changing lane to the right;Slight Injury
12:55:00;Monday;Male;Junior high school;Employee;Above 10yr;Stationwagen;Owner;Unknown;No defect;Other;Two-way (divided with broken lines road marking);Tangent road with flat terrain;Y Shape;Asphalt roads;Wet or damp;Daylight;Raining;Vehicle with vehicle collision;2;1;Moving Backward;31-50;Not a Pedestrian;Driving carelessly;Slight Injury
12:55:00;Monday;Male;Elementary school;Employee;5-10yr;Automobile;Owner;Unknown;No defect;Other;Two-way (divided with broken lines road marking);Tangent road with flat terrain;Y Shape;Asphalt roads;Wet or damp;Daylight;Raining;Vehicle with vehicle collision;2;1;Going straight;na;Not a Pedestrian;Moving Backward;Slight Injury
15:20:00;Sunday;Male;Junior high school;Employee;5-10yr;Automobile;Organization;Above 10yr;No defect; Outside rural areas;Undivided Two way;Tangent road with flat terrain;Y Shape;Asphalt roads;Dry;Daylight;Normal;Vehicle with vehicle collision;1;1;Moving Backward;Under 18;Not a Pedestrian;Turnover;Slight Injury