Time;Day_of_week;Sex_of_driver;Educational_level;Vehicle_driver_relation;Driving_experience;Type_of_vehicle;Owner_of_vehicle;Service_year_of_vehicle;Defect_of_vehicle;Area_accident_occured;Lanes_or_Medians;Road_allignment;Types_of_Junction;Road_surface_type;Road_surface_conditions;Light_conditions;Weather_conditions;Type_of_collision;Number_of_vehicles_involved;Number_of_casualties;Vehicle_movement;Age_band_of_casualty;Pedestrian_movement;Cause_of_accident;Accident_severity
15:20:00;Sunday;Male;Junior high school;Employee;Above 10yr;Other;Owner;Unknown;No defect;Other;other;Tangent road with flat terrain;Y Shape;Asphalt roads;Dry;Darkness - lights lit;Normal;Vehicle with vehicle collision;1;1;Other;na;Not a Pedestrian;Changing lane to the right;Slight Injury
15:20:00;Sunday;Female;Elementary school;Owner;unknown;Taxi;Owner;Above 10yr;No defect;Residential areas;Two-way (divided with broken lines road marking);Tangent road with flat terrain;Y Shape;Asphalt roads;Dry;Daylight;Normal;Vehicle with vehicle collision;3;3;Going straight;18-30;Not a Pedestrian;Driving carelessly;Slight Injury
14:45:00;Sunday;Male;Junior high school;Owner;5-10yr;Automobile;Owner;Above 10yr;unknown;Office areas;Two-way (divided with broken lines road marking);Tangent road with flat terrain;Crossing;Asphalt roads;Dry;Daylight;Normal;Vehicle with vehicle collision;3;3;Reversing;18-30;Crossing from nearside - masked by parked or statioNot a Pedestrianry vehicle;No priority to vehicle;Slight Injury
17:22:00;Tuesday;Male;Junior high school;Employee;5-10yr;Stationwagen;Owner;Unknown;unknown;Office areas;Double carriageway (median);Tangent road with flat terrain;Crossing;Asphalt roads;Dry;Daylight;Normal;Vehicle with vehicle collision;3;3;Going straight;31-50;Not a Pedestrian;Moving Backward;Slight Injury
17:22:00;Tuesday;Male;Junior high school;Employee;Below 1yr;Automobile;unknown;2-5yrs;unknown; Hospital areas;One way;unknown;Crossing;Asphalt roads;Dry;Daylight;Normal;Vehicle with vehicle collision;3;3;Other;na;Not a Pedestrian;Changing lane to the left;Slight Injury
10:58:00;Tuesday;Female;unknown;unknown;unknown;Public (12 seats);Owner;Unknown;unknown; Industrial areas;Two-way (divided with broken lines road marking);Tangent road with flat terrain;Crossing;Asphalt roads;Dry;Darkness - lights lit;Normal;Collision with roadside objects;2;2;Other;na;Not a Pedestrian;Overturning;Slight Injury
10:58:00;Tuesday;Female;Junior high school;Employee;5-10yr;unknown;Owner;2-5yrs;No defect;Other;Undivided Two way;Tangent road with flat terrain;Crossing;Asphalt roads;Dry;Darkness - lights lit;Normal;Vehicle with vehicle collision;2;2;Other;18-30;Not a Pedestrian;No distancing;Slight Injury
14:57:00;Monday;Male;Junior high school;Employee;5-10yr;Automobile;Owner;unknown;unknown;Office areas;Undivided Two way;Tangent road with flat terrain;Crossing;Asphalt roads;Dry;Darkness - lights lit;Normal;Vehicle with vehicle collision;2;2;Stopping;na;Not a Pedestrian;Driving carelessly;Slight Injury
14:57:00;Monday;Male;Junior high school;Employee;Above 10yr;Lorry (41?100Q);Owner;Unknown;No defect;Office areas;other;Tangent road with flat terrain;Y Shape;Asphalt roads;Dry;Daylight;Normal;Vehicle with vehicle collision;1;1;Other;Over 51;Not a Pedestrian;No distancing;Slight Injury
14:57:00;Monday;Male;High school;Employee;Above 10yr;unknown;Owner;Unknown;unknown;Residential areas;Two-way (divided with broken lines road marking);Tangent road with flat terrain;Y Shape;Asphalt roads;Dry;Daylight;Normal;Vehicle with vehicle collision;3;2;Other;na;Not a Pedestrian;Changing lane to the left;Slight Injury
13:10:00;Saturday;Male;Junior high school;Employee;Above 10yr;Public (> 45 seats);Owner;Unknown;unknown;Residential areas;unknown;Tangent road with flat terrain;O Shape;Other;Dry;Daylight;Normal;Collision with pedestrians;3;2;Other;31-50;Not a Pedestrian;No priority to pedestrian;Slight Injury
13:10:00;Saturday;Female;Junior high school;Employee;Above 10yr;unknown;Owner;Unknown;No defect;School areas;Two-way (divided with broken lines road marking);Tangent road with flat terrain;O Shape;unknown;Dry;Daylight;Normal;Collision with pedestrians;3;2;Going straight;5;Crossing from nearside - masked by parked or statioNot a Pedestrianry vehicle;No distancing;Slight Injury
13:10:00;Saturday;Female;Junior high school;Employee;Above 10yr;Public (12 seats);Governmental;Unknown;No defect;Other;Two-way (divided with broken lines road marking);Tangent road with flat terrain;Y Shape;Asphalt roads;Dry;Darkness - lights lit;Normal;Vehicle with vehicle collision;2;1;Going straight;18-30;Not a Pedestrian;No distancing;Slight Injury
08:10:00;Wednesday;Male;Junior high school;Employee;Above 10yr;Public (12 seats);Governmental;Unknown;No defect;  Market areas;Undivided Two way;Tangent road with flat terrain;Y Shape;Asphalt roads;Dry;Darkness - lights lit;Normal;Vehicle with vehicle collision;2;1;Going straight;na;Not a Pedestrian;Changing lane to the left;Slight Injury
08:10:00;Wednesday;Male;Junior high school;Employee;5-10yr;Automobile;Owner;Unknown;No defect;Office areas;other;Tangent road with flat terrain;Y Shape;Asphalt roads;Wet or damp;Daylight;Other;Vehicle with vehicle collision;2;1;Going straight;na;Not a Pedestrian;No distancing;Slight Injury
12:30:00;Sunday;Male;Junior high school;Employee;2-5yr;unknown;Owner;Unknown;No defect; Church areas;Two-way (divided with broken lines road marking);Tangent road with flat terrain;Y Shape;Asphalt roads;Wet or damp;Daylight;Other;Rollover;2;1;Going straight;18-30;Not a Pedestrian;Changing lane to the left;Slight Injury
12:30:00;Sunday;Male;Junior high school;Employee;Below 1yr;Automobile;Governmental;Unknown;No defect; Church areas;Two-way (divided with broken lines road marking);Tangent road with flat terrain;Y Shape;Asphalt roads;Dry;Daylight;Normal;Vehicle with vehicle collision;2;1;Going straight;na;Not a Pedestrian;No distancing;Slight Injury
12:30:00;Sunday;Male;Junior high school;Employee;Below 1yr;Lorry (41?100Q);Owner;Unknown;No defect;Residential areas;Double carriageway (median);Tangent road with flat terrain;Crossing;Asphalt roads;Dry;Daylight;Normal;Vehicle with vehicle collision;2;1;Going straight;18-30;Not a Pedestrian;No distancing;Slight Injury
12:30:00;Sunday;Male;Junior high school;Employee;2-5yr;Public (12 seats);Owner;Above 10yr;No defect;Residential areas;Two-way (divided with broken lines road marking);Tangent road with flat terrain;Crossing;Asphalt roads;Dry;Daylight;Normal;Collision with pedestrians;1;1;Going straight;na;Not a Pedestrian;No distancing;Serious Injury
20:01:00;Sunday;Male;Elementary school;Employee;Below 1yr;Lorry (11?40Q);Owner;Unknown;No defect;Residential areas;Double carriageway (median);Tangent road with flat terrain;Crossing;Asphalt roads;Dry;Daylight;Normal;Vehicle with vehicle collision;2;1;Going straight;31-50;Not a Pedestrian;Changing lane to the left;Slight Injury
20:01:00;Sunday;Male;Junior high school;Employee;Below 1yr;Automobile;Owner;Above 10yr;No defect;Residential areas;Two-way (divided with broken lines road marking);Tangent road with flat terrain;No junction;Asphalt roads;Dry;Daylight;Normal;Vehicle with vehicle collision;2;1;Going straight;31-50;Not a Pedestrian;Changing lane to the right;Slight Injury
18:49:00;Thursday;Male;Junior high school;Employee;unknown;Automobile;Owner;1-2yr;No defect;Other;Double carriageway (median);Tangent road with flat terrain;No junction;Asphalt roads;Dry;Daylight;Normal;Vehicle with vehicle collision;2;1;Going straight;na;Not a Pedestrian;Moving Backward;Slight Injury
20:41:00;Thursday;Male;unknown;Employee;5-10yr;Automobile;Owner;Unknown;No defect;Other;Two-way (divided with broken lines road marking);Tangent road with flat terrain;No junction;Asphalt roads;Dry;Daylight;Normal;Collision with pedestrians;2;1;Reversing;na;Not a Pedestrian;Changing lane to the right;Slight Injury
20:41:00;Thursday;Male;Writing & reading;Employee;Below 1yr;Bajaj;Owner;2-5yrs;No defect;Residential areas;Two-way (divided with broken lines road marking);Tangent road with flat terrain;No junction;Asphalt roads;Wet or damp;Daylight;Normal;Vehicle with vehicle collision;2;1;Going straight;18-30;Not a Pedestrian;No distancing;Slight Injury
20:41:00;Thursday;Male;Junior high school;Employee;Below 1yr;Public (12 seats);Owner;Unknown;No defect;Other;other;Tangent road with flat terrain;Y Shape;Other;Wet or damp;Daylight;Normal;Collision with pedestrians;2;1;Other;18-30;Not a Pedestrian;Overtaking;Slight Injury
20:41:00;Thursday;Male;Junior high school;Employee;1-2yr;Lorry (11?40Q);Owner;Unknown;No defect; Church areas;Undivided Two way;Tangent road with flat terrain;Y Shape;Asphalt roads;Dry;Darkness - lights lit;Normal;Vehicle with vehicle collision;1;1;unknown;na;Not a Pedestrian;Other;Slight Injury
10:04:00;Wednesday;Male;Elementary school;Employee;Above 10yr;unknown;Owner;Unknown;No defect;Other;Undivided Two way;Tangent road with flat terrain;Y Shape;Asphalt roads;Dry;Daylight;Normal;Vehicle with vehicle collision;3;1;Getting off;18-30;Unknown or other;Other;Slight Injury
10:04:00;Wednesday;Male;Elementary school;Employee;Above 10yr;unknown;Owner;Unknown;No defect;Office areas;Undivided Two way;Tangent road with flat terrain;Y Shape;Asphalt roads;Dry;Daylight;Normal;Vehicle with vehicle collision;3;1;Going straight;na;Not a Pedestrian;Changing lane to the right;Slight Injury
10:04:00;Wednesday;Male;Elementary school;Employee;Below 1yr;Automobile;Owner;2-5yrs;No defect;Office areas;Two-way (divided with broken lines road marking);Tangent road with flat terrain;Y Shape;Asphalt roads;Dry;Daylight;Normal;Vehicle with vehicle collision;3;1;Going straight;Over 51;Not a Pedestrian;No priority to pedestrian;Slight Injury
20:30:00;Wednesday;Male;High school;Employee;2-5yr;Lorry (11?40Q);Owner;unknown;unknown;Residential areas;Undivided Two way;Tangent road with flat terrain;No junction;Asphalt roads;Wet or damp;Darkness - lights lit;Raining;Vehicle with vehicle collision;1;1;Going straight;18-30;Not a Pedestrian;No priority to vehicle;Fatal injury
20:30:00;Wednesday;Male;Junior high school;Employee;2-5yr;Lorry (41?100Q);Owner;Unknown;unknown;Other;Two-way (divided with broken lines road marking);Tangent road with flat terrain;No junction;Asphalt roads;Wet or damp;Daylight;Normal;Collision with roadside objects;4;6;Going straight;na;Not a Pedestrian;Changing lane to the left;Serious Injury
20:30:00;Wednesday;Male;Above high school;Employee;Above 10yr;Pick up upto 10Q;Owner;Above 10yr;unknown; Industrial areas;Undivided Two way;Tangent road with flat terrain;Y Shape;Asphalt roads;Wet or damp;Daylight;Normal;Vehicle with vehicle collision;4;6;Turnover;18-30;Not a Pedestrian;Changing lane to the left;Serious Injury
11:15:00;Friday;Male;Junior high school;Employee;2-5yr;Lorry (11?40Q);Owner;Unknown;unknown;Office areas;Two-way (divided with broken lines road marking);Tangent road with flat terrain;No junction;Asphalt roads;Wet or damp;Daylight;Normal;Vehicle with vehicle collision;4;6;Entering a junction;na;Not a Pedestrian;Overtaking;Serious Injury
11:15:00;Friday;Male;Junior high school;Employee;2-5yr;Stationwagen;Organization;Unknown;unknown;  Recreational areas;Two-way (divided with broken lines road marking);Tangent road with flat terrain;No junction;Asphalt roads;Wet or damp;Daylight;Normal;Collision with roadside objects;4;6;Entering a junction;5;Not a Pedestrian;No distancing;Serious Injury
11:15:00;Friday;Male;High school;Employee;1-2yr;Other;Owner;1-2yr;No defect;Residential areas;Two-way (divided with broken lines road marking);Tangent road with flat terrain;No junction;Other;Wet or damp;Daylight;Normal;Vehicle with vehicle collision;4;6;Entering a junction;5;Not a Pedestrian;No priority to vehicle;Serious Injury
16:36:00;Thursday;Male;Junior high school;Employee;5-10yr;Other;Owner;Above 10yr;unknown;Residential areas;Undivided Two way;Tangent road with flat terrain;Crossing;Asphalt roads;Wet or damp;Daylight;Normal;Vehicle with vehicle collision;4;6;Entering a junction;na;Not a Pedestrian;Changing lane to the right;Serious Injury
16:36:00;Thursday;Male;Junior high school;Employee;Below 1yr;Lorry (11?40Q);Owner;5-10yrs;unknown; Church areas;Undivided Two way;Steep grade downward with mountainous terrain;Crossing;Asphalt roads;Wet or damp;Daylight;Normal;Vehicle with vehicle collision;4;6;Other;31-50;Not a Pedestrian;Changing lane to the left;Serious Injury
13:28:00;Monday;Male;Junior high school;Employee;Below 1yr;unknown;Owner;5-10yrs;unknown;Residential areas;Undivided Two way;Tangent road with flat terrain;Crossing;unknown;Dry;Daylight;Normal;Vehicle with vehicle collision;2;1;Entering a junction;18-30;Crossing from driver's nearside;No distancing;Slight Injury
13:28:00;Monday;Male;Elementary school;Employee;unknown;Automobile;Owner;Unknown;No defect;unknown;other;Tangent road with flat terrain;Crossing;Asphalt roads;Dry;Daylight;Normal;Collision with pedestrians;2;1;Turnover;na;Not a Pedestrian;Driving carelessly;Slight Injury
19:28:00;Friday;Male;Junior high school;Employee;Below 1yr;Lorry (41?100Q);Owner;5-10yrs;No defect;Other;Undivided Two way;Tangent road with flat terrain;Crossing;Asphalt roads;Dry;Darkness - lights lit;Normal;Collision with pedestrians;3;5;Entering a junction;18-30;Not a Pedestrian;No priority to pedestrian;Serious Injury
19:28:00;Friday;Female;Junior high school;Employee;1-2yr;Other;Owner;Unknown;unknown;Other;Two-way (divided with solid lines road marking);Tangent road with flat terrain;Y Shape;Asphalt roads;Dry;Darkness - lights lit;Normal;Vehicle with vehicle collision;3;5;Entering a junction;na;Not a Pedestrian;Driving carelessly;Serious Injury
23:35:00;Saturday;Male;Elementary school;Employee;2-5yr;Lorry (41?100Q);Owner;Unknown;No defect; Church areas;Two-way (divided with solid lines road marking);Tangent road with flat terrain;Y Shape;Earth roads;Dry;Darkness - lights lit;Normal;Vehicle with vehicle collision;3;5;Entering a junction;18-30;Not a Pedestrian;Moving Backward;Serious Injury
23:35:00;Saturday;Male;High school;Employee;1-2yr;Automobile;Governmental;unknown;No defect;Other;Two-way (divided with solid lines road marking);Tangent road with flat terrain;Crossing;Asphalt roads;Dry;Darkness - lights lit;Normal;Collision with roadside objects;3;5;Entering a junction;na;Not a Pedestrian;No distancing;Serious Injury
23:35:00;Saturday;Male;Junior high school;Employee;5-10yr;Pick up upto 10Q;Owner;Unknown;No defect; Church areas;Two-way (divided with solid lines road marking);Tangent road with flat terrain;Crossing;Asphalt roads;Dry;Darkness - lights lit;Normal;Vehicle with vehicle collision;3;5;Entering a junction;31-50;Not a Pedestrian;No distancing;Serious Injury
09:01:00;Wednesday;Male;Junior high school;Employee;Below 1yr;Lorry (41?100Q);Owner;Unknown;No defect; Church areas;Two-way (divided with broken lines road marking);Tangent road with flat terrain;Y Shape;Asphalt roads;Dry;Darkness - lights lit;Normal;Vehicle with vehicle collision;3;5;Other;na;Not a Pedestrian;No distancing;Serious Injury
15:46:00;Thursday;Male;High school;Employee;Above 10yr;Public (13?45 seats);Owner;Above 10yr;No defect;Other;Undivided Two way;Tangent road with flat terrain;Y Shape;Asphalt roads;Dry;Darkness - lights lit;Normal;Vehicle with vehicle collision;2;2;Going straight;31-50;Crossing from driver's nearside;Changing lane to the left;Slight Injury
15:46:00;Thursday;Male;Elementary school;Owner;5-10yr;Long lorry;Governmental;5-10yrs;No defect;Other;Undivided Two way;Tangent road with flat terrain;Y Shape;Asphalt roads;Dry;Darkness - lights lit;Normal;Vehicle with vehicle collision;2;2;Going straight;18-30;Not a Pedestrian;Changing lane to the left;Slight Injury
20:10:00;Saturday;Male;Elementary school;Employee;Below 1yr;Automobile;Owner;5-10yrs;No defect;School areas;other;Tangent road with flat terrain;Y Shape;Asphalt roads;Dry;Darkness - lights lit;Normal;Collision with roadside objects;1;1;Other;na;Not a Pedestrian;Moving Backward;Serious Injury
21:46:00;Wednesday;Male;Junior high school;Employee;5-10yr;Automobile;Owner;Above 10yr;No defect;Residential areas;Undivided Two way;Tangent road with flat terrain;No junction;Asphalt roads;Dry;Darkness - lights lit;Normal;Vehicle with vehicle collision;1;1;Going straight;18-30;Crossing from driver's nearside;Changing lane to the right;Slight Injury
21:46:00;Wednesday;Male;Elementary school;Owner;5-10yr;Other;unknown;1-2yr;No defect;Other;Two-way (divided with broken lines road marking);Tangent road with flat terrain;Y Shape;Asphalt roads;Dry;Daylight;Normal;Vehicle with vehicle collision;2;1;Going straight;Over 51;Not a Pedestrian;No priority to vehicle;Slight Injury
21:20:00;Saturday;Female;Junior high school;Employee;2-5yr;unknown;Owner;Above 10yr;No defect;Office areas;Undivided Two way;Tangent road with flat terrain;Y Shape;Asphalt roads;Dry;Daylight;Normal;Collision with roadside objects;2;1;Going straight;18-30;Not a Pedestrian;Moving Backward;Slight Injury
21:20:00;Saturday;Male;Junior high school;Employee;Above 10yr;Long lorry;Owner;Above 10yr;No defect;Residential areas;Undivided Two way;Tangent road with flat terrain;Crossing;Asphalt roads;Wet or damp;Daylight;Normal;Vehicle with vehicle collision;2;1;Going straight;na;Not a Pedestrian;Driving carelessly;Slight Injury
05:49:00;Tuesday;Male;Junior high school;Employee;5-10yr;Public (12 seats);Owner;Above 10yr;No defect;Other;One way;Steep grade downward with mountainous terrain;Crossing;Asphalt roads;Wet or damp;Daylight;Normal;Collision with roadside objects;2;1;Going straight;Under 18;Not a Pedestrian;Driving carelessly;Slight Injury
05:49:00;Tuesday;Male;High school;Employee;1-2yr;Public (12 seats);Owner;Above 10yr;No defect;Residential areas;Two-way (divided with broken lines road marking);Tangent road with flat terrain;Crossing;Asphalt roads;Dry;Daylight;Normal;Vehicle with vehicle collision;2;1;Reversing;na;Not a Pedestrian;Driving under the influence of drugs;Slight Injury
05:49:00;Tuesday;Male;Elementary school;Employee;5-10yr;Other;Owner;5-10yrs;No defect;Residential areas;Undivided Two way;Tangent road with flat terrain;Crossing;Asphalt roads;Dry;Daylight;Normal;Vehicle with vehicle collision;2;1;Moving Backward;18-30;Not a Pedestrian;No priority to pedestrian;Slight Injury
09:35:00;Monday;Male;Elementary school;Employee;2-5yr;Other;Owner;unknown;No defect;Residential areas;Two-way (divided with broken lines road marking);Tangent road with flat terrain;Crossing;Asphalt roads;Dry;Daylight;Normal;Vehicle with vehicle collision;2;1;Overtaking;na;Not a Pedestrian;No priority to vehicle;Slight Injury
09:35:00;Monday;Male;Junior high school;Employee;Below 1yr;Other;Owner;1-2yr;No defect;Other;other;Tangent road with flat terrain;Y Shape;Asphalt roads;Dry;Daylight;Normal;Vehicle with vehicle collision;2;1;Going straight;Over 51;Not a Pedestrian;Driving carelessly;Slight Injury
18:39:00;Wednesday;Male;Junior high school;Employee;Below 1yr;Public (12 seats);Owner;5-10yrs;No defect;Other;Undivided Two way;Tangent road with flat terrain;No junction;Asphalt roads;Dry;Daylight;Normal;Vehicle with vehicle collision;2;1;Going straight;5;Not a Pedestrian;Moving Backward;Slight Injury
18:39:00;Wednesday;Male;Junior high school;Employee;5-10yr;Lorry (41?100Q);Owner;5-10yrs;No defect;Other;One way;Tangent road with flat terrain;Y Shape;Asphalt roads;Dry;Daylight;Normal;Vehicle with vehicle collision;2;1;Going straight;na;Not a Pedestrian;Driving carelessly;Slight Injury
16:00:00;Wednesday;Male;Junior high school;Owner;5-10yr;Other;Owner;1-2yr;No defect; Hospital areas;Undivided Two way;Tangent road with flat terrain;Y Shape;Earth roads;Wet or damp;Daylight;Raining;Vehicle with vehicle collision;1;1;Going straight;18-30;Not a Pedestrian;No priority to vehicle;Slight Injury
16:00:00;Wednesday;Male;Elementary school;Employee;1-2yr;Public (12 seats);Owner;2-5yrs;No defect;Residential areas;Undivided Two way;Tangent road with flat terrain;Y Shape;Asphalt roads;Dry;Daylight;Normal;Vehicle with vehicle collision;3;1;Going straight;na;Not a Pedestrian;Changing lane to the right;Slight Injury
13:09:00;Tuesday;Male;Junior high school;Employee;unknown;Other;Owner;5-10yrs;No defect;Residential areas;One way;Tangent road with flat terrain;Crossing;Asphalt roads;Dry;Daylight;Normal;Collision with pedestrians;3;1;Going straight;18-30;Not a Pedestrian;Changing lane to the left;Slight Injury
13:09:00;Tuesday;Male;Elementary school;Employee;Above 10yr;Lorry (11?40Q);Owner;5-10yrs;No defect;Residential areas;Undivided Two way;Tangent road with flat terrain;Crossing;Asphalt roads;Dry;Daylight;Normal;Collision with roadside objects;3;1;Going straight;na;Not a Pedestrian;No priority to vehicle;Slight Injury
20:30:00;Friday;Male;Junior high school;Owner;1-2yr;Other;Owner;1-2yr;No defect;Other;Two-way (divided with broken lines road marking);Tangent road with flat terrain;Y Shape;Asphalt roads;Dry;Daylight;Normal;Vehicle with vehicle collision;2;3;Reversing;18-30;Not a Pedestrian;Driving carelessly;Slight Injury
20:30:00;Friday;Male;unknown;unknown;unknown;Other;Owner;1-2yr;No defect;Office areas;Two-way (divided with broken lines road marking);Tangent road with flat terrain;Y Shape;Asphalt roads;Dry;Daylight;Normal;Vehicle with vehicle collision;2;3;Going straight;na;Not a Pedestrian;Moving Backward;Slight Injury
19:00:00;Friday;Male;Junior high school;Employee;Above 10yr;Other;Owner;2-5yrs;No defect;Other;other;Tangent road with flat terrain;Y Shape;Asphalt roads;Dry;Daylight;Normal;Collision with roadside objects;2;3;Going straight;18-30;Not a Pedestrian;No distancing;Slight Injury
12:40:00;Saturday;Male;Elementary school;Owner;2-5yr;Pick up upto 10Q;Owner;Unknown;No defect;Office areas;Double carriageway (median);Tangent road with flat terrain;Crossing;Asphalt roads;Dry;Daylight;Normal;Vehicle with vehicle collision;1;1;Other;18-30;Not a Pedestrian;Changing lane to the left;Serious Injury
18:12:00;Wednesday;Male;Junior high school;Employee;5-10yr;Automobile;Owner;Unknown;No defect;Residential areas;Two-way (divided with broken lines road marking);Tangent road with flat terrain;Crossing;Asphalt roads;Dry;Daylight;Normal;Vehicle with vehicle collision;2;1;Entering a junction;na;Not a Pedestrian;Changing lane to the left;Slight Injury
18:12:00;Wednesday;Male;Junior high school;Employee;Below 1yr;Other;Owner;Unknown;No defect;Office areas;Double carriageway (median);Gentle horizontal curve;Y Shape;Asphalt roads;Dry;Daylight;Normal;Collision with pedestrians;2;1;Turnover;18-30;Not a Pedestrian;No distancing;Slight Injury
18:12:00;Wednesday;Male;Junior high school;Employee;5-10yr;Lorry (41?100Q);Owner;unknown;No defect;Office areas;Double carriageway (median);Tangent road with flat terrain;No junction;Asphalt roads;Dry;Daylight;Normal;Vehicle with vehicle collision;2;1;Going straight;5;Not a Pedestrian;Changing lane to the left;Slight Injury
18:12:00;Wednesday;Male;High school;Employee;Above 10yr;Public (13?45 seats);Organization;Unknown;No defect;Other;Double carriageway (median);Tangent road with flat terrain;Unknown;Earth roads;Dry;Daylight;Normal;Collision with pedestrians;2;1;Going straight;na;Not a Pedestrian;Driving carelessly;Slight Injury
07:50:00;Wednesday;Male;Junior high school;Employee;5-10yr;Automobile;Owner;Unknown;No defect;Office areas;Two-way (divided with broken lines road marking);Tangent road with flat terrain;No junction;Asphalt roads;Dry;Daylight;Normal;Vehicle with vehicle collision;3;2;Going straight;na;Not a Pedestrian;Changing lane to the left;Slight Injury
07:50:00;Wednesday;Male;Elementary school;Employee;1-2yr;Pick up upto 10Q;Owner;Unknown;No defect;Office areas;unknown;Tangent road with flat terrain;No junction;Asphalt roads;Dry;Daylight;Normal;Vehicle with vehicle collision;3;2;Going straight;Under 18;Not a Pedestrian;No distancing;Slight Injury
10:16:00;Thursday;Male;Junior high school;Employee;unknown;Lorry (41?100Q);Governmental;Unknown;unknown;Office areas;One way;Tangent road with flat terrain;No junction;Asphalt roads;Dry;Daylight;Normal;Collision with roadside objects;3;2;Going straight;na;Not a Pedestrian;Changing lane to the right;Slight Injury
10:16:00;Thursday;Female;Elementary school;Employee;1-2yr;Public (12 seats);Owner;Unknown;unknown;Other;Undivided Two way;Tangent road with flat terrain;No junction;Asphalt roads;Wet or damp;Daylight;Normal;Vehicle with vehicle collision;2;3;Going straight;5;Not a Pedestrian;No distancing;Slight Injury
23:05:00;Saturday;Male;Junior high school;Owner;1-2yr;Other;Owner;Unknown;unknown;Residential areas;unknown;Tangent road with flat terrain;Y Shape;Asphalt roads;Wet or damp;Daylight;Normal;Vehicle with vehicle collision;2;3;Going straight;na;Not a Pedestrian;Driving to the left;Slight Injury
00:47:00;Sunday;Male;Above high school;Owner;1-2yr;Lorry (41?100Q);Owner;2-5yrs;No defect;Residential areas;Two-way (divided with broken lines road marking);Gentle horizontal curve;Y Shape;Asphalt roads;Wet or damp;Daylight;Normal;Vehicle with vehicle collision;2;3;Going straight;na;Not a Pedestrian;No distancing;Slight Injury
00:47:00;Sunday;Male;Junior high school;Owner;5-10yr;Pick up upto 10Q;Owner;5-10yrs;unknown; Church areas;Two-way (divided with broken lines road marking);Tangent road with flat terrain;Y Shape;Asphalt roads;Dry;Daylight;Normal;Collision with pedestrians;2;1;Getting off;31-50;Not a Pedestrian;Overtaking;Slight Injury
10:30:00;Monday;Male;Junior high school;Employee;5-10yr;Other;Owner;5-10yrs;unknown;Other;Two-way (divided with broken lines road marking);Tangent road with flat terrain;Y Shape;Asphalt roads;Dry;Daylight;Normal;Collision with roadside objects;2;1;Getting off;na;Not a Pedestrian;Driving under the influence of drugs;Slight Injury
10:30:00;Monday;Male;Elementary school;Employee;5-10yr;Lorry (41?100Q);Owner;Unknown;unknown;Residential areas;Two-way (divided with broken lines road marking);Tangent road with flat terrain;Y Shape;Gravel roads;Dry;Daylight;Normal;Collision with pedestrians;4;1;Getting off;31-50;Not a Pedestrian;No priority to pedestrian;Slight Injury
13:01:00;Saturday;Male;High school;Owner;Below 1yr;Ridden horse;Owner;2-5yrs;unknown;Other;Undivided Two way;Tangent road with flat terrain;Y Shape;Asphalt roads;Dry;Daylight;Normal;Vehicle with vehicle collision;4;1;Moving Backward;31-50;Not a Pedestrian;Moving Backward;Slight Injury
13:01:00;Saturday;Male;Junior high school;Employee;Above 10yr;Automobile;Owner;2-5yrs;unknown;Residential areas;Undivided Two way;Tangent road with flat terrain;Y Shape;Asphalt roads;Dry;Daylight;Normal;Vehicle with vehicle collision;4;1;Going straight;31-50;Not a Pedestrian;Changing lane to the right;Slight Injury
13:01:00;Saturday;Male;Junior high school;Employee;5-10yr;Automobile;Owner;2-5yrs;unknown;Residential areas;Two-way (divided with broken lines road marking);Tangent road with flat terrain;Other;Asphalt roads;Dry;Daylight;Normal;Vehicle with vehicle collision;4;1;Going straight;na;Not a Pedestrian;Changing lane to the left;Slight Injury
17:41:00;Monday;Female;Junior high school;Employee;Below 1yr;Stationwagen;Owner;5-10yrs;No defect;Other;Two-way (divided with broken lines road marking);Tangent road with flat terrain;Other;Asphalt roads;Dry;Daylight;Normal;Vehicle with vehicle collision;2;1;Waiting to go;Over 51;Not a Pedestrian;Changing lane to the right;Serious Injury
17:41:00;Monday;Female;Junior high school;Employee;Above 10yr;Other;unknown;unknown;unknown;Other;Two-way (divided with broken lines road marking);Tangent road with flat terrain;Y Shape;Asphalt roads;Dry;Daylight;Normal;Vehicle with vehicle collision;2;1;Going straight;na;Not a Pedestrian;Driving under the influence of drugs;Serious Injury
17:41:00;Monday;Male;Junior high school;Employee;5-10yr;Lorry (41?100Q);Owner;Unknown;No defect;Other;Undivided Two way;Tangent road with flat terrain;Y Shape;Asphalt roads;Dry;Daylight;Normal;Collision with roadside objects;1;1;Other;na;Not a Pedestrian;No priority to vehicle;Slight Injury
17:41:00;Monday;Male;Junior high school;Owner;Above 10yr;Lorry (41?100Q);Owner;Unknown;No defect;Other;Double carriageway (median);Tangent road with flat terrain;Y Shape;Asphalt roads;Dry;Daylight;Normal;Collision with roadside objects;4;2;Going straight;31-50;Not a Pedestrian;No priority to vehicle;Slight Injury
17:25:00;Friday;Male;Junior high school;Employee;5-10yr;Long lorry;Owner;Unknown;unknown;Residential areas;Two-way (divided with broken lines road marking);Tangent road with flat terrain;Y Shape;Asphalt roads;Dry;Daylight;Normal;Vehicle with vehicle collision;4;2;Going straight;31-50;Not a Pedestrian;Changing lane to the left;Slight Injury