Time;Day_of_week;Sex_of_driver;Educational_level;Vehicle_driver_relation;Driving_experience;Type_of_vehicle;Owner_of_vehicle;Service_year_of_vehicle;Defect_of_vehicle;Area_accident_occured;Lanes_or_Medians;Road_allignment;Types_of_Junction;Road_surface_type;Road_surface_conditions;Light_conditions;Weather_conditions;Type_of_collision;Number_of_vehicles_involved;Number_of_casualties;Vehicle_movement;Age_band_of_casualty;Pedestrian_movement;Cause_of_accident;Accident_severity
17:25:00;Friday;Male;Junior high school;Employee;1-2yr;Stationwagen;Owner;2-5yrs;unknown;  Recreational areas;Undivided Two way;Tangent road with flat terrain;Crossing;Asphalt roads;Dry;Daylight;Normal;Vehicle with vehicle collision;4;2;Going straight;na;Not a Pedestrian;Changing lane to the right;Slight Injury
17:25:00;Friday;Male;Junior high school;Employee;1-2yr;Public (12 seats);Owner;unknown;unknown;Other;other;Tangent road with flat terrain;Crossing;Asphalt roads;Dry;Daylight;Normal;Vehicle with vehicle collision;4;2;Going straight;18-30;Not a Pedestrian;Changing lane to the right;Slight Injury
17:25:00;Friday;Male;Junior high school;Employee;1-2yr;Automobile;Owner;unknown;unknown;Office areas;Undivided Two way;Tangent road with flat terrain;Crossing;Asphalt roads;Wet or damp;Daylight;Raining;Vehicle with vehicle collision;3;1;Overtaking;na;Not a Pedestrian;Changing lane to the left;Slight Injury
17:25:00;Friday;Male;High school;Employee;2-5yr;Public (12 seats);unknown;unknown;unknown;Other;Undivided Two way;Tangent road with flat terrain;Crossing;Asphalt roads;Wet or damp;Daylight;Raining;Vehicle with vehicle collision;3;1;Going straight;na;Not a Pedestrian;Changing lane to the left;Slight Injury
11:10:00;Sunday;Male;High school;Owner;Above 10yr;Lorry (41?100Q);Owner;Unknown;unknown;Office areas;Undivided Two way;Tangent road with flat terrain;No junction;Asphalt roads;Wet or damp;Daylight;Raining;Vehicle with vehicle collision;3;1;Going straight;18-30;Not a Pedestrian;Getting off the vehicle improperly;Slight Injury
11:10:00;Sunday;Male;Elementary school;Employee;2-5yr;Automobile;Owner;Unknown;unknown;Office areas;One way;Tangent road with flat terrain;No junction;Asphalt roads;Dry;Daylight;Normal;Vehicle with vehicle collision;2;2;Going straight;18-30;Not a Pedestrian;Overtaking;Slight Injury
11:10:00;Sunday;Male;Junior high school;Employee;Above 10yr;Lorry (41?100Q);Owner;Unknown;unknown;Office areas;Undivided Two way;Tangent road with flat terrain;No junction;Asphalt roads;Dry;Daylight;Normal;Vehicle with vehicle collision;2;2;Turnover;31-50;Not a Pedestrian;Changing lane to the left;Slight Injury
03:15:00;Saturday;Male;High school;Employee;2-5yr;Lorry (41?100Q);Owner;Unknown;No defect;Other;Undivided Two way;Tangent road with flat terrain;No junction;Asphalt roads;Dry;Daylight;Normal;Vehicle with vehicle collision;2;2;Going straight;na;Not a Pedestrian;Driving under the influence of drugs;Slight Injury
03:15:00;Saturday;Male;Junior high school;Other;No Licence;Pick up upto 10Q;Governmental;Unknown;unknown;Other;Double carriageway (median);Tangent road with flat terrain;No junction;Asphalt roads;Dry;Daylight;Normal;Vehicle with vehicle collision;2;2;Going straight;31-50;Not a Pedestrian;Driving carelessly;Slight Injury
17:00:00;Tuesday;Male;Junior high school;Employee;1-2yr;Other;Owner;Unknown;No defect;Office areas;Two-way (divided with solid lines road marking);Tangent road with flat terrain;No junction;Asphalt roads;Dry;Daylight;Normal;Other;2;2;Getting off;18-30;Not a Pedestrian;Moving Backward;Slight Injury
17:00:00;Tuesday;Male;Junior high school;Owner;5-10yr;Automobile;Owner;Unknown;unknown;Residential areas;other;Tangent road with flat terrain;No junction;Asphalt roads;Dry;Daylight;Normal;Vehicle with vehicle collision;2;2;Moving Backward;na;Not a Pedestrian;No distancing;Slight Injury
17:10:00;Friday;Male;Junior high school;Employee;1-2yr;Automobile;Governmental;2-5yrs;unknown;  Recreational areas;Undivided Two way;Tangent road with flat terrain;No junction;Asphalt roads;Dry;Daylight;Normal;Collision with roadside objects;2;1;Getting off;18-30;Not a Pedestrian;No priority to vehicle;Fatal injury
17:10:00;Friday;Male;Junior high school;Employee;Above 10yr;Lorry (11?40Q);Owner;1-2yr;No defect;Other;other;Tangent road with flat terrain;No junction;Earth roads;Dry;Daylight;Normal;Vehicle with vehicle collision;2;1;Overtaking;na;Not a Pedestrian;Overturning;Fatal injury
17:23:00;Tuesday;Male;Junior high school;Employee;1-2yr;Bajaj;Owner;Above 10yr;No defect;Residential areas;other;Tangent road with flat terrain;No junction;Asphalt roads;Dry;Daylight;Normal;Vehicle with vehicle collision;2;1;Going straight;na;Not a Pedestrian;Changing lane to the left;Slight Injury
17:23:00;Tuesday;Male;Junior high school;Employee;1-2yr;Automobile;Owner;Unknown;No defect;Other;other;Tangent road with flat terrain;Crossing;Asphalt roads;Dry;Daylight;Normal;Vehicle with vehicle collision;2;1;Going straight;31-50;Not a Pedestrian;No distancing;Slight Injury
18:00:00;Sunday;Male;Junior high school;Employee;2-5yr;Lorry (41?100Q);Owner;Unknown;unknown;Other;other;Tangent road with flat terrain;Crossing;Asphalt roads;Dry;Daylight;Normal;Vehicle with vehicle collision;2;1;Going straight;31-50;Not a Pedestrian;Moving Backward;Serious Injury
23:35:00;Wednesday;Male;High school;Employee;1-2yr;Lorry (11?40Q);Owner;5-10yrs;unknown;Other;One way;Tangent road with flat terrain;Crossing;Asphalt roads;Dry;Daylight;Normal;Vehicle with vehicle collision;2;1;Reversing;5;Not a Pedestrian;No priority to vehicle;Serious Injury
23:35:00;Wednesday;Male;Junior high school;Employee;1-2yr;Lorry (11?40Q);Owner;Unknown;No defect;Other;Two-way (divided with broken lines road marking);Tangent road with flat terrain;Crossing;Asphalt roads;Dry;Darkness - lights lit;Normal;Vehicle with vehicle collision;2;3;Getting off;Under 18;Not a Pedestrian;No priority to vehicle;Slight Injury
14:59:00;Wednesday;Male;Elementary school;Employee;Above 10yr;Automobile;Owner;2-5yrs;No defect;Other;other;Tangent road with flat terrain;No junction;Asphalt roads;Dry;Darkness - lights lit;Normal;Collision with roadside objects;2;3;Going straight;na;Not a Pedestrian;No distancing;Slight Injury
14:59:00;Wednesday;Male;Junior high school;Employee;Above 10yr;unknown;Owner;Unknown;No defect;School areas;Undivided Two way;Tangent road with flat terrain;No junction;Asphalt roads;Dry;Darkness - lights lit;Normal;Collision with roadside objects;2;3;Going straight;31-50;Unknown or other;No distancing;Slight Injury
14:59:00;Wednesday;Male;Elementary school;Employee;Above 10yr;Automobile;Owner;unknown;No defect;Office areas;Two-way (divided with broken lines road marking);Tangent road with flat terrain;Y Shape;Gravel roads;Wet or damp;Daylight;Raining;Vehicle with vehicle collision;1;1;Going straight;18-30;Crossing from offside - masked by  parked or statioNot a Pedestrianry vehicle;Overtaking;Serious Injury
14:40:00;Saturday;Male;Junior high school;Employee;Above 10yr;Public (13?45 seats);Owner;Unknown;No defect;Office areas;Two-way (divided with broken lines road marking);Tangent road with flat terrain;Y Shape;Asphalt roads;Dry;Daylight;Normal;Collision with roadside objects;2;1;Reversing;na;Not a Pedestrian;Driving under the influence of drugs;Serious Injury
14:40:00;Saturday;Male;Junior high school;Employee;1-2yr;Public (12 seats);Owner;5-10yrs;No defect;Office areas;Two-way (divided with broken lines road marking);Tangent road with flat terrain;No junction;Asphalt roads;Dry;Daylight;Normal;Collision with roadside objects;2;1;Going straight;18-30;Not a Pedestrian;Changing lane to the right;Serious Injury
14:40:00;Saturday;Male;Junior high school;Employee;5-10yr;Other;Owner;Unknown;No defect;School areas;unknown;Tangent road with flat terrain;Y Shape;Asphalt roads;Dry;Daylight;Normal;Vehicle with vehicle collision;1;1;Stopping;na;Not a Pedestrian;Changing lane to the left;Serious Injury
12:48:00;Sunday;Male;High school;Owner;2-5yr;Automobile;Governmental;unknown;No defect;School areas;Undivided Two way;Tangent road with flat terrain;Y Shape;Other;Dry;Darkness - lights lit;Normal;Vehicle with vehicle collision;2;2;Overtaking;18-30;Not a Pedestrian;Driving carelessly;Slight Injury
12:48:00;Sunday;Male;Junior high school;Employee;2-5yr;Automobile;Owner;unknown;No defect;Office areas;Two-way (divided with broken lines road marking);Tangent road with flat terrain;Y Shape;Asphalt roads;Dry;Darkness - lights lit;Normal;Collision with roadside objects;2;2;Going straight;18-30;Not a Pedestrian;Moving Backward;Slight Injury
12:48:00;Sunday;Male;Junior high school;Employee;5-10yr;Public (13?45 seats);Owner;unknown;No defect;Office areas;Two-way (divided with broken lines road marking);Tangent road with flat terrain;Y Shape;Asphalt roads;Dry;Daylight;Normal;Vehicle with vehicle collision;1;2;Reversing;18-30;Not a Pedestrian;Moving Backward;Serious Injury
12:48:00;Sunday;Male;Junior high school;Employee;5-10yr;Public (13?45 seats);Governmental;Above 10yr;No defect;School areas;Two-way (divided with broken lines road marking);Tangent road with flat terrain;Y Shape;Asphalt roads;Dry;Daylight;Normal;Vehicle with vehicle collision;1;2;Going straight;na;Not a Pedestrian;Changing lane to the right;Serious Injury
12:48:00;Sunday;Male;Junior high school;Employee;2-5yr;Automobile;Owner;1-2yr;No defect;unknown;Two-way (divided with broken lines road marking);Tangent road with flat terrain;Y Shape;Asphalt roads;Wet or damp;Daylight;Raining;Vehicle with vehicle collision;2;2;Going straight;18-30;Not a Pedestrian;No priority to vehicle;Serious Injury
18:40:00;Friday;Male;High school;Employee;Above 10yr;Other;Owner;Above 10yr;No defect;Other;Two-way (divided with broken lines road marking);Tangent road with flat terrain;Y Shape;Asphalt roads;Wet or damp;Daylight;Raining;Vehicle with vehicle collision;2;2;Reversing;na;Not a Pedestrian;Driving at high speed;Serious Injury
18:40:00;Friday;Male;Elementary school;Employee;5-10yr;Pick up upto 10Q;Owner;Below 1yr;No defect;Other;Undivided Two way;Tangent road with flat terrain;Y Shape;Asphalt roads;Wet or damp;Daylight;Raining;Vehicle with vehicle collision;2;2;Going straight;na;Not a Pedestrian;Driving under the influence of drugs;Serious Injury
11:11:00;Wednesday;Male;Junior high school;Employee;Above 10yr;Lorry (41?100Q);Owner;Above 10yr;No defect;Other;Two-way (divided with broken lines road marking);Tangent road with flat terrain;Y Shape;Asphalt roads;Dry;Daylight;Normal;Vehicle with vehicle collision;2;2;Waiting to go;31-50;Not a Pedestrian;Changing lane to the right;Fatal injury
11:11:00;Wednesday;Male;Writing & reading;Employee;2-5yr;Automobile;Owner;Unknown;No defect;Residential areas;Undivided Two way;Tangent road with flat terrain;Y Shape;Asphalt roads;Dry;Daylight;Normal;Collision with pedestrians;2;2;Going straight;na;Not a Pedestrian;Driving carelessly;Fatal injury
07:50:00;Tuesday;Male;Junior high school;Employee;2-5yr;Automobile;Governmental;1-2yr;No defect;Other;Undivided Two way;Tangent road with flat terrain;Y Shape;Asphalt roads;Dry;Daylight;Normal;Vehicle with vehicle collision;2;1;Going straight;Over 51;Not a Pedestrian;No distancing;Slight Injury
07:50:00;Tuesday;Male;High school;Employee;2-5yr;Lorry (41?100Q);Owner;1-2yr;No defect;Other;Undivided Two way;Tangent road with flat terrain;Y Shape;Asphalt roads;Dry;Daylight;Normal;Collision with roadside objects;2;1;Going straight;18-30;Not a Pedestrian;Changing lane to the left;Slight Injury
07:50:00;Tuesday;Male;Junior high school;Employee;1-2yr;unknown;Owner;unknown;No defect; Industrial areas;Undivided Two way;Tangent road with flat terrain;Y Shape;Asphalt roads;Dry;Daylight;Normal;Vehicle with vehicle collision;2;2;Going straight;na;Not a Pedestrian;No distancing;Slight Injury
16:30:00;Tuesday;Male;High school;Employee;5-10yr;Other;Owner;unknown;No defect;  Recreational areas;Undivided Two way;Tangent road with flat terrain;Y Shape;Asphalt roads;Dry;Daylight;Normal;Vehicle with vehicle collision;2;2;Getting off;31-50;Not a Pedestrian;No distancing;Slight Injury
16:30:00;Tuesday;Female;Elementary school;Employee;2-5yr;Automobile;Owner;Above 10yr;No defect; Church areas;Two-way (divided with broken lines road marking);Tangent road with flat terrain;Y Shape;Asphalt roads;Dry;Daylight;Normal;Vehicle with vehicle collision;2;1;Going straight;na;Not a Pedestrian;Getting off the vehicle improperly;Serious Injury
18:56:00;Monday;Male;Junior high school;Employee;1-2yr;Automobile;Owner;unknown;unknown;Office areas;Two-way (divided with broken lines road marking);Tangent road with flat terrain;Y Shape;Asphalt roads;Dry;Daylight;Normal;Vehicle with vehicle collision;2;1;Going straight;31-50;Not a Pedestrian;Overtaking;Serious Injury
18:56:00;Monday;Male;Elementary school;Employee;1-2yr;Automobile;Owner;unknown;unknown;Other;Two-way (divided with broken lines road marking);Tangent road with flat terrain;Y Shape;Gravel roads;Dry;Daylight;Normal;Vehicle with vehicle collision;2;1;Going straight;na;Not a Pedestrian;Driving carelessly;Slight Injury
18:13:00;Tuesday;Male;High school;Employee;No Licence;Automobile;Owner;unknown;unknown;Office areas;Undivided Two way;Tangent road with flat terrain;Y Shape;Asphalt roads;Dry;Daylight;Normal;Vehicle with vehicle collision;2;1;Reversing;31-50;Not a Pedestrian;Driving under the influence of drugs;Slight Injury
18:13:00;Tuesday;Male;Junior high school;Owner;5-10yr;Lorry (41?100Q);Owner;unknown;unknown;Office areas;Two-way (divided with broken lines road marking);Tangent road with flat terrain;Y Shape;Asphalt roads;Dry;Daylight;Normal;Vehicle with vehicle collision;1;1;Turnover;Over 51;Not a Pedestrian;Moving Backward;Slight Injury
18:13:00;Tuesday;Male;Junior high school;Employee;1-2yr;Other;Owner;unknown;unknown;Other;Two-way (divided with broken lines road marking);Tangent road with flat terrain;Crossing;Asphalt roads;Dry;Daylight;Normal;Vehicle with vehicle collision;1;1;Going straight;18-30;Not a Pedestrian;Overturning;Serious Injury
15:15:00;Sunday;Male;Junior high school;Employee;2-5yr;Pick up upto 10Q;Owner;Above 10yr;unknown;Residential areas;Undivided Two way;Tangent road with flat terrain;Crossing;Other;Dry;Daylight;Normal;Vehicle with vehicle collision;2;3;Going straight;Under 18;Not a Pedestrian;Driving under the influence of drugs;Slight Injury
15:15:00;Sunday;Male;Junior high school;Employee;5-10yr;Stationwagen;Owner;Above 10yr;unknown;Office areas;other;Tangent road with mountainous terrain and;Y Shape;Asphalt roads;Dry;Daylight;Normal;Collision with roadside objects;2;3;Going straight;18-30;Not a Pedestrian;Changing lane to the right;Slight Injury
15:15:00;Sunday;Male;unknown;unknown;unknown;Other;Owner;Above 10yr;No defect;Residential areas;other;Tangent road with flat terrain;Crossing;Other;Dry;Daylight;Normal;Vehicle with vehicle collision;2;3;Going straight;na;Not a Pedestrian;Changing lane to the left;Slight Injury
10:12:00;Tuesday;Male;unknown;unknown;unknown;Pick up upto 10Q;unknown;unknown;unknown;School areas;Two-way (divided with broken lines road marking);Tangent road with flat terrain;Y Shape;Asphalt roads;Dry;Daylight;Normal;Collision with roadside objects;2;3;Getting off;18-30;Not a Pedestrian;No distancing;Slight Injury
19:25:00;Monday;Male;Junior high school;Employee;2-5yr;Stationwagen;Owner;Above 10yr;No defect;Office areas;Two-way (divided with broken lines road marking);Sharp reverse curve;Y Shape;Asphalt roads;Dry;Daylight;Normal;Vehicle with vehicle collision;2;1;Going straight;na;Not a Pedestrian;No distancing;Slight Injury
14:57:00;Friday;Male;Junior high school;Employee;Above 10yr;Lorry (41?100Q);Owner;5-10yrs;No defect;Other;other;Tangent road with flat terrain;Y Shape;Asphalt roads;Dry;Daylight;Normal;Vehicle with vehicle collision;2;1;Going straight;na;Not a Pedestrian;No priority to vehicle;Slight Injury
14:57:00;Friday;Male;Junior high school;Owner;Above 10yr;Automobile;Owner;Above 10yr;No defect;Other;Undivided Two way;Tangent road with flat terrain;No junction;Asphalt roads;Dry;Daylight;Normal;unknown;2;1;Going straight;5;Not a Pedestrian;Moving Backward;Slight Injury
14:57:00;Friday;Male;unknown;unknown;unknown;unknown;Owner;Above 10yr;No defect; Church areas;other;Tangent road with flat terrain;No junction;Asphalt roads;Dry;Daylight;Normal;Collision with pedestrians;2;1;Going straight;31-50;Not a Pedestrian;Moving Backward;Slight Injury
08:30:00;Sunday;Male;Elementary school;Owner;Above 10yr;Automobile;Owner;unknown;No defect;Office areas;Two-way (divided with broken lines road marking);Tangent road with flat terrain;No junction;Asphalt roads;Dry;Darkness - no lighting;Normal;Vehicle with vehicle collision;1;1;Going straight;na;Not a Pedestrian;Getting off the vehicle improperly;Serious Injury
22:05:00;Monday;Male;Junior high school;Employee;Above 10yr;Automobile;Owner;unknown;No defect;Other;Two-way (divided with broken lines road marking);Tangent road with flat terrain;No junction;Asphalt roads;Dry;Darkness - lights lit;Normal;Vehicle with vehicle collision;1;2;Going straight;18-30;Not a Pedestrian;Changing lane to the left;Serious Injury
22:05:00;Monday;Male;Elementary school;Owner;2-5yr;Turbo;Owner;unknown;No defect;Office areas;Two-way (divided with broken lines road marking);Tangent road with mild grade and flat terrain;No junction;Asphalt roads;Dry;Darkness - lights lit;Normal;Vehicle with vehicle collision;1;2;Going straight;na;Not a Pedestrian;Changing lane to the left;Serious Injury
15:30:00;Friday;Male;Junior high school;Employee;5-10yr;unknown;Owner;unknown;No defect;Office areas;Two-way (divided with broken lines road marking);Tangent road with flat terrain;No junction;Asphalt roads;Dry;Daylight;Normal;Collision with pedestrians;1;2;Going straight;Under 18;Crossing from driver's nearside;No priority to vehicle;Slight Injury
15:30:00;Friday;Male;Junior high school;Employee;Below 1yr;Stationwagen;Owner;Above 10yr;No defect;Office areas;Two-way (divided with broken lines road marking);Sharp reverse curve;No junction;Asphalt roads;Dry;Daylight;Normal;Collision with roadside objects;1;2;Going straight;na;Not a Pedestrian;Changing lane to the right;Slight Injury
15:30:00;Friday;Male;Junior high school;Employee;5-10yr;Automobile;Owner;Above 10yr;No defect; Church areas;Undivided Two way;Sharp reverse curve;No junction;Asphalt roads;Wet or damp;Daylight;Raining;unknown;2;3;Going straight;31-50;Not a Pedestrian;Changing lane to the right;Slight Injury
21:15:00;Sunday;Male;High school;Employee;Above 10yr;Automobile;Owner;Above 10yr;No defect;Office areas;Undivided Two way;Gentle horizontal curve;Y Shape;Asphalt roads;Wet or damp;Daylight;Raining;Vehicle with vehicle collision;2;3;Reversing;na;Not a Pedestrian;Driving carelessly;Slight Injury
21:15:00;Sunday;Male;Junior high school;Employee;5-10yr;Automobile;Owner;5-10yrs;No defect;Other;Double carriageway (median);Gentle horizontal curve;No junction;Asphalt roads;Wet or damp;Daylight;Raining;unknown;2;3;Going straight;31-50;Not a Pedestrian;Changing lane to the left;Slight Injury
21:15:00;Sunday;Male;Elementary school;Employee;1-2yr;Pick up upto 10Q;Owner;unknown;unknown;Other;Two-way (divided with broken lines road marking);Tangent road with flat terrain;No junction;Asphalt roads;Dry;Daylight;Normal;unknown;4;1;Turnover;5;Not a Pedestrian;Changing lane to the right;Slight Injury
21:15:00;Sunday;Male;Junior high school;Employee;unknown;Lorry (41?100Q);Owner;5-10yrs;No defect; Church areas;Unknown;Tangent road with mountainous terrain and;Crossing;Asphalt roads;Dry;Daylight;Normal;unknown;4;1;Going straight;na;Not a Pedestrian;Driving under the influence of drugs;Slight Injury
16:32:00;Monday;Male;Above high school;Employee;1-2yr;Lorry (41?100Q);Owner;1-2yr;unknown;School areas;Undivided Two way;Tangent road with flat terrain;Crossing;Asphalt roads;Dry;Daylight;Normal;Vehicle with vehicle collision;4;1;Going straight;18-30;Not a Pedestrian;Driving carelessly;Slight Injury
16:32:00;Monday;Male;Junior high school;Employee;Above 10yr;Automobile;unknown;unknown;unknown; Church areas;Two-way (divided with broken lines road marking);Tangent road with flat terrain;Crossing;Asphalt roads;Dry;Daylight;Normal;Vehicle with vehicle collision;4;1;Going straight;na;Not a Pedestrian;No distancing;Slight Injury
16:32:00;Monday;Male;Junior high school;Employee;1-2yr;Lorry (41?100Q);Owner;Above 10yr;unknown;Office areas;Undivided Two way;Tangent road with flat terrain;Crossing;Asphalt roads;Dry;Daylight;Normal;Collision with roadside objects;3;4;Going straight;18-30;Not a Pedestrian;No priority to vehicle;Slight Injury
15:30:00;Friday;Male;Junior high school;Employee;5-10yr;Lorry (41?100Q);Owner;2-5yrs;No defect;Other;other;Tangent road with flat terrain;Crossing;Asphalt roads;Dry;Daylight;Normal;Collision with roadside objects;3;4;Reversing;na;Not a Pedestrian;No priority to vehicle;Slight Injury
15:30:00;Friday;Male;Junior high school;Employee;2-5yr;Lorry (41?100Q);Owner;Above 10yr;unknown; Church areas;Two-way (divided with broken lines road marking);Steep grade upward with mountainous terrain;No junction;Asphalt roads;Dry;Daylight;Normal;Vehicle with vehicle collision;3;4;Going straight;5;Not a Pedestrian;No priority to vehicle;Slight Injury
14:45:00;Saturday;Male;unknown;unknown;unknown;Lorry (41?100Q);Governmental;1-2yr;No defect;Other;Double carriageway (median);Tangent road with flat terrain;No junction;Asphalt roads;Dry;Daylight;Normal;Vehicle with vehicle collision;3;4;Turnover;Over 51;Not a Pedestrian;Changing lane to the left;Slight Injury
19:30:00;Wednesday;Male;Junior high school;Employee;2-5yr;Automobile;Governmental;Above 10yr;unknown;Other;Double carriageway (median);Tangent road with flat terrain;No junction;Earth roads;Dry;Daylight;Normal;Vehicle with vehicle collision;3;4;Going straight;18-30;Not a Pedestrian;Moving Backward;Slight Injury
19:30:00;Wednesday;Male;Junior high school;Employee;2-5yr;Automobile;Organization;5-10yrs;No defect;Office areas;Two-way (divided with broken lines road marking);Gentle horizontal curve;No junction;Asphalt roads;Wet or damp;Daylight;Raining;Vehicle with vehicle collision;3;2;Going straight;na;Not a Pedestrian;Driving carelessly;Slight Injury
16:56:00;Friday;Male;Junior high school;Employee;Above 10yr;Automobile;Organization;Above 10yr;No defect;Other;Two-way (divided with broken lines road marking);Tangent road with flat terrain;No junction;Asphalt roads;Wet or damp;Daylight;Raining;Vehicle with vehicle collision;3;2;Going straight;18-30;Not a Pedestrian;Driving under the influence of drugs;Slight Injury
17:50:00;Monday;Male;Junior high school;Employee;1-2yr;Public (13?45 seats);Owner;2-5yrs;No defect;Other;Two-way (divided with broken lines road marking);Tangent road with flat terrain;No junction;Asphalt roads;Wet or damp;Daylight;Raining;Rollover;3;2;Going straight;Over 51;Not a Pedestrian;Changing lane to the right;Slight Injury
17:50:00;Monday;Male;Above high school;Owner;1-2yr;Automobile;Governmental;unknown;No defect;Residential areas;Two-way (divided with broken lines road marking);Tangent road with flat terrain;No junction;Asphalt roads;Dry;Darkness - lights lit;Normal;Vehicle with vehicle collision;1;2;Going straight;31-50;Not a Pedestrian;No priority to vehicle;Serious Injury
09:04:00;Tuesday;Male;Above high school;Employee;No Licence;Public (13?45 seats);Owner;2-5yrs;No defect;Office areas;Two-way (divided with broken lines road marking);Tangent road with flat terrain;No junction;Asphalt roads;Dry;Darkness - lights lit;Normal;Collision with roadside objects;1;2;Getting off;na;Not a Pedestrian;Changing lane to the right;Serious Injury
09:04:00;Tuesday;Male;Junior high school;Employee;1-2yr;Public (13?45 seats);Owner;2-5yrs;No defect; Church areas;One way;Tangent road with flat terrain;Y Shape;Asphalt roads;Dry;Daylight;Normal;Collision with pedestrians;2;1;Moving Backward;18-30;Not a Pedestrian;Driving to the left;Slight Injury
10:40:00;Thursday;Male;Junior high school;Employee;5-10yr;Automobile;Owner;1-2yr;No defect;unknown;Undivided Two way;Tangent road with flat terrain;Y Shape;Asphalt roads;Dry;Daylight;Normal;Vehicle with vehicle collision;2;1;Going straight;na;Not a Pedestrian;Moving Backward;Slight Injury
10:40:00;Thursday;Male;Junior high school;Employee;Above 10yr;Lorry (11?40Q);Owner;Above 10yr;unknown;  Market areas;other;Steep grade downward with mountainous terrain;Y Shape;Asphalt roads;Dry;Daylight;Normal;Vehicle with vehicle collision;2;1;Turnover;na;Not a Pedestrian;No priority to vehicle;Slight Injury
21:15:00;Thursday;Male;Junior high school;Employee;Above 10yr;Automobile;Owner;Above 10yr;unknown;Other;Two-way (divided with broken lines road marking);Tangent road with mountainous terrain and;Y Shape;Asphalt roads;Dry;Daylight;Normal;Vehicle with vehicle collision;2;1;Going straight;18-30;Not a Pedestrian;No distancing;Slight Injury
21:15:00;Thursday;Male;Junior high school;Owner;5-10yr;Lorry (41?100Q);Owner;unknown;No defect;Other;Undivided Two way;Tangent road with mountainous terrain and;Y Shape;Asphalt roads;Dry;Daylight;Normal;Vehicle with vehicle collision;2;1;unknown;na;Not a Pedestrian;Driving carelessly;Slight Injury
16:00:00;Friday;Male;Elementary school;Employee;2-5yr;Other;Owner;unknown;No defect; Church areas;Undivided Two way;Tangent road with flat terrain;Y Shape;Gravel roads;Dry;Daylight;Normal;Vehicle with vehicle collision;2;1;Going straight;31-50;Not a Pedestrian;Changing lane to the left;Slight Injury
16:00:00;Friday;Male;Junior high school;Employee;2-5yr;Pick up upto 10Q;Governmental;1-2yr;No defect;Residential areas;Undivided Two way;Tangent road with flat terrain;Crossing;Asphalt roads;Dry;Daylight;Normal;Vehicle with vehicle collision;1;1;Going straight;31-50;Crossing from driver's nearside;No priority to vehicle;Slight Injury
16:00:00;Friday;Male;Junior high school;Employee;Below 1yr;Lorry (11?40Q);Owner;Unknown;No defect;Other;Undivided Two way;Tangent road with flat terrain;No junction;Earth roads;Dry;Darkness - lights lit;Normal;Vehicle with vehicle collision;2;1;Going straight;na;Not a Pedestrian;No priority to vehicle;Serious Injury
19:30:00;Saturday;Male;Junior high school;Employee;2-5yr;Motorcycle;Owner;Unknown;No defect;Other;Two-way (divided with broken lines road marking);Tangent road with flat terrain;Crossing;Asphalt roads;Dry;Darkness - lights lit;Normal;Collision with roadside objects;2;1;Going straight;18-30;Not a Pedestrian;No distancing;Serious Injury
19:30:00;Saturday;Male;Junior high school;Employee;2-5yr;Pick up upto 10Q;Owner;Unknown;No defect;Other;Double carriageway (median);Tangent road with flat terrain;Crossing;Asphalt roads;Dry;Daylight;Normal;Rollover;2;2;Turnover;na;Not a Pedestrian;Driving to the left;Slight Injury
19:30:00;Saturday;Male;Elementary school;Employee;5-10yr;Lorry (11?40Q);Owner;unknown;No defect;  Recreational areas;Two-way (divided with broken lines road marking);Tangent road with flat terrain;Y Shape;Asphalt roads;Dry;Daylight;Normal;Vehicle with vehicle collision;2;2;Turnover;18-30;Not a Pedestrian;Driving carelessly;Slight Injury
09:32:00;Sunday;Male;Junior high school;Employee;Above 10yr;Lorry (11?40Q);Owner;Unknown;No defect;  Recreational areas;One way;Tangent road with flat terrain;Y Shape;Earth roads;Dry;Daylight;Normal;Collision with pedestrians;2;2;Going straight;18-30;Not a Pedestrian;Driving carelessly;Slight Injury
09:32:00;Sunday;Male;unknown;unknown;unknown;Automobile;Owner;unknown;No defect;Other;Two-way (divided with broken lines road marking);Tangent road with flat terrain;Y Shape;Asphalt roads;Dry;Daylight;Normal;Vehicle with vehicle collision;3;1;Getting off;na;Not a Pedestrian;Changing lane to the right;Slight Injury
11:19:00;Wednesday;Male;Junior high school;Employee;2-5yr;Automobile;Organization;1-2yr;No defect;Office areas;Two-way (divided with broken lines road marking);Tangent road with flat terrain;Y Shape;Asphalt roads;Dry;Daylight;Normal;Vehicle with vehicle collision;3;1;Getting off;31-50;Not a Pedestrian;Driving carelessly;Slight Injury
11:19:00;Wednesday;Female;Junior high school;Employee;5-10yr;Other;Owner;2-5yrs;No defect;Residential areas;Two-way (divided with broken lines road marking);Tangent road with flat terrain;Y Shape;Asphalt roads;Dry;Daylight;Normal;Collision with pedestrians;3;1;Going straight;Over 51;Not a Pedestrian;Changing lane to the left;Slight Injury
08:05:00;Friday;Male;Above high school;Employee;2-5yr;Other;Owner;2-5yrs;No defect;Other;Two-way (divided with broken lines road marking);Tangent road with flat terrain;Y Shape;Asphalt roads;Wet or damp;Daylight;Raining;Collision with pedestrians;2;4;Overtaking;na;Not a Pedestrian;Driving carelessly;Slight Injury
06:26:00;Friday;Male;unknown;unknown;unknown;Automobile;unknown;1-2yr;unknown;Residential areas;Undivided Two way;Steep grade downward with mountainous terrain;Y Shape;Asphalt roads;Wet or damp;Daylight;Raining;Vehicle with vehicle collision;2;4;Reversing;18-30;Not a Pedestrian;Driving carelessly;Slight Injury