Time;Day_of_week;Sex_of_driver;Educational_level;Vehicle_driver_relation;Driving_experience;Type_of_vehicle;Owner_of_vehicle;Service_year_of_vehicle;Defect_of_vehicle;Area_accident_occured;Lanes_or_Medians;Road_allignment;Types_of_Junction;Road_surface_type;Road_surface_conditions;Light_conditions;Weather_conditions;Type_of_collision;Number_of_vehicles_involved;Number_of_casualties;Vehicle_movement;Age_band_of_casualty;Pedestrian_movement;Cause_of_accident;Accident_severity
06:26:00;Friday;Male;unknown;Employee;1-2yr;Taxi;Owner;unknown;No defect; Church areas;Double carriageway (median);Tangent road with flat terrain;Other;Asphalt roads;Wet or damp;Daylight;Raining;Vehicle with vehicle collision;2;4;Going straight;31-50;Not a Pedestrian;Driving under the influence of drugs;Slight Injury
09:20:00;Thursday;Male;Junior high school;Employee;2-5yr;Other;Owner;2-5yrs;unknown;Other;One way;Tangent road with flat terrain;Y Shape;Asphalt roads;Wet or damp;Daylight;Raining;Vehicle with vehicle collision;2;4;Getting off;Over 51;Not a Pedestrian;Driving carelessly;Slight Injury
09:20:00;Thursday;Male;Junior high school;Employee;Above 10yr;Taxi;Owner;5-10yrs;No defect;Office areas;Two-way (divided with broken lines road marking);Tangent road with mountainous terrain and;Y Shape;Asphalt roads;Wet or damp;Daylight;Raining;Vehicle with vehicle collision;2;4;Getting off;31-50;Not a Pedestrian;No distancing;Slight Injury
09:25:00;Friday;Male;Junior high school;Employee;Below 1yr;Lorry (11?40Q);Owner;2-5yrs;unknown;Other;Undivided Two way;Tangent road with flat terrain;Y Shape;Asphalt roads;Dry;Daylight;Normal;Vehicle with vehicle collision;2;1;Reversing;31-50;Not a Pedestrian;Driving carelessly;Slight Injury
09:25:00;Friday;Male;Junior high school;Employee;2-5yr;Automobile;Owner;Unknown;unknown;  Recreational areas;Two-way (divided with broken lines road marking);Steep grade downward with mountainous terrain;Y Shape;Asphalt roads;Dry;Daylight;Normal;Collision with roadside objects;2;1;Turnover;18-30;Not a Pedestrian;Driving to the left;Slight Injury
17:50:00;Monday;Male;Junior high school;Employee;Below 1yr;Other;Owner;unknown;No defect;Other;Undivided Two way;Tangent road with flat terrain;Y Shape;Asphalt roads;Dry;Daylight;Normal;Vehicle with vehicle collision;2;1;Moving Backward;31-50;Not a Pedestrian;Overtaking;Slight Injury
17:50:00;Monday;Male;High school;Employee;5-10yr;Automobile;Owner;1-2yr;No defect;Office areas;Two-way (divided with broken lines road marking);Tangent road with flat terrain;Y Shape;Asphalt roads;Dry;Daylight;Normal;Vehicle with vehicle collision;2;1;Going straight;na;Not a Pedestrian;No distancing;Slight Injury
16:02:00;Sunday;Male;Above high school;Employee;1-2yr;Automobile;Governmental;unknown;No defect;Residential areas;Undivided Two way;Tangent road with flat terrain;Y Shape;Asphalt roads;Dry;Daylight;Normal;Vehicle with vehicle collision;2;2;Going straight;18-30;Not a Pedestrian;Driving carelessly;Slight Injury
16:02:00;Sunday;Male;Junior high school;Employee;Below 1yr;Automobile;Owner;Unknown;No defect;Office areas;One way;Tangent road with flat terrain;No junction;Asphalt roads;Dry;Daylight;Normal;Vehicle with vehicle collision;2;2;Going straight;na;Not a Pedestrian;No priority to vehicle;Slight Injury
15:36:00;Tuesday;Male;unknown;unknown;unknown;Automobile;Owner;unknown;No defect;Office areas;Two-way (divided with broken lines road marking);Tangent road with flat terrain;No junction;Asphalt roads;Dry;Daylight;Normal;Vehicle with vehicle collision;2;2;Going straight;na;Not a Pedestrian;No priority to vehicle;Slight Injury
15:36:00;Tuesday;Male;High school;Employee;Below 1yr;Lorry (41?100Q);Owner;Unknown;No defect; Church areas;Double carriageway (median);Tangent road with flat terrain;No junction;Asphalt roads;Wet or damp;Daylight;Raining;Vehicle with vehicle collision;2;1;Reversing;Over 51;Not a Pedestrian;No priority to vehicle;Slight Injury
20:46:00;Saturday;Male;High school;Employee;Below 1yr;Other;Owner;unknown;No defect; Church areas;Undivided Two way;Tangent road with flat terrain;No junction;Asphalt roads;Wet or damp;Daylight;Raining;Vehicle with vehicle collision;2;1;Going straight;na;Not a Pedestrian;No priority to vehicle;Slight Injury
20:46:00;Saturday;Male;unknown;unknown;unknown;Pick up upto 10Q;Owner;unknown;No defect;Residential areas;Undivided Two way;Tangent road with flat terrain;No junction;Asphalt roads;Wet or damp;Daylight;Raining;Vehicle with vehicle collision;2;1;Going straight;18-30;Not a Pedestrian;No distancing;Slight Injury
07:25:00;Wednesday;Male;High school;Employee;2-5yr;Pick up upto 10Q;Owner;unknown;No defect;Other;Undivided Two way;Tangent road with flat terrain;No junction;Asphalt roads;Wet or damp;Daylight;Raining;Vehicle with vehicle collision;2;1;Going straight;na;Not a Pedestrian;Moving Backward;Slight Injury
07:25:00;Wednesday;Male;Junior high school;Employee;Above 10yr;Automobile;Owner;Unknown;unknown;Other;other;Tangent road with flat terrain;Y Shape;Asphalt roads;Dry;Daylight;Normal;Vehicle with vehicle collision;3;1;Going straight;18-30;Not a Pedestrian;No distancing;Serious Injury
19:58:00;Sunday;Male;Junior high school;Employee;Above 10yr;Long lorry;Owner;unknown;No defect;unknown;Undivided Two way;Tangent road with flat terrain;Y Shape;Earth roads;Dry;Daylight;Normal;Vehicle with vehicle collision;3;1;Getting off;Under 18;Not a Pedestrian;Changing lane to the left;Serious Injury
06:50:00;Wednesday;Male;Junior high school;Employee;5-10yr;Automobile;Owner;2-5yrs;unknown;Residential areas;Undivided Two way;Tangent road with flat terrain;Y Shape;Asphalt roads;Dry;Daylight;Normal;Vehicle with vehicle collision;3;1;Going straight;31-50;Not a Pedestrian;Changing lane to the left;Serious Injury
06:50:00;Wednesday;Male;Junior high school;Employee;1-2yr;Public (13?45 seats);Owner;Unknown;unknown;Office areas;Undivided Two way;Tangent road with flat terrain;No junction;Asphalt roads;Dry;Daylight;Normal;Vehicle with vehicle collision;3;2;Going straight;na;Not a Pedestrian;No priority to pedestrian;Slight Injury
12:08:00;Friday;Female;Unknown;Employee;Below 1yr;Lorry (41?100Q);Owner;Unknown;unknown;Residential areas;Undivided Two way;Tangent road with flat terrain;No junction;Other;Dry;Daylight;Normal;Vehicle with vehicle collision;3;2;Going straight;na;Not a Pedestrian;Moving Backward;Slight Injury
12:08:00;Friday;Male;Junior high school;Employee;Below 1yr;Public (13?45 seats);Owner;Unknown;No defect;Other;Two-way (divided with broken lines road marking);Tangent road with flat terrain;No junction;Asphalt roads;Dry;Daylight;Normal;Vehicle with vehicle collision;3;2;Going straight;na;Not a Pedestrian;Changing lane to the left;Slight Injury
12:08:00;Friday;Male;High school;Employee;2-5yr;Other;Owner;unknown;No defect;Other;Two-way (divided with broken lines road marking);Tangent road with flat terrain;Y Shape;Asphalt roads;Dry;Daylight;Normal;Collision with roadside objects;1;1;Reversing;31-50;Not a Pedestrian;No distancing;Slight Injury
18:40:00;Tuesday;Male;Junior high school;Owner;1-2yr;Lorry (41?100Q);Owner;unknown;No defect;  Recreational areas;Two-way (divided with broken lines road marking);Tangent road with flat terrain;Y Shape;Asphalt roads;Dry;Daylight;Normal;Vehicle with vehicle collision;1;1;Moving Backward;na;Not a Pedestrian;No priority to vehicle;Slight Injury
18:40:00;Tuesday;Female;Junior high school;Employee;5-10yr;Lorry (41?100Q);Owner;5-10yrs;unknown; Church areas;One way;Tangent road with flat terrain;No junction;Asphalt roads;Wet or damp;Daylight;Normal;Vehicle with vehicle collision;2;3;Going straight;31-50;Not a Pedestrian;Changing lane to the right;Slight Injury
11:43:00;Sunday;Male;Elementary school;Employee;2-5yr;Long lorry;Owner;unknown;unknown;School areas;Two-way (divided with broken lines road marking);Tangent road with flat terrain;Crossing;Asphalt roads;Wet or damp;Daylight;Normal;Vehicle with vehicle collision;2;3;Going straight;18-30;Not a Pedestrian;No distancing;Slight Injury
11:43:00;Sunday;Male;Elementary school;Owner;5-10yr;Pick up upto 10Q;Owner;2-5yrs;unknown;Office areas;Undivided Two way;Tangent road with flat terrain;Y Shape;Asphalt roads;Wet or damp;Daylight;Normal;Vehicle with vehicle collision;2;3;Going straight;na;Not a Pedestrian;No distancing;Slight Injury
12:00:00;Saturday;Male;Junior high school;Employee;Above 10yr;Pick up upto 10Q;Owner;1-2yr;unknown;Other;unknown;Tangent road with flat terrain;Y Shape;Asphalt roads;Wet or damp;Daylight;Normal;Collision with pedestrians;1;1;Going straight;18-30;Not a Pedestrian;Getting off the vehicle improperly;Serious Injury
12:00:00;Saturday;Male;Junior high school;Employee;5-10yr;Lorry (41?100Q);Owner;5-10yrs;unknown;Residential areas;Undivided Two way;Tangent road with flat terrain;Y Shape;Asphalt roads;Dry;Darkness - no lighting;Cloudy;Vehicle with vehicle collision;2;1;Going straight;Under 18;Not a Pedestrian;No priority to pedestrian;Slight Injury
08:58:00;Friday;Male;High school;Employee;5-10yr;Lorry (41?100Q);Owner;Above 10yr;unknown;Other;Undivided Two way;Tangent road with flat terrain;Y Shape;Asphalt roads;Dry;Darkness - no lighting;Cloudy;Vehicle with vehicle collision;2;1;Going straight;Under 18;Not a Pedestrian;Changing lane to the left;Slight Injury
08:20:00;Thursday;Male;Junior high school;Employee;5-10yr;Automobile;Owner;1-2yr;No defect;Other;other;Steep grade downward with mountainous terrain;No junction;Asphalt roads;Wet or damp;Daylight;Raining;Vehicle with vehicle collision;2;2;Turnover;na;Not a Pedestrian;No distancing;Slight Injury
23:10:00;Friday;Male;Junior high school;Employee;Above 10yr;Other;Owner;2-5yrs;unknown;Office areas;One way;Steep grade downward with mountainous terrain;No junction;Asphalt roads;Wet or damp;Daylight;Raining;Vehicle with vehicle collision;2;2;Going straight;18-30;Not a Pedestrian;Driving carelessly;Slight Injury
23:10:00;Friday;Male;Junior high school;unknown;1-2yr;unknown;Owner;unknown;No defect;Residential areas;Two-way (divided with broken lines road marking);Tangent road with flat terrain;No junction;Asphalt roads;Wet or damp;Daylight;Raining;Vehicle with vehicle collision;2;2;Other;31-50;Not a Pedestrian;No distancing;Slight Injury
22:30:00;Sunday;Male;Junior high school;Employee;2-5yr;Other;Owner;unknown;No defect;Other;Two-way (divided with broken lines road marking);Tangent road with flat terrain;No junction;Asphalt roads;Dry;Darkness - lights lit;Normal;Vehicle with vehicle collision;2;4;Going straight;na;Not a Pedestrian;Changing lane to the right;Fatal injury
22:30:00;Sunday;Male;Junior high school;Employee;1-2yr;Automobile;Organization;2-5yrs;unknown;Residential areas;Undivided Two way;Tangent road with flat terrain;Crossing;Asphalt roads;Dry;Darkness - lights lit;Normal;Vehicle with vehicle collision;2;4;Going straight;na;Not a Pedestrian;Overtaking;Fatal injury
22:30:00;Sunday;Male;unknown;unknown;unknown;Pick up upto 10Q;Owner;unknown;No defect; Church areas;Two-way (divided with broken lines road marking);Tangent road with flat terrain;Crossing;Asphalt roads;Dry;Darkness - lights lit;Normal;Vehicle with vehicle collision;2;4;Going straight;18-30;Not a Pedestrian;Driving carelessly;Fatal injury
22:30:00;Sunday;Male;Elementary school;Employee;5-10yr;Automobile;Governmental;unknown;No defect;Residential areas;Two-way (divided with broken lines road marking);Tangent road with flat terrain;Crossing;Asphalt roads;Dry;Darkness - lights lit;Normal;Collision with pedestrians;2;4;Going straight;31-50;Not a Pedestrian;Moving Backward;Fatal injury
22:30:00;Sunday;Male;Junior high school;Employee;5-10yr;Public (12 seats);Owner;unknown;No defect;Office areas;One way;Tangent road with flat terrain;Y Shape;Asphalt roads;Dry;Daylight;Normal;Vehicle with vehicle collision;3;1;Going straight;na;Not a Pedestrian;No distancing;Slight Injury
17:45:00;Tuesday;Male;Junior high school;Employee;Above 10yr;Automobile;Governmental;Below 1yr;No defect;Residential areas;Two-way (divided with broken lines road marking);Tangent road with flat terrain;Y Shape;Asphalt roads;Dry;Daylight;Normal;Vehicle with vehicle collision;3;1;Moving Backward;na;Not a Pedestrian;Overtaking;Slight Injury
17:45:00;Tuesday;Male;Junior high school;Employee;2-5yr;Other;Owner;Unknown;No defect;Other;One way;Tangent road with flat terrain;Crossing;Asphalt roads;Dry;Daylight;Normal;Vehicle with vehicle collision;3;1;Moving Backward;18-30;Not a Pedestrian;Driving carelessly;Slight Injury
17:45:00;Tuesday;Male;Junior high school;Owner;Above 10yr;Public (12 seats);Owner;Unknown;unknown; Industrial areas;Two-way (divided with broken lines road marking);Tangent road with flat terrain;Crossing;Asphalt roads;Wet or damp;Daylight;Normal;Vehicle with vehicle collision;2;1;Moving Backward;na;Not a Pedestrian;Driving carelessly;Slight Injury
14:30:00;Sunday;Male;Junior high school;Employee;2-5yr;Stationwagen;Owner;Unknown;unknown; Church areas;Two-way (divided with broken lines road marking);Tangent road with flat terrain;Y Shape;Gravel roads;Wet or damp;Daylight;Normal;Collision with roadside objects;2;1;Other;18-30;Not a Pedestrian;Moving Backward;Slight Injury
14:30:00;Sunday;Male;Elementary school;Other;5-10yr;Lorry (41?100Q);Owner;2-5yrs;No defect;Residential areas;Undivided Two way;Steep grade downward with mountainous terrain;Y Shape;Asphalt roads;Dry;Daylight;Normal;Vehicle with vehicle collision;1;1;Going straight;31-50;Not a Pedestrian;Driving carelessly;Fatal injury
06:10:00;Friday;Male;Elementary school;Employee;5-10yr;Lorry (41?100Q);unknown;unknown;unknown;unknown;Two-way (divided with broken lines road marking);Tangent road with flat terrain;Y Shape;Asphalt roads;Dry;Daylight;Normal;Vehicle with vehicle collision;2;2;Unknown;na;Not a Pedestrian;Driving to the left;Slight Injury
06:10:00;Friday;Male;Junior high school;unknown;5-10yr;Lorry (41?100Q);unknown;unknown;unknown;unknown;Two-way (divided with broken lines road marking);Tangent road with flat terrain;Y Shape;Asphalt roads;Dry;Daylight;Normal;Vehicle with vehicle collision;2;2;Turnover;31-50;Not a Pedestrian;Changing lane to the left;Slight Injury
22:10:00;Wednesday;Male;Junior high school;Employee;5-10yr;Automobile;Owner;1-2yr;No defect;Office areas;Undivided Two way;Tangent road with flat terrain;Y Shape;Asphalt roads;Wet or damp;Daylight;Normal;Vehicle with vehicle collision;1;1;Getting off;na;Not a Pedestrian;No distancing;Slight Injury
22:10:00;Wednesday;Male;Elementary school;Employee;Above 10yr;Lorry (41?100Q);Owner;Above 10yr;No defect; Outside rural areas;Two-way (divided with broken lines road marking);Tangent road with mountainous terrain and;Crossing;Asphalt roads;Dry;Daylight;Normal;Vehicle with vehicle collision;2;1;Going straight;18-30;Crossing from nearside - masked by parked or statioNot a Pedestrianry vehicle;No distancing;Slight Injury
19:00:00;Tuesday;Female;Junior high school;unknown;Below 1yr;unknown;Owner;Above 10yr;No defect; Church areas;Two-way (divided with broken lines road marking);Steep grade downward with mountainous terrain;Crossing;Asphalt roads;Dry;Daylight;Normal;Vehicle with vehicle collision;2;1;Going straight;18-30;Not a Pedestrian;Changing lane to the right;Slight Injury
19:00:00;Tuesday;Male;Junior high school;Employee;5-10yr;Public (12 seats);Owner;unknown;No defect;Office areas;other;Tangent road with mountainous terrain and;No junction;Asphalt roads;Dry;Daylight;Normal;Vehicle with vehicle collision;2;1;Going straight;18-30;Not a Pedestrian;Moving Backward;Serious Injury
18:25:00;Wednesday;Male;Elementary school;Employee;1-2yr;Automobile;Owner;Above 10yr;unknown; Church areas;Two-way (divided with broken lines road marking);Steep grade downward with mountainous terrain;No junction;Asphalt roads;Dry;Daylight;Normal;Collision with roadside objects;2;1;Turnover;na;Not a Pedestrian;Overtaking;Serious Injury
17:11:00;Sunday;Male;unknown;unknown;unknown;Stationwagen;unknown;unknown;unknown;Office areas;other;Tangent road with mountainous terrain and;Crossing;Asphalt roads;Dry;Daylight;Normal;Vehicle with vehicle collision;2;1;Reversing;na;Not a Pedestrian;Changing lane to the left;Slight Injury
17:11:00;Sunday;Male;Junior high school;Employee;Above 10yr;Automobile;Governmental;unknown;No defect;Office areas;Undivided Two way;Tangent road with flat terrain;Y Shape;Asphalt roads;Dry;Daylight;Normal;Vehicle with vehicle collision;2;1;Moving Backward;31-50;Not a Pedestrian;Changing lane to the right;Slight Injury
17:10:00;Thursday;Male;High school;Owner;2-5yr;Lorry (41?100Q);Owner;1-2yr;No defect;School areas;Two-way (divided with broken lines road marking);Tangent road with flat terrain;Y Shape;Asphalt roads;Dry;Darkness - lights lit;Normal;Vehicle with vehicle collision;2;1;Other;Over 51;Crossing from nearside - masked by parked or statioNot a Pedestrianry vehicle;Overtaking;Fatal injury
17:10:00;Thursday;Male;Junior high school;Employee;1-2yr;Other;Owner;Below 1yr;No defect;Residential areas;Two-way (divided with broken lines road marking);Tangent road with flat terrain;Y Shape;Asphalt roads;Dry;Darkness - lights lit;Normal;Vehicle with vehicle collision;2;1;Going straight;na;Not a Pedestrian;Overloading;Fatal injury
17:10:00;Thursday;Male;Junior high school;Employee;1-2yr;Pick up upto 10Q;Owner;unknown;No defect;Office areas;other;Tangent road with mountainous terrain and;No junction;Asphalt roads;Dry;Daylight;Normal;Rollover;3;1;Going straight;Under 18;Not a Pedestrian;Other;Serious Injury
17:50:00;Friday;Male;Above high school;Owner;2-5yr;unknown;Owner;Unknown;No defect;Rural village areasOffice areas;other;Tangent road with flat terrain;Crossing;Asphalt roads;Dry;Daylight;Normal;Vehicle with vehicle collision;3;1;Going straight;18-30;Not a Pedestrian;No priority to vehicle;Serious Injury
17:50:00;Friday;Male;unknown;unknown;unknown;Lorry (41?100Q);Owner;Unknown;No defect;Other;Two-way (divided with broken lines road marking);Tangent road with flat terrain;Crossing;Asphalt roads;Dry;Daylight;Normal;Vehicle with vehicle collision;3;1;Going straight;na;Not a Pedestrian;Changing lane to the right;Serious Injury
08:25:00;Monday;Male;Elementary school;Owner;2-5yr;Automobile;Owner;Unknown;No defect;Residential areas;Undivided Two way;Tangent road with flat terrain;Crossing;Asphalt roads;Dry;Daylight;Normal;Collision with roadside objects;3;1;Going straight;na;Not a Pedestrian;Moving Backward;Slight Injury
13:00:00;Tuesday;Male;Junior high school;Employee;1-2yr;Public (13?45 seats);Owner;Unknown;No defect;Office areas;Undivided Two way;Tangent road with flat terrain;Crossing;Asphalt roads;Dry;Daylight;Normal;Vehicle with vehicle collision;3;1;Going straight;18-30;Not a Pedestrian;Changing lane to the left;Slight Injury
13:00:00;Tuesday;Male;unknown;Owner;5-10yr;Automobile;Owner;Unknown;No defect;Office areas;Undivided Two way;Tangent road with flat terrain;Crossing;Gravel roads;Dry;Daylight;Normal;Vehicle with vehicle collision;3;1;Going straight;5;Crossing from nearside - masked by parked or statioNot a Pedestrianry vehicle;No priority to pedestrian;Slight Injury
23:45:00;Friday;Male;Junior high school;Employee;Below 1yr;Lorry (41?100Q);Owner;Unknown;No defect;Residential areas;Undivided Two way;Tangent road with flat terrain;Crossing;Asphalt roads;Dry;Daylight;Normal;Vehicle with vehicle collision;2;1;Going straight;na;Not a Pedestrian;No distancing;Slight Injury
23:45:00;Friday;Male;Junior high school;Employee;2-5yr;Public (12 seats);Owner;Unknown;No defect;Office areas;Undivided Two way;Tangent road with flat terrain;Crossing;Gravel roads;Dry;Daylight;Normal;Collision with roadside objects;2;1;Going straight;18-30;Not a Pedestrian;No priority to vehicle;Slight Injury
23:45:00;Friday;Male;Junior high school;Employee;5-10yr;Motorcycle;Owner;Unknown;No defect;Office areas;Undivided Two way;Tangent road with flat terrain;Y Shape;Asphalt roads;Dry;Daylight;Normal;Collision with roadside objects;1;2;Other;Under 18;Not a Pedestrian;No distancing;Slight Injury
20:50:00;Tuesday;Male;Junior high school;Employee;Above 10yr;Public (12 seats);Owner;Unknown;No defect;Office areas;unknown;Tangent road with flat terrain;Y Shape;Asphalt roads;Dry;Daylight;Normal;Vehicle with vehicle collision;1;2;Moving Backward;na;Not a Pedestrian;No distancing;Slight Injury
20:50:00;Tuesday;Male;Elementary school;Employee;2-5yr;Lorry (41?100Q);Owner;Unknown;No defect;Office areas;Two-way (divided with broken lines road marking);Tangent road with flat terrain;Crossing;Asphalt roads;Dry;Daylight;Normal;Vehicle with vehicle collision;1;1;Going straight;na;Not a Pedestrian;Moving Backward;Slight Injury
10:54:00;Friday;Male;Elementary school;Owner;Above 10yr;Automobile;Owner;Unknown;No defect;Other;Undivided Two way;Tangent road with flat terrain;Crossing;Asphalt roads;Wet or damp;Daylight;Normal;Collision with roadside objects;1;2;Moving Backward;31-50;Not a Pedestrian;Changing lane to the right;Slight Injury
16:50:00;Monday;Male;Junior high school;Employee;1-2yr;Lorry (41?100Q);Owner;Unknown;No defect;Other;Two-way (divided with broken lines road marking);Tangent road with flat terrain;Crossing;Asphalt roads;Wet or damp;Daylight;Normal;Collision with roadside objects;1;2;Going straight;na;Not a Pedestrian;No priority to pedestrian;Slight Injury
16:50:00;Monday;Female;Junior high school;Employee;5-10yr;Stationwagen;Owner;2-5yrs;unknown;Other;Two-way (divided with broken lines road marking);Tangent road with flat terrain;Crossing;Asphalt roads;Dry;Daylight;Normal;Vehicle with vehicle collision;2;1;Moving Backward;18-30;Not a Pedestrian;Moving Backward;Serious Injury
16:50:00;Monday;Male;Junior high school;Employee;2-5yr;Pick up upto 10Q;Owner;2-5yrs;unknown;Residential areas;One way;Tangent road with flat terrain;Crossing;Asphalt roads;Dry;Daylight;Normal;Vehicle with vehicle collision;2;1;unknown;18-30;Not a Pedestrian;Getting off the vehicle improperly;Serious Injury
18:30:00;Sunday;Female;Junior high school;Employee;2-5yr;Automobile;Owner;2-5yrs;unknown;School areas;Undivided Two way;Tangent road with mild grade and flat terrain;Crossing;Asphalt roads;Dry;Daylight;Normal;Vehicle with vehicle collision;2;1;Going straight;na;Not a Pedestrian;Overtaking;Slight Injury
18:30:00;Sunday;Male;Junior high school;Employee;2-5yr;Automobile;Owner;2-5yrs;unknown;Residential areas;Undivided Two way;Tangent road with mild grade and flat terrain;Y Shape;Asphalt roads;Dry;Daylight;Normal;Collision with roadside objects;2;1;Going straight;18-30;Not a Pedestrian;Overloading;Slight Injury
18:30:00;Sunday;Male;Junior high school;Employee;2-5yr;unknown;Owner;2-5yrs;No defect;Office areas;Two-way (divided with broken lines road marking);Tangent road with flat terrain;Y Shape;Asphalt roads;Dry;Daylight;Normal;Vehicle with vehicle collision;2;1;Going straight;na;Not a Pedestrian;Changing lane to the right;Slight Injury
18:30:00;Sunday;Male;Junior high school;Employee;Above 10yr;Other;Owner;unknown;No defect; Church areas;One way;Tangent road with flat terrain;Crossing;Asphalt roads;Dry;Daylight;Normal;Vehicle with vehicle collision;2;1;Going straight;na;Not a Pedestrian;Improper parking;Slight Injury
18:30:00;Sunday;Male;Junior high school;Employee;Above 10yr;Automobile;Owner;unknown;No defect;Other;Undivided Two way;Tangent road with flat terrain;No junction;Asphalt roads;Dry;Daylight;Normal;Vehicle with vehicle collision;2;1;Other;5;Not a Pedestrian;Other;Slight Injury
15:50:00;Thursday;Male;Elementary school;Employee;5-10yr;Public (13?45 seats);Owner;2-5yrs;No defect;Other;One way;Tangent road with flat terrain;Y Shape;Asphalt roads;Dry;Daylight;Normal;Rollover;2;1;Going straight;31-50;Not a Pedestrian;Changing lane to the left;Slight Injury
15:50:00;Thursday;Female;Junior high school;Employee;Above 10yr;Public (13?45 seats);Owner;5-10yrs;No defect;Other;Two-way (divided with broken lines road marking);Tangent road with flat terrain;Y Shape;Asphalt roads;Dry;Daylight;Normal;Vehicle with vehicle collision;2;1;Moving Backward;na;Not a Pedestrian;Changing lane to the right;Serious Injury
15:40:00;Friday;Male;Elementary school;Owner;2-5yr;Automobile;Owner;unknown;No defect;Other;Two-way (divided with broken lines road marking);Tangent road with flat terrain;No junction;Asphalt roads;Dry;Daylight;Normal;Vehicle with vehicle collision;2;1;Moving Backward;18-30;Not a Pedestrian;No priority to pedestrian;Serious Injury
15:40:00;Friday;Male;Junior high school;Employee;5-10yr;Public (12 seats);Owner;unknown;No defect;Office areas;Undivided Two way;Tangent road with flat terrain;No junction;Asphalt roads;Dry;Darkness - lights lit;Normal;Collision with pedestrians;2;2;Moving Backward;18-30;Not a Pedestrian;Overspeed;Slight Injury
07:50:00;Thursday;Male;Junior high school;Employee;Below 1yr;Public (12 seats);Owner;unknown;No defect;Office areas;Two-way (divided with solid lines road marking);Tangent road with flat terrain;Y Shape;Asphalt roads;Dry;Darkness - lights lit;Normal;Vehicle with vehicle collision;2;2;Going straight;na;Not a Pedestrian;Changing lane to the left;Slight Injury
07:50:00;Thursday;Male;Junior high school;Employee;5-10yr;Lorry (41?100Q);Owner;Unknown;No defect;Residential areas;Undivided Two way;Tangent road with flat terrain;Y Shape;Asphalt roads;Dry;Daylight;Normal;Vehicle with vehicle collision;2;1;Going straight;na;Not a Pedestrian;No priority to vehicle;Slight Injury
17:05:00;Monday;Male;High school;Employee;Above 10yr;Automobile;Owner;Unknown;No defect;Office areas;One way;Tangent road with flat terrain;Y Shape;Asphalt roads;Dry;Daylight;Normal;Vehicle with vehicle collision;2;1;Going straight;18-30;Not a Pedestrian;Changing lane to the right;Slight Injury
15:25:00;Monday;Male;Junior high school;Employee;5-10yr;Pick up upto 10Q;Owner;Unknown;No defect;Residential areas;Two-way (divided with broken lines road marking);Tangent road with flat terrain;Y Shape;Asphalt roads;Dry;Darkness - lights lit;Normal;Vehicle with vehicle collision;1;1;Going straight;31-50;Not a Pedestrian;No distancing;Slight Injury
09:45:00;Monday;Male;Elementary school;Employee;1-2yr;Pick up upto 10Q;Owner;Unknown;No defect;Office areas;Undivided Two way;Tangent road with flat terrain;No junction;Asphalt roads;Wet or damp;Darkness - no lighting;Raining;Collision with roadside objects;2;1;Other;Over 51;Crossing from offside - masked by  parked or statioNot a Pedestrianry vehicle;No priority to pedestrian;Slight Injury
09:45:00;Monday;Male;Junior high school;Employee;unknown;Lorry (41?100Q);Owner;Unknown;No defect;Other;Two-way (divided with broken lines road marking);Tangent road with flat terrain;No junction;Asphalt roads;Wet or damp;Darkness - no lighting;Raining;Vehicle with vehicle collision;2;1;Going straight;31-50;In carriageway, statioNot a Pedestrianry - not crossing  (standing or playing) - masked by parked or statioNot a Pedestrianry vehicle;No distancing;Slight Injury
09:45:00;Monday;Male;Above high school;Employee;1-2yr;Automobile;Owner;Unknown;No defect;Office areas;One way;Tangent road with flat terrain;No junction;Asphalt roads;Dry;Daylight;Normal;Vehicle with vehicle collision;3;2;Going straight;na;Not a Pedestrian;No priority to vehicle;Slight Injury
10:16:00;Friday;Male;Junior high school;Employee;Above 10yr;Stationwagen;Owner;Unknown;No defect;School areas;Undivided Two way;Tangent road with flat terrain;Y Shape;Asphalt roads;Dry;Daylight;Normal;Vehicle with vehicle collision;3;2;Going straight;Under 18;Crossing from driver's nearside;Other;Slight Injury
08:54:00;Thursday;Male;Junior high school;Employee;1-2yr;Motorcycle;Owner;unknown;unknown;Residential areas;One way;Tangent road with flat terrain;Y Shape;Asphalt roads;Dry;Daylight;Normal;Vehicle with vehicle collision;3;2;Reversing;31-50;Not a Pedestrian;Driving carelessly;Slight Injury
13:00:00;Thursday;Male;Junior high school;Employee;5-10yr;unknown;Owner;unknown;unknown;Office areas;Undivided Two way;Tangent road with flat terrain;Y Shape;Asphalt roads;Dry;Daylight;Normal;Collision with roadside objects;2;1;Moving Backward;18-30;Not a Pedestrian;Changing lane to the left;Serious Injury
13:00:00;Thursday;Male;Junior high school;Employee;2-5yr;Other;Owner;Unknown;No defect;Residential areas;Undivided Two way;Tangent road with flat terrain;No junction;Asphalt roads;Dry;Daylight;Normal;Vehicle with vehicle collision;2;1;Going straight;na;Not a Pedestrian;Driving carelessly;Serious Injury
17:10:00;Wednesday;Male;unknown;unknown;unknown;Automobile;Owner;Above 10yr;unknown;Office areas;Undivided Two way;Tangent road with flat terrain;No junction;Asphalt roads;Dry;Daylight;Normal;Collision with roadside objects;2;1;Going straight;18-30;Not a Pedestrian;Changing lane to the left;Slight Injury