Time;Day_of_week;Sex_of_driver;Educational_level;Vehicle_driver_relation;Driving_experience;Type_of_vehicle;Owner_of_vehicle;Service_year_of_vehicle;Defect_of_vehicle;Area_accident_occured;Lanes_or_Medians;Road_allignment;Types_of_Junction;Road_surface_type;Road_surface_conditions;Light_conditions;Weather_conditions;Type_of_collision;Number_of_vehicles_involved;Number_of_casualties;Vehicle_movement;Age_band_of_casualty;Pedestrian_movement;Cause_of_accident;Accident_severity
17:10:00;Wednesday;Male;Junior high school;Employee;2-5yr;Automobile;Owner;Above 10yr;unknown;Residential areas;One way;Tangent road with flat terrain;No junction;Asphalt roads;Dry;Daylight;Normal;Vehicle with vehicle collision;2;1;Reversing;18-30;Not a Pedestrian;No priority to vehicle;Slight Injury
21:00:00;Saturday;Male;Junior high school;Employee;2-5yr;unknown;Owner;Unknown;No defect;Other;other;Tangent road with flat terrain;No junction;Asphalt roads;Dry;Daylight;Normal;Rollover;2;1;Going straight;31-50;Not a Pedestrian;No distancing;Slight Injury
16:13:00;Wednesday;Male;Junior high school;Employee;Above 10yr;Public (> 45 seats);Other;Unknown;unknown;Other;Two-way (divided with broken lines road marking);Tangent road with flat terrain;Other;Asphalt roads;Dry;Daylight;Normal;Vehicle with vehicle collision;2;1;Reversing;5;Not a Pedestrian;Changing lane to the right;Slight Injury
16:13:00;Wednesday;Male;Junior high school;Employee;1-2yr;Automobile;Owner;5-10yrs;unknown;Office areas;Two-way (divided with broken lines road marking);Tangent road with flat terrain;Other;Asphalt roads;Dry;Daylight;Normal;Vehicle with vehicle collision;1;1;Other;31-50;Not a Pedestrian;Changing lane to the right;Serious Injury
17:20:00;Tuesday;Male;Above high school;Owner;1-2yr;Other;Owner;Above 10yr;No defect;Office areas;Two-way (divided with broken lines road marking);Tangent road with flat terrain;Crossing;Asphalt roads;Dry;Daylight;Raining;Vehicle with vehicle collision;1;1;unknown;18-30;Crossing from driver's nearside;Driving at high speed;Slight Injury
17:20:00;Tuesday;Male;Above high school;Employee;No Licence;Automobile;Owner;2-5yrs;No defect;Residential areas;Two-way (divided with broken lines road marking);Tangent road with flat terrain;Crossing;Asphalt roads;Dry;Darkness - lights lit;Normal;Vehicle with vehicle collision;2;1;Going straight;Under 18;Unknown or other;No distancing;Slight Injury
22:00:00;Saturday;Male;Junior high school;Employee;1-2yr;Other;Owner;unknown;No defect;Other;Two-way (divided with broken lines road marking);Tangent road with flat terrain;Crossing;Asphalt roads;Dry;Darkness - lights lit;Normal;Vehicle with vehicle collision;2;1;Going straight;18-30;Not a Pedestrian;Changing lane to the right;Slight Injury
07:58:00;Monday;Male;Junior high school;Employee;5-10yr;Lorry (41?100Q);Governmental;unknown;No defect;Other;Undivided Two way;Tangent road with flat terrain;Crossing;Asphalt roads;Dry;Darkness - lights lit;Normal;Collision with pedestrians;2;5;Going straight;31-50;Not a Pedestrian;Changing lane to the left;Slight Injury
07:58:00;Monday;Male;Junior high school;Employee;Above 10yr;Pick up upto 10Q;Owner;unknown;No defect;Office areas;Two-way (divided with broken lines road marking);Tangent road with flat terrain;Crossing;Asphalt roads;Dry;Darkness - lights lit;Normal;Rollover;2;5;Going straight;18-30;Not a Pedestrian;Getting off the vehicle improperly;Slight Injury
20:16:00;Sunday;Female;Junior high school;Employee;Above 10yr;Public (13?45 seats);Owner;unknown;No defect;Office areas;Two-way (divided with broken lines road marking);Tangent road with flat terrain;Y Shape;Asphalt roads;Dry;Darkness - lights lit;Normal;Vehicle with vehicle collision;2;5;Going straight;18-30;Not a Pedestrian;Other;Slight Injury
20:16:00;Sunday;Male;Junior high school;Owner;5-10yr;Automobile;Owner;Unknown;No defect; Church areas;Undivided Two way;Tangent road with flat terrain;Y Shape;Asphalt roads;Dry;Darkness - lights lit;Normal;Rollover;2;5;Going straight;na;Not a Pedestrian;Other;Slight Injury
20:00:00;Saturday;Male;Elementary school;Employee;2-5yr;Pick up upto 10Q;Governmental;Unknown;No defect;Other;One way;Tangent road with flat terrain;Y Shape;Asphalt roads;Dry;Darkness - lights lit;Normal;Vehicle with vehicle collision;2;5;Going straight;Under 18;Not a Pedestrian;No distancing;Slight Injury
18:40:00;Thursday;Male;Junior high school;Employee;2-5yr;Automobile;Owner;Unknown;No defect;Office areas;Undivided Two way;Tangent road with flat terrain;No junction;Asphalt roads;Dry;Daylight;Normal;Vehicle with vehicle collision;3;1;Going straight;na;Not a Pedestrian;No priority to vehicle;Slight Injury
16:31:00;Wednesday;Male;Junior high school;Employee;Below 1yr;Lorry (41?100Q);Owner;1-2yr;unknown;Office areas;Two-way (divided with broken lines road marking);Tangent road with flat terrain;No junction;Asphalt roads;Dry;Daylight;Normal;Vehicle with vehicle collision;3;1;Going straight;18-30;Not a Pedestrian;Overtaking;Slight Injury
18:45:00;Tuesday;Male;Junior high school;Employee;2-5yr;Automobile;Owner;Below 1yr;unknown;Residential areas;Two-way (divided with broken lines road marking);Tangent road with flat terrain;Y Shape;Asphalt roads;Dry;Daylight;Normal;Fall from vehicles;3;1;Going straight;na;Not a Pedestrian;No priority to pedestrian;Slight Injury
18:45:00;Tuesday;Male;Junior high school;Employee;2-5yr;Lorry (41?100Q);unknown;unknown;unknown;Other;Undivided Two way;Tangent road with flat terrain;Y Shape;Asphalt roads;Dry;Daylight;Normal;Vehicle with vehicle collision;2;1;Going straight;na;Not a Pedestrian;No distancing;Slight Injury
15:16:00;Monday;Male;Elementary school;Employee;5-10yr;Lorry (41?100Q);Owner;5-10yrs;unknown;Residential areas;Two-way (divided with broken lines road marking);Tangent road with flat terrain;Y Shape;Asphalt roads;Dry;Daylight;Normal;Collision with roadside objects;2;1;Going straight;Over 51;Not a Pedestrian;Changing lane to the right;Slight Injury
18:35:00;Wednesday;Male;Junior high school;Employee;Above 10yr;Lorry (41?100Q);Governmental;unknown;unknown;Office areas;Two-way (divided with broken lines road marking);Tangent road with flat terrain;Y Shape;Asphalt roads;Wet or damp;Darkness - lights lit;Normal;Vehicle with vehicle collision;2;1;Going straight;31-50;Not a Pedestrian;Driving carelessly;Serious Injury
18:35:00;Wednesday;Male;unknown;unknown;unknown;Public (13?45 seats);Owner;5-10yrs;unknown;Office areas;Undivided Two way;Tangent road with flat terrain;Y Shape;Asphalt roads;Wet or damp;Darkness - lights lit;Normal;Vehicle with vehicle collision;2;1;Going straight;31-50;Not a Pedestrian;Changing lane to the right;Serious Injury
20:40:00;Tuesday;Male;Junior high school;Employee;2-5yr;Automobile;Owner;Above 10yr;unknown;Other;Undivided Two way;Tangent road with flat terrain;Y Shape;Asphalt roads;Wet or damp;Darkness - lights lit;Raining;Vehicle with vehicle collision;2;1;Going straight;na;Not a Pedestrian;Overtaking;Slight Injury
20:40:00;Tuesday;Male;Junior high school;Employee;5-10yr;Other;Owner;1-2yr;No defect;Other;other;Steep grade downward with mountainous terrain;Y Shape;Asphalt roads;Wet or damp;Darkness - lights lit;Raining;Collision with pedestrians;2;1;Moving Backward;na;Not a Pedestrian;Other;Slight Injury
17:34:00;Monday;Male;Above high school;Employee;2-5yr;Other;Owner;2-5yrs;unknown;Office areas;One way;Steep grade downward with mountainous terrain;Crossing;Asphalt roads;Dry;Darkness - lights lit;Normal;Vehicle with vehicle collision;2;1;Going straight;18-30;Not a Pedestrian;Driving to the left;Slight Injury
17:34:00;Monday;Male;unknown;unknown;unknown;Other;Owner;unknown;No defect;Residential areas;Two-way (divided with broken lines road marking);Tangent road with flat terrain;Crossing;Asphalt roads;Dry;Darkness - lights lit;Normal;Vehicle with vehicle collision;2;1;Going straight;31-50;Not a Pedestrian;Driving at high speed;Slight Injury
20:20:00;Wednesday;Male;unknown;Employee;1-2yr;Automobile;Owner;unknown;No defect;Other;Two-way (divided with broken lines road marking);Tangent road with flat terrain;Crossing;Asphalt roads;Wet or damp;Darkness - lights lit;Normal;Vehicle with vehicle collision;1;1;Going straight;18-30;Not a Pedestrian;Unknown;Slight Injury
22:25:00;Friday;Male;Junior high school;Employee;2-5yr;Other;Organization;2-5yrs;unknown;Residential areas;Undivided Two way;Tangent road with flat terrain;Crossing;Asphalt roads;Dry;Daylight;Normal;Rollover;2;1;unknown;na;Not a Pedestrian;Changing lane to the right;Slight Injury
22:25:00;Friday;Male;Junior high school;Employee;Above 10yr;Lorry (41?100Q);Owner;unknown;No defect; Church areas;Two-way (divided with broken lines road marking);Tangent road with flat terrain;No junction;Asphalt roads;Dry;Daylight;Normal;Collision with roadside objects;2;1;Turnover;Under 18;Not a Pedestrian;No distancing;Slight Injury
22:25:00;Friday;Male;Junior high school;Employee;Below 1yr;Public (12 seats);Governmental;unknown;No defect;Residential areas;Two-way (divided with broken lines road marking);Tangent road with flat terrain;No junction;Asphalt roads;Wet or damp;Darkness - lights lit;Normal;Vehicle with vehicle collision;2;3;Going straight;31-50;Not a Pedestrian;Other;Slight Injury
15:10:00;Friday;Male;Junior high school;Employee;2-5yr;Lorry (41?100Q);Owner;unknown;No defect;Office areas;One way;Tangent road with flat terrain;No junction;Asphalt roads;Wet or damp;Darkness - lights lit;Normal;Vehicle with vehicle collision;2;3;Going straight;18-30;Not a Pedestrian;No priority to vehicle;Slight Injury
17:10:00;Wednesday;Male;Junior high school;Employee;Below 1yr;Public (12 seats);Governmental;Below 1yr;No defect;Residential areas;Two-way (divided with broken lines road marking);Tangent road with flat terrain;Crossing;Asphalt roads;Wet or damp;Darkness - lights lit;Normal;Collision with roadside objects;2;3;Going straight;na;Not a Pedestrian;Changing lane to the left;Slight Injury
17:10:00;Wednesday;Male;High school;Employee;5-10yr;Lorry (41?100Q);Owner;Unknown;No defect;Other;One way;Tangent road with flat terrain;Crossing;Asphalt roads;Dry;Darkness - lights lit;Normal;Vehicle with vehicle collision;2;1;Going straight;Over 51;Not a Pedestrian;No priority to pedestrian;Slight Injury
06:12:00;Saturday;Male;Above high school;Employee;1-2yr;Other;Owner;Unknown;unknown; Industrial areas;Two-way (divided with broken lines road marking);Tangent road with flat terrain;Crossing;Asphalt roads;Dry;Darkness - lights lit;Normal;Vehicle with vehicle collision;2;1;Going straight;Under 18;Crossing from nearside - masked by parked or statioNot a Pedestrianry vehicle;Overtaking;Slight Injury
06:12:00;Saturday;Male;Junior high school;Employee;Below 1yr;Lorry (41?100Q);Owner;Unknown;unknown; Church areas;Two-way (divided with broken lines road marking);Tangent road with flat terrain;Y Shape;Asphalt roads;Wet or damp;Daylight;Raining and Windy;Vehicle with vehicle collision;1;1;Going straight;31-50;Not a Pedestrian;Driving carelessly;Slight Injury
06:12:00;Saturday;Male;unknown;unknown;unknown;unknown;Owner;2-5yrs;No defect;Residential areas;Undivided Two way;Steep grade downward with mountainous terrain;Y Shape;Asphalt roads;Dry;Daylight;Normal;Rollover;2;1;Going straight;na;Not a Pedestrian;No priority to vehicle;Slight Injury
11:05:00;Thursday;Male;High school;Employee;Below 1yr;Public (> 45 seats);unknown;unknown;unknown;unknown;Two-way (divided with broken lines road marking);Tangent road with flat terrain;Y Shape;Asphalt roads;Dry;Daylight;Normal;Rollover;2;1;Going straight;18-30;Not a Pedestrian;No priority to pedestrian;Slight Injury
11:05:00;Thursday;Male;High school;Employee;Below 1yr;Lorry (41?100Q);unknown;unknown;unknown;unknown;Two-way (divided with broken lines road marking);Tangent road with flat terrain;Y Shape;Asphalt roads;Wet or damp;Darkness - lights lit;Raining;Collision with pedestrians;3;1;Going straight;na;Not a Pedestrian;Changing lane to the right;Slight Injury
17:43:00;Wednesday;Male;unknown;unknown;unknown;Other;Owner;1-2yr;No defect;Office areas;Undivided Two way;Tangent road with flat terrain;Y Shape;Asphalt roads;Wet or damp;Darkness - lights lit;Raining;Vehicle with vehicle collision;3;1;Turnover;18-30;Not a Pedestrian;Driving carelessly;Slight Injury
17:43:00;Wednesday;Male;High school;Employee;2-5yr;Other;Owner;Above 10yr;No defect; Outside rural areas;Two-way (divided with broken lines road marking);Tangent road with mountainous terrain and;Y Shape;Asphalt roads;Wet or damp;Darkness - lights lit;Raining;Vehicle with vehicle collision;3;1;unknown;na;Not a Pedestrian;Changing lane to the right;Slight Injury
17:43:00;Wednesday;Male;Junior high school;Employee;Above 10yr;Automobile;Owner;Above 10yr;No defect; Church areas;Two-way (divided with broken lines road marking);Steep grade downward with mountainous terrain;Y Shape;Asphalt roads;Dry;Darkness - lights lit;Normal;Vehicle with vehicle collision;2;1;Reversing;31-50;Unknown or other;Changing lane to the right;Slight Injury
17:00:00;Friday;Male;Junior high school;Employee;Above 10yr;Lorry (41?100Q);Owner;unknown;No defect;Office areas;other;Tangent road with mountainous terrain and;Other;Asphalt roads;Dry;Darkness - lights lit;Normal;Collision with pedestrians;2;1;Other;na;Not a Pedestrian;Changing lane to the left;Slight Injury
10:07:00;Monday;Male;Junior high school;Employee;5-10yr;Pick up upto 10Q;Owner;Above 10yr;unknown; Church areas;Two-way (divided with broken lines road marking);Steep grade downward with mountainous terrain;Other;Asphalt roads;Dry;Daylight;Normal;Collision with pedestrians;1;1;Going straight;18-30;Not a Pedestrian;Overturning;Slight Injury
10:07:00;Monday;Male;Junior high school;Employee;1-2yr;Automobile;unknown;unknown;unknown;Office areas;other;Tangent road with mountainous terrain and;Y Shape;Asphalt roads;Wet or damp;Darkness - lights lit;Normal;Vehicle with vehicle collision;2;2;Going straight;Over 51;Unknown or other;Driving carelessly;Slight Injury
10:40:00;Monday;Male;Unknown;Employee;Below 1yr;unknown;Governmental;unknown;No defect;Office areas;Undivided Two way;Tangent road with flat terrain;Y Shape;Asphalt roads;Wet or damp;Darkness - lights lit;Normal;Vehicle with vehicle collision;2;2;Turnover;31-50;Not a Pedestrian;No distancing;Slight Injury
10:40:00;Monday;Female;Junior high school;Employee;Below 1yr;Other;Owner;1-2yr;No defect;School areas;Two-way (divided with broken lines road marking);Tangent road with flat terrain;Y Shape;Asphalt roads;Wet or damp;Darkness - lights lit;Normal;Vehicle with vehicle collision;2;2;Other;na;Not a Pedestrian;Driving carelessly;Slight Injury
18:40:00;Friday;Male;High school;Employee;2-5yr;Automobile;Owner;Below 1yr;No defect;Residential areas;Two-way (divided with broken lines road marking);Tangent road with flat terrain;No junction;Asphalt roads;Wet or damp;Darkness - lights lit;Normal;Collision with roadside objects;2;5;Going straight;na;Not a Pedestrian;Changing lane to the left;Slight Injury
17:55:00;Saturday;Male;Junior high school;Owner;1-2yr;Stationwagen;Owner;unknown;No defect;Office areas;other;Tangent road with mountainous terrain and;Y Shape;Asphalt roads;Wet or damp;Darkness - lights lit;Normal;Vehicle with vehicle collision;2;5;Going straight;5;Not a Pedestrian;No priority to vehicle;Slight Injury
17:55:00;Saturday;Male;Junior high school;Employee;5-10yr;Other;Owner;Unknown;No defect;Rural village areasOffice areas;other;Tangent road with flat terrain;Y Shape;Asphalt roads;Wet or damp;Darkness - lights lit;Normal;Collision with roadside objects;2;5;Other;na;Not a Pedestrian;Changing lane to the right;Slight Injury
17:57:00;Saturday;Male;Elementary school;Employee;2-5yr;unknown;Owner;Unknown;No defect;Other;Two-way (divided with broken lines road marking);Tangent road with flat terrain;No junction;Asphalt roads;Wet or damp;Darkness - lights lit;Normal;Vehicle with vehicle collision;2;5;Going straight;31-50;Not a Pedestrian;No distancing;Slight Injury
17:45:00;Wednesday;Male;Elementary school;Owner;5-10yr;Ridden horse;Owner;Unknown;No defect;Residential areas;Undivided Two way;Tangent road with flat terrain;Crossing;Asphalt roads;Wet or damp;Darkness - lights lit;Normal;Vehicle with vehicle collision;2;5;Turnover;18-30;Not a Pedestrian;Moving Backward;Slight Injury
19:40:00;Monday;Male;Junior high school;Employee;Above 10yr;unknown;Owner;Unknown;No defect;Office areas;Undivided Two way;Tangent road with flat terrain;Crossing;Asphalt roads;Wet or damp;Darkness - lights lit;Raining;Collision with roadside objects;2;1;Going straight;na;Not a Pedestrian;Moving Backward;Slight Injury
19:40:00;Monday;Male;Junior high school;Employee;5-10yr;Other;Owner;Unknown;No defect;Office areas;Undivided Two way;Tangent road with flat terrain;Y Shape;Asphalt roads;Wet or damp;Darkness - lights lit;Raining;Vehicle with vehicle collision;2;1;Turnover;na;Not a Pedestrian;No distancing;Slight Injury
21:05:00;Thursday;Male;High school;Employee;5-10yr;Lorry (41?100Q);Owner;Unknown;No defect;Residential areas;Undivided Two way;Tangent road with flat terrain;Y Shape;Asphalt roads;Wet or damp;Darkness - lights lit;Normal;Vehicle with vehicle collision;2;1;Going straight;31-50;Not a Pedestrian;No distancing;Slight Injury
21:05:00;Thursday;Male;Junior high school;Employee;5-10yr;Lorry (41?100Q);Owner;Unknown;No defect;Office areas;Undivided Two way;Tangent road with flat terrain;No junction;Asphalt roads;Wet or damp;Darkness - lights lit;Normal;Collision with roadside objects;2;1;Moving Backward;na;Not a Pedestrian;No distancing;Slight Injury
13:05:00;Monday;Male;Junior high school;Employee;Above 10yr;Lorry (41?100Q);Owner;Unknown;No defect;Office areas;Undivided Two way;Tangent road with flat terrain;No junction;Asphalt roads;Wet or damp;Daylight;Normal;Collision with roadside objects;2;1;unknown;18-30;Not a Pedestrian;No priority to pedestrian;Serious Injury
13:05:00;Monday;Male;Junior high school;unknown;1-2yr;Stationwagen;Owner;Unknown;No defect;Office areas;unknown;Tangent road with flat terrain;No junction;Asphalt roads;Wet or damp;Daylight;Normal;Vehicle with vehicle collision;2;1;Going straight;31-50;Not a Pedestrian;Driving carelessly;Serious Injury
04:01:00;Thursday;Male;Junior high school;Employee;2-5yr;Lorry (41?100Q);Owner;Unknown;No defect;Office areas;Two-way (divided with broken lines road marking);Tangent road with flat terrain;No junction;Asphalt roads;Dry;Daylight;Normal;Vehicle with vehicle collision;1;1;Going straight;31-50;Not a Pedestrian;Changing lane to the right;Serious Injury
13:53:00;Friday;Male;Junior high school;Employee;1-2yr;Automobile;Owner;Unknown;No defect;Other;Undivided Two way;Tangent road with flat terrain;No junction;Asphalt roads;Wet or damp;Daylight;Cloudy;Vehicle with vehicle collision;1;1;Reversing;18-30;Not a Pedestrian;Changing lane to the left;Slight Injury
13:53:00;Friday;Male;unknown;unknown;unknown;Automobile;Owner;Unknown;No defect;Other;Two-way (divided with broken lines road marking);Tangent road with flat terrain;Y Shape;Asphalt roads;Dry;Daylight;Normal;Vehicle with vehicle collision;2;2;Reversing;na;Not a Pedestrian;Driving carelessly;Slight Injury
17:28:00;Thursday;Male;Elementary school;Employee;5-10yr;Pick up upto 10Q;Owner;2-5yrs;unknown;Other;Two-way (divided with broken lines road marking);Tangent road with flat terrain;Y Shape;Asphalt roads;Dry;Daylight;Normal;Vehicle with vehicle collision;2;2;Reversing;18-30;Not a Pedestrian;Driving carelessly;Slight Injury
12:47:00;Sunday;Male;Junior high school;Employee;5-10yr;Taxi;Owner;2-5yrs;unknown;Residential areas;One way;Tangent road with flat terrain;Y Shape;Asphalt roads;Dry;Daylight;Normal;Vehicle with vehicle collision;2;2;Going straight;Under 18;Not a Pedestrian;No distancing;Slight Injury
12:47:00;Sunday;Male;Junior high school;Employee;Above 10yr;unknown;Owner;2-5yrs;unknown;School areas;Undivided Two way;Tangent road with mild grade and flat terrain;Y Shape;Asphalt roads;Wet or damp;Daylight;Raining;Vehicle with vehicle collision;1;1;Going straight;31-50;Not a Pedestrian;Other;Slight Injury
13:43:00;Tuesday;Male;Junior high school;Employee;2-5yr;Automobile;Owner;2-5yrs;unknown;Residential areas;Undivided Two way;Tangent road with mild grade and flat terrain;Y Shape;Asphalt roads;Wet or damp;Daylight;Other;Vehicle with vehicle collision;1;1;Going straight;na;Not a Pedestrian;Changing lane to the right;Slight Injury
13:43:00;Tuesday;Male;Junior high school;Owner;Above 10yr;unknown;Owner;2-5yrs;No defect;Office areas;Two-way (divided with broken lines road marking);Tangent road with flat terrain;Y Shape;Asphalt roads;Wet or damp;Daylight;Raining;Vehicle with vehicle collision;2;1;Going straight;na;Not a Pedestrian;Changing lane to the right;Serious Injury
12:29:00;Tuesday;Male;Junior high school;Employee;2-5yr;Long lorry;Owner;unknown;No defect; Church areas;One way;Tangent road with flat terrain;Y Shape;Asphalt roads;Wet or damp;Daylight;Raining;Vehicle with vehicle collision;2;1;Moving Backward;18-30;Not a Pedestrian;No distancing;Serious Injury
12:29:00;Tuesday;Male;Elementary school;Other;5-10yr;Public (12 seats);Owner;unknown;No defect;Other;Undivided Two way;Tangent road with flat terrain;Y Shape;Asphalt roads;Wet or damp;Darkness - lights lit;Normal;Vehicle with vehicle collision;2;1;Going straight;18-30;Not a Pedestrian;No distancing;Slight Injury
12:29:00;Tuesday;Male;Elementary school;Employee;5-10yr;Pick up upto 10Q;Owner;2-5yrs;No defect;Other;One way;Tangent road with flat terrain;No junction;Asphalt roads;Wet or damp;Darkness - lights lit;Normal;Vehicle with vehicle collision;2;1;Moving Backward;na;Not a Pedestrian;Overturning;Slight Injury
12:29:00;Tuesday;Male;Junior high school;unknown;5-10yr;unknown;Owner;5-10yrs;No defect;Other;Two-way (divided with broken lines road marking);Tangent road with flat terrain;No junction;Asphalt roads;Wet or damp;Darkness - lights lit;Raining;Vehicle with vehicle collision;1;1;Moving Backward;18-30;Not a Pedestrian;Driving at high speed;Fatal injury
08:27:00;Wednesday;Male;Junior high school;Employee;5-10yr;Other;Owner;unknown;No defect;Other;Two-way (divided with broken lines road marking);Tangent road with flat terrain;No junction;Asphalt roads;Wet or damp;Darkness - lights lit;Cloudy;Vehicle with vehicle collision;2;1;Going straight;na;Not a Pedestrian;No priority to vehicle;Slight Injury
08:27:00;Wednesday;Male;Elementary school;Employee;Above 10yr;Lorry (41?100Q);Owner;unknown;No defect;Office areas;Undivided Two way;Tangent road with flat terrain;No junction;Asphalt roads;Wet or damp;Darkness - lights lit;Cloudy;Vehicle with vehicle collision;2;1;Other;31-50;Not a Pedestrian;No priority to pedestrian;Slight Injury
08:27:00;Wednesday;Male;Junior high school;unknown;Below 1yr;Automobile;Owner;unknown;No defect;Office areas;Two-way (divided with solid lines road marking);Tangent road with flat terrain;No junction;Asphalt roads;Dry;Darkness - lights lit;Normal;Vehicle with vehicle collision;2;1;Going straight;18-30;Not a Pedestrian;No priority to vehicle;Slight Injury
12:05:00;Friday;Male;Junior high school;Employee;5-10yr;Pick up upto 10Q;Owner;Unknown;No defect;Residential areas;Undivided Two way;Tangent road with flat terrain;No junction;Asphalt roads;Dry;Darkness - lights lit;Normal;Vehicle with vehicle collision;2;1;Other;na;Not a Pedestrian;Other;Slight Injury
12:05:00;Friday;Male;Elementary school;Employee;1-2yr;Lorry (41?100Q);Owner;Unknown;No defect;Office areas;One way;Tangent road with flat terrain;No junction;Asphalt roads;Wet or damp;Darkness - lights lit;Windy;Vehicle with vehicle collision;1;1;Going straight;18-30;Not a Pedestrian;Other;Slight Injury
12:05:00;Friday;Male;Junior high school;Employee;Above 10yr;Lorry (41?100Q);Owner;Unknown;No defect;Residential areas;Two-way (divided with broken lines road marking);Tangent road with flat terrain;No junction;Asphalt roads;Wet or damp;Daylight;Raining;Collision with roadside objects;2;1;Reversing;31-50;Not a Pedestrian;Moving Backward;Slight Injury
12:51:00;Thursday;Male;Elementary school;Owner;2-5yr;Long lorry;Owner;Unknown;No defect;Office areas;Undivided Two way;Tangent road with flat terrain;Other;Asphalt roads;Wet or damp;Daylight;Raining;Vehicle with vehicle collision;2;1;unknown;18-30;Not a Pedestrian;No distancing;Slight Injury
12:51:00;Thursday;Male;Junior high school;Employee;5-10yr;Public (> 45 seats);Owner;Unknown;No defect;Other;Two-way (divided with broken lines road marking);Tangent road with flat terrain;Other;Asphalt roads;Dry;Darkness - lights lit;Normal;Collision with pedestrians;2;1;Going straight;18-30;Not a Pedestrian;Moving Backward;Slight Injury
11:10:00;Sunday;Male;Junior high school;Employee;Below 1yr;Public (> 45 seats);Owner;Unknown;No defect;Office areas;One way;Tangent road with flat terrain;No junction;Asphalt roads;Dry;Darkness - lights lit;Normal;Vehicle with vehicle collision;2;1;Going straight;18-30;Not a Pedestrian;No priority to vehicle;Slight Injury
11:10:00;Sunday;Male;Junior high school;Employee;5-10yr;Automobile;Owner;Unknown;No defect;School areas;Undivided Two way;Tangent road with flat terrain;No junction;Asphalt roads;Wet or damp;Darkness - lights lit;Other;Collision with roadside objects;1;1;Going straight;na;Not a Pedestrian;Driving carelessly;Slight Injury
11:10:00;Sunday;Male;High school;Employee;Above 10yr;Automobile;Owner;unknown;unknown;Residential areas;One way;Tangent road with flat terrain;No junction;unknown;Wet or damp;Darkness - lights lit;Windy;Vehicle with vehicle collision;1;1;Going straight;18-30;Not a Pedestrian;No distancing;Slight Injury
11:10:00;Sunday;Male;Junior high school;Employee;5-10yr;Automobile;Owner;unknown;unknown;Office areas;Undivided Two way;Tangent road with flat terrain;Y Shape;Asphalt roads;Wet or damp;Darkness - lights lit;Raining;Vehicle with vehicle collision;1;1;Going straight;na;Not a Pedestrian;Other;Slight Injury
10:30:00;Monday;Male;Elementary school;Employee;1-2yr;Other;Owner;Unknown;No defect;Residential areas;Undivided Two way;Tangent road with flat terrain;Y Shape;Asphalt roads;Wet or damp;Darkness - lights lit;Raining;Vehicle with vehicle collision;2;1;Going straight;na;Not a Pedestrian;Changing lane to the right;Serious Injury
22:25:00;Thursday;Male;Junior high school;Employee;unknown;Public (12 seats);Owner;Unknown;No defect;Office areas;Undivided Two way;Tangent road with flat terrain;No junction;Asphalt roads;Wet or damp;Darkness - lights lit;Raining;Vehicle with vehicle collision;2;1;Other;31-50;Not a Pedestrian;No distancing;Serious Injury
22:25:00;Thursday;Male;Above high school;Employee;1-2yr;Automobile;Owner;2-5yrs;No defect;Office areas;Two-way (divided with broken lines road marking);Tangent road with flat terrain;No junction;Asphalt roads;Wet or damp;Daylight;Cloudy;Vehicle with vehicle collision;1;1;Going straight;31-50;Crossing from driver's nearside;Driving carelessly;Slight Injury
17:27:00;Friday;Male;Junior high school;Employee;Above 10yr;Stationwagen;Owner;unknown;unknown;Residential areas;Undivided Two way;Tangent road with flat terrain;No junction;Asphalt roads;Wet or damp;Darkness - lights lit;Raining;Rollover;2;2;Going straight;18-30;Not a Pedestrian;No distancing;Slight Injury
17:27:00;Friday;Male;Junior high school;Employee;1-2yr;Automobile;Owner;Unknown;unknown;Other;Two-way (divided with broken lines road marking);Tangent road with flat terrain;Y Shape;Asphalt roads;Wet or damp;Darkness - lights lit;Raining;Collision with roadside objects;2;2;Going straight;na;Not a Pedestrian;No priority to vehicle;Slight Injury
12:10:00;Tuesday;Male;Junior high school;Employee;5-10yr;Automobile;Owner;Above 10yr;unknown; Industrial areas;Undivided Two way;Tangent road with flat terrain;Y Shape;Asphalt roads;Wet or damp;Darkness - lights lit;Normal;Vehicle with vehicle collision;1;2;Going straight;na;Not a Pedestrian;Changing lane to the right;Slight Injury
12:10:00;Tuesday;Male;Junior high school;Employee;2-5yr;Automobile;Owner;Unknown;unknown;Office areas;Two-way (divided with broken lines road marking);Tangent road with flat terrain;Y Shape;Asphalt roads;Wet or damp;Darkness - lights lit;Normal;Collision with roadside objects;1;2;Reversing;5;Not a Pedestrian;No priority to pedestrian;Slight Injury
08:00:00;Tuesday;Male;unknown;unknown;unknown;unknown;Organization;Unknown;unknown;  Recreational areas;Two-way (divided with broken lines road marking);Tangent road with flat terrain;Y Shape;Asphalt roads;Dry;Darkness - lights lit;Normal;Vehicle with vehicle collision;2;1;Going straight;na;Not a Pedestrian;No priority to vehicle;Slight Injury
08:00:00;Tuesday;Male;Junior high school;Employee;2-5yr;unknown;Owner;1-2yr;No defect;Residential areas;Two-way (divided with broken lines road marking);Tangent road with flat terrain;No junction;Asphalt roads;Dry;Darkness - lights lit;Normal;Vehicle with vehicle collision;2;1;Going straight;18-30;Not a Pedestrian;Changing lane to the left;Slight Injury