Time;Day_of_week;Sex_of_driver;Educational_level;Vehicle_driver_relation;Driving_experience;Type_of_vehicle;Owner_of_vehicle;Service_year_of_vehicle;Defect_of_vehicle;Area_accident_occured;Lanes_or_Medians;Road_allignment;Types_of_Junction;Road_surface_type;Road_surface_conditions;Light_conditions;Weather_conditions;Type_of_collision;Number_of_vehicles_involved;Number_of_casualties;Vehicle_movement;Age_band_of_casualty;Pedestrian_movement;Cause_of_accident;Accident_severity
08:00:00;Tuesday;Male;Junior high school;Employee;2-5yr;Pick up upto 10Q;Owner;Above 10yr;unknown;Residential areas;Undivided Two way;Tangent road with flat terrain;No junction;Asphalt roads;Wet or damp;Darkness - lights lit;Normal;Vehicle with vehicle collision;1;1;Other;na;Not a Pedestrian;Turnover;Serious Injury
17:00:00;Tuesday;Male;Junior high school;Employee;Above 10yr;Turbo;Owner;5-10yrs;unknown; Church areas;Undivided Two way;Steep grade downward with mountainous terrain;No junction;Asphalt roads;Dry;Darkness - lights lit;Normal;Vehicle with vehicle collision;2;2;Going straight;31-50;Not a Pedestrian;Driving to the left;Slight Injury
17:45:00;Wednesday;Male;Junior high school;Employee;1-2yr;Pick up upto 10Q;Owner;5-10yrs;unknown;Residential areas;Undivided Two way;Tangent road with flat terrain;No junction;Asphalt roads;Dry;Darkness - lights lit;Normal;Vehicle with vehicle collision;2;2;Going straight;18-30;Not a Pedestrian;Driving carelessly;Slight Injury
09:57:00;Thursday;Male;Above high school;Owner;1-2yr;Other;Owner;Unknown;No defect;unknown;other;Tangent road with flat terrain;No junction;Asphalt roads;Dry;Darkness - lights lit;Normal;Collision with roadside objects;2;2;Going straight;na;Not a Pedestrian;Driving to the left;Slight Injury
09:57:00;Thursday;Female;Above high school;Employee;No Licence;Stationwagen;Owner;5-10yrs;No defect;Other;Undivided Two way;Tangent road with flat terrain;No junction;Asphalt roads;Wet or damp;Daylight;Normal;Vehicle with vehicle collision;1;1;Turnover;na;Not a Pedestrian;Driving carelessly;Slight Injury
18:00:00;Friday;Male;Junior high school;Employee;1-2yr;Pick up upto 10Q;Owner;Unknown;unknown;Other;Two-way (divided with solid lines road marking);Tangent road with flat terrain;No junction;Asphalt roads;Dry;Darkness - lights lit;Normal;Collision with roadside objects;2;1;Going straight;18-30;Not a Pedestrian;No priority to pedestrian;Slight Injury
18:00:00;Friday;Male;Junior high school;Employee;5-10yr;Lorry (41?100Q);Owner;Unknown;No defect; Church areas;Two-way (divided with solid lines road marking);Tangent road with flat terrain;No junction;Asphalt roads;Dry;Darkness - lights lit;Normal;Vehicle with vehicle collision;2;1;Going straight;5;Not a Pedestrian;Driving carelessly;Slight Injury
19:00:00;Tuesday;Male;Junior high school;Employee;Above 10yr;Lorry (41?100Q);Governmental;unknown;No defect;Other;Two-way (divided with solid lines road marking);Tangent road with flat terrain;No junction;Asphalt roads;Wet or damp;Darkness - lights lit;Raining;Vehicle with vehicle collision;3;1;Reversing;na;Not a Pedestrian;Changing lane to the right;Slight Injury
19:00:00;Tuesday;Male;Junior high school;Employee;Above 10yr;Automobile;Owner;Unknown;No defect; Church areas;Two-way (divided with solid lines road marking);Tangent road with flat terrain;No junction;Asphalt roads;Wet or damp;Darkness - lights lit;Raining;Vehicle with vehicle collision;3;1;Other;na;Not a Pedestrian;Moving Backward;Slight Injury
19:00:00;Tuesday;Male;Junior high school;Owner;5-10yr;Automobile;Owner;Unknown;No defect; Church areas;Two-way (divided with broken lines road marking);Tangent road with flat terrain;Crossing;Asphalt roads;Wet or damp;Darkness - lights lit;Raining;Vehicle with vehicle collision;3;1;Going straight;18-30;Not a Pedestrian;Driving carelessly;Slight Injury
19:00:00;Tuesday;Male;Elementary school;Employee;2-5yr;Pick up upto 10Q;Owner;Above 10yr;No defect;Other;Undivided Two way;Tangent road with flat terrain;Crossing;Asphalt roads;Wet or damp;Daylight;Normal;Vehicle with vehicle collision;2;1;Going straight;31-50;Not a Pedestrian;Changing lane to the right;Serious Injury
13:05:00;Friday;Male;Junior high school;Employee;2-5yr;Pick up upto 10Q;Governmental;5-10yrs;No defect;Other;Undivided Two way;Tangent road with flat terrain;No junction;Asphalt roads;Wet or damp;Daylight;Normal;Vehicle with vehicle collision;2;1;Moving Backward;na;Not a Pedestrian;Driving carelessly;Serious Injury
13:05:00;Friday;Male;Junior high school;Employee;Below 1yr;Lorry (41?100Q);Owner;5-10yrs;No defect;School areas;other;Tangent road with flat terrain;No junction;Asphalt roads;Dry;Darkness - lights lit;Normal;Vehicle with vehicle collision;2;2;Reversing;18-30;Not a Pedestrian;Driving carelessly;Slight Injury
08:25:00;Wednesday;Male;Junior high school;Employee;2-5yr;Public (12 seats);Owner;Above 10yr;No defect;Residential areas;Undivided Two way;Tangent road with flat terrain;Unknown;Asphalt roads;Dry;Darkness - lights lit;Normal;Vehicle with vehicle collision;2;2;Going straight;31-50;Crossing from driver's nearside;Driving carelessly;Slight Injury
13:51:00;Tuesday;Male;Junior high school;Employee;2-5yr;Other;unknown;1-2yr;No defect;Other;Two-way (divided with broken lines road marking);Tangent road with flat terrain;Unknown;Asphalt roads;Dry;Darkness - lights lit;Normal;Vehicle with vehicle collision;2;2;Going straight;18-30;Not a Pedestrian;Changing lane to the right;Slight Injury
16:10:00;Monday;Male;Elementary school;Employee;5-10yr;Stationwagen;Owner;Above 10yr;No defect;Office areas;Undivided Two way;Tangent road with flat terrain;Y Shape;Asphalt roads;Dry;Darkness - lights lit;Normal;Vehicle with vehicle collision;1;1;Moving Backward;na;Not a Pedestrian;Changing lane to the right;Slight Injury
16:10:00;Monday;Male;Junior high school;Employee;Above 10yr;Automobile;Owner;Above 10yr;No defect;Residential areas;Undivided Two way;Tangent road with flat terrain;Crossing;Asphalt roads;Wet or damp;Daylight;Raining;Vehicle with vehicle collision;2;2;Going straight;31-50;Not a Pedestrian;Driving carelessly;Slight Injury
08:55:00;Thursday;Male;unknown;unknown;unknown;Automobile;Owner;Above 10yr;No defect;Other;One way;Steep grade downward with mountainous terrain;Crossing;Asphalt roads;Wet or damp;Daylight;Raining;Rollover;2;2;Going straight;na;Not a Pedestrian;Overtaking;Slight Injury
08:55:00;Thursday;Male;Junior high school;Employee;2-5yr;Lorry (41?100Q);Owner;Above 10yr;No defect;Residential areas;Two-way (divided with broken lines road marking);Tangent road with flat terrain;Other;Gravel roads;Wet or damp;Daylight;Raining;Collision with roadside objects;2;1;Going straight;31-50;Not a Pedestrian;Changing lane to the right;Slight Injury
08:55:00;Thursday;Male;Junior high school;Employee;5-10yr;Stationwagen;Owner;5-10yrs;No defect;Residential areas;Undivided Two way;Tangent road with flat terrain;Other;Asphalt roads;Wet or damp;Daylight;Raining;Vehicle with vehicle collision;2;1;Going straight;18-30;Not a Pedestrian;No distancing;Slight Injury
02:04:00;Thursday;Male;Above high school;Employee;2-5yr;Lorry (41?100Q);Owner;unknown;No defect;Residential areas;Two-way (divided with broken lines road marking);Tangent road with flat terrain;Other;Asphalt roads;Wet or damp;Darkness - lights lit;Raining;Vehicle with vehicle collision;1;1;Going straight;na;Not a Pedestrian;Other;Serious Injury
07:30:00;Wednesday;Male;unknown;unknown;unknown;Public (> 45 seats);Owner;1-2yr;No defect;Other;other;Tangent road with flat terrain;Y Shape;Asphalt roads;Wet or damp;Darkness - lights lit;Raining;Collision with roadside objects;2;2;Going straight;na;Not a Pedestrian;Changing lane to the right;Slight Injury
07:30:00;Wednesday;Male;unknown;Employee;1-2yr;Automobile;Owner;5-10yrs;No defect;Other;Undivided Two way;Tangent road with flat terrain;Y Shape;Asphalt roads;Wet or damp;Darkness - lights lit;Raining;Vehicle with vehicle collision;2;2;unknown;Over 51;Not a Pedestrian;Changing lane to the right;Slight Injury
11:44:00;Wednesday;Male;Junior high school;Employee;2-5yr;Automobile;Owner;5-10yrs;No defect;Other;One way;Tangent road with flat terrain;Y Shape;Asphalt roads;Wet or damp;Darkness - no lighting;Raining;Vehicle with vehicle collision;1;1;Going straight;31-50;Not a Pedestrian;Overtaking;Serious Injury
18:15:00;Thursday;Male;Junior high school;Employee;Above 10yr;Automobile;Owner;1-2yr;No defect; Hospital areas;Undivided Two way;Tangent road with flat terrain;Y Shape;Asphalt roads;Wet or damp;Darkness - lights lit;Raining;Vehicle with vehicle collision;1;1;Reversing;18-30;Not a Pedestrian;Other;Slight Injury
18:15:00;Thursday;Male;Junior high school;Employee;Below 1yr;unknown;Owner;2-5yrs;No defect;Residential areas;Undivided Two way;Tangent road with flat terrain;Y Shape;Asphalt roads;Dry;Darkness - lights lit;Normal;Rollover;2;2;Going straight;na;Not a Pedestrian;Driving to the left;Slight Injury
14:29:00;Saturday;Male;Junior high school;Employee;2-5yr;Lorry (41?100Q);Owner;5-10yrs;No defect;Residential areas;One way;Tangent road with flat terrain;Y Shape;Asphalt roads;Dry;Darkness - lights lit;Normal;Rollover;2;2;Going straight;18-30;Not a Pedestrian;Overtaking;Slight Injury
14:29:00;Saturday;Male;Junior high school;Employee;Below 1yr;Lorry (41?100Q);Owner;5-10yrs;No defect;Residential areas;Undivided Two way;Tangent road with flat terrain;Y Shape;Asphalt roads;Wet or damp;Darkness - lights lit;Raining;Collision with pedestrians;1;2;Going straight;na;Not a Pedestrian;No priority to vehicle;Serious Injury
02:10:00;Saturday;Male;High school;Employee;5-10yr;Automobile;Owner;1-2yr;No defect;Other;Two-way (divided with broken lines road marking);Tangent road with flat terrain;Y Shape;Asphalt roads with some distress;Wet or damp;Darkness - lights lit;Raining;Vehicle with vehicle collision;1;2;Going straight;31-50;Not a Pedestrian;Moving Backward;Serious Injury
17:15:00;Wednesday;Male;Above high school;Employee;1-2yr;Stationwagen;Owner;1-2yr;No defect;Office areas;Two-way (divided with broken lines road marking);Tangent road with flat terrain;No junction;Asphalt roads;Dry;Daylight;Normal;Vehicle with vehicle collision;2;1;Going straight;Over 51;Not a Pedestrian;Other;Slight Injury
11:29:00;Saturday;Male;Junior high school;Employee;Below 1yr;Public (12 seats);Owner;2-5yrs;No defect;Other;other;Tangent road with flat terrain;No junction;Asphalt roads;Dry;Daylight;Normal;Vehicle with vehicle collision;2;1;Going straight;18-30;In carriageway, statioNot a Pedestrianry - not crossing  (standing or playing) - masked by parked or statioNot a Pedestrianry vehicle;No priority to vehicle;Slight Injury
11:29:00;Saturday;Male;unknown;unknown;unknown;Public (12 seats);Owner;Unknown;No defect;Office areas;Double carriageway (median);Tangent road with flat terrain;Y Shape;Asphalt roads;Wet or damp;Darkness - lights lit;Normal;Collision with pedestrians;1;1;Other;31-50;Crossing from nearside - masked by parked or statioNot a Pedestrianry vehicle;No priority to pedestrian;Slight Injury
11:29:00;Saturday;Male;High school;Employee;Below 1yr;Automobile;Owner;Unknown;No defect;Residential areas;Two-way (divided with broken lines road marking);Tangent road with flat terrain;Y Shape;Asphalt roads;Dry;Daylight;Normal;Collision with pedestrians;2;1;Moving Backward;Over 51;Not a Pedestrian;Changing lane to the right;Slight Injury
11:29:00;Saturday;Male;High school;Employee;Below 1yr;Public (12 seats);Owner;Unknown;No defect;Office areas;Double carriageway (median);Gentle horizontal curve;Y Shape;Asphalt roads;Dry;Daylight;Normal;Vehicle with vehicle collision;2;1;Other;na;Not a Pedestrian;Changing lane to the right;Slight Injury
10:20:00;Sunday;Male;unknown;unknown;unknown;Public (12 seats);Owner;unknown;No defect;Office areas;Double carriageway (median);Tangent road with flat terrain;Y Shape;Asphalt roads;Dry;Darkness - lights lit;Normal;Vehicle with vehicle collision;1;1;Going straight;31-50;Not a Pedestrian;Changing lane to the right;Serious Injury
10:20:00;Sunday;Male;High school;Employee;2-5yr;Lorry (41?100Q);Organization;Unknown;No defect;Other;Double carriageway (median);Tangent road with flat terrain;Y Shape;Asphalt roads;Dry;Daylight;Normal;Vehicle with vehicle collision;2;1;Going straight;na;Not a Pedestrian;Driving to the left;Slight Injury
10:20:00;Sunday;Male;Junior high school;Employee;Above 10yr;Automobile;Owner;Unknown;No defect;Office areas;Two-way (divided with broken lines road marking);Tangent road with flat terrain;No junction;Asphalt roads;Dry;Daylight;Normal;Collision with roadside objects;2;1;Going straight;18-30;Not a Pedestrian;Changing lane to the left;Slight Injury
18:05:00;Tuesday;Male;Junior high school;Employee;Above 10yr;Lorry (41?100Q);Owner;Unknown;No defect;Office areas;unknown;Tangent road with flat terrain;No junction;Asphalt roads;Dry;Daylight;Normal;Vehicle with vehicle collision;2;1;Other;31-50;Crossing from offside - masked by  parked or statioNot a Pedestrianry vehicle;Moving Backward;Slight Injury
18:05:00;Tuesday;Male;Junior high school;Employee;5-10yr;unknown;Governmental;Unknown;unknown;Office areas;One way;Tangent road with flat terrain;Y Shape;Asphalt roads;Dry;Daylight;Normal;Collision with roadside objects;2;1;Going straight;18-30;Not a Pedestrian;Driving at high speed;Slight Injury
13:32:00;Wednesday;Male;Junior high school;Employee;1-2yr;Automobile;Owner;Unknown;unknown;Other;Undivided Two way;Tangent road with flat terrain;Y Shape;Asphalt roads;Dry;Daylight;Normal;Vehicle with vehicle collision;3;3;unknown;18-30;Crossing from nearside - masked by parked or statioNot a Pedestrianry vehicle;Moving Backward;Slight Injury
13:32:00;Wednesday;Male;Unknown;Employee;Below 1yr;Stationwagen;Owner;Unknown;unknown;Residential areas;unknown;Tangent road with flat terrain;No junction;Asphalt roads;Dry;Daylight;Normal;Vehicle with vehicle collision;3;3;Going straight;na;Not a Pedestrian;No distancing;Slight Injury
13:32:00;Wednesday;Male;Junior high school;Employee;Below 1yr;unknown;Owner;2-5yrs;No defect;Residential areas;Two-way (divided with broken lines road marking);Gentle horizontal curve;No junction;Asphalt roads;Dry;Daylight;Normal;Collision with roadside objects;3;3;Going straight;Under 18;Not a Pedestrian;Other;Slight Injury
15:20:00;Tuesday;Male;High school;Employee;2-5yr;unknown;Owner;5-10yrs;unknown; Church areas;Two-way (divided with broken lines road marking);Tangent road with flat terrain;No junction;Asphalt roads;Dry;Daylight;Normal;Vehicle with vehicle collision;3;3;Going straight;31-50;Not a Pedestrian;No priority to vehicle;Slight Injury
09:51:00;Thursday;Male;Junior high school;Owner;1-2yr;Automobile;Owner;5-10yrs;unknown;Other;Two-way (divided with broken lines road marking);Tangent road with flat terrain;Y Shape;Asphalt roads;Dry;Daylight;Normal;Vehicle with vehicle collision;3;1;Going straight;Over 51;Not a Pedestrian;Changing lane to the right;Serious Injury
11:50:00;Monday;Male;Junior high school;Employee;5-10yr;Stationwagen;Owner;Unknown;unknown;Residential areas;Two-way (divided with broken lines road marking);Tangent road with flat terrain;Y Shape;Asphalt roads;Dry;Daylight;Normal;Collision with roadside objects;3;1;Moving Backward;na;Not a Pedestrian;Other;Serious Injury
11:50:00;Monday;Male;Elementary school;Employee;2-5yr;Automobile;Owner;2-5yrs;unknown;Other;Undivided Two way;Tangent road with flat terrain;Y Shape;Asphalt roads;Dry;Daylight;Normal;Collision with roadside objects;3;1;Moving Backward;Over 51;Not a Pedestrian;No distancing;Serious Injury
11:50:00;Monday;Male;Elementary school;Owner;5-10yr;Other;Owner;2-5yrs;unknown;Residential areas;Undivided Two way;Tangent road with flat terrain;Crossing;Asphalt roads;Wet or damp;Daylight;Windy;Vehicle with vehicle collision;3;1;Going straight;31-50;Crossing from nearside - masked by parked or statioNot a Pedestrianry vehicle;Driving carelessly;Slight Injury
10:35:00;Wednesday;Male;Junior high school;Employee;Above 10yr;Other;Owner;2-5yrs;unknown;Residential areas;Two-way (divided with broken lines road marking);Tangent road with flat terrain;Crossing;Asphalt roads;Wet or damp;Daylight;Windy;Vehicle with vehicle collision;3;1;Going straight;18-30;Not a Pedestrian;No distancing;Slight Injury
10:35:00;Wednesday;Male;Junior high school;Employee;5-10yr;Automobile;Owner;5-10yrs;No defect;Other;Two-way (divided with broken lines road marking);Tangent road with flat terrain;No junction;Asphalt roads;Wet or damp;Daylight;Windy;Vehicle with vehicle collision;3;1;Turnover;na;Not a Pedestrian;Moving Backward;Slight Injury
10:35:00;Wednesday;Male;High school;Employee;5-10yr;Lorry (41?100Q);unknown;unknown;unknown;Other;Two-way (divided with broken lines road marking);Tangent road with flat terrain;No junction;Asphalt roads;Dry;Daylight;Normal;Vehicle with vehicle collision;2;1;Going straight;Under 18;Not a Pedestrian;No distancing;Slight Injury
18:30:00;Thursday;Male;Junior high school;Employee;5-10yr;Lorry (41?100Q);Owner;Unknown;No defect;Other;Undivided Two way;Tangent road with flat terrain;No junction;Asphalt roads;Dry;Daylight;Normal;Vehicle with vehicle collision;2;1;Going straight;na;Not a Pedestrian;Moving Backward;Slight Injury
18:30:00;Thursday;Male;Junior high school;Employee;Above 10yr;Lorry (41?100Q);Owner;Unknown;No defect;Other;Double carriageway (median);Tangent road with flat terrain;No junction;Asphalt roads;Wet or damp;Daylight;Normal;Vehicle with vehicle collision;3;4;Going straight;Under 18;Not a Pedestrian;No priority to pedestrian;Slight Injury
18:30:00;Friday;Male;Junior high school;unknown;1-2yr;Automobile;Owner;Unknown;unknown;Residential areas;Two-way (divided with broken lines road marking);Tangent road with flat terrain;Y Shape;Asphalt roads;Wet or damp;Daylight;Normal;Vehicle with vehicle collision;3;4;Going straight;na;Not a Pedestrian;Changing lane to the left;Slight Injury
18:30:00;Friday;Male;Junior high school;Employee;2-5yr;Automobile;Owner;2-5yrs;unknown;  Recreational areas;Undivided Two way;Tangent road with flat terrain;Y Shape;Asphalt roads;Wet or damp;Daylight;Normal;Vehicle with vehicle collision;3;4;Going straight;18-30;Not a Pedestrian;No distancing;Slight Injury
11:55:00;Friday;Male;Junior high school;Employee;1-2yr;Public (13?45 seats);Owner;unknown;unknown;Other;other;Tangent road with flat terrain;No junction;Asphalt roads;Wet or damp;Daylight;Normal;Vehicle with vehicle collision;3;4;Going straight;na;Not a Pedestrian;Other;Slight Injury
11:55:00;Friday;Male;unknown;unknown;unknown;Public (13?45 seats);Owner;unknown;unknown;Office areas;Undivided Two way;Tangent road with flat terrain;No junction;Asphalt roads;Wet or damp;Daylight;Normal;Vehicle with vehicle collision;1;1;Going straight;Under 18;Not a Pedestrian;No distancing;Serious Injury
07:30:00;Wednesday;Male;Elementary school;Employee;5-10yr;Lorry (41?100Q);unknown;unknown;unknown;Other;Undivided Two way;Tangent road with flat terrain;No junction;Asphalt roads;Dry;Darkness - no lighting;Cloudy;Vehicle with vehicle collision;2;1;Going straight;18-30;Not a Pedestrian;No priority to pedestrian;Slight Injury
07:30:00;Wednesday;Male;Junior high school;Employee;5-10yr;Lorry (41?100Q);Owner;Unknown;unknown;Office areas;Undivided Two way;Tangent road with flat terrain;No junction;Asphalt roads;Dry;Darkness - no lighting;Cloudy;Vehicle with vehicle collision;2;1;unknown;na;Not a Pedestrian;Moving Backward;Slight Injury
00:09:00;Monday;Female;Junior high school;Employee;Above 10yr;Public (12 seats);Owner;Unknown;unknown;Office areas;One way;Tangent road with flat terrain;No junction;Asphalt roads;Wet or damp;Darkness - lights lit;Normal;Vehicle with vehicle collision;2;2;Other;na;Not a Pedestrian;No priority to pedestrian;Slight Injury
00:09:00;Monday;Male;Junior high school;Employee;2-5yr;Other;Owner;Unknown;unknown;Office areas;Undivided Two way;Tangent road with flat terrain;No junction;Asphalt roads;Wet or damp;Darkness - lights lit;Normal;Vehicle with vehicle collision;2;2;Getting off;Under 18;Not a Pedestrian;No distancing;Slight Injury
19:47:00;Saturday;Male;Junior high school;Owner;Above 10yr;Lorry (41?100Q);Owner;Unknown;No defect;Other;Undivided Two way;Tangent road with flat terrain;No junction;Asphalt roads;Wet or damp;Daylight;Normal;Vehicle with vehicle collision;2;1;Going straight;Under 18;Crossing from driver's nearside;No priority to pedestrian;Slight Injury
19:47:00;Saturday;Male;Junior high school;Employee;2-5yr;Automobile;Governmental;Unknown;unknown;Other;Double carriageway (median);Tangent road with flat terrain;No junction;Asphalt roads;Wet or damp;Daylight;Normal;Vehicle with vehicle collision;2;1;Going straight;na;Not a Pedestrian;Driving carelessly;Slight Injury
19:00:00;Wednesday;Male;Elementary school;Other;5-10yr;Other;Owner;Unknown;No defect;Office areas;Two-way (divided with solid lines road marking);Tangent road with flat terrain;No junction;Asphalt roads;Dry;Daylight;Normal;Vehicle with vehicle collision;3;3;Going straight;31-50;Not a Pedestrian;Getting off the vehicle improperly;Serious Injury
19:00:00;Wednesday;Male;Elementary school;Employee;5-10yr;Motorcycle;Owner;Unknown;unknown;Residential areas;other;Tangent road with flat terrain;No junction;Asphalt roads;Dry;Daylight;Normal;Vehicle with vehicle collision;3;3;Other;18-30;Not a Pedestrian;Driving carelessly;Serious Injury
12:00:00;Thursday;Male;Junior high school;unknown;5-10yr;Automobile;Governmental;2-5yrs;unknown;  Recreational areas;Undivided Two way;Tangent road with flat terrain;No junction;Asphalt roads;Dry;Daylight;Normal;Collision with roadside objects;3;3;Going straight;na;Not a Pedestrian;Changing lane to the left;Serious Injury
12:00:00;Thursday;Male;Junior high school;Employee;5-10yr;Automobile;Owner;1-2yr;No defect;Other;other;Tangent road with flat terrain;No junction;Asphalt roads;Wet or damp;Darkness - lights lit;Normal;Vehicle with vehicle collision;1;1;Moving Backward;18-30;Not a Pedestrian;No priority to vehicle;Serious Injury
22:42:00;Friday;Male;Elementary school;Employee;Above 10yr;Lorry (41?100Q);Owner;Above 10yr;No defect;Residential areas;other;Tangent road with flat terrain;No junction;Asphalt roads;Dry;Darkness - lights lit;Normal;Collision with pedestrians;1;1;Other;na;Not a Pedestrian;Changing lane to the right;Slight Injury
07:55:00;Monday;Male;Junior high school;unknown;Below 1yr;Automobile;Owner;Unknown;No defect;Other;other;Tangent road with flat terrain;Y Shape;Asphalt roads;Dry;Daylight;Normal;Vehicle with vehicle collision;2;1;Going straight;Under 18;Unknown or other;Changing lane to the right;Slight Injury
07:25:00;Friday;Male;Junior high school;Employee;5-10yr;Public (> 45 seats);Owner;Unknown;unknown;Other;other;Tangent road with flat terrain;Y Shape;Asphalt roads;Dry;Daylight;Normal;Collision with roadside objects;2;1;Going straight;31-50;Not a Pedestrian;No distancing;Slight Injury
07:25:00;Friday;Male;Elementary school;Employee;1-2yr;Lorry (41?100Q);Owner;5-10yrs;unknown;Other;One way;Tangent road with flat terrain;Y Shape;Asphalt roads;Dry;Darkness - lights lit;Normal;Vehicle with vehicle collision;2;1;Going straight;na;Not a Pedestrian;No distancing;Serious Injury
23:25:00;Saturday;Male;unknown;unknown;unknown;Public (> 45 seats);Owner;Unknown;No defect;Other;Two-way (divided with broken lines road marking);Tangent road with flat terrain;Y Shape;Asphalt roads;Dry;Darkness - lights lit;Normal;Vehicle with vehicle collision;2;1;unknown;18-30;Not a Pedestrian;Changing lane to the left;Serious Injury
23:25:00;Saturday;Male;Junior high school;Employee;Above 10yr;Lorry (41?100Q);Owner;2-5yrs;No defect;Other;other;Tangent road with flat terrain;Y Shape;Asphalt roads;Wet or damp;Darkness - lights lit;Other;Vehicle with vehicle collision;2;3;Going straight;na;Not a Pedestrian;Changing lane to the right;Slight Injury
15:10:00;Wednesday;Male;High school;Owner;2-5yr;Lorry (41?100Q);Owner;Unknown;No defect;School areas;Undivided Two way;Tangent road with flat terrain;No junction;Asphalt roads;Wet or damp;Darkness - lights lit;Other;Vehicle with vehicle collision;2;3;Going straight;Under 18;Not a Pedestrian;No priority to vehicle;Slight Injury
15:10:00;Wednesday;Male;Junior high school;Employee;1-2yr;Lorry (41?100Q);Owner;unknown;No defect;Office areas;Two-way (divided with broken lines road marking);Tangent road with flat terrain;No junction;Asphalt roads;Wet or damp;Darkness - lights lit;Other;Vehicle with vehicle collision;2;3;Going straight;31-50;Not a Pedestrian;Changing lane to the left;Slight Injury
17:00:00;Wednesday;Male;Junior high school;Employee;1-2yr;Public (12 seats);Owner;Unknown;No defect;Office areas;Two-way (divided with broken lines road marking);Tangent road with flat terrain;No junction;Asphalt roads;Wet or damp;Darkness - lights lit;Other;Rollover;2;3;Going straight;18-30;Not a Pedestrian;No priority to vehicle;Slight Injury
17:00:00;Wednesday;Male;Above high school;Owner;2-5yr;Public (12 seats);Owner;5-10yrs;No defect;Office areas;Two-way (divided with broken lines road marking);Tangent road with flat terrain;No junction;Asphalt roads;Dry;Daylight;Normal;Collision with roadside objects;2;2;Going straight;Over 51;Crossing from driver's nearside;Moving Backward;Serious Injury
16:10:00;Tuesday;Male;unknown;unknown;unknown;Stationwagen;Owner;Unknown;No defect;School areas;unknown;Tangent road with flat terrain;Crossing;Asphalt roads;Dry;Daylight;Normal;Vehicle with vehicle collision;2;2;Going straight;18-30;Not a Pedestrian;Turnover;Serious Injury
13:29:00;Saturday;Male;Elementary school;Owner;2-5yr;Lorry (41?100Q);Governmental;unknown;No defect;School areas;Undivided Two way;Tangent road with flat terrain;Crossing;Asphalt roads;Wet or damp;Daylight;Raining;Vehicle with vehicle collision;1;1;Going straight;5;Not a Pedestrian;No distancing;Slight Injury
13:29:00;Saturday;Male;Junior high school;Employee;1-2yr;Automobile;Owner;unknown;No defect;Office areas;Two-way (divided with broken lines road marking);Tangent road with flat terrain;Y Shape;Asphalt roads;Wet or damp;Daylight;Normal;Collision with roadside objects;1;1;Going straight;na;Not a Pedestrian;No distancing;Serious Injury
12:40:00;Friday;Male;unknown;Owner;5-10yr;Pick up upto 10Q;Owner;unknown;No defect;Office areas;Two-way (divided with broken lines road marking);Tangent road with flat terrain;Y Shape;Asphalt roads;Wet or damp;Darkness - lights unlit;Normal;Vehicle with vehicle collision;2;2;Going straight;18-30;Not a Pedestrian;No distancing;Slight Injury
12:40:00;Friday;Male;Junior high school;Employee;Below 1yr;Automobile;Governmental;Above 10yr;No defect;School areas;Two-way (divided with broken lines road marking);Tangent road with flat terrain;Y Shape;Asphalt roads;Wet or damp;Darkness - lights unlit;Normal;Vehicle with vehicle collision;2;2;Going straight;na;Not a Pedestrian;Changing lane to the left;Slight Injury
15:30:00;Friday;Male;Junior high school;Employee;2-5yr;Public (13?45 seats);Owner;1-2yr;No defect;unknown;Two-way (divided with broken lines road marking);Tangent road with flat terrain;No junction;Asphalt roads;Wet or damp;Daylight;Other;Vehicle with vehicle collision;2;2;Going straight;31-50;Not a Pedestrian;No priority to vehicle;Slight Injury
15:30:00;Friday;Male;Junior high school;Employee;5-10yr;Public (> 45 seats);Owner;Above 10yr;No defect;Other;Two-way (divided with broken lines road marking);Tangent road with flat terrain;No junction;Asphalt roads;Wet or damp;Daylight;Other;Vehicle with vehicle collision;2;2;unknown;31-50;Not a Pedestrian;Driving at high speed;Slight Injury
15:30:00;Friday;Male;Junior high school;Employee;Above 10yr;Stationwagen;Owner;Below 1yr;No defect;Other;Undivided Two way;Tangent road with flat terrain;No junction;Asphalt roads;Wet or damp;Daylight;Other;Vehicle with vehicle collision;2;2;Going straight;na;Not a Pedestrian;Overtaking;Slight Injury
15:30:00;Friday;Male;Elementary school;Employee;2-5yr;unknown;Owner;Above 10yr;No defect;Other;Two-way (divided with broken lines road marking);Tangent road with flat terrain;Y Shape;Asphalt roads;Wet or damp;Darkness - lights lit;Other;Vehicle with vehicle collision;1;1;Going straight;18-30;Not a Pedestrian;Other;Slight Injury
15:30:00;Friday;Male;Elementary school;Owner;Above 10yr;Lorry (41?100Q);Owner;Unknown;No defect;Residential areas;Undivided Two way;Tangent road with flat terrain;Y Shape;Asphalt roads;Wet or damp;Darkness - lights lit;Windy;Collision with pedestrians;2;1;Going straight;na;Not a Pedestrian;Changing lane to the left;Slight Injury
03:32:00;Saturday;Male;Junior high school;Employee;1-2yr;Stationwagen;Governmental;1-2yr;No defect;Other;Undivided Two way;Tangent road with flat terrain;Y Shape;Asphalt roads;Wet or damp;Darkness - lights lit;Windy;Vehicle with vehicle collision;2;1;Going straight;18-30;Not a Pedestrian;No priority to pedestrian;Slight Injury