Time;Day_of_week;Sex_of_driver;Educational_level;Vehicle_driver_relation;Driving_experience;Type_of_vehicle;Owner_of_vehicle;Service_year_of_vehicle;Defect_of_vehicle;Area_accident_occured;Lanes_or_Medians;Road_allignment;Types_of_Junction;Road_surface_type;Road_surface_conditions;Light_conditions;Weather_conditions;Type_of_collision;Number_of_vehicles_involved;Number_of_casualties;Vehicle_movement;Age_band_of_casualty;Pedestrian_movement;Cause_of_accident;Accident_severity
04:00:00;Friday;Male;Junior high school;Employee;5-10yr;Lorry (41?100Q);Owner;1-2yr;No defect;Other;Undivided Two way;Tangent road with flat terrain;Y Shape;Asphalt roads;Dry;Daylight;Normal;Collision with roadside objects;1;1;Turnover;na;Not a Pedestrian;Changing lane to the left;Fatal injury
04:00:00;Friday;Male;Junior high school;Employee;2-5yr;Public (12 seats);Owner;unknown;No defect; Industrial areas;Undivided Two way;Tangent road with flat terrain;Y Shape;Asphalt roads;Wet or damp;Darkness - lights lit;Raining;Vehicle with vehicle collision;2;1;Moving Backward;na;Not a Pedestrian;No distancing;Serious Injury
04:00:00;Friday;Male;Junior high school;Employee;2-5yr;Lorry (41?100Q);Owner;unknown;No defect;  Recreational areas;Undivided Two way;Tangent road with flat terrain;No junction;Asphalt roads;Wet or damp;Darkness - lights lit;Raining;Vehicle with vehicle collision;2;1;Going straight;31-50;Not a Pedestrian;Moving Backward;Serious Injury
04:00:00;Friday;Male;Junior high school;Employee;2-5yr;Other;Owner;Above 10yr;No defect; Church areas;Two-way (divided with broken lines road marking);Tangent road with flat terrain;No junction;Asphalt roads;Dry;Daylight;Unknown;Vehicle with vehicle collision;2;1;Going straight;18-30;Not a Pedestrian;Changing lane to the left;Slight Injury
15:50:00;Saturday;Male;Junior high school;Employee;2-5yr;Stationwagen;Owner;unknown;unknown;Office areas;Two-way (divided with broken lines road marking);Tangent road with flat terrain;Crossing;Asphalt roads;Dry;Daylight;Unknown;Vehicle with vehicle collision;2;1;Moving Backward;na;Not a Pedestrian;Other;Slight Injury
08:50:00;Friday;Male;Junior high school;Employee;Above 10yr;Automobile;Owner;unknown;unknown;Other;Two-way (divided with broken lines road marking);Tangent road with flat terrain;Crossing;Asphalt roads;Dry;Darkness - lights lit;Normal;Vehicle with vehicle collision;1;1;Going straight;18-30;Not a Pedestrian;No distancing;Slight Injury
00:25:00;Sunday;Male;Junior high school;Employee;Above 10yr;Public (> 45 seats);Owner;unknown;unknown;Office areas;Undivided Two way;Tangent road with flat terrain;Y Shape;Asphalt roads with some distress;Wet or damp;Darkness - lights lit;Unknown;Vehicle with vehicle collision;1;1;Moving Backward;na;Not a Pedestrian;Moving Backward;Serious Injury
00:25:00;Sunday;Male;Elementary school;Employee;5-10yr;Other;Owner;unknown;unknown;Office areas;Two-way (divided with broken lines road marking);Tangent road with flat terrain;Y Shape;Asphalt roads;Dry;Daylight;Normal;Vehicle with vehicle collision;2;3;Going straight;18-30;Not a Pedestrian;No distancing;Slight Injury
00:25:00;Sunday;Female;unknown;Employee;unknown;Lorry (41?100Q);Owner;unknown;unknown;Other;Two-way (divided with broken lines road marking);Tangent road with flat terrain;No junction;Asphalt roads;Dry;Daylight;Normal;Vehicle with vehicle collision;2;3;Going straight;Under 18;Not a Pedestrian;Changing lane to the left;Slight Injury
00:10:00;Sunday;Male;unknown;Employee;2-5yr;Automobile;Owner;Above 10yr;unknown;Residential areas;Undivided Two way;Tangent road with flat terrain;No junction;Asphalt roads;Dry;Daylight;Normal;Vehicle with vehicle collision;2;3;Going straight;na;Not a Pedestrian;Changing lane to the left;Slight Injury
00:10:00;Sunday;Male;Elementary school;Employee;5-10yr;Public (> 45 seats);Owner;Above 10yr;unknown;Office areas;other;Tangent road with mountainous terrain and;No junction;Asphalt roads;Dry;Daylight;Normal;Collision with roadside objects;2;3;Other;31-50;Not a Pedestrian;No priority to pedestrian;Slight Injury
15:20:00;Saturday;Male;Junior high school;Employee;5-10yr;unknown;Owner;Above 10yr;No defect;Residential areas;other;Tangent road with flat terrain;No junction;Gravel roads;Dry;Daylight;Normal;Vehicle with vehicle collision;2;2;Other;18-30;Not a Pedestrian;Changing lane to the left;Slight Injury
15:20:00;Saturday;Male;Junior high school;Employee;Above 10yr;Automobile;unknown;unknown;unknown;School areas;Two-way (divided with broken lines road marking);Tangent road with flat terrain;Crossing;Asphalt roads;Dry;Daylight;Normal;Collision with roadside objects;2;2;Going straight;na;Not a Pedestrian;Driving carelessly;Slight Injury
15:20:00;Saturday;Male;Junior high school;Employee;5-10yr;Pick up upto 10Q;Owner;Above 10yr;No defect;Office areas;Two-way (divided with broken lines road marking);Sharp reverse curve;Crossing;Asphalt roads;Dry;Daylight;Normal;Vehicle with vehicle collision;2;2;Reversing;18-30;Not a Pedestrian;Driving carelessly;Slight Injury
16:30:00;Saturday;Male;Junior high school;Employee;Above 10yr;Public (12 seats);Owner;5-10yrs;No defect;Other;other;Tangent road with flat terrain;Y Shape;Asphalt roads;Wet or damp;Darkness - lights lit;Raining;Vehicle with vehicle collision;2;1;Going straight;na;Not a Pedestrian;No priority to pedestrian;Slight Injury
16:30:00;Saturday;Male;Elementary school;Employee;Below 1yr;Lorry (41?100Q);Owner;Above 10yr;No defect;Other;Undivided Two way;Tangent road with flat terrain;Y Shape;Asphalt roads;Wet or damp;Darkness - lights lit;Raining;unknown;2;1;Going straight;Under 18;Not a Pedestrian;Getting off the vehicle improperly;Slight Injury
01:05:00;Friday;Male;Elementary school;Employee;5-10yr;Lorry (41?100Q);Owner;Above 10yr;No defect; Church areas;other;Tangent road with flat terrain;Y Shape;Asphalt roads;Dry;Daylight;Normal;Collision with pedestrians;2;2;Going straight;18-30;Not a Pedestrian;No distancing;Slight Injury
01:05:00;Friday;Male;Elementary school;Employee;1-2yr;Lorry (41?100Q);Owner;unknown;No defect;Office areas;Two-way (divided with broken lines road marking);Tangent road with flat terrain;Y Shape;Asphalt roads;Dry;Daylight;Normal;Vehicle with vehicle collision;2;2;Going straight;na;Not a Pedestrian;Changing lane to the left;Slight Injury
19:40:00;Monday;Male;Elementary school;Employee;5-10yr;Public (13?45 seats);Owner;unknown;No defect;Other;Two-way (divided with broken lines road marking);Tangent road with flat terrain;O Shape;Asphalt roads;Dry;Daylight;Normal;Vehicle with vehicle collision;2;2;Moving Backward;18-30;In carriageway, statioNot a Pedestrianry - not crossing  (standing or playing);No priority to vehicle;Slight Injury
19:40:00;Monday;Male;Elementary school;Employee;5-10yr;Lorry (41?100Q);Owner;unknown;No defect;Office areas;Two-way (divided with broken lines road marking);Tangent road with mild grade and flat terrain;Y Shape;Asphalt roads;Dry;Daylight;Normal;Vehicle with vehicle collision;1;1;Going straight;31-50;Not a Pedestrian;No distancing;Slight Injury
19:40:00;Monday;Male;Elementary school;Employee;2-5yr;Lorry (41?100Q);Owner;unknown;No defect;Office areas;Two-way (divided with broken lines road marking);Tangent road with flat terrain;Y Shape;Asphalt roads;Dry;Daylight;Normal;Collision with pedestrians;1;1;Going straight;na;Not a Pedestrian;No priority to pedestrian;Slight Injury
19:08:00;Tuesday;Male;Elementary school;Employee;5-10yr;Motorcycle;Owner;Above 10yr;No defect;Office areas;Two-way (divided with broken lines road marking);Sharp reverse curve;Y Shape;Asphalt roads;Dry;Daylight;Normal;Collision with roadside objects;3;1;Going straight;na;Not a Pedestrian;No priority to pedestrian;Slight Injury
19:08:00;Tuesday;Male;unknown;unknown;5-10yr;Lorry (41?100Q);Owner;Above 10yr;No defect; Church areas;Undivided Two way;Sharp reverse curve;Y Shape;Asphalt roads;Dry;Daylight;Normal;unknown;3;1;Going straight;18-30;Not a Pedestrian;No priority to vehicle;Slight Injury
17:50:00;Saturday;Male;Junior high school;Employee;Above 10yr;Ridden horse;Owner;Above 10yr;No defect;Office areas;Undivided Two way;Gentle horizontal curve;Y Shape;Asphalt roads;Dry;Daylight;Normal;Vehicle with vehicle collision;3;1;Going straight;na;Not a Pedestrian;Driving carelessly;Slight Injury
17:50:00;Saturday;Male;Junior high school;Employee;Above 10yr;Automobile;Owner;5-10yrs;No defect;Other;Double carriageway (median);Gentle horizontal curve;Y Shape;Asphalt roads;Wet or damp;Daylight;Normal;unknown;2;2;Moving Backward;18-30;Not a Pedestrian;Changing lane to the right;Serious Injury
21:30:00;Sunday;Male;Elementary school;Employee;Below 1yr;Lorry (41?100Q);Owner;unknown;unknown;Other;Two-way (divided with broken lines road marking);Tangent road with flat terrain;Y Shape;Asphalt roads;Wet or damp;Daylight;Normal;unknown;2;2;Going straight;18-30;Not a Pedestrian;Changing lane to the left;Serious Injury
21:30:00;Sunday;Male;Elementary school;Employee;5-10yr;Pick up upto 10Q;Owner;5-10yrs;No defect; Church areas;Unknown;Tangent road with mountainous terrain and;Y Shape;Asphalt roads;Wet or damp;Daylight;Normal;unknown;2;2;Going straight;na;Not a Pedestrian;Moving Backward;Serious Injury
14:49:00;Monday;Male;Elementary school;Owner;5-10yr;Public (> 45 seats);Owner;1-2yr;unknown;School areas;Undivided Two way;Tangent road with flat terrain;Y Shape;Asphalt roads;Dry;Darkness - lights lit;Normal;Vehicle with vehicle collision;2;1;Moving Backward;na;Not a Pedestrian;Driving carelessly;Slight Injury
14:49:00;Monday;Male;Elementary school;Employee;2-5yr;Stationwagen;unknown;unknown;unknown; Church areas;Two-way (divided with broken lines road marking);Tangent road with flat terrain;Y Shape;Asphalt roads;Dry;Darkness - lights lit;Normal;Vehicle with vehicle collision;2;1;Moving Backward;31-50;Not a Pedestrian;Driving to the left;Slight Injury
14:49:00;Monday;Male;Elementary school;Employee;Above 10yr;Automobile;Owner;Above 10yr;unknown;Office areas;Undivided Two way;Tangent road with flat terrain;Y Shape;Asphalt roads;Dry;Darkness - lights lit;Normal;Collision with roadside objects;2;1;Going straight;na;Not a Pedestrian;Driving to the left;Slight Injury
17:40:00;Sunday;Male;Elementary school;Employee;2-5yr;Public (12 seats);Owner;2-5yrs;No defect;Other;other;Tangent road with flat terrain;No junction;Asphalt roads;Dry;Darkness - lights lit;Normal;Collision with roadside objects;2;1;Turnover;31-50;Not a Pedestrian;No priority to pedestrian;Slight Injury
17:40:00;Sunday;Male;Junior high school;Employee;Above 10yr;Automobile;Owner;Above 10yr;unknown; Church areas;Two-way (divided with broken lines road marking);Steep grade upward with mountainous terrain;No junction;Asphalt roads;Dry;Daylight;Normal;Vehicle with vehicle collision;1;2;Turnover;31-50;Not a Pedestrian;Changing lane to the left;Slight Injury
21:55:00;Saturday;Male;Junior high school;Employee;Below 1yr;Automobile;Governmental;1-2yr;No defect;Other;Double carriageway (median);Tangent road with flat terrain;Crossing;Earth roads;Dry;Daylight;Normal;Vehicle with vehicle collision;1;2;Going straight;18-30;Crossing from offside - masked by  parked or statioNot a Pedestrianry vehicle;Changing lane to the right;Slight Injury
21:55:00;Saturday;Male;Junior high school;Employee;2-5yr;Automobile;Governmental;Above 10yr;unknown;Other;Double carriageway (median);Tangent road with flat terrain;Crossing;Asphalt roads;Wet or damp;Darkness - lights lit;Other;Vehicle with vehicle collision;2;1;Going straight;Under 18;Not a Pedestrian;Driving carelessly;Slight Injury
07:30:00;Tuesday;Male;Elementary school;Employee;5-10yr;Lorry (41?100Q);Organization;5-10yrs;No defect;Office areas;Two-way (divided with broken lines road marking);Gentle horizontal curve;Crossing;Asphalt roads;Wet or damp;Darkness - lights lit;Other;Vehicle with vehicle collision;2;1;Going straight;na;Not a Pedestrian;No distancing;Slight Injury
07:30:00;Tuesday;Male;Elementary school;Employee;5-10yr;Automobile;Organization;Above 10yr;No defect;Other;Two-way (divided with broken lines road marking);Tangent road with flat terrain;Crossing;Asphalt roads;Wet or damp;Darkness - lights lit;Normal;Vehicle with vehicle collision;2;1;Going straight;18-30;Not a Pedestrian;Getting off the vehicle improperly;Slight Injury
10:41:00;Wednesday;Male;Elementary school;Employee;1-2yr;Automobile;Owner;2-5yrs;No defect;Other;Two-way (divided with broken lines road marking);Tangent road with flat terrain;Crossing;Asphalt roads;Wet or damp;Darkness - lights lit;Normal;Rollover;2;1;Going straight;na;Not a Pedestrian;Driving under the influence of drugs;Slight Injury
13:16:00;Wednesday;Male;Elementary school;Employee;unknown;Public (12 seats);Governmental;unknown;No defect;Residential areas;Two-way (divided with broken lines road marking);Tangent road with flat terrain;Crossing;Asphalt roads;Wet or damp;Darkness - lights lit;Normal;Vehicle with vehicle collision;2;1;Going straight;18-30;Not a Pedestrian;Changing lane to the right;Serious Injury
13:16:00;Wednesday;Male;Junior high school;Employee;1-2yr;Taxi;Owner;Above 10yr;No defect;Residential areas;unknown;Tangent road with flat terrain;Crossing;Asphalt roads;Wet or damp;Darkness - lights lit;Normal;Collision with roadside objects;2;1;Getting off;Under 18;Not a Pedestrian;Driving carelessly;Serious Injury
13:16:00;Wednesday;Male;unknown;Employee;5-10yr;Automobile;Owner;5-10yrs;No defect;Office areas;Undivided Two way;Tangent road with flat terrain;No junction;Asphalt roads;Dry;Darkness - lights lit;Normal;Collision with pedestrians;2;1;Moving Backward;na;Not a Pedestrian;Moving Backward;Slight Injury
11:30:00;Thursday;Male;Elementary school;Owner;1-2yr;Public (12 seats);Owner;unknown;No defect;  Recreational areas;other;unknown;No junction;Asphalt roads;Dry;Darkness - lights lit;Normal;Vehicle with vehicle collision;2;1;Other;na;Not a Pedestrian;Turnover;Slight Injury
11:30:00;Thursday;Male;Junior high school;Employee;5-10yr;Stationwagen;Governmental;unknown;No defect;Office areas;other;Tangent road with mild grade and flat terrain;No junction;Asphalt roads;Wet or damp;Daylight;Normal;Vehicle with vehicle collision;2;1;Going straight;18-30;Not a Pedestrian;Changing lane to the right;Slight Injury
19:31:00;Wednesday;Male;Junior high school;Employee;2-5yr;Stationwagen;Owner;5-10yrs;No defect; Industrial areas;other;Tangent road with flat terrain;Y Shape;Asphalt roads with some distress;Wet or damp;Daylight;Normal;Vehicle with vehicle collision;2;1;Going straight;18-30;Not a Pedestrian;Driving carelessly;Slight Injury
19:31:00;Wednesday;Male;Junior high school;Employee;2-5yr;Automobile;unknown;unknown;unknown;unknown;unknown;unknown;Y Shape;Asphalt roads;Dry;Darkness - lights lit;Normal;Vehicle with vehicle collision;1;1;Going straight;na;Not a Pedestrian;No priority to vehicle;Slight Injury
09:25:00;Friday;Male;Junior high school;Employee;5-10yr;Lorry (41?100Q);Owner;unknown;No defect;Residential areas;Undivided Two way;Tangent road with flat terrain;No junction;Asphalt roads;Wet or damp;Daylight;Normal;Vehicle with vehicle collision;1;1;Going straight;31-50;Not a Pedestrian;Moving Backward;Serious Injury
09:25:00;Friday;Male;Junior high school;Owner;Below 1yr;Automobile;Governmental;Above 10yr;No defect;Residential areas;other;Tangent road with flat terrain;No junction;Asphalt roads;Dry;Daylight;Normal;Vehicle with vehicle collision;2;1;Going straight;na;Not a Pedestrian;Changing lane to the left;Serious Injury
14:10:00;Wednesday;Male;High school;Employee;Below 1yr;Public (12 seats);Owner;1-2yr;No defect; Industrial areas;other;Tangent road with flat terrain;Crossing;Asphalt roads;Dry;Daylight;Normal;Vehicle with vehicle collision;2;1;Going straight;18-30;Crossing from nearside - masked by parked or statioNot a Pedestrianry vehicle;Overturning;Serious Injury
14:10:00;Wednesday;Female;Junior high school;Employee;unknown;Automobile;Owner;2-5yrs;No defect;Residential areas;Undivided Two way;Tangent road with flat terrain;Crossing;Asphalt roads;Dry;Darkness - lights lit;Normal;Collision with roadside objects;2;1;Going straight;18-30;Not a Pedestrian;No distancing;Serious Injury
14:00:00;Friday;Male;Junior high school;Employee;Below 1yr;Automobile;Owner;Unknown;No defect;Residential areas;other;Tangent road with flat terrain;No junction;Asphalt roads;Dry;Darkness - lights lit;Normal;Rollover;2;1;Going straight;31-50;Not a Pedestrian;Driving carelessly;Serious Injury
14:00:00;Friday;Male;Junior high school;Employee;2-5yr;Lorry (41?100Q);Owner;unknown;No defect;Office areas;Undivided Two way;Tangent road with flat terrain;No junction;Asphalt roads;Dry;Daylight;Normal;Vehicle with vehicle collision;2;1;Going straight;Over 51;Not a Pedestrian;No distancing;Serious Injury
22:05:00;Tuesday;Male;Junior high school;Employee;2-5yr;Automobile;Owner;2-5yrs;No defect;Office areas;Double carriageway (median);Escarpments;No junction;Asphalt roads;Dry;Daylight;Normal;Collision with pedestrians;2;1;Going straight;18-30;Not a Pedestrian;Changing lane to the left;Serious Injury
22:05:00;Tuesday;Male;Junior high school;Employee;5-10yr;Motorcycle;Owner;Above 10yr;No defect;Office areas;other;Tangent road with flat terrain;Y Shape;Asphalt roads;Wet or damp;Darkness - lights lit;Other;Vehicle with vehicle collision;2;1;Going straight;na;Not a Pedestrian;No priority to pedestrian;Serious Injury
07:00:00;Thursday;Male;Elementary school;Employee;5-10yr;unknown;Owner;1-2yr;No defect;Office areas;Undivided Two way;Escarpments;Y Shape;Asphalt roads;Wet or damp;Darkness - lights lit;Other;Vehicle with vehicle collision;2;1;Going straight;18-30;Not a Pedestrian;No distancing;Serious Injury
07:00:00;Thursday;Male;unknown;Owner;5-10yr;Automobile;Owner;unknown;No defect;Office areas;One way;Tangent road with flat terrain;Y Shape;Asphalt roads;Dry;Daylight;Normal;Collision with pedestrians;1;1;Moving Backward;18-30;Not a Pedestrian;No distancing;Slight Injury
07:35:00;Thursday;Male;Junior high school;Employee;5-10yr;Automobile;Owner;unknown;No defect;Office areas;Undivided Two way;Tangent road with flat terrain;Y Shape;Asphalt roads;Dry;Daylight;Normal;Collision with pedestrians;2;1;Going straight;na;Not a Pedestrian;Changing lane to the left;Serious Injury
07:35:00;Thursday;Male;Junior high school;Owner;5-10yr;Automobile;Owner;unknown;No defect;Office areas;other;Tangent road with flat terrain;Y Shape;Asphalt roads;Dry;Daylight;Normal;Vehicle with vehicle collision;2;1;Moving Backward;na;Not a Pedestrian;No distancing;Serious Injury
08:43:00;Wednesday;Male;Illiterate;Employee;2-5yr;Public (> 45 seats);Owner;Above 10yr;No defect;Residential areas;other;Tangent road with flat terrain;Crossing;Asphalt roads;Dry;Daylight;Normal;Vehicle with vehicle collision;2;1;Moving Backward;18-30;Not a Pedestrian;Changing lane to the left;Serious Injury
08:43:00;Wednesday;Male;Junior high school;Employee;5-10yr;unknown;Owner;5-10yrs;No defect;Residential areas;One way;Tangent road with flat terrain;Crossing;Asphalt roads;Dry;Daylight;Normal;Vehicle with vehicle collision;2;1;Going straight;Under 18;Crossing from nearside - masked by parked or statioNot a Pedestrianry vehicle;No distancing;Serious Injury
16:05:00;Tuesday;Male;Junior high school;Employee;Below 1yr;Automobile;Owner;unknown;No defect;Other;One way;Tangent road with flat terrain;Y Shape;Asphalt roads;Dry;Daylight;Normal;Vehicle with vehicle collision;4;5;Going straight;18-30;Not a Pedestrian;No distancing;Slight Injury
22:05:00;Friday;Male;Junior high school;Employee;1-2yr;Automobile;Owner;5-10yrs;No defect; Church areas;Undivided Two way;Tangent road with flat terrain;Y Shape;Asphalt roads;Dry;Daylight;Normal;Vehicle with vehicle collision;4;5;Going straight;18-30;Not a Pedestrian;No distancing;Slight Injury
22:05:00;Friday;Male;Elementary school;Employee;2-5yr;Other;Owner;unknown;No defect;  Recreational areas;other;Tangent road with flat terrain;Y Shape;Asphalt roads;Dry;Daylight;Normal;Collision with roadside objects;4;5;Going straight;na;Not a Pedestrian;Changing lane to the left;Slight Injury
22:05:00;Friday;Male;Elementary school;Employee;2-5yr;Stationwagen;Owner;unknown;unknown; Industrial areas;Undivided Two way;Tangent road with flat terrain;Crossing;unknown;Dry;Daylight;Normal;Vehicle with vehicle collision;4;5;Going straight;18-30;Not a Pedestrian;Changing lane to the right;Slight Injury
22:05:00;Friday;Female;Elementary school;Employee;5-10yr;Lorry (41?100Q);unknown;unknown;unknown;Residential areas;other;unknown;Crossing;Asphalt roads;Dry;Daylight;Normal;Vehicle with vehicle collision;4;5;Going straight;na;Not a Pedestrian;Moving Backward;Slight Injury
03:40:00;Saturday;Female;Junior high school;Employee;5-10yr;Taxi;Owner;Above 10yr;No defect;Residential areas;other;Tangent road with rolling terrain;Crossing;Asphalt roads;Dry;Darkness - lights lit;Normal;Vehicle with vehicle collision;2;3;unknown;na;Not a Pedestrian;Changing lane to the right;Fatal injury
09:25:00;Tuesday;Female;Junior high school;Employee;Above 10yr;Other;Owner;2-5yrs;No defect;Office areas;Double carriageway (median);Tangent road with flat terrain;Crossing;Asphalt roads;Dry;Darkness - lights lit;Normal;Vehicle with vehicle collision;2;2;Other;Over 51;Not a Pedestrian;No distancing;Slight Injury
09:25:00;Tuesday;Female;Elementary school;Owner;2-5yr;Public (12 seats);Owner;2-5yrs;No defect;  Market areas;Undivided Two way;Tangent road with flat terrain;Crossing;Asphalt roads;Dry;Daylight;Normal;Vehicle with vehicle collision;1;1;Going straight;31-50;Not a Pedestrian;Overtaking;Slight Injury
09:25:00;Tuesday;Female;Junior high school;Employee;5-10yr;Automobile;unknown;unknown;unknown;Unknown;other;Tangent road with flat terrain;Y Shape;Asphalt roads;Wet or damp;Daylight;Raining;Vehicle with vehicle collision;2;1;unknown;na;Not a Pedestrian;Other;Slight Injury
09:25:00;Tuesday;Male;Junior high school;Employee;Below 1yr;Automobile;Owner;unknown;No defect; Industrial areas;other;Tangent road with flat terrain;No junction;Asphalt roads;Wet or damp;Daylight;Raining;Vehicle with vehicle collision;2;1;Overtaking;31-50;Not a Pedestrian;Other;Slight Injury
09:25:00;Tuesday;Male;Junior high school;Employee;5-10yr;Public (13?45 seats);Owner;unknown;No defect;Residential areas;Two-way (divided with solid lines road marking);Tangent road with flat terrain;No junction;Asphalt roads;Dry;Darkness - lights lit;Normal;Vehicle with vehicle collision;2;1;Reversing;na;Not a Pedestrian;Changing lane to the right;Slight Injury
09:25:00;Tuesday;Male;High school;Employee;Above 10yr;Lorry (41?100Q);Governmental;Below 1yr;No defect;Residential areas;Undivided Two way;Tangent road with flat terrain;No junction;Asphalt roads;Dry;Darkness - lights lit;Normal;Vehicle with vehicle collision;2;1;Going straight;18-30;Not a Pedestrian;No priority to pedestrian;Slight Injury
07:58:00;Thursday;Male;Junior high school;Employee;5-10yr;Lorry (41?100Q);Owner;5-10yrs;No defect;Other;Undivided Two way;Tangent road with flat terrain;No junction;Asphalt roads;Dry;Daylight;Normal;Vehicle with vehicle collision;2;1;Other;na;Not a Pedestrian;No priority to vehicle;Slight Injury
07:58:00;Thursday;Male;Elementary school;Employee;1-2yr;Lorry (11?40Q);Governmental;unknown;No defect;Residential areas;other;Tangent road with flat terrain;No junction;Asphalt roads;Dry;Daylight;Normal;Vehicle with vehicle collision;2;1;Moving Backward;na;Not a Pedestrian;Changing lane to the left;Slight Injury
20:15:00;Tuesday;Male;Junior high school;Employee;unknown;Motorcycle;Owner;1-2yr;No defect;Rural village areas;Undivided Two way;Gentle horizontal curve;No junction;Asphalt roads;Dry;Daylight;Normal;Vehicle with vehicle collision;3;3;Going straight;18-30;Not a Pedestrian;Changing lane to the left;Serious Injury
20:15:00;Tuesday;Male;Above high school;Employee;1-2yr;Lorry (41?100Q);Owner;2-5yrs;No defect;Rural village areas;Undivided Two way;Gentle horizontal curve;No junction;Asphalt roads;Dry;Daylight;Normal;Vehicle with vehicle collision;3;3;Other;18-30;Not a Pedestrian;Overtaking;Serious Injury
17:10:00;Tuesday;Female;Junior high school;Employee;Above 10yr;Stationwagen;Owner;unknown;No defect;Office areas;Double carriageway (median);Tangent road with flat terrain;No junction;Asphalt roads;Dry;Daylight;Normal;Vehicle with vehicle collision;3;3;Moving Backward;na;Not a Pedestrian;No distancing;Serious Injury
17:10:00;Tuesday;Male;Junior high school;Employee;1-2yr;Automobile;Owner;2-5yrs;No defect;Residential areas;Undivided Two way;Gentle horizontal curve;No junction;Asphalt roads;Dry;Daylight;Normal;Vehicle with vehicle collision;3;3;Going straight;na;Not a Pedestrian;No priority to vehicle;Serious Injury
17:10:00;Tuesday;Male;Junior high school;Employee;5-10yr;Other;Owner;unknown;unknown;Residential areas;other;Tangent road with flat terrain;No junction;Asphalt roads;Dry;Daylight;Normal;Collision with roadside objects;1;1;Going straight;31-50;Not a Pedestrian;Changing lane to the right;Slight Injury
15:30:00;Saturday;Male;Junior high school;Employee;2-5yr;Other;Owner;unknown;7; Outside rural areas;other;Tangent road with flat terrain;Crossing;Asphalt roads;Dry;Daylight;Normal;Vehicle with vehicle collision;3;2;Moving Backward;31-50;Not a Pedestrian;Changing lane to the left;Slight Injury
15:30:00;Saturday;Male;unknown;unknown;unknown;Taxi;Owner;Above 10yr;unknown;Residential areas;other;Tangent road with flat terrain;Crossing;Asphalt roads;Dry;Daylight;Normal;Vehicle with vehicle collision;3;2;Going straight;na;Not a Pedestrian;No distancing;Slight Injury
09:47:00;Saturday;Female;Junior high school;Employee;2-5yr;Automobile;Owner;5-10yrs;5; Church areas;other;Tangent road with flat terrain;O Shape;Asphalt roads;Dry;Daylight;Normal;Vehicle with vehicle collision;3;2;Getting off;31-50;Not a Pedestrian;Driving carelessly;Slight Injury
09:47:00;Saturday;Female;Junior high school;Employee;2-5yr;Long lorry;Owner;unknown;No defect;Office areas;Undivided Two way;Tangent road with flat terrain;O Shape;Asphalt roads;Dry;Daylight;Normal;Vehicle with vehicle collision;2;1;Going straight;Over 51;Not a Pedestrian;No priority to pedestrian;Slight Injury
09:47:00;Saturday;Female;Junior high school;Employee;Above 10yr;Long lorry;Owner;Unknown;No defect;Office areas;Two-way (divided with broken lines road marking);Tangent road with mountainous terrain and;Y Shape;Asphalt roads;Dry;Daylight;Normal;Collision with pedestrians;2;1;Going straight;18-30;Not a Pedestrian;Driving carelessly;Slight Injury
11:19:00;Monday;Male;Junior high school;Employee;1-2yr;Lorry (41?100Q);Governmental;unknown;No defect;Office areas;Two-way (divided with broken lines road marking);Escarpments;No junction;Asphalt roads;Dry;Darkness - lights lit;Normal;Vehicle with vehicle collision;3;3;Moving Backward;na;Not a Pedestrian;Moving Backward;Slight Injury
11:19:00;Monday;Male;Above high school;Owner;1-2yr;Lorry (41?100Q);Owner;2-5yrs;unknown;Other;Undivided Two way;Tangent road with mountainous terrain and;Unknown;Asphalt roads;Dry;Darkness - lights lit;Normal;Vehicle with vehicle collision;3;3;Going straight;Under 18;Not a Pedestrian;No distancing;Slight Injury
13:13:00;Friday;Male;Above high school;Employee;No Licence;Lorry (11?40Q);Owner;2-5yrs;unknown;Other;Undivided Two way;Tangent road with flat terrain;Unknown;Asphalt roads;Dry;Darkness - lights lit;Normal;Vehicle with vehicle collision;3;3;Going straight;18-30;Not a Pedestrian;No distancing;Slight Injury
13:13:00;Friday;Male;Junior high school;Employee;1-2yr;Automobile;Owner;Unknown;No defect;Residential areas;Two-way (divided with broken lines road marking);Tangent road with flat terrain;Unknown;Asphalt roads;Dry;Darkness - lights lit;Normal;Vehicle with vehicle collision;3;3;Going straight;na;Not a Pedestrian;No distancing;Slight Injury
15:55:00;Thursday;Male;Junior high school;Employee;5-10yr;Taxi;Owner;unknown;unknown;Other;Two-way (divided with broken lines road marking);Tangent road with flat terrain;No junction;Asphalt roads;Dry;Darkness - lights lit;Normal;Vehicle with vehicle collision;3;3;Going straight;na;Not a Pedestrian;Changing lane to the left;Slight Injury
15:55:00;Thursday;Male;Junior high school;Employee;Above 10yr;Other;Owner;Below 1yr;unknown;Other;Undivided Two way;Tangent road with mild grade and flat terrain;Y Shape;Asphalt roads;Dry;Daylight;Normal;Vehicle with vehicle collision;2;3;Going straight;18-30;Not a Pedestrian;Changing lane to the left;Slight Injury
15:55:00;Thursday;Male;Junior high school;Employee;Above 10yr;Automobile;Owner;5-10yrs;unknown;Other;Two-way (divided with broken lines road marking);Tangent road with flat terrain;No junction;Asphalt roads;Dry;Daylight;Normal;Vehicle with vehicle collision;2;3;Moving Backward;Under 18;Not a Pedestrian;Moving Backward;Slight Injury