Time;Day_of_week;Sex_of_driver;Educational_level;Vehicle_driver_relation;Driving_experience;Type_of_vehicle;Owner_of_vehicle;Service_year_of_vehicle;Defect_of_vehicle;Area_accident_occured;Lanes_or_Medians;Road_allignment;Types_of_Junction;Road_surface_type;Road_surface_conditions;Light_conditions;Weather_conditions;Type_of_collision;Number_of_vehicles_involved;Number_of_casualties;Vehicle_movement;Age_band_of_casualty;Pedestrian_movement;Cause_of_accident;Accident_severity
10:47:00;Thursday;Male;Junior high school;Owner;5-10yr;Automobile;Governmental;5-10yrs;No defect;Other;Undivided Two way;Tangent road with flat terrain;No junction;Asphalt roads;Dry;Daylight;Normal;Vehicle with vehicle collision;2;3;Going straight;5;Not a Pedestrian;Changing lane to the right;Slight Injury
10:47:00;Thursday;Male;Elementary school;Employee;2-5yr;Automobile;Owner;2-5yrs;No defect;Other;Double carriageway (median);Tangent road with mild grade and flat terrain;Y Shape;Asphalt roads;Dry;Daylight;Normal;Collision with pedestrians;2;3;Going straight;Over 51;Not a Pedestrian;No priority to vehicle;Slight Injury
15:00:00;Thursday;Male;Junior high school;Employee;2-5yr;Automobile;Owner;unknown;No defect;Other;Two-way (divided with broken lines road marking);Tangent road with flat terrain;Y Shape;Asphalt roads;Dry;Daylight;Normal;Vehicle with vehicle collision;2;1;Moving Backward;18-30;Not a Pedestrian;Moving Backward;Slight Injury
15:00:00;Thursday;Male;Junior high school;Employee;Below 1yr;Public (> 45 seats);Owner;2-5yrs;unknown; Church areas;Two-way (divided with broken lines road marking);Tangent road with flat terrain;Y Shape;Asphalt roads;Dry;Daylight;Normal;Vehicle with vehicle collision;2;1;Moving Backward;31-50;Not a Pedestrian;Driving carelessly;Slight Injury
18:40:00;Thursday;Male;Junior high school;Employee;2-5yr;Lorry (11?40Q);Owner;5-10yrs;unknown;Other;Undivided Two way;Tangent road with flat terrain;Crossing;Asphalt roads;Dry;Daylight;Cloudy;Vehicle with vehicle collision;2;1;Going straight;31-50;Not a Pedestrian;Driving carelessly;Slight Injury
03:55:00;Monday;Unknown;Junior high school;Employee;2-5yr;Lorry (41?100Q);Organization;2-5yrs;unknown; Industrial areas;Two-way (divided with broken lines road marking);Tangent road with flat terrain;Crossing;Asphalt roads;Dry;Daylight;Cloudy;Vehicle with vehicle collision;2;1;Going straight;na;Not a Pedestrian;Driving under the influence of drugs;Slight Injury
03:55:00;Monday;Male;Elementary school;Employee;5-10yr;Lorry (41?100Q);Owner;unknown;No defect;Residential areas;Double carriageway (median);Tangent road with flat terrain;Y Shape;Asphalt roads;Dry;Daylight;Normal;Collision with roadside objects;2;2;Going straight;18-30;Not a Pedestrian;No priority to pedestrian;Slight Injury
03:55:00;Monday;Male;Junior high school;Employee;Above 10yr;Stationwagen;Governmental;Above 10yr;No defect;Other;Two-way (divided with broken lines road marking);Tangent road with flat terrain;Y Shape;Asphalt roads;Dry;Daylight;Normal;Vehicle with vehicle collision;2;2;Going straight;na;Not a Pedestrian;No priority to vehicle;Slight Injury
17:45:00;Sunday;Male;unknown;unknown;unknown;Other;Owner;unknown;No defect;Office areas;Two-way (divided with broken lines road marking);Tangent road with flat terrain;No junction;Asphalt roads;Dry;Daylight;Normal;Vehicle with vehicle collision;2;1;Going straight;18-30;Not a Pedestrian;Driving carelessly;Slight Injury
17:45:00;Sunday;Male;Junior high school;Employee;2-5yr;Automobile;Owner;unknown;No defect; Industrial areas;Unknown;Tangent road with flat terrain;No junction;Asphalt roads;Dry;Daylight;Normal;Vehicle with vehicle collision;2;1;Going straight;31-50;Crossing from nearside - masked by parked or statioNot a Pedestrianry vehicle;Moving Backward;Slight Injury
17:45:00;Sunday;Male;Junior high school;Employee;5-10yr;Pick up upto 10Q;Owner;1-2yr;No defect; Industrial areas;Double carriageway (median);Tangent road with flat terrain;No junction;Asphalt roads;Dry;Darkness - lights lit;Normal;Vehicle with vehicle collision;2;1;Going straight;18-30;Not a Pedestrian;Driving carelessly;Slight Injury
17:45:00;Sunday;Male;Above high school;Employee;2-5yr;Motorcycle;Owner;unknown;No defect;Other;Two-way (divided with broken lines road marking);Tangent road with flat terrain;Y Shape;Asphalt roads;Dry;Darkness - lights lit;Normal;Vehicle with vehicle collision;2;1;Going straight;Under 18;Not a Pedestrian;No priority to vehicle;Slight Injury
19:10:00;Friday;Male;unknown;unknown;unknown;Automobile;Organization;Above 10yr;unknown; Hospital areas;Two-way (divided with broken lines road marking);Tangent road with flat terrain;Y Shape;Asphalt roads;Dry;Daylight;Normal;Vehicle with vehicle collision;2;2;Going straight;na;Not a Pedestrian;Changing lane to the right;Slight Injury
10:13:00;Thursday;Male;unknown;Employee;1-2yr;Pick up upto 10Q;Owner;Unknown;unknown;Office areas;One way;Tangent road with flat terrain;Crossing;Asphalt roads;Dry;Daylight;Normal;Vehicle with vehicle collision;2;2;Going straight;31-50;Not a Pedestrian;Changing lane to the left;Slight Injury
10:13:00;Thursday;Male;Junior high school;Employee;2-5yr;Motorcycle;Owner;2-5yrs;No defect; Church areas;Undivided Two way;Tangent road with flat terrain;No junction;Asphalt roads;Dry;Daylight;Normal;Collision with roadside objects;2;2;Other;31-50;Not a Pedestrian;No priority to vehicle;Slight Injury
09:48:00;Friday;Male;Junior high school;Employee;Above 10yr;Stationwagen;Organization;5-10yrs;No defect; Hospital areas;Undivided Two way;Tangent road with mountainous terrain and;Unknown;Asphalt roads;Dry;Daylight;Normal;Vehicle with vehicle collision;3;1;Going straight;31-50;Not a Pedestrian;Driving carelessly;Slight Injury
09:48:00;Friday;Male;Junior high school;Employee;Below 1yr;Lorry (41?100Q);Owner;Above 10yr;No defect;Office areas;other;Tangent road with flat terrain;O Shape;Asphalt roads;Dry;Daylight;Normal;Vehicle with vehicle collision;3;1;Reversing;31-50;Not a Pedestrian;Moving Backward;Slight Injury
16:20:00;Monday;Male;Junior high school;Employee;2-5yr;Taxi;Owner;2-5yrs;No defect;Other;Two-way (divided with broken lines road marking);Escarpments;O Shape;Asphalt roads;Dry;Daylight;Normal;Vehicle with vehicle collision;3;1;Going straight;18-30;Not a Pedestrian;No distancing;Slight Injury
16:20:00;Monday;Male;Junior high school;Employee;Below 1yr;Automobile;Owner;1-2yr;unknown;Office areas;Undivided Two way;Tangent road with flat terrain;No junction;Asphalt roads;Dry;Daylight;Normal;Vehicle with vehicle collision;2;1;Reversing;31-50;Crossing from offside - masked by  parked or statioNot a Pedestrianry vehicle;Changing lane to the left;Slight Injury
19:40:00;Thursday;Male;High school;Employee;5-10yr;Long lorry;Owner;2-5yrs;unknown;Office areas;Two-way (divided with broken lines road marking);Tangent road with mountainous terrain and;No junction;Asphalt roads;Dry;Daylight;Normal;Rollover;2;1;Going straight;na;Not a Pedestrian;Changing lane to the left;Slight Injury
16:53:00;Wednesday;Male;Above high school;Employee;1-2yr;Automobile;Owner;unknown;No defect;Other;Double carriageway (median);Steep grade downward with mountainous terrain;No junction;Asphalt roads;Wet or damp;Daylight;Raining;Vehicle with vehicle collision;1;1;Reversing;18-30;Not a Pedestrian;No distancing;Slight Injury
12:55:00;Wednesday;Male;Junior high school;Employee;Below 1yr;Public (12 seats);Owner;1-2yr;No defect;Office areas;Undivided Two way;Tangent road with mild grade and flat terrain;Y Shape;Asphalt roads;Dry;Daylight;Normal;Vehicle with vehicle collision;2;1;unknown;18-30;Not a Pedestrian;Changing lane to the left;Slight Injury
19:32:00;Friday;Male;unknown;unknown;unknown;Lorry (11?40Q);Owner;unknown;No defect;Residential areas;Undivided Two way;Tangent road with flat terrain;Y Shape;Asphalt roads;Dry;Daylight;Normal;Collision with roadside objects;2;1;Going straight;na;Not a Pedestrian;Driving carelessly;Slight Injury
19:32:00;Friday;Male;High school;Employee;Below 1yr;Pick up upto 10Q;Owner;Unknown;unknown;Other;Two-way (divided with broken lines road marking);Tangent road with flat terrain;Y Shape;Asphalt roads;Dry;Daylight;Normal;Vehicle with vehicle collision;2;1;Reversing;Under 18;Not a Pedestrian;Changing lane to the left;Slight Injury
17:35:00;Saturday;Male;High school;Employee;Below 1yr;Lorry (41?100Q);Owner;2-5yrs;unknown;Office areas;Double carriageway (median);Tangent road with flat terrain;Y Shape;Asphalt roads;Dry;Daylight;Normal;Vehicle with vehicle collision;2;1;Other;18-30;Not a Pedestrian;No distancing;Slight Injury
17:35:00;Saturday;Male;unknown;unknown;unknown;Other;Owner;5-10yrs;unknown;Office areas;Undivided Two way;Tangent road with mountainous terrain and;Crossing;Asphalt roads;Wet or damp;Daylight;Raining;Vehicle with vehicle collision;1;1;Going straight;na;Not a Pedestrian;Changing lane to the right;Serious Injury
17:35:00;Saturday;Male;High school;Employee;2-5yr;Automobile;unknown;unknown;unknown;Office areas;other;Tangent road with flat terrain;No junction;Asphalt roads;Dry;Daylight;Normal;Collision with roadside objects;2;1;Going straight;31-50;Crossing from nearside - masked by parked or statioNot a Pedestrianry vehicle;No distancing;Slight Injury
18:40:00;Tuesday;Male;Junior high school;Employee;Above 10yr;Long lorry;Owner;5-10yrs;No defect;Other;Two-way (divided with broken lines road marking);Tangent road with mild grade and flat terrain;No junction;Asphalt roads;Dry;Daylight;Normal;Collision with roadside objects;2;1;Going straight;18-30;Not a Pedestrian;Driving to the left;Slight Injury
18:40:00;Tuesday;Male;Junior high school;Employee;Above 10yr;Lorry (11?40Q);Owner;unknown;No defect; Church areas;Undivided Two way;Tangent road with flat terrain;No junction;Asphalt roads;Dry;Daylight;Normal;Vehicle with vehicle collision;3;2;Moving Backward;18-30;Not a Pedestrian;No distancing;Slight Injury
15:47:00;Thursday;Male;Junior high school;Employee;5-10yr;Long lorry;Owner;Unknown;No defect; Industrial areas;Undivided Two way;Tangent road with flat terrain;Y Shape;Asphalt roads;Dry;Daylight;Normal;Vehicle with vehicle collision;3;2;Going straight;Over 51;Not a Pedestrian;Overtaking;Slight Injury
14:57:00;Sunday;Male;Junior high school;Employee;1-2yr;Automobile;Owner;1-2yr;No defect;Office areas;Double carriageway (median);Tangent road with flat terrain;Y Shape;Asphalt roads;Dry;Daylight;Normal;Collision with roadside objects;3;2;Going straight;na;Not a Pedestrian;Driving under the influence of drugs;Slight Injury
17:25:00;Friday;Male;Unknown;Employee;Below 1yr;Taxi;Owner;Unknown;No defect; Church areas;Undivided Two way;Tangent road with flat terrain;Y Shape;Asphalt roads;Wet or damp;Daylight;Raining;Collision with roadside objects;2;1;Going straight;na;Not a Pedestrian;No priority to pedestrian;Slight Injury
17:25:00;Friday;Male;Junior high school;Employee;Below 1yr;Taxi;Owner;unknown;unknown;Office areas;Undivided Two way;Tangent road with flat terrain;Crossing;Asphalt roads;Wet or damp;Daylight;Raining;Vehicle with vehicle collision;2;1;Going straight;18-30;Not a Pedestrian;Moving Backward;Slight Injury
17:25:00;Friday;Male;High school;Employee;2-5yr;Long lorry;Owner;unknown;No defect;Office areas;other;Tangent road with flat terrain;Crossing;Asphalt roads;Dry;Daylight;Normal;Collision with pedestrians;2;1;Other;Over 51;Not a Pedestrian;Changing lane to the right;Serious Injury
17:22:00;Sunday;Male;Junior high school;Owner;1-2yr;Lorry (11?40Q);Owner;unknown;unknown;Residential areas;Two-way (divided with broken lines road marking);Tangent road with flat terrain;Crossing;Asphalt roads;Dry;Daylight;Normal;Vehicle with vehicle collision;2;1;unknown;31-50;Not a Pedestrian;Changing lane to the left;Serious Injury
17:22:00;Sunday;Male;Junior high school;Employee;5-10yr;Lorry (11?40Q);Owner;5-10yrs;unknown;Office areas;Two-way (divided with broken lines road marking);Tangent road with flat terrain;Y Shape;Asphalt roads;Wet or damp;Daylight;Normal;Vehicle with vehicle collision;2;1;Going straight;18-30;Not a Pedestrian;Changing lane to the right;Slight Injury
16:05:00;Monday;Male;Elementary school;Employee;2-5yr;Long lorry;Owner;5-10yrs;unknown;Residential areas;Undivided Two way;Tangent road with flat terrain;Y Shape;Asphalt roads;Wet or damp;Daylight;Normal;Vehicle with vehicle collision;2;1;Turnover;na;Not a Pedestrian;Driving under the influence of drugs;Slight Injury
16:05:00;Monday;Male;Elementary school;Owner;5-10yr;Turbo;Owner;2-5yrs;unknown;Office areas;Double carriageway (median);Tangent road with flat terrain;Y Shape;Asphalt roads;Dry;Daylight;Normal;Vehicle with vehicle collision;2;1;Going straight;31-50;In carriageway, statioNot a Pedestrianry - not crossing  (standing or playing);No priority to vehicle;Slight Injury
16:05:00;Monday;Male;Junior high school;Employee;Above 10yr;Long lorry;Owner;2-5yrs;No defect;Office areas;Double carriageway (median);Tangent road with flat terrain;Y Shape;Asphalt roads;Dry;Daylight;Normal;Vehicle with vehicle collision;2;1;Moving Backward;18-30;Crossing from offside - masked by  parked or statioNot a Pedestrianry vehicle;No priority to vehicle;Slight Injury
09:00:00;Thursday;Male;Junior high school;Employee;5-10yr;Long lorry;unknown;unknown;No defect;Other;Two-way (divided with broken lines road marking);Tangent road with flat terrain;Y Shape;Asphalt roads;Dry;Daylight;Normal;Collision with roadside objects;2;1;Moving Backward;18-30;Crossing from offside - masked by  parked or statioNot a Pedestrianry vehicle;Changing lane to the left;Serious Injury
09:00:00;Thursday;Male;High school;Employee;5-10yr;Public (13?45 seats);Owner;Unknown;No defect;Other;Two-way (divided with broken lines road marking);Tangent road with flat terrain;Y Shape;Asphalt roads;Dry;Daylight;Normal;Collision with roadside objects;2;1;Going straight;na;Not a Pedestrian;Changing lane to the right;Serious Injury
08:55:00;Saturday;Male;Junior high school;Employee;5-10yr;Automobile;Owner;Above 10yr;No defect;Residential areas;Two-way (divided with broken lines road marking);Tangent road with flat terrain;Crossing;Asphalt roads;Dry;Daylight;Normal;Vehicle with vehicle collision;1;2;Other;18-30;Not a Pedestrian;Changing lane to the right;Serious Injury
10:44:00;Friday;Male;Junior high school;Employee;Above 10yr;Automobile;Owner;Unknown;unknown; Church areas;Two-way (divided with broken lines road marking);Tangent road with flat terrain;Crossing;Asphalt roads;Dry;Daylight;Normal;Vehicle with vehicle collision;1;2;Going straight;na;Not a Pedestrian;Changing lane to the left;Serious Injury
16:18:00;Wednesday;Male;Junior high school;unknown;1-2yr;Pick up upto 10Q;Governmental;Unknown;No defect; Church areas;Double carriageway (median);Tangent road with flat terrain;Y Shape;Asphalt roads;Wet or damp;Daylight;Normal;Vehicle with vehicle collision;2;1;Going straight;31-50;Not a Pedestrian;Changing lane to the left;Slight Injury
17:21:00;Thursday;Male;Junior high school;Employee;2-5yr;unknown;Owner;2-5yrs;No defect;Residential areas;Double carriageway (median);Tangent road with flat terrain;Y Shape;Asphalt roads;Wet or damp;Daylight;Normal;Vehicle with vehicle collision;2;1;Going straight;na;Not a Pedestrian;Getting off the vehicle improperly;Slight Injury
17:21:00;Thursday;Male;Junior high school;Employee;1-2yr;Stationwagen;Owner;unknown;No defect;Office areas;Two-way (divided with broken lines road marking);Tangent road with mild grade and flat terrain;Y Shape;Asphalt roads;Dry;Daylight;Normal;Vehicle with vehicle collision;2;2;Going straight;Under 18;Not a Pedestrian;Overtaking;Serious Injury
17:21:00;Thursday;Male;unknown;unknown;unknown;unknown;Owner;5-10yrs;No defect;Office areas;Two-way (divided with broken lines road marking);Tangent road with mild grade and flat terrain;Y Shape;Earth roads;Dry;Daylight;Normal;Vehicle with vehicle collision;2;2;Going straight;31-50;Not a Pedestrian;Changing lane to the left;Serious Injury
17:21:00;Thursday;Male;Elementary school;Employee;5-10yr;Automobile;Owner;2-5yrs;unknown;Residential areas;Two-way (divided with broken lines road marking);Tangent road with flat terrain;Y Shape;Asphalt roads;Dry;Daylight;Normal;Vehicle with vehicle collision;2;2;Going straight;na;Not a Pedestrian;Driving under the influence of drugs;Serious Injury
15:40:00;Monday;Female;Junior high school;Employee;5-10yr;Automobile;Owner;5-10yrs;unknown; Church areas;other;Tangent road with flat terrain;Crossing;Asphalt roads;Dry;Daylight;Normal;Vehicle with vehicle collision;1;1;Going straight;18-30;Not a Pedestrian;Driving carelessly;Serious Injury
15:40:00;Monday;Male;Junior high school;Employee;Above 10yr;Long lorry;Owner;unknown;unknown;Other;Two-way (divided with broken lines road marking);Tangent road with flat terrain;Y Shape;Asphalt roads;Wet or damp;Daylight;Normal;Vehicle with vehicle collision;3;4;Going straight;na;Not a Pedestrian;Moving Backward;Slight Injury
15:40:00;Monday;Male;Junior high school;Employee;2-5yr;Public (13?45 seats);Owner;unknown;unknown;Office areas;Two-way (divided with broken lines road marking);Tangent road with flat terrain;Y Shape;Asphalt roads;Wet or damp;Daylight;Normal;Vehicle with vehicle collision;3;4;Other;31-50;Not a Pedestrian;No distancing;Slight Injury
15:40:00;Monday;Male;Junior high school;Owner;Above 10yr;Public (13?45 seats);Owner;unknown;unknown;Other;Two-way (divided with broken lines road marking);Tangent road with flat terrain;Y Shape;Asphalt roads;Wet or damp;Daylight;Normal;Other;3;4;Going straight;na;Not a Pedestrian;No priority to vehicle;Slight Injury
16:46:00;Thursday;Male;Junior high school;Employee;2-5yr;Lorry (11?40Q);Owner;unknown;unknown;Other;Two-way (divided with broken lines road marking);Tangent road with flat terrain;No junction;Asphalt roads;Wet or damp;Daylight;Normal;Vehicle with vehicle collision;3;4;Overtaking;Over 51;Not a Pedestrian;Overturning;Slight Injury
16:46:00;Thursday;Male;Elementary school;Other;5-10yr;Lorry (11?40Q);Owner;unknown;unknown;unknown;unknown;Tangent road with flat terrain;No junction;Asphalt roads;Wet or damp;Daylight;Normal;Collision with roadside objects;2;1;Going straight;na;Not a Pedestrian;Changing lane to the left;Slight Injury
16:46:00;Thursday;Female;Elementary school;Employee;5-10yr;Pick up upto 10Q;Governmental;2-5yrs;unknown;Residential areas;Two-way (divided with broken lines road marking);unknown;Y Shape;Asphalt roads;Wet or damp;Daylight;Normal;Vehicle with vehicle collision;2;1;Going straight;31-50;Not a Pedestrian;No distancing;Slight Injury
17:45:00;Sunday;Male;Junior high school;unknown;5-10yr;Automobile;Owner;Below 1yr;unknown; Church areas;Undivided Two way;Tangent road with flat terrain;Y Shape;Asphalt roads;Dry;Daylight;Other;Vehicle with vehicle collision;2;1;Going straight;na;Not a Pedestrian;Moving Backward;Slight Injury
17:45:00;Sunday;Male;Junior high school;Employee;5-10yr;Automobile;unknown;unknown;unknown;Other;Undivided Two way;Tangent road with flat terrain;Y Shape;Asphalt roads;Dry;Daylight;Other;Vehicle with vehicle collision;2;1;U-Turn;18-30;Not a Pedestrian;No priority to vehicle;Slight Injury
11:45:00;Saturday;Male;Elementary school;Employee;Above 10yr;Automobile;Owner;Unknown;unknown;Other;One way;Tangent road with flat terrain;Y Shape;Asphalt roads;Wet or damp;Daylight;Other;Vehicle with vehicle collision;2;3;Going straight;31-50;Not a Pedestrian;No priority to vehicle;Slight Injury
11:45:00;Saturday;Male;Junior high school;unknown;Below 1yr;Long lorry;Owner;Unknown;No defect;Residential areas;Two-way (divided with broken lines road marking);Tangent road with flat terrain;Y Shape;Asphalt roads;Wet or damp;Daylight;Other;Vehicle with vehicle collision;2;3;Going straight;5;Not a Pedestrian;No distancing;Slight Injury
11:45:00;Saturday;Male;Junior high school;Employee;5-10yr;Long lorry;Owner;Unknown;unknown;Office areas;One way;Tangent road with flat terrain;Other;Asphalt roads;Wet or damp;Daylight;Other;Vehicle with vehicle collision;2;3;Going straight;5;Not a Pedestrian;No distancing;Slight Injury
11:45:00;Saturday;Male;Elementary school;Employee;1-2yr;Automobile;Owner;Unknown;No defect; Industrial areas;Two-way (divided with broken lines road marking);Tangent road with flat terrain;Crossing;Asphalt roads;Wet or damp;Daylight;Other;Collision with roadside objects;2;3;Going straight;5;Not a Pedestrian;Overtaking;Slight Injury
12:00:00;Saturday;Male;Junior high school;Employee;Above 10yr;Stationwagen;Governmental;unknown;No defect;Residential areas;Double carriageway (median);Tangent road with flat terrain;Crossing;Asphalt roads;Dry;Daylight;Normal;Collision with roadside objects;2;1;Turnover;na;Not a Pedestrian;Driving under the influence of drugs;Serious Injury
12:00:00;Saturday;Male;Elementary school;Owner;2-5yr;Lorry (41?100Q);Owner;unknown;No defect;Office areas;Unknown;Tangent road with flat terrain;No junction;Asphalt roads;Dry;Daylight;Normal;Vehicle with vehicle collision;2;1;Going straight;18-30;Not a Pedestrian;Changing lane to the right;Serious Injury
12:00:00;Saturday;Male;Junior high school;Employee;5-10yr;Other;Owner;2-5yrs;unknown;Other;unknown;Tangent road with flat terrain;No junction;Asphalt roads;Dry;Daylight;Normal;Collision with roadside objects;1;1;Going straight;na;Not a Pedestrian;Changing lane to the left;Serious Injury
12:00:00;Saturday;Male;Junior high school;Employee;Below 1yr;Special vehicle;Owner;Unknown;unknown; Church areas;other;Tangent road with flat terrain;Crossing;Asphalt roads;Dry;Daylight;Normal;Collision with roadside objects;3;1;Moving Backward;31-50;Not a Pedestrian;Driving carelessly;Slight Injury
07:50:00;Friday;Male;Junior high school;Employee;5-10yr;Lorry (41?100Q);Owner;Above 10yr;unknown; Industrial areas;unknown;Tangent road with flat terrain;Crossing;Asphalt roads;Dry;Daylight;Normal;Vehicle with vehicle collision;3;1;Going straight;na;Not a Pedestrian;Moving Backward;Slight Injury
07:50:00;Friday;Male;High school;Employee;Above 10yr;Pick up upto 10Q;Owner;Unknown;No defect;  Recreational areas;One way;Tangent road with flat terrain;Crossing;Asphalt roads;Dry;Daylight;Normal;Vehicle with vehicle collision;3;1;Moving Backward;na;Not a Pedestrian;Moving Backward;Slight Injury
19:55:00;Sunday;Male;Junior high school;Employee;5-10yr;Lorry (11?40Q);Owner;Unknown;No defect;  Market areas;Undivided Two way;Tangent road with flat terrain;Crossing;Asphalt roads;Wet or damp;Daylight;Raining;Collision with roadside objects;2;2;Going straight;18-30;Not a Pedestrian;Changing lane to the right;Slight Injury
19:55:00;Sunday;Male;Elementary school;Employee;1-2yr;Lorry (41?100Q);Owner;Unknown;No defect;Other;Two-way (divided with broken lines road marking);Tangent road with flat terrain;Y Shape;Asphalt roads;Wet or damp;Daylight;Raining;Vehicle with vehicle collision;2;2;Going straight;Over 51;Not a Pedestrian;No priority to vehicle;Slight Injury
20:30:00;Sunday;Male;Junior high school;Employee;unknown;Motorcycle;Owner;Unknown;unknown;Other;Two-way (divided with broken lines road marking);Tangent road with flat terrain;Y Shape;Asphalt roads;Dry;Daylight;Normal;Vehicle with vehicle collision;2;1;Going straight;na;Not a Pedestrian;Driving at high speed;Slight Injury
20:30:00;Sunday;Male;Above high school;Employee;1-2yr;Automobile;Owner;Unknown;No defect; Industrial areas;Two-way (divided with broken lines road marking);unknown;Y Shape;Asphalt roads;Dry;Daylight;Normal;Vehicle with vehicle collision;2;1;Going straight;18-30;Not a Pedestrian;Driving under the influence of drugs;Slight Injury
20:30:00;Sunday;Male;Junior high school;Employee;Above 10yr;Automobile;Governmental;2-5yrs;unknown;Other;Two-way (divided with broken lines road marking);Tangent road with flat terrain;Y Shape;Asphalt roads;Dry;Daylight;Normal;Vehicle with vehicle collision;3;1;U-Turn;na;Not a Pedestrian;Changing lane to the right;Slight Injury
20:30:00;Sunday;Male;Junior high school;Employee;1-2yr;Automobile;Governmental;unknown;unknown;Office areas;other;Tangent road with flat terrain;Y Shape;Asphalt roads;Dry;Daylight;Normal;Vehicle with vehicle collision;3;1;Going straight;Over 51;Not a Pedestrian;Driving carelessly;Slight Injury
20:30:00;Sunday;Male;Junior high school;Employee;5-10yr;Stationwagen;Owner;Unknown;unknown;unknown;other;Tangent road with flat terrain;Y Shape;Asphalt roads;Dry;Daylight;Normal;Vehicle with vehicle collision;3;1;Going straight;na;Not a Pedestrian;No distancing;Slight Injury
20:30:00;Sunday;Female;Junior high school;Employee;2-5yr;unknown;Owner;unknown;unknown;Office areas;Two-way (divided with broken lines road marking);Tangent road with flat terrain;Crossing;Asphalt roads;Dry;Daylight;Normal;Collision with pedestrians;1;1;Going straight;18-30;Not a Pedestrian;Changing lane to the left;Slight Injury
13:57:00;Wednesday;Female;unknown;unknown;unknown;Public (> 45 seats);Owner;unknown;unknown;Office areas;Undivided Two way;Tangent road with flat terrain;Crossing;Asphalt roads;Dry;Darkness - lights lit;Normal;Vehicle with vehicle collision;4;1;Going straight;na;Not a Pedestrian;No distancing;Slight Injury
13:57:00;Wednesday;Male;Junior high school;Employee;2-5yr;Public (> 45 seats);Organization;Unknown;unknown;Other;other;Tangent road with flat terrain;Crossing;Asphalt roads;Dry;Darkness - lights lit;Normal;Collision with roadside objects;4;1;Going straight;18-30;Not a Pedestrian;No distancing;Slight Injury
13:57:00;Wednesday;Male;Junior high school;Employee;2-5yr;Stationwagen;Governmental;2-5yrs;unknown;Other;other;Tangent road with flat terrain;Crossing;Asphalt roads;Dry;Darkness - lights lit;Normal;Vehicle with vehicle collision;4;1;Going straight;na;Not a Pedestrian;Getting off the vehicle improperly;Slight Injury
13:57:00;Wednesday;Male;Junior high school;Employee;Above 10yr;Automobile;Owner;Unknown;No defect;Other;Undivided Two way;Tangent road with flat terrain;Crossing;Asphalt roads;Dry;Darkness - lights lit;Normal;Vehicle with vehicle collision;4;1;Stopping;18-30;Not a Pedestrian;Overtaking;Slight Injury
13:45:00;Sunday;Male;Junior high school;Employee;1-2yr;Bicycle;Owner;Above 10yr;unknown;Other;other;Tangent road with flat terrain;Crossing;Asphalt roads;Dry;Daylight;Normal;Vehicle with vehicle collision;3;3;Turnover;31-50;Not a Pedestrian;Driving carelessly;Slight Injury
13:45:00;Sunday;Male;Above high school;Owner;1-2yr;Automobile;unknown;unknown;unknown;Residential areas;Undivided Two way;Tangent road with flat terrain;No junction;Asphalt roads;Dry;Daylight;Normal;Vehicle with vehicle collision;3;3;Getting off;na;Not a Pedestrian;Driving under the influence of drugs;Slight Injury
07:44:00;Friday;Male;Above high school;Employee;No Licence;Lorry (41?100Q);Owner;2-5yrs;No defect; Church areas;Undivided Two way;Tangent road with flat terrain;Crossing;Asphalt roads;Dry;Daylight;Normal;Vehicle with vehicle collision;3;3;Moving Backward;na;Not a Pedestrian;Moving Backward;Slight Injury
07:44:00;Friday;Male;Junior high school;Employee;1-2yr;Automobile;Owner;2-5yrs;unknown;Office areas;Double carriageway (median);Tangent road with flat terrain;Crossing;Asphalt roads;Dry;Daylight;Normal;Vehicle with vehicle collision;2;1;Moving Backward;31-50;Not a Pedestrian;Overturning;Slight Injury
15:35:00;Thursday;Male;Junior high school;Employee;5-10yr;Public (13?45 seats);Owner;2-5yrs;unknown; Church areas;other;Tangent road with flat terrain;Other;Asphalt roads;Dry;Daylight;Normal;Vehicle with vehicle collision;2;1;Going straight;31-50;Not a Pedestrian;Driving under the influence of drugs;Slight Injury
20:00:00;Friday;Male;Junior high school;Employee;Above 10yr;Special vehicle;Owner;2-5yrs;unknown;Other;Two-way (divided with broken lines road marking);Tangent road with flat terrain;Other;Asphalt roads;Dry;Daylight;Normal;Vehicle with vehicle collision;2;1;Turnover;na;Not a Pedestrian;Changing lane to the right;Slight Injury
20:00:00;Friday;Male;Junior high school;Employee;Above 10yr;Automobile;Owner;unknown;unknown;unknown;other;Tangent road with flat terrain;Y Shape;Asphalt roads;Dry;Daylight;Normal;Vehicle with vehicle collision;2;1;Going straight;na;Not a Pedestrian;Changing lane to the left;Slight Injury
20:00:00;Friday;Male;Junior high school;Owner;5-10yr;Public (13?45 seats);Owner;1-2yr;unknown;School areas;other;Steep grade downward with mountainous terrain;Y Shape;Asphalt roads;Dry;Daylight;Normal;Collision with roadside objects;2;1;Going straight;31-50;Not a Pedestrian;No distancing;Slight Injury
17:46:00;Thursday;Male;Elementary school;Employee;2-5yr;unknown;Owner;5-10yrs;unknown;Office areas;Two-way (divided with broken lines road marking);Tangent road with mild grade and flat terrain;Y Shape;Asphalt roads;Dry;Daylight;Normal;Vehicle with vehicle collision;2;1;U-Turn;18-30;Not a Pedestrian;No distancing;Slight Injury
17:46:00;Thursday;Male;Junior high school;Employee;2-5yr;Lorry (41?100Q);Owner;Below 1yr;unknown;Other;other;Steep grade downward with mountainous terrain;Y Shape;Asphalt roads;Dry;Daylight;Normal;Collision with roadside objects;2;1;Going straight;18-30;Not a Pedestrian;No priority to vehicle;Slight Injury